Tabela 1: Prihodek iz naslova Prihodki od udeležbe na dobičku in dividend ter presežkov prihodkov nad odhodki (urejeno padajoče glede na povprečje 2007-
2020) v absolutnih zneskih (v EUR) 
OBČINA 2007 2008 2009 2010 2011 2012 2013 2014 2015 2016 2017 2018 2019 2020 x̄ 
Skupaj občine  
18065048 14846506 6685045 3834167 9307267 5441966 4871437 12332349 19704188 18123640 16643963 16278892 12104885 12067358 
12164765
,2 
LJUBLJANA 
13109392 7426556 4360890 341123,2 572834,5 1148126 37978,32 6111063 4228893 11055201 5368421 5731035 2700646 3072907 
4661790,
4 
MARIBOR 
775199,3 623423,7 528869,9 665909 202733,7 202236,8 712256,7 1368987 1299768 1084763 840782,5 2742118 3619420 1720550 
1170501,
3 
CELJE 26821 33594 359394 362445 1474936 573387,9 425928,5 1038645 1476031 535005,8 400578,5 266092,9 265644,5 299248,1 538410,9 
POSTOJNA 389588,2 228479,6 179085,6 183,75 153910,5 31256,8 262528 62520,8 80619,3 265052,4 253539,1 325793,6 480328 2513193 373291,3 
KOPER 509804 261620,6 1971,1 163,5 187,1 795812,9 79639,14 75011,8 439294 528032,5 735847,6 573382,6 636344,2 526011,1 368794,4 
KOMENDA 0 4300000 0 0 0 0 0 4584 343802,1 0 250963,9 111651,6 13765,14 6537,04 359378,8 
DOMŽALE 1801 216,72 0 0 763,82 216 270 32623,36 2446754 0 1076737 602025 0 0 297243,3 
KAMNIK 0 2363 300,3 1668 0 57,2 55,84 27535,04 2055388 10 910209,4 506994,4 3787,68 0 250597,8 
NOVO MESTO 106761 113364,4 2395,08 50,25 195655,2 303711,1 332847,8 459743,6 788676,9 284521,4 158918,3 28617,94 48761,05 0 201716,0 
VELENJE 3347,61 2748,85 1057,8 96,64 1467614 158047,8 161089,4 77223,85 61512,91 183713,3 155006,4 153665,7 125167,3 199484,1 196412,6 
MURSKA 
SOBOTA 51665,7 103754,1 232249,1 130913,7 130209,1 68031,84 208899,9 105185,8 111754 122122,4 688031,9 344436,5 202147,9 133378,3 188055,7 
KOČEVJE 309,7 384,33 50242,4 140352,8 406,4 319,2 72 61,2 1565670 547490,9 0 192022 99863,47 29688,75 187634,5 
VRHNIKA 42643 10802,4 10870,27 66354,3 265100,4 264696,8 79452 132380,8 312515,4 218316,5 260258,2 163841,5 183402,5 0 143616,7 
SEŽANA 367031 224539,9 110917,2 71908,89 150508,4 51339,9 399698,5 73699,2 83059,01 136504,8 235191,6 22022,04 24224,32 2,1 139331,9 
SLOVENJ 
GRADEC 101754,1 0 32515 131245,7 778685,1 121344,3 121600,6 129333,8 122893,1 80401,27 57869 112722,1 70173,82 43171,43 135979,2 
SLOVENSKA 
BISTRICA 0 0 0 0 0 687821,2 0 98657,9 732669,6 83278,75 300000 0 0 0 135887,7 
AJDOVŠČINA 255104 90468,84 1349,32 385808,3 509,6 16,8 63,36 228631,5 34191,68 223462,9 64108,34 160351,8 268008,4 78767,44 127917,3 
JESENICE 39643,2 60182,38 157878,9 43960 43992 156,1 160 136 200 200 82685,97 257935,6 728706,2 355643,7 126534,3 
NOVA GORICA 137882,2 100935,3 60182,9 67804,51 51945,57 8232,68 7899,25 314325,7 101972,9 180114,3 182283,6 216767,7 153184,5 192 113123,1 
TRBOVLJE 249787,8 6 2,4 0 247,76 16,8 96 81,6 120 120 220817,4 322918,8 312852,7 413913,7 108641,5 
MENGEŠ 36746,62 0 0 0 0 0 0 0 899575,5 0 346660,4 221341 0 0 107451,7 
KRŠKO 53054,96 47194,04 51606,12 57444,6 42518,57 68833,6 75816 82716,4 91160 99760 110080 120400 132440 0 73787,4 
MEDVODE 13228 0 0 0 8522,85 23288,19 6625,41 90277,76 84480 465040 159312,7 133189,8 0 0 70283,2 
ILIRSKA 
BISTRICA 264343 155453,9 23775,62 127603,4 130493,4 26492,43 52816 52801,6 61344,82 63525,9 169,4 170 0 0 68499,2 
ŠENTJERNEJ 2880 3023,56 0 13714,57 59678,85 82481,3 177992,3 117814 179525,8 122136,1 60120,18 81560,71 25277,73 0 66157,5 
HOČE-SLIVNICA 16373 24690 17910 38865 52478 102093,3 36975,44 65383,99 63900,95 42892,15 34585,64 153305,1 158100,4 98627 64727,1 
RENČE-
VOGRSKO 0 0 0 0 0 20,1 1073,5 42705,1 13853,15 24468,5 267737,6 475333,2 72857,66 0 64146,3 

RADOVLJICA 7386,8 10620 8944,6 8260 8260 0 0 70000 150000 113000 1567,04 220000 75000 150000 58788,5 
PIVKA 0 779,76 26725,7 248089,2 71798,6 7630 15324,8 199864,3 107039,4 48338,6 0 0 23409,8 0 53500,0 
BREŽICE 11384 17600,6 586,4 602,5 736,84 53212,3 46112,86 47580,43 51672,81 56526,27 62509,39 59788,65 62221,04 258000,8 52038,2 
IZOLA 1143,75 1144 0 0 0 0 310143 0 0 0 0 159771,8 135053,8 114348,7 51543,2 
SEVNICA 2151,67 1762,27 816,22 277,45 1610,41 423,23 0 0 0 0 0 0 0 700000 50502,9 
RAVNE NA 
KOROŠKEM 10792 38,38 0 0 445260 367,87 0 36720 27922,92 33273,1 0 76649,15 34025,33 29379,26 49602,0 
DRAVOGRAD 17196,41 0 0 0 348611,8 7854,63 82275,09 27382,5 28879,88 42159,44 17189,29 63600,53 34131,33 22946,97 49444,9 
ŠOŠTANJ 16,44 21,32 1,32 0 390800 42057 42907,2 20572,49 16385,03 48092,25 0 81182,23 32537,43 7403,1 48712,6 
SLOVENSKE 
KONJICE 7919,34 0 0 0 0 0 0 0 0 9795 0 0 6500 580000 43158,2 
BOROVNICA 11921,98 2968,1 2968,11 88534,61 74000 74000 22200 37000 113058 58121,8 53406,22 30166,02 29648,94 0 42713,8 
ORMOŽ 498311 0 0 0 0 0 0 0 47071,28 0 0 0 0 0 38955,9 
BREZOVICA 0 0 0 0 0 0 0 64887,14 160720 154560 80040 80040 0 0 38589,1 
PIRAN 11979,11 113,7 0 0 0 0 428095,8 0 0 0 41872 98,4 29573,27 18666,07 37885,6 
KRANJ 80406,4 116491,5 90180,8 89949 89860 90 0 0 0 0 17084,97 2431,7 60 256 34772,2 
MIKLAVŽ NA 
DRAVSKEM 
POLJU 8917,54 10243,96 9840 16773,8 28832,38 56091,44 12098,7 31060,06 35099,72 25440,64 18996,86 84206,1 86840,52 54173 34186,8 
GROSUPLJE 37 41,4 3 120293 92334,06 38391,84 64 54,4 80 104 170092 86,8 40080 24 32977,5 
LJUTOMER 3319 21801 0 22028,4 9178,5 18357 11014,2 13767,75 18357 27535,5 214015,5 27535,5 22028,4 22028,4 30783,3 
RAČE-FRAM 6231 3827 0 5351,54 0 0 14279,18 38485,46 41393,92 30004,75 22404,93 99312,23 102417,6 63891 30542,8 
ŠKOFLJICA 0 0 0 0 0 20000 90414,98 49208,92 39767,75 100800 52200 64065,85 31,26 0,01 29749,2 
VIPAVA 83620 19029,89 0 61685 40761,44 0 0 72073,24 0 41480,29 0 42524,98 47396,1 0 29183,6 
PUCONCI 12870,32 3484,34 4526,23 5563,15 6093,96 8567,37 55593,78 5843,66 56208,56 6784,58 104434,3 60841,45 56949,24 6974,04 28195,4 
PREVALJE 5381 0 0 0 248728,1 0 0 20520 15603,99 19811,49 0 45798,24 20664,62 17673,34 28155,8 
TRZIN 0 0 0 0 0 0 0 3393,2 254490,5 0 59618,07 62618 0 43,34 27154,5 
LOG-
DRAGOMER 0 2501,92 2461,12 84177,2 61355,6 61320 18396 30660 54059,77 24483,31 19296,02 9840,97 10295,16 0 27060,5 
RUŠE 82838 273198,1 18,3 3601,92 0 0 6542,09 4437,87 2636,39 6,72 0 0 2147,19 0 26816,2 
DIVAČA 6080,33 57292,75 14151,26 9232,25 20257,36 7763,36 129707,6 9675,36 10846,68 27192,25 71997,27 3386,4 3704,38 0 26520,5 
DOBROVA-
POLHOV 
GRADEC 0 0 0 0 0 0 0 50781,24 47520 121102,2 62784,79 62787,6 147,6 0 24651,7 
ANKARAN1         0 0 38845,6 34173,09 36921,07 29727,81 23277,9 
VOJNIK 956 4979,19 40271,2 35871,25 150635,3 1157,55 542 62694,45 8142,14 4031,07 747,8 7922,31 2208,52 2316 23033,9 
 
1 V prilogi so polja, ko Ankaran še ni bil ustanovljen obarvana sivo. 

BELTINCI 6480,64 8220,79 10219,38 12560,56 13759,01 8533,52 12629,7 13193,89 14017,76 15318,31 150433,7 18015,61 17730,14 16636,3 22696,4 
ŠEMPETER-
VRTOJBA 22206 18554 7471,39 6414 6414 0 1603,5 64140 20798,75 48247,32 36736 44189,7 31224,78 0 22000,0 
ZAGORJE OB 
SAVI 0 0 0 7623,45 20000 10000 15000 0 30000 54401,5 56632,5 30667 58536 22833,66 21835,3 
DUPLEK 4890,02 515,53 52 102,32 20,8 0 3432,41 24733,88 31233,02 22631,32 16930,75 74990,61 77339,65 48445,2 21808,4 
MISLINJA 17310 0 0 0 177541 0 0 14647,5 16635,02 14475,84 0 30932,29 13793,56 11820,38 21225,4 
MEŽICA 5077 2128 2128 3195 145205 4256 3192 14982 14285,45 15895,31 6599,4 34206,77 22762,63 9273,69 20227,6 
LITIJA 37 530,69 385,03 322,67 48730,5 583,84 592 503,2 1154,26 1128,49 220054,1 882,82 730,36 0 19688,2 
MORAVSKE 
TOPLICE 5501,44 6678,32 8734,27 10662,71 11680,08 7244,14 10721,41 11301,36 12016,74 13129,78 108725,7 15293,52 15051,19 26372,63 18793,8 
STARŠE 3437 33 0 10,82 0 0 2499,83 17812,08 27527,65 44238,08 12182,18 53991,82 55703,97 34735 18012,2 
HRPELJE-
KOZINA 6472 6914 3075,79 2288,97 2432,02 0 119296,6 3433,44 3576,5 19424,21 77250,58 3576,5 3894,11 0 17973,9 
ŠKOFJA LOKA 45493,55 55631,58 43216,6 43120 43120 0 0 0 0 0 8180,48 1139,6 0 0 17135,8 
PTUJ 40046,44 51630,59 12876,08 364,5 166 60 0 0 59482,97 561,2 966,08 897,2 59951,39 915,2 16279,8 
ŠENČUR 30863,93 17640 13720 13720 25274,55 31572,14 8982,17 0 0 0 53617,12 29957,58 0 0 16096,2 
MUTA 3942 0 0 0 135932,4 0 0 11205 8520,6 9901,35 0 22983,89 10221,83 8800,25 15107,7 
IVANČNA 
GORICA 4 9 3,6 45984,01 100818,9 14830,08 72 0 0 0 0 48915 0 0 15045,5 
ČRNA NA 
KOROŠKEM 3195 0 0 0 130972 0 0 10800 8212,62 9792,93 0 22434,55 9991,78 8592,14 14570,8 
ŠMARTNO OB 
PAKI 0 0 0 0 0 156839 15774,4 7548,86 0 0 0 7526,29 12494,44 3096,45 14520,0 
GORNJA 
RADGONA 0 5283,86 0 0 0 0 0 29673,41 0 0 149542,7 13936,45 0 0 14174,0 
LENDAVA 918 2632,1 122,6 1576,9 751,39 0 30 30,3 0 37,8 171039,4 0 51,68 19736,71 14066,2 
TRŽIČ 106 106,05 106,05 66,15 18,9 0 0 0 125000 0 0 0 70000 0 13957,4 
MOZIRJE 258 1147,9 342,3 113,3 6344,39 0 0 0 33000 33000 84000 15000 10296,1 10000 13821,6 
KRANJSKA 
GORA 22181,02 24644,94 13021,2 13020 13024,8 8,4 24 20,4 30 26369,8 28698,43 22762,93 22416,51 0 13301,6 
RIBNICA 0 2070 125,58 0 0 0 48 40,8 240 15282,03 186,74 316,88 236,32 155881,4 12459,1 
IG 0 0 0 0 0 0 0 32864,35 47051,22 53221,25 2585,13 3337,53 32095,92 0 12225,4 
VUZENICA 0 0 0 0 103800,2 0 0 8572,5 6518,77 7973,24 0 18107,7 8148,4 6914,3 11431,1 
ŠTORE 0 0 18360,76 18800 77822,14 0 0 32493,03 3858,15 1896,16 0 0 0 0 10945,0 
TIŠINA 3050 3702,11 4809,11 5910,84 6474,82 4015,77 5943,38 6208,88 6596,58 7208,61 73206,43 8477,93 8343,59 7828,85 10841,2 
ŽIROVNICA 7413,04 10667,36 8260 8260 8260 0 0 0 0 0 1567,04 31312,22 74356,4 0 10721,1 
DOBREPOLJE 0 0 0 42362,64 15090,09 19330,48 56 47,6 53392,54 70 70 16433,55 0 0 10489,5 
BLED 6,5 13 0 0 20,8 36,4 104 66,3 97,5 97,5 50097,5 50097,5 44032,5 0 10333,5 

KRIŽEVCI 967,8 6353,71 9307,27 1875,72 6738,83 5350 3210 4012,5 5350 8025 66705 8025 6420 6420 9911,5 
MIRNA PEČ 0 0 0 0 0 0 31413,57 8453,55 4346,52 15598,84 191,42 15955,27 22835,62 0 9879,5 
HORJUL 0 0 0 0 0 0 0 20218,46 18920 48160 24940 24940 0 0 9798,5 
NAKLO 18102,38 10350 8050 8050 16575,26 19196,12 5461,23 0 0 0 32522,31 18203,47 0 0 9750,8 
RADLJE OB 
DRAVI 0 0 0 0 0 0 0 19125 14543,19 18299,47 0 41939,33 18781,89 16089,14 9198,4 
KANAL 7219 7940,9 7940,9 7219 7319 0 1804,75 72258 100 100 190,8 14769,16 136,5 0 9071,3 
KOMEN 2474 2823,5 2428,21 1807,05 1919,98 2597,62 2597,62 2710,56 2823,5 31406,99 67143,51 2873,5 3105,85 0 9050,8 
ŠKOCJAN 1766 2017,53 47,85 0 10752,29 0 22889,12 14706,55 19436,48 35834,24 8537,68 10347,77 0 0 9024,0 
HRASTNIK 449,92 0 0 0 5828,92 11659,84 4086,73 0 0 40154,15 24644,21 0 24465 13690,15 8927,1 
ŽALEC 7303,28 9384,54 6725,74 5238,31 5592,51 6034,67 4889,81 17168,77 5637,13 7522,34 8771,16 10218,22 12922,2 12608 8572,6 
MIREN-
KOSTANJEVICA 4960 5307,26 5294,3 4813 4813 0 17511,22 48130 0 2959,77 16254,05 9717,95 0 0 8554,3 
BRDA 6279 7254 6959,9 6016 6016 0 1504 60160 0 9831,76 0 12148,01 0 0 8297,8 
PODVELKA 4146 0 0 0 99765,18 0 0 0 0 0 0 0 0 6126,1 7859,8 
SREDIŠČE OB 
DRAVI 49632 0 0 0 0 0 0 0 0 0 47512,37 0 10000 0 7653,2 
MORAVČE 31492 0 0 0 0 0 0 0 0 0 74850 0 0 0 7595,9 
ŠMARTNO PRI 
LITIJI 0 17399,32 0 0 0 0 0 0 0 0 81150 0 0 0 7039,2 
APAČE 0 2235,06 0 0 0 0 12483,92 0 67,84 0 63301,69 5895,07 0 0 5998,8 
RADENCI 0 0 0 0 0 0 0 0 0 0 83340 0 0 0 5952,9 
DOBRNA 0 0 9887 9200 38879,84 0 0 16163,05 2000,52 983,2 0 1508,84 0 0 5615,9 
KOSTANJEVICA 
NA KRKI 5185,2 0 0 0 9,6 6168,8 6815,2 7423,2 8211,4 8980,4 9903,2 10826 11842,6 0 5383,3 
RIBNICA NA 
POHORJU 1427,37 0 0 0 47717 0 0 3937,5 2994,19 3469,43 0 7995,87 3444,61 2934,28 5280,0 
DOL PRI 
LJUBLJANI 0 0 229,6 0 0 0 0 0 0 70560 0 0 0 0 5056,4 
CERKLJE NA 
GORENJSKEM 22872 13050 10150 10150 10150 0 0 0 0 0 1925,6 263,92 0 0 4897,3 
SVETI TOMAŽ 48486 0 0 0 0 0 0 11013,74 8045,83 0 0 0 0 0 4824,7 
CANKOVA 1274 1548,54 2006,2 2462,85 2707,44 1690,04 2518,97 2627,83 2808,58 3551,82 32722,68 3532,48 3476,5 3262,02 4727,9 
ŽELEZNIKI 11659,6 15390 11970 11970 12276,9 0 0 0 0 0 2265,88 316,35 0 0 4703,5 
GORENJA VAS-
POLJANE 11726 15842,97 12104,4 11760 11760 0 0 0 0 0 2231,04 310,8 0 0 4695,4 
ČRENŠOVCI 0 0 0 0 0 0 0 0 0 0 64980 0 0 0 4641,4 
GORJE 0 0 0 0 0 0 0 22,1 32,5 32,5 40024,91 20029,9 32,5 0 4298,2 
GRAD 0 1088,86 1414,45 1738,49 1904,37 1181,11 1748,06 1826,15 1940,18 2120,19 37360,72 2493,51 2454 2302,61 4255,2 

LAŠKO 27373 29467,1 327,36 626,8 69,3 0 0 0 0 0 0 0 0 0 4133,1 
BOHINJ 9063 13435,8 10336,2 10168,76 10080 0 0 0 2500 0 1912,32 266,4 0 0 4125,9 
VERŽEJ 376,26 4114,95 730 1979,03 2776,75 0 3331,2 1561,5 2082 3123 24183 3123 2498,4 2498,4 3741,2 
VELIKA POLANA 0 0 0 0 0 0 0 0 0 12102,64 39826 0 0 0 3709,2 
ROGAŠOVCI 1756,57 2132,34 2769,95 3404,53 3729,37 2313 3423,27 3576,19 3799,5 4152,02 4427,22 4883,11 4805,74 4509,25 3548,7 
DOLENJSKE 
TOPLICE 164 172,16 0 0 0 0 11775,44 0 14778,17 0 0 2559,61 20082,56 0 3538,0 
STRAŽA 0 0 0 0 0 0 15941,24 0 12556,24 13395,38 6545,62 267,33 117,69 0 3487,4 
ŽIRI 8596 11160 8680 8680 8680 0 0 0 0 0 1597,75 178,8 0 0 3398,0 
KUZMA 718 871,08 1131,55 2100,24 1523,48 944,88 1398,44 1370,26 1531,33 848,06 27548,56 1994,8 1963,19 1174,56 3222,7 
POLZELA 12343,07 2829,96 4703,1 1363,07 1439,1 1551,22 0 4510,29 1437,61 1923,56 2246,14 2618,47 3316,07 3249,95 3109,4 
RAZKRIŽJE 363,6 2379,86 0 1202,4 1202,4 0 1202,4 0 2004 3006 23706 3006 2404,8 2404,8 3063,0 
PREDDVOR 13151,3 7470 5810 5810 5810 0 0 0 19,2 19,2 1090,9 172,75 0 0 2811,0 
BRASLOVČE 7380 6688,54 1693,59 1390,3 1481,76 1597,2 1285,06 1192,61 1480,23 1980,58 2312,72 2696,09 3414,37 3346,29 2710,0 
ODRANCI 0 0 0 0 0 0 0 0 0 10045 26640 0 0 0 2620,4 
JEZERSKO 4536,52 2610 2030 2030 3783,27 4790,72 1362,94 0 0 0 8125,95 4544,35 0 0 2415,3 
ŠMARJEŠKE 
TOPLICE 0 167,08 18,3 0 0 0 31630,74 0 0 0 118,8 212,98 0 0 2296,3 
KIDRIČEVO 6599 8426,52 2106,67 0 0 0 0 0 7320,16 0 0 0 7319,96 0 2269,5 
PREBOLD 3711,43 2111,11 1540,81 1264,88 1348,09 1453,12 1169,14 4179,19 1346,69 1801,91 2104,09 2452,88 3106,36 3044,42 2188,2 
ŠALOVCI 0 127,03 165,02 202,82 222,17 137,8 203,94 213,05 226,35 247,35 23528,77 290,91 286,3 268,64 1865,7 
GORIŠNICA 0 2085,62 300,22 257,9 800,82 94,5 100 104,51 9959,22 145,2 150,11 187,17 10017,65 1135,2 1809,9 
ČRNOMELJ 5146,29 10486,42 4095,58 861,72 162,57 187,36 244,97 445,24 340 355 365 380 410 1833 1808,1 
ŽUŽEMBERK 2081 2184 0 0 0 0 0 210 17356,78 265 0 0 0 0 1578,3 
LOGATEC 192,4 353,8 0 0 0 0 0 0 0 0 0 0 8147 12594 1520,5 
VITANJE 7919,34 7055,62 2837,12 1573 600,6 0 0 0 0 0 0 0 0 0 1427,5 
MARKOVCI 1842 2352,11 588,04 0 0 0 0 0 7521,59 0 0 0 7517,07 0 1415,8 
VRANSKO 3238,17 1940,76 1316,48 909,54 8,4 1008,6 811,49 2815,89 934,73 1250,69 1460,43 1702,52 2156,11 0 1396,7 
NAZARJE 0 0 0 27,45 434 0 0 0 3329,1 3329,1 3329,1 3329,1 3701,92 0 1248,6 
CERKNO 1137 2043 98,4 776,78 427,45 2,8 288,96 225,5 269,07 1272,25 1364,52 1485,27 1643,91 3179,39 1015,3 
LOŠKA DOLINA 182,7 338,04 0 13630,05 0 0 0 0 0 0 0 0 0 0 1010,8 
ŠENTJUR 13590 0 0 0 0 0 0 61,2 90 90 150 150 0 0 1009,4 
KOBILJE 0 0 0 0 0 0 0 88,62 3697,06 0 9360 0 0 0 939,0 
TABOR 2015,62 1207,77 823,04 569,79 4,2 634,59 510,57 1763,07 588,11 786,91 918,87 1071,19 1356,57 0 875,0 
LOVRENC NA 
POHORJU 1850,8 1109,6 0 1553,44 0 0 2828,85 1913,99 1140,19 6,72 0 0 926,13 0 809,3 

MAJŠPERK 1578,84 1824,99 433,68 0 0 0 0 0 2873,83 0 0 0 2840,28 0 682,3 
HAJDINA 1853 2366,39 591,61 0 0 0 0 0 0 2055,64 0 0 2055,63 0 637,3 
LENART 5135,2 93,47 7,07 125,37 1,26 0 219,26 429,71 1953,72 0 0 0 0 0 568,9 
PESNICA 1834,7 750 0 0 0 0 1903,32 1372,42 1141,26 20,35 0 0 918,07 0 567,2 
CIRKULANE 0 546,04 136,51 0 0 0 0 0 3504,72 0 0 0 3500,32 0 549,1 
ZAVRČ 195,47 187,41 35,19 0 0 0 0 0 3356,45 0 0 0 3356,37 0 509,3 
KUNGOTA 1439,2 588,4 0 823,76 0 0 1493,22 1076,69 898,77 0 0 0 720,17 0 502,9 
SELNICA OB 
DRAVI 2740 1643 0 2299,92 0 0 0 0 0 0 0 0 0 0 477,4 
SEMIČ 6127,4 0 0 0 0 0 40 0 0 0 47,4 47,4 47,68 0 450,7 
IDRIJA 2917 512,2 0 91,5 0 0 0 0 0 0 0 0 0 2624 438,9 
VIDEM 913 1166 291 0 0 0 0 0 1665,23 0 0 0 1660,87 0 406,9 
CERKNICA 2600 905,62 25,96 0 1490,39 28 80 68 100 100 0 0 0 0 385,6 
SVETI JURIJ 574 1532 1149 1149 766 0 0 0 0 0 0 0 0 0 369,3 
SV. JURIJ V 
SLOVENSKIH 
GORICAH 0 512,4 0 717,36 0 0 1300,35 898,49 590,58 0 0 0 481,98 0 321,5 
KOBARID 348 2358 697 0 238 17 0 40,8 0 530,32 55,4 55,4 55,68 0 314,0 
SV. TROJICA V 
SLOVENSKIH 
GORICAH 0 524,8 0 734,72 0 0 1331,82 132,92 604,31 0 0 0 493,19 0 273,0 
OPLOTNICA 237 348,49 288 304,2 386 411 434,7 567 675 0 0 0 0 0 260,8 
DORNAVA 604,97 772,48 193,12 0 0 0 0 0 671,05 0 0 0 671,03 0 208,0 
ŠENTILJ 2721,6 0 0 0 0 0 0 0 0 0 0 0 0 0 194,4 
TOLMIN 578 1365,88 0 253,5 0 0 0 0 0 0 0 0 0 0 157,0 
BENEDIKT 974 0 0 0 0 0 0 128,76 585,43 0 0 0 474,27 0 154,5 
ŽETALE 412,19 526,32 131,58 0 0 0 0 0 457,21 0 0 0 457,2 0 141,8 
DESTRNIK 330 421,6 105,4 0 0 0 0 0 0 0 0 0 366,24 704 137,7 
ZREČE 747,63 666,09 267,84 148,5 56,7 0 0 0 0 0 0 0 0 0 134,8 
BOVEC 245 257,71 260,41 0 41,6 72,8 548,59 176,8 260 0 0 0 0 0 133,1 
JURŠINCI 372,71 395,45 87,72 0 0 0 0 0 427,09 0 0 0 427,07 0 122,1 
METLIKA 0 639,6 344,4 216 240 180 0 0 0 0 0 0 0 0 115,7 
PODLEHNIK 341 435,2 0 0 0 0 0 0 378,06 0 0 0 188,99 0 95,9 
KOSTEL 0 0 0 0 0 0 0 0 0 0 0 0 994,53 311,25 93,3 
SVETA ANA 552 0 0 0 0 0 0 74,48 338,64 0 0 0 276,37 0 88,7 
RADEČE 0 277 112 61 271 16,8 48 40,8 60 60 0 0 0 0 67,6 
LJUBNO 0 0 0 27,45 433,62 0 0 0 0 0 0 0 372,82 0 59,6 

LUČE 0 0 0 27,45 433,62 0 0 0 0 0 0 0 372,82 0 59,6 
TRNOVSKA VAS 165,09 210,8 52,7 0 0 0 0 0 183,12 0 0 0 183,11 0 56,8 
BLOKE 3 173,08 20,7 0 247,76 16,8 48 40,8 60 60 60 0 0 0 52,2 
SV. ANDRAŽ V 
SLOVENSKIH 
GORICAH 165,09 210,8 52,7 0 0 0 0 0 0 0 0 0 183,11 0 43,7 
GORNJI GRAD 0 0 0 27,45 433,62 0 0 0 0 0 0 0 0 0 32,9 
REČICA OB 
SAVINJI 0 0 0 12,51 197,68 0 0 0 0 0 0 0 169,96 0 27,2 
LUKOVICA 215,09 0 0 0 0 0 0 0 0 0 0 0 0 0 15,4 
CERKVENJAK 0 0 0 0 0 0 0 2,36 10,73 0 0 0 8,76 0 1,6 
MIRNA2     0 0 0 0 0 0 0 0 0 0 0,0 
BISTRICA OB 
SOTLI 0 0 0 0 0 0 0 0 0 0 0 0 0 0 0,0 
DOBJE 0 0 0 0 0 0 0 0 0 0 0 0 0 0 0,0 
DOBROVNIK 0 0 0 0 0 0 0 0 0 0 0 0 0 0 0,0 
GORNJI 
PETROVCI 0 0 0 0 0 0 0 0 0 0 0 0 0 0 0,0 
HODOŠ 0 0 0 0 0 0 0 0 0 0 0 0 0 0 0,0 
KOZJE 0 0 0 0 0 0 0 0 0 0 0 0 0 0 0,0 
LOŠKI POTOK 0 0 0 0 0 0 0 0 0 0 0 0 0 0 0,0 
MAKOLE 0 0 0 0 0 0 0 0 0 0 0 0 0 0 0,0 
MOKRONOG-
TREBELNO 0 0 0 0 0 0 0 0 0 0 0 0 0 0 0,0 
OSILNICA 0 0 0 0 0 0 0 0 0 0 0 0 0 0 0,0 
PODČETRTEK 0 0 0 0 0 0 0 0 0 0 0 0 0 0 0,0 
POLJČANE 0 0 0 0 0 0 0 0 0 0 0 0 0 0 0,0 
ROGAŠKA 
SLATINA 0 0 0 0 0 0 0 0 0 0 0 0 0 0 0,0 
ROGATEC 0 0 0 0 0 0 0 0 0 0 0 0 0 0 0,0 
SODRAŽICA 0 0 0 0 0 0 0 0 0 0 0 0 0 0 0,0 
SOLČAVA 0 0 0 0 0 0 0 0 0 0 0 0 0 0 0,0 
ŠENTRUPERT 0 0 0 0 0 0 0 0 0 0 0 0 0 0 0,0 
ŠMARJE PRI 
JELŠAH 0 0 0 0 0 0 0 0 0 0 0 0 0 0 0,0 
TREBNJE 0 0 0 0 0 0 0 0 0 0 0 0 0 0 0,0 
TURNIŠČE 0 0 0 0 0 0 0 0 0 0 0 0 0 0 0,0 
 
2 V prilogi so polja, ko Mirna še ni bila ustanovljena obarvana sivo. 

VELIKE LAŠČE 0 0 0 0 0 0 0 0 0 0 0 0 0 0 0,0 
VODICE 0 0 0 0 0 0 0 0 0 0 0 0 0 0 0,0 
Tabela 2: Prihodek iz naslova Prihodki od udeležbe na dobičku in dividend ter presežkov prihodkov nad odhodki (urejeno padajoče glede na povprečje 2007-
2020) na prebivalca (v EUR) 
OBČINA 2007 2008 2009 2010 2011 2012 2013 2014 2015 2016 2017 2018 2019 2020 x̄ 
KOMENDA 0,00 679,95 0,00 0,00 0,00 0,00 0,00 0,72 54,36 0,00 39,68 17,66 2,18 1,03 56,83 
POSTOJNA 24,29 14,25 11,17 0,01 9,60 1,95 16,37 3,90 5,03 16,53 15,81 20,31 29,95 156,69 23,27 
LJUBLJANA 48,00 27,19 15,97 1,25 2,10 4,20 0,14 22,38 15,49 40,48 19,66 20,99 9,89 11,25 17,07 
RENČE-
VOGRSKO 0,00 0,00 0,00 0,00 0,00 0,00 0,25 9,80 3,18 5,61 61,42 109,05 16,71 0,00 14,72 
MENGEŠ 4,71 0,00 0,00 0,00 0,00 0,00 0,00 0,00 115,32 0,00 44,44 28,37 0,00 0,00 13,77 
KOČEVJE 0,02 0,02 3,18 8,88 0,03 0,02 0,00 0,00 99,02 34,63 0,00 12,14 6,32 1,88 11,87 
MARIBOR 7,35 5,91 5,01 6,31 1,92 1,92 6,75 12,98 12,32 10,28 7,97 25,99 34,31 16,31 11,10 
CELJE 0,55 0,69 7,39 7,45 30,32 11,79 8,76 21,35 30,34 11,00 8,23 5,47 5,46 6,15 11,07 
SEŽANA 29,08 17,79 8,79 5,70 11,93 4,07 31,67 5,84 6,58 10,82 18,64 1,75 1,92 0,00 11,04 
MURSKA 
SOBOTA 2,71 5,44 12,19 6,87 6,83 3,57 10,96 5,52 5,86 6,41 36,11 18,08 10,61 7,00 9,87 
BOROVNICA 2,64 0,66 0,66 19,62 16,40 16,40 4,92 8,20 25,05 12,88 11,83 6,68 6,57 0,00 9,46 
ŠENTJERNEJ 0,39 0,41 0,00 1,87 8,14 11,25 24,27 16,07 24,48 16,66 8,20 11,12 3,45 0,00 9,02 
PIVKA 0,00 0,12 4,28 39,76 11,51 1,22 2,46 32,03 17,16 7,75 0,00 0,00 3,75 0,00 8,58 
KAMNIK 0,00 0,08 0,01 0,06 0,00 0,00 0,00 0,94 70,18 0,00 31,08 17,31 0,13 0,00 8,56 
VRHNIKA 2,52 0,64 0,64 3,92 15,64 15,62 4,69 7,81 18,44 12,88 15,36 9,67 10,82 0,00 8,47 
DOMŽALE 0,05 0,01 0,00 0,00 0,02 0,01 0,01 0,91 67,99 0,00 29,92 16,73 0,00 0,00 8,26 
SLOVENJ 
GRADEC 6,00 0,00 1,92 7,74 45,93 7,16 7,17 7,63 7,25 4,74 3,41 6,65 4,14 2,55 8,02 
LOG-
DRAGOMER 0,00 0,69 0,67 23,08 16,82 16,81 5,04 8,41 14,82 6,71 5,29 2,70 2,82 0,00 7,42 
KOPER 10,11 5,19 0,04 0,00 0,00 15,78 1,58 1,49 8,71 10,47 14,59 11,37 12,61 10,43 7,31 
TRZIN 0,00 0,00 0,00 0,00 0,00 0,00 0,00 0,89 66,66 0,00 15,62 16,40 0,00 0,01 7,11 
TRBOVLJE 15,29 0,00 0,00 0,00 0,02 0,00 0,01 0,00 0,01 0,01 13,51 19,76 19,15 25,33 6,65 
AJDOVŠČINA 13,09 4,64 0,07 19,80 0,03 0,00 0,00 11,73 1,75 11,47 3,29 8,23 13,76 4,04 6,57 
DIVAČA 1,50 14,09 3,48 2,27 4,98 1,91 31,91 2,38 2,67 6,69 17,71 0,83 0,91 0,00 6,52 
JESENICE 1,91 2,90 7,60 2,12 2,12 0,01 0,01 0,01 0,01 0,01 3,98 12,41 35,07 17,11 6,09 
VELENJE 0,10 0,08 0,03 0,00 44,60 4,80 4,90 2,35 1,87 5,58 4,71 4,67 3,80 6,06 5,97 
Skupaj občine 8,80 7,23 3,26 1,87 4,53 2,65 2,37 6,01 9,60 8,83 8,11 7,93 5,90 5,88 5,92 
DRAVOGRAD 1,97 0,00 0,00 0,00 39,95 0,90 9,43 3,14 3,31 4,83 1,97 7,29 3,91 2,63 5,67 
MEŽICA 1,42 0,60 0,60 0,89 40,64 1,19 0,89 4,19 4,00 4,45 1,85 9,57 6,37 2,60 5,66 

HOČE-SLIVNICA 1,43 2,15 1,56 3,39 4,58 8,91 3,23 5,70 5,58 3,74 3,02 13,38 13,79 8,61 5,65 
ŠOŠTANJ 0,00 0,00 0,00 0,00 45,24 4,87 4,97 2,38 1,90 5,57 0,00 9,40 3,77 0,86 5,64 
NOVO MESTO 2,92 3,10 0,07 0,00 5,35 8,30 9,10 12,57 21,57 7,78 4,35 0,78 1,33 0,00 5,52 
SLOVENSKA 
BISTRICA 0,00 0,00 0,00 0,00 0,00 26,69 0,00 3,83 28,43 3,23 11,64 0,00 0,00 0,00 5,27 
VIPAVA 14,88 3,39 0,00 10,97 7,25 0,00 0,00 12,82 0,00 7,38 0,00 7,57 8,43 0,00 5,19 
ILIRSKA 
BISTRICA 19,74 11,61 1,78 9,53 9,74 1,98 3,94 3,94 4,58 4,74 0,01 0,01 0,00 0,00 5,11 
MIKLAVŽ NA 
DRAVSKEM 
POLJU 1,31 1,51 1,45 2,47 4,24 8,26 1,78 4,57 5,17 3,75 2,80 12,40 12,78 7,97 5,03 
PUCONCI 2,12 0,57 0,75 0,92 1,00 1,41 9,16 0,96 9,26 1,12 17,20 10,02 9,38 1,15 4,64 
ČRNA NA 
KOROŠKEM 1,01 0,00 0,00 0,00 41,42 0,00 0,00 3,42 2,60 3,10 0,00 7,10 3,16 2,72 4,61 
MISLINJA 3,68 0,00 0,00 0,00 37,76 0,00 0,00 3,12 3,54 3,08 0,00 6,58 2,93 2,51 4,51 
RIBNICA NA 
POHORJU 1,21 0,00 0,00 0,00 40,51 0,00 0,00 3,34 2,54 2,95 0,00 6,79 2,92 2,49 4,48 
STARŠE 0,84 0,01 0,00 0,00 0,00 0,00 0,61 4,33 6,70 10,76 2,96 13,13 13,55 8,45 4,38 
ŠMARTNO OB 
PAKI 0,00 0,00 0,00 0,00 0,00 47,27 4,75 2,28 0,00 0,00 0,00 2,27 3,77 0,93 4,38 
RAVNE NA 
KOROŠKEM 0,94 0,00 0,00 0,00 38,86 0,03 0,00 3,21 2,44 2,90 0,00 6,69 2,97 2,56 4,33 
MUTA 1,12 0,00 0,00 0,00 38,72 0,00 0,00 3,19 2,43 2,82 0,00 6,55 2,91 2,51 4,30 
MEDVODE 0,81 0,00 0,00 0,00 0,52 1,42 0,40 5,51 5,16 28,39 9,72 8,13 0,00 0,00 4,29 
PREVALJE 0,80 0,00 0,00 0,00 37,08 0,00 0,00 3,06 2,33 2,95 0,00 6,83 3,08 2,64 4,20 
VUZENICA 0,00 0,00 0,00 0,00 38,13 0,00 0,00 3,15 2,39 2,93 0,00 6,65 2,99 2,54 4,20 
HRPELJE-
KOZINA 1,46 1,56 0,70 0,52 0,55 0,00 26,98 0,78 0,81 4,39 17,47 0,81 0,88 0,00 4,06 
RAČE-FRAM 0,82 0,50 0,00 0,70 0,00 0,00 1,88 5,06 5,45 3,95 2,95 13,06 13,47 8,40 4,02 
SREDIŠČE OB 
DRAVI 24,52 0,00 0,00 0,00 0,00 0,00 0,00 0,00 0,00 0,00 23,47 0,00 4,94 0,00 3,78 
JEZERSKO 7,06 4,06 3,16 3,16 5,88 7,45 2,12 0,00 0,00 0,00 12,64 7,07 0,00 0,00 3,76 
RUŠE 11,42 37,67 0,00 0,50 0,00 0,00 0,90 0,61 0,36 0,00 0,00 0,00 0,30 0,00 3,70 
NOVA GORICA 4,40 3,22 1,92 2,16 1,66 0,26 0,25 10,03 3,25 5,75 5,82 6,92 4,89 0,01 3,61 
ŠEMPETER-
VRTOJBA 3,56 2,98 1,20 1,03 1,03 0,00 0,26 10,29 3,34 7,74 5,89 7,09 5,01 0,00 3,53 
HORJUL 0,00 0,00 0,00 0,00 0,00 0,00 0,00 6,91 6,47 16,46 8,52 8,52 0,00 0,00 3,35 
MOZIRJE 0,06 0,27 0,08 0,03 1,51 0,00 0,00 0,00 7,85 7,85 19,98 3,57 2,45 2,38 3,29 
PODVELKA 1,72 0,00 0,00 0,00 41,36 0,00 0,00 0,00 0,00 0,00 0,00 0,00 0,00 2,54 3,26 
IZOLA 0,07 0,07 0,00 0,00 0,00 0,00 19,52 0,00 0,00 0,00 0,00 10,06 8,50 7,20 3,24 

ORMOŽ 40,80 0,00 0,00 0,00 0,00 0,00 0,00 0,00 3,85 0,00 0,00 0,00 0,00 0,00 3,19 
ANKARAN         0,00 0,00 12,40 10,91 11,78 9,49 3,18 
DOBROVA-
POLHOV 
GRADEC 0,00 0,00 0,00 0,00 0,00 0,00 0,00 6,50 6,08 15,50 8,03 8,04 0,02 0,00 3,15 
BREZOVICA 0,00 0,00 0,00 0,00 0,00 0,00 0,00 5,26 13,03 12,53 6,49 6,49 0,00 0,00 3,13 
RADOVLJICA 0,39 0,56 0,48 0,44 0,44 0,00 0,00 3,72 7,97 6,00 0,08 11,68 3,98 7,97 3,12 
MORAVSKE 
TOPLICE 0,91 1,10 1,44 1,76 1,93 1,20 1,77 1,87 1,99 2,17 17,98 2,53 2,49 4,36 3,11 
DUPLEK 0,70 0,07 0,01 0,01 0,00 0,00 0,49 3,52 4,45 3,22 2,41 10,68 11,01 6,90 3,10 
SLOVENSKE 
KONJICE 0,54 0,00 0,00 0,00 0,00 0,00 0,00 0,00 0,00 0,66 0,00 0,00 0,44 39,26 2,92 
SEVNICA 0,12 0,10 0,05 0,02 0,09 0,02 0,00 0,00 0,00 0,00 0,00 0,00 0,00 40,20 2,90 
KRIŽEVCI 0,28 1,86 2,72 0,55 1,97 1,56 0,94 1,17 1,56 2,34 19,48 2,34 1,88 1,88 2,89 
VERŽEJ 0,29 3,15 0,56 1,51 2,12 0,00 2,55 1,19 1,59 2,39 18,50 2,39 1,91 1,91 2,86 
KRŠKO 2,02 1,79 1,96 2,18 1,61 2,61 2,88 3,14 3,46 3,79 4,18 4,57 5,03 0,00 2,80 
DOBREPOLJE 0,00 0,00 0,00 11,20 3,99 5,11 0,01 0,01 14,12 0,02 0,02 4,35 0,00 0,00 2,77 
BELTINCI 0,77 0,98 1,22 1,50 1,64 1,02 1,51 1,58 1,68 1,83 17,98 2,15 2,12 1,99 2,71 
ŠKOFLJICA 0,00 0,00 0,00 0,00 0,00 1,82 8,23 4,48 3,62 9,17 4,75 5,83 0,00 0,00 2,71 
LJUTOMER 0,29 1,91 0,00 1,93 0,80 1,61 0,96 1,21 1,61 2,41 18,75 2,41 1,93 1,93 2,70 
ŠKOCJAN 0,52 0,60 0,01 0,00 3,18 0,00 6,77 4,35 5,75 10,60 2,53 3,06 0,00 0,00 2,67 
VELIKA POLANA 0,00 0,00 0,00 0,00 0,00 0,00 0,00 0,00 0,00 8,61 28,35 0,00 0,00 0,00 2,64 
TIŠINA 0,74 0,90 1,17 1,43 1,57 0,97 1,44 1,51 1,60 1,75 17,76 2,06 2,02 1,90 2,63 
CANKOVA 0,70 0,85 1,11 1,36 1,49 0,93 1,39 1,45 1,55 1,96 18,03 1,95 1,92 1,80 2,60 
KRANJSKA 
GORA 4,26 4,73 2,50 2,50 2,50 0,00 0,00 0,00 0,01 5,07 5,51 4,37 4,31 0,00 2,56 
DOBRNA 0,00 0,00 4,49 4,18 17,67 0,00 0,00 7,35 0,91 0,45 0,00 0,69 0,00 0,00 2,55 
VOJNIK 0,11 0,55 4,46 3,97 16,67 0,13 0,06 6,94 0,90 0,45 0,08 0,88 0,24 0,26 2,55 
KOMEN 0,69 0,79 0,68 0,50 0,53 0,72 0,72 0,75 0,79 8,73 18,67 0,80 0,86 0,00 2,52 
ŠTORE 0,00 0,00 4,20 4,30 17,80 0,00 0,00 7,43 0,88 0,43 0,00 0,00 0,00 0,00 2,50 
RAZKRIŽJE 0,28 1,87 0,00 0,94 0,94 0,00 0,94 0,00 1,57 2,36 18,58 2,36 1,88 1,88 2,40 
ŽIROVNICA 1,63 2,35 1,82 1,82 1,82 0,00 0,00 0,00 0,00 0,00 0,35 6,90 16,38 0,00 2,36 
MIRNA PEČ 0,00 0,00 0,00 0,00 0,00 0,00 10,26 2,76 1,42 5,10 0,06 5,21 7,46 0,00 2,31 
SVETI TOMAŽ 23,19 0,00 0,00 0,00 0,00 0,00 0,00 5,27 3,85 0,00 0,00 0,00 0,00 0,00 2,31 
PIRAN 0,69 0,01 0,00 0,00 0,00 0,00 24,79 0,00 0,00 0,00 2,42 0,01 1,71 1,08 2,19 
BREŽICE 0,47 0,72 0,02 0,02 0,03 2,19 1,90 1,96 2,13 2,33 2,57 2,46 2,56 10,62 2,14 

KOSTANJEVICA 
NA KRKI 2,05 0,00 0,00 0,00 0,00 2,44 2,69 2,93 3,25 3,55 3,91 4,28 4,68 0,00 2,13 
KUZMA 0,46 0,55 0,72 1,33 0,97 0,60 0,89 0,87 0,97 0,54 17,47 1,26 1,24 0,74 2,04 
GRAD 0,00 0,51 0,66 0,81 0,88 0,55 0,81 0,85 0,90 0,99 17,36 1,16 1,14 1,07 1,98 
ŠENČUR 3,55 2,03 1,58 1,58 2,91 3,63 1,03 0,00 0,00 0,00 6,17 3,45 0,00 0,00 1,85 
NAKLO 3,37 1,93 1,50 1,50 3,08 3,57 1,02 0,00 0,00 0,00 6,05 3,39 0,00 0,00 1,81 
MIREN-
KOSTANJEVICA 1,00 1,07 1,07 0,97 0,97 0,00 3,54 9,74 0,00 0,60 3,29 1,97 0,00 0,00 1,73 
IG 0,00 0,00 0,00 0,00 0,00 0,00 0,00 4,53 6,48 7,33 0,36 0,46 4,42 0,00 1,68 
APAČE 0,00 0,62 0,00 0,00 0,00 0,00 3,48 0,00 0,02 0,00 17,63 1,64 0,00 0,00 1,67 
GORNJA 
RADGONA 0,00 0,62 0,00 0,00 0,00 0,00 0,00 3,50 0,00 0,00 17,66 1,65 0,00 0,00 1,67 
KOBILJE 0,00 0,00 0,00 0,00 0,00 0,00 0,00 0,16 6,57 0,00 16,63 0,00 0,00 0,00 1,67 
KANAL 1,32 1,45 1,45 1,32 1,34 0,00 0,33 13,19 0,02 0,02 0,03 2,70 0,02 0,00 1,66 
GROSUPLJE 0,00 0,00 0,00 5,90 4,53 1,88 0,00 0,00 0,00 0,01 8,35 0,00 1,97 0,00 1,62 
ODRANCI 0,00 0,00 0,00 0,00 0,00 0,00 0,00 0,00 0,00 6,02 15,96 0,00 0,00 0,00 1,57 
GORJE 0,00 0,00 0,00 0,00 0,00 0,00 0,00 0,01 0,01 0,01 14,10 7,06 0,01 0,00 1,51 
RADLJE OB 
DRAVI 0,00 0,00 0,00 0,00 0,00 0,00 0,00 3,12 2,37 2,98 0,00 6,84 3,06 2,62 1,50 
BRDA 1,10 1,27 1,22 1,05 1,05 0,00 0,26 10,54 0,00 1,72 0,00 2,13 0,00 0,00 1,45 
MORAVČE 5,76 0,00 0,00 0,00 0,00 0,00 0,00 0,00 0,00 0,00 13,70 0,00 0,00 0,00 1,39 
LENDAVA 0,09 0,25 0,01 0,15 0,07 0,00 0,00 0,00 0,00 0,00 16,35 0,00 0,00 1,89 1,34 
RIBNICA 0,00 0,22 0,01 0,00 0,00 0,00 0,01 0,00 0,03 1,62 0,02 0,03 0,03 16,56 1,32 
BLED 0,00 0,00 0,00 0,00 0,00 0,00 0,01 0,01 0,01 0,01 6,34 6,34 5,57 0,00 1,31 
ZAGORJE OB 
SAVI 0,00 0,00 0,00 0,46 1,20 0,60 0,90 0,00 1,79 3,25 3,39 1,83 3,50 1,37 1,31 
ŠALOVCI 0,00 0,09 0,12 0,14 0,16 0,10 0,14 0,15 0,16 0,17 16,42 0,20 0,20 0,19 1,30 
LITIJA 0,00 0,03 0,03 0,02 3,17 0,04 0,04 0,03 0,08 0,07 14,30 0,06 0,05 0,00 1,28 
ŠMARTNO PRI 
LITIJI 0,00 3,14 0,00 0,00 0,00 0,00 0,00 0,00 0,00 0,00 14,66 0,00 0,00 0,00 1,27 
RADENCI 0,00 0,00 0,00 0,00 0,00 0,00 0,00 0,00 0,00 0,00 16,30 0,00 0,00 0,00 1,16 
ČRENŠOVCI 0,00 0,00 0,00 0,00 0,00 0,00 0,00 0,00 0,00 0,00 16,00 0,00 0,00 0,00 1,14 
ROGAŠOVCI 0,55 0,66 0,86 1,06 1,16 0,72 1,07 1,11 1,18 1,29 1,38 1,52 1,50 1,40 1,10 
DOLENJSKE 
TOPLICE 0,05 0,05 0,00 0,00 0,00 0,00 3,31 0,00 4,16 0,00 0,00 0,72 5,65 0,00 1,00 
HRASTNIK 0,05 0,00 0,00 0,00 0,63 1,26 0,44 0,00 0,00 4,34 2,67 0,00 2,65 1,48 0,97 
TRŽIČ 0,01 0,01 0,01 0,00 0,00 0,00 0,00 0,00 8,33 0,00 0,00 0,00 4,66 0,00 0,93 
IVANČNA 
GORICA 0,00 0,00 0,00 2,75 6,02 0,89 0,00 0,00 0,00 0,00 0,00 2,92 0,00 0,00 0,90 

STRAŽA 0,00 0,00 0,00 0,00 0,00 0,00 4,06 0,00 3,20 3,41 1,67 0,07 0,03 0,00 0,89 
DOL PRI 
LJUBLJANI 0,00 0,00 0,04 0,00 0,00 0,00 0,00 0,00 0,00 11,41 0,00 0,00 0,00 0,00 0,82 
BOHINJ 1,74 2,59 1,99 1,96 1,94 0,00 0,00 0,00 0,48 0,00 0,37 0,05 0,00 0,00 0,79 
PREDDVOR 3,66 2,08 1,62 1,62 1,62 0,00 0,00 0,00 0,01 0,01 0,30 0,05 0,00 0,00 0,78 
ŠKOFJA LOKA 1,98 2,42 1,88 1,87 1,87 0,00 0,00 0,00 0,00 0,00 0,36 0,05 0,00 0,00 0,74 
PTUJ 1,75 2,26 0,56 0,02 0,01 0,00 0,00 0,00 2,60 0,02 0,04 0,04 2,62 0,04 0,71 
ŽELEZNIKI 1,70 2,24 1,74 1,74 1,79 0,00 0,00 0,00 0,00 0,00 0,33 0,05 0,00 0,00 0,69 
ŠMARJEŠKE 
TOPLICE 0,00 0,05 0,01 0,00 0,00 0,00 9,43 0,00 0,00 0,00 0,04 0,06 0,00 0,00 0,68 
ŽIRI 1,72 2,24 1,74 1,74 1,74 0,00 0,00 0,00 0,00 0,00 0,32 0,04 0,00 0,00 0,68 
CERKLJE NA 
GORENJSKEM 3,02 1,72 1,34 1,34 1,34 0,00 0,00 0,00 0,00 0,00 0,25 0,03 0,00 0,00 0,65 
KRANJ 1,45 2,10 1,62 1,62 1,62 0,00 0,00 0,00 0,00 0,00 0,31 0,04 0,00 0,00 0,63 
VITANJE 3,51 3,13 1,26 0,70 0,27 0,00 0,00 0,00 0,00 0,00 0,00 0,00 0,00 0,00 0,63 
GORENJA VAS-
POLJANE 1,52 2,06 1,57 1,53 1,53 0,00 0,00 0,00 0,00 0,00 0,29 0,04 0,00 0,00 0,61 
VRANSKO 1,23 0,74 0,50 0,35 0,00 0,38 0,31 1,07 0,36 0,48 0,56 0,65 0,82 0,00 0,53 
TABOR 1,17 0,70 0,48 0,33 0,00 0,37 0,30 1,02 0,34 0,46 0,53 0,62 0,79 0,00 0,51 
POLZELA 2,00 0,46 0,76 0,22 0,23 0,25 0,00 0,73 0,23 0,31 0,36 0,42 0,54 0,53 0,50 
BRASLOVČE 1,28 1,16 0,29 0,24 0,26 0,28 0,22 0,21 0,26 0,34 0,40 0,47 0,59 0,58 0,47 
NAZARJE 0,00 0,00 0,00 0,01 0,16 0,00 0,00 0,00 1,25 1,25 1,25 1,25 1,39 0,00 0,47 
GORIŠNICA 0,00 0,52 0,07 0,06 0,20 0,02 0,02 0,03 2,49 0,04 0,04 0,05 2,50 0,28 0,45 
PREBOLD 0,73 0,42 0,30 0,25 0,27 0,29 0,23 0,83 0,27 0,36 0,42 0,48 0,61 0,60 0,43 
ŽALEC 0,34 0,44 0,31 0,24 0,26 0,28 0,23 0,80 0,26 0,35 0,41 0,47 0,60 0,59 0,40 
ZAVRČ 0,14 0,13 0,02 0,00 0,00 0,00 0,00 0,00 2,36 0,00 0,00 0,00 2,36 0,00 0,36 
KIDRIČEVO 1,01 1,29 0,32 0,00 0,00 0,00 0,00 0,00 1,12 0,00 0,00 0,00 1,12 0,00 0,35 
MARKOVCI 0,45 0,58 0,14 0,00 0,00 0,00 0,00 0,00 1,84 0,00 0,00 0,00 1,84 0,00 0,35 
ŽUŽEMBERK 0,44 0,46 0,00 0,00 0,00 0,00 0,00 0,04 3,64 0,06 0,00 0,00 0,00 0,00 0,33 
LAŠKO 2,07 2,23 0,02 0,05 0,01 0,00 0,00 0,00 0,00 0,00 0,00 0,00 0,00 0,00 0,31 
LOŠKA DOLINA 0,05 0,09 0,00 3,67 0,00 0,00 0,00 0,00 0,00 0,00 0,00 0,00 0,00 0,00 0,27 
LOVRENC NA 
POHORJU 0,60 0,36 0,00 0,51 0,00 0,00 0,92 0,62 0,37 0,00 0,00 0,00 0,30 0,00 0,26 
CIRKULANE 0,00 0,23 0,06 0,00 0,00 0,00 0,00 0,00 1,50 0,00 0,00 0,00 1,50 0,00 0,23 
CERKNO 0,24 0,43 0,02 0,16 0,09 0,00 0,06 0,05 0,06 0,27 0,29 0,31 0,34 0,66 0,21 
HAJDINA 0,48 0,62 0,15 0,00 0,00 0,00 0,00 0,00 0,00 0,53 0,00 0,00 0,53 0,00 0,17 
MAJŠPERK 0,39 0,45 0,11 0,00 0,00 0,00 0,00 0,00 0,71 0,00 0,00 0,00 0,70 0,00 0,17 

SV. JURIJ V 
SLOVENSKIH 
GORICAH 0,00 0,24 0,00 0,34 0,00 0,00 0,61 0,42 0,28 0,00 0,00 0,00 0,23 0,00 0,15 
KOSTEL 0,00 0,00 0,00 0,00 0,00 0,00 0,00 0,00 0,00 0,00 0,00 0,00 1,51 0,47 0,14 
ČRNOMELJ 0,36 0,73 0,29 0,06 0,01 0,01 0,02 0,03 0,02 0,02 0,03 0,03 0,03 0,13 0,13 
SV. TROJICA V 
SLOVENSKIH 
GORICAH 0,00 0,25 0,00 0,34 0,00 0,00 0,62 0,06 0,28 0,00 0,00 0,00 0,23 0,00 0,13 
SVETI JURIJ 0,20 0,52 0,39 0,39 0,26 0,00 0,00 0,00 0,00 0,00 0,00 0,00 0,00 0,00 0,13 
LOGATEC 0,01 0,03 0,00 0,00 0,00 0,00 0,00 0,00 0,00 0,00 0,00 0,00 0,58 0,90 0,11 
SEMIČ 1,55 0,00 0,00 0,00 0,00 0,00 0,01 0,00 0,00 0,00 0,01 0,01 0,01 0,00 0,11 
ŽETALE 0,31 0,40 0,10 0,00 0,00 0,00 0,00 0,00 0,35 0,00 0,00 0,00 0,35 0,00 0,11 
KUNGOTA 0,30 0,12 0,00 0,17 0,00 0,00 0,31 0,22 0,19 0,00 0,00 0,00 0,15 0,00 0,10 
SELNICA OB 
DRAVI 0,59 0,36 0,00 0,50 0,00 0,00 0,00 0,00 0,00 0,00 0,00 0,00 0,00 0,00 0,10 
DORNAVA 0,23 0,29 0,07 0,00 0,00 0,00 0,00 0,00 0,25 0,00 0,00 0,00 0,25 0,00 0,08 
PESNICA 0,25 0,10 0,00 0,00 0,00 0,00 0,26 0,19 0,16 0,00 0,00 0,00 0,13 0,00 0,08 
KOBARID 0,08 0,56 0,17 0,00 0,06 0,00 0,00 0,01 0,00 0,13 0,01 0,01 0,01 0,00 0,07 
LENART 0,65 0,01 0,00 0,02 0,00 0,00 0,03 0,05 0,25 0,00 0,00 0,00 0,00 0,00 0,07 
VIDEM 0,16 0,21 0,05 0,00 0,00 0,00 0,00 0,00 0,30 0,00 0,00 0,00 0,30 0,00 0,07 
BENEDIKT 0,38 0,00 0,00 0,00 0,00 0,00 0,00 0,05 0,23 0,00 0,00 0,00 0,18 0,00 0,06 
OPLOTNICA 0,06 0,08 0,07 0,07 0,09 0,10 0,10 0,13 0,16 0,00 0,00 0,00 0,00 0,00 0,06 
DESTRNIK 0,13 0,16 0,04 0,00 0,00 0,00 0,00 0,00 0,00 0,00 0,00 0,00 0,14 0,27 0,05 
JURŠINCI 0,16 0,17 0,04 0,00 0,00 0,00 0,00 0,00 0,18 0,00 0,00 0,00 0,18 0,00 0,05 
PODLEHNIK 0,19 0,24 0,00 0,00 0,00 0,00 0,00 0,00 0,21 0,00 0,00 0,00 0,10 0,00 0,05 
ŠENTJUR 0,69 0,00 0,00 0,00 0,00 0,00 0,00 0,00 0,00 0,00 0,01 0,01 0,00 0,00 0,05 
BOVEC 0,08 0,08 0,08 0,00 0,01 0,02 0,17 0,06 0,08 0,00 0,00 0,00 0,00 0,00 0,04 
IDRIJA 0,25 0,04 0,00 0,01 0,00 0,00 0,00 0,00 0,00 0,00 0,00 0,00 0,00 0,23 0,04 
LUČE 0,00 0,00 0,00 0,02 0,29 0,00 0,00 0,00 0,00 0,00 0,00 0,00 0,25 0,00 0,04 
SVETA ANA 0,24 0,00 0,00 0,00 0,00 0,00 0,00 0,03 0,15 0,00 0,00 0,00 0,12 0,00 0,04 
SV. ANDRAŽ V 
SLOVENSKIH 
GORICAH 0,14 0,17 0,04 0,00 0,00 0,00 0,00 0,00 0,00 0,00 0,00 0,00 0,15 0,00 0,04 
TRNOVSKA VAS 0,12 0,15 0,04 0,00 0,00 0,00 0,00 0,00 0,13 0,00 0,00 0,00 0,13 0,00 0,04 
BLOKE 0,00 0,11 0,01 0,00 0,16 0,01 0,03 0,03 0,04 0,04 0,04 0,00 0,00 0,00 0,03 
CERKNICA 0,23 0,08 0,00 0,00 0,13 0,00 0,01 0,01 0,01 0,01 0,00 0,00 0,00 0,00 0,03 
LJUBNO 0,00 0,00 0,00 0,01 0,16 0,00 0,00 0,00 0,00 0,00 0,00 0,00 0,14 0,00 0,02 

RADEČE 0,00 0,06 0,03 0,01 0,06 0,00 0,01 0,01 0,01 0,01 0,00 0,00 0,00 0,00 0,02 
ŠENTILJ 0,32 0,00 0,00 0,00 0,00 0,00 0,00 0,00 0,00 0,00 0,00 0,00 0,00 0,00 0,02 
ZREČE 0,12 0,10 0,04 0,02 0,01 0,00 0,00 0,00 0,00 0,00 0,00 0,00 0,00 0,00 0,02 
GORNJI GRAD 0,00 0,00 0,00 0,01 0,18 0,00 0,00 0,00 0,00 0,00 0,00 0,00 0,00 0,00 0,01 
METLIKA 0,00 0,08 0,04 0,03 0,03 0,02 0,00 0,00 0,00 0,00 0,00 0,00 0,00 0,00 0,01 
REČICA OB 
SAVINJI 0,00 0,00 0,00 0,01 0,08 0,00 0,00 0,00 0,00 0,00 0,00 0,00 0,07 0,00 0,01 
TOLMIN 0,05 0,12 0,00 0,02 0,00 0,00 0,00 0,00 0,00 0,00 0,00 0,00 0,00 0,00 0,01 
MIRNA     0,00 0,00 0,00 0,00 0,00 0,00 0,00 0,00 0,00 0,00 0,00 
BISTRICA OB 
SOTLI 0,00 0,00 0,00 0,00 0,00 0,00 0,00 0,00 0,00 0,00 0,00 0,00 0,00 0,00 0,00 
CERKVENJAK 0,00 0,00 0,00 0,00 0,00 0,00 0,00 0,00 0,01 0,00 0,00 0,00 0,00 0,00 0,00 
DOBJE 0,00 0,00 0,00 0,00 0,00 0,00 0,00 0,00 0,00 0,00 0,00 0,00 0,00 0,00 0,00 
DOBROVNIK 0,00 0,00 0,00 0,00 0,00 0,00 0,00 0,00 0,00 0,00 0,00 0,00 0,00 0,00 0,00 
GORNJI 
PETROVCI 0,00 0,00 0,00 0,00 0,00 0,00 0,00 0,00 0,00 0,00 0,00 0,00 0,00 0,00 0,00 
HODOŠ 0,00 0,00 0,00 0,00 0,00 0,00 0,00 0,00 0,00 0,00 0,00 0,00 0,00 0,00 0,00 
KOZJE 0,00 0,00 0,00 0,00 0,00 0,00 0,00 0,00 0,00 0,00 0,00 0,00 0,00 0,00 0,00 
LOŠKI POTOK 0,00 0,00 0,00 0,00 0,00 0,00 0,00 0,00 0,00 0,00 0,00 0,00 0,00 0,00 0,00 
LUKOVICA 0,04 0,00 0,00 0,00 0,00 0,00 0,00 0,00 0,00 0,00 0,00 0,00 0,00 0,00 0,00 
MAKOLE 0,00 0,00 0,00 0,00 0,00 0,00 0,00 0,00 0,00 0,00 0,00 0,00 0,00 0,00 0,00 
MOKRONOG-
TREBELNO 0,00 0,00 0,00 0,00 0,00 0,00 0,00 0,00 0,00 0,00 0,00 0,00 0,00 0,00 0,00 
OSILNICA 0,00 0,00 0,00 0,00 0,00 0,00 0,00 0,00 0,00 0,00 0,00 0,00 0,00 0,00 0,00 
PODČETRTEK 0,00 0,00 0,00 0,00 0,00 0,00 0,00 0,00 0,00 0,00 0,00 0,00 0,00 0,00 0,00 
POLJČANE 0,00 0,00 0,00 0,00 0,00 0,00 0,00 0,00 0,00 0,00 0,00 0,00 0,00 0,00 0,00 
ROGAŠKA 
SLATINA 0,00 0,00 0,00 0,00 0,00 0,00 0,00 0,00 0,00 0,00 0,00 0,00 0,00 0,00 0,00 
ROGATEC 0,00 0,00 0,00 0,00 0,00 0,00 0,00 0,00 0,00 0,00 0,00 0,00 0,00 0,00 0,00 
SODRAŽICA 0,00 0,00 0,00 0,00 0,00 0,00 0,00 0,00 0,00 0,00 0,00 0,00 0,00 0,00 0,00 
SOLČAVA 0,00 0,00 0,00 0,00 0,00 0,00 0,00 0,00 0,00 0,00 0,00 0,00 0,00 0,00 0,00 
ŠENTRUPERT 0,00 0,00 0,00 0,00 0,00 0,00 0,00 0,00 0,00 0,00 0,00 0,00 0,00 0,00 0,00 
ŠMARJE PRI 
JELŠAH 0,00 0,00 0,00 0,00 0,00 0,00 0,00 0,00 0,00 0,00 0,00 0,00 0,00 0,00 0,00 
TREBNJE 0,00 0,00 0,00 0,00 0,00 0,00 0,00 0,00 0,00 0,00 0,00 0,00 0,00 0,00 0,00 
TURNIŠČE 0,00 0,00 0,00 0,00 0,00 0,00 0,00 0,00 0,00 0,00 0,00 0,00 0,00 0,00 0,00 
VELIKE LAŠČE 0,00 0,00 0,00 0,00 0,00 0,00 0,00 0,00 0,00 0,00 0,00 0,00 0,00 0,00 0,00 
VODICE 0,00 0,00 0,00 0,00 0,00 0,00 0,00 0,00 0,00 0,00 0,00 0,00 0,00 0,00 0,00 

 
Tabela 3: Prihodek iz naslova Prihodki od obresti (urejeno padajoče glede na povprečje 2007-2020) v absolutnih zneskih (v EUR) 
OBČINA 2007 2008 2009 2010 2011 2012 2013 2014 2015 2016 2017 2018 2019 2020 x̄ 
Skupaj občine  10355475
,9 
12509199
,4 
6200091,
4 
3899628,
3 
3476710,
5 
4179592,
9 
5163398,
3 
2377875,
5 915453,7 
1324833,
5 
1579969,
7 831879,9 
4984461,
1 
1798118,
6 
4256906,
3 
KRŠKO 
117879,0 327224,8 340530,8 11529,4 13338,5 10453,0 13259,7 13593,3 6143,0 5635,6 993661,1 21023,3 
4269839,
9 18044,8 440154,0 
KOPER 1391801,
0 766806,4 407319,3 704428,9 115600,1 167348,1 246151,0 500181,2 49737,7 24710,3 44648,2 20697,1 211836,3 
1165472,
5 415481,3 
MARIBOR 1017066,
9 907339,7 96972,6 100367,8 102056,2 384765,4 
1304348,
5 319809,0 57834,6 34332,9 79668,3 74881,7 85338,1 83421,0 332014,5 
LJUBLJANA 1057034,
0 
1061330,
5 377488,4 214513,1 155918,5 69600,5 92179,8 59556,5 70121,5 792804,3 61407,5 77509,9 144165,8 362631,2 328304,4 
DOMŽALE 178837,0 413191,4 309614,1 175047,9 244155,7 222638,8 258034,4 175386,8 87769,9 27845,6 11167,7 6405,2 5077,1 3975,3 151367,6 
PIRAN 545322,4 656575,2 319340,0 123144,6 91815,5 129137,2 168386,6 29442,8 10223,9 8102,3 7404,9 4121,4 4064,5 4079,4 150082,9 
KRANJ 377307,8 384986,2 155394,1 89139,5 102202,9 265637,1 254954,4 157991,6 64110,0 14178,8 30065,3 25674,3 26702,1 16134,1 140319,9 
CERKLJE NA 
GORENJSKEM 90722,0 150257,0 180225,0 117690,0 75938,0 106227,4 57041,7 49332,9 3141,4 189,5 71615,9 58493,9 61337,8 49262,5 76533,9 
PTUJ 75655,7 196794,4 255650,2 50379,6 103789,5 61012,2 96787,4 30501,0 14806,2 11332,5 9337,7 7443,4 5458,3 3476,6 65887,5 
KAMNIK 230917,1 361243,4 147084,4 45327,2 29603,5 37974,4 28536,9 22562,2 12409,2 0,9 0,0 0,0 0,0 0,0 65404,2 
JESENICE 136885,8 171054,1 108059,1 108004,8 99221,4 68594,7 119429,9 24818,8 7105,3 2628,6 1738,2 2801,3 2075,0 1230,8 60974,8 
IVANČNA 
GORICA 196204,0 218737,0 117580,5 76180,2 72247,2 89038,7 52909,4 10322,8 1298,5 252,1 283,9 470,3 403,9 445,3 59741,0 
ŠKOFLJICA 140496,5 145595,9 111485,1 72688,7 102221,4 104812,1 88331,2 40593,5 14001,1 1092,9 263,2 105,2 97,6 63,0 58703,4 
IG 58163,0 266651,4 156259,8 52878,7 62170,7 91341,4 64263,5 26210,1 9444,3 1337,8 3464,5 1696,4 128,0 124,3 56723,9 
TRBOVLJE 80532,7 129070,6 23298,0 12451,6 26875,7 113731,7 120982,4 78013,6 58461,4 44516,9 36379,6 27947,9 20489,3 13389,8 56152,9 
NOVA GORICA 136353,4 49093,9 20112,5 30090,7 60666,5 79255,6 68035,0 18851,9 1485,6 68396,3 94603,6 1026,2 224,2 3913,5 45150,6 
VRHNIKA 107328,0 238125,8 167506,9 25187,8 14786,9 27354,6 32308,4 3057,2 2349,6 2502,8 440,2 0,0 0,0 0,0 44353,4 
BREZOVICA 22481,0 338073,8 78190,9 117115,8 735,1 638,6 12205,4 482,4 122,1 76,3 14,6 9,7 103,0 491,8 40767,2 
POSTOJNA 3970,1 49258,4 3935,9 15339,2 18581,8 19237,8 17099,3 2599,1 3703,1 4034,1 2379,8 401961,5 5981,8 13291,0 40098,1 
ŽIROVNICA 43726,3 85441,4 61726,5 43128,4 59082,7 94524,1 103101,6 47391,3 5385,3 161,2 392,1 645,3 351,9 110,6 38940,6 
LENDAVA 78836,0 132699,8 96551,4 49769,5 42174,1 53481,9 44183,6 17535,4 2277,0 1142,1 291,8 428,6 231,8 241,8 37131,8 
TRZIN 119240,0 162299,9 74803,8 38448,9 38161,0 26891,2 10339,6 17835,8 6924,7 6709,8 3692,2 1296,6 5343,6 215,0 36585,9 
MARKOVCI 43649,0 306606,6 23524,3 19542,0 47675,1 41314,9 19207,4 6262,7 3087,2 697,7 87,0 25,4 9,7 0,0 36549,2 
TREBNJE 198979,3 178243,8 46916,0 25786,7 22203,4 17066,3 7269,3 2786,7 2005,3 1028,1 605,0 76,4 1301,5 30,9 36021,3 
KRANJSKA 
GORA 105344,0 72481,2 83643,9 83791,2 33703,7 47420,6 38578,4 17867,7 7125,4 2324,1 2394,8 1128,6 2769,8 1959,0 35752,3 
ILIRSKA 
BISTRICA 103961,0 216984,9 96576,0 5196,6 37723,6 2375,5 3670,4 2199,5 742,8 369,2 187,1 296,8 352,3 246,9 33634,5 

STARŠE 33075,0 80083,0 90191,0 60814,1 63319,9 57172,1 39839,0 26442,3 1809,7 488,7 50,1 12,1 4,4 0,0 32378,7 
RAČE-FRAM 98833,0 93661,0 56833,2 38054,0 20262,3 27373,7 48570,3 11802,5 13063,0 3007,6 5122,5 6915,9 9228,7 2741,5 31104,9 
TRŽIČ 7779,0 10771,1 28066,8 32632,1 65158,3 101891,5 109542,7 45651,5 21136,2 7084,0 5393,7 -148,7 0,0 -4057,3 30778,6 
MURSKA 
SOBOTA 106523,4 77295,4 17650,3 24510,6 138267,8 26831,0 4723,4 1548,4 2327,0 3073,8 5279,2 1589,6 1067,0 70,3 29339,8 
SEŽANA 113221,0 144056,1 22734,5 36632,7 6210,1 6834,7 10340,5 2170,3 2793,4 1589,9 6564,1 16519,7 19139,2 774,6 27827,2 
DOBREPOLJE 46558,1 62614,3 52506,3 39168,3 35632,7 59909,2 57275,1 8481,7 10818,9 273,7 241,3 373,3 0,0 0,0 26703,8 
GROSUPLJE 99219,0 73528,9 45936,0 27905,0 58345,3 39795,0 13296,8 13224,4 1,8 0,0 0,0 0,0 0,0 0,0 26518,0 
ORMOŽ 94568,4 89963,1 54951,6 47925,8 13965,5 16707,8 13578,6 3633,1 5523,7 10282,8 9854,5 7695,9 852,7 1207,4 26479,3 
VELENJE 61810,4 50708,9 59394,6 12088,9 16601,3 26292,0 66495,2 25719,0 9507,6 3700,1 4076,5 5665,0 6402,6 5572,5 25288,2 
AJDOVŠČINA 51011,7 44099,1 36159,3 11533,8 17909,3 57578,2 105915,1 20310,0 3001,1 470,4 256,8 296,5 190,1 122,3 24918,1 
MIKLAVŽ NA 
DRAVSKEM 
POLJU 38959,5 73781,0 57451,4 39361,6 42918,3 29155,6 33859,8 21920,9 2014,6 239,5 130,6 18,0 4,9 0,0 24272,5 
PODVELKA 40153,0 56507,5 50510,5 43693,9 24147,1 32092,2 45794,6 26372,3 14829,3 1495,3 210,0 181,5 212,4 234,5 24031,0 
SLOVENSKA 
BISTRICA 15836,7 62299,9 30275,0 9849,7 7050,5 66417,7 124060,1 11801,7 1298,2 519,1 167,5 74,3 47,6 16,8 23551,1 
TOLMIN 65884,0 74624,0 6072,5 21497,8 27413,6 54273,6 53474,5 20165,3 685,9 2044,7 669,9 187,4 129,3 2465,6 23542,0 
IDRIJA 52014,0 184341,0 4380,8 36087,1 8792,0 23842,9 4741,4 1606,4 9659,3 404,5 426,4 0,0 166,4 343,0 23343,2 
NOVO MESTO 27406,0 75330,1 25355,5 29223,0 37891,1 5061,3 5240,2 468,3 2654,5 100909,9 5146,5 1697,7 5479,8 3148,5 23215,2 
HORJUL 4260,0 16304,4 21556,4 32948,1 36471,4 62643,3 54993,7 29324,3 28963,4 11952,9 11710,4 3388,8 3737,9 1831,3 22863,3 
SLOVENJ 
GRADEC 114249,5 128802,2 16708,8 10193,4 5300,6 11455,8 3551,5 2220,8 2767,3 9707,3 2097,2 259,8 11491,2 578,0 22813,1 
ZAGORJE OB 
SAVI 19468,0 21475,3 23246,3 34783,4 46672,0 38965,3 67922,3 35165,3 13280,8 4848,7 4989,3 2463,9 2241,9 2087,4 22686,4 
CELJE 97099,0 70472,0 28757,0 13194,0 7683,5 7674,4 12318,7 16310,5 34770,5 591,3 1,7 0,0 14,9 0,0 20634,8 
BELTINCI 13121,0 28631,0 114218,9 64487,3 62278,7 5511,2 0,0 -57,2 0,0 0,0 0,0 0,0 0,0 0,0 20585,1 
PESNICA 44643,4 75465,9 63365,7 30066,4 25547,0 19204,2 3124,3 2538,7 1643,4 226,0 123,6 167,1 103,6 129,0 19024,9 
ŽALEC 59673,3 16282,5 3852,5 4224,3 32323,5 11451,7 36327,8 17509,5 70238,6 13462,8 50,6 0,0 0,0 0,0 18956,9 
MEDVODE 41796,0 47125,6 24709,4 42446,5 23910,8 27636,3 23128,5 8256,5 3987,8 0,0 5127,4 0,0 453,2 32,7 17757,9 
ŠENČUR 18412,9 4068,7 1253,8 1312,7 66935,2 61491,8 54518,0 25670,2 8736,2 1217,3 705,0 372,2 7,1 0,0 17478,7 
MORAVČE 43779,0 69537,0 26776,0 20980,0 23177,0 27749,3 19177,6 7772,7 967,3 120,4 48,8 78,2 93,1 68,4 17166,0 
STRAŽA 11230,7 65204,0 68793,9 31200,8 25608,5 34380,2 2189,5 647,3 13,4 0,0 0,0 0,0 0,0 0,0 17090,6 
BREŽICE 46938,0 37402,5 17373,6 22642,0 21306,4 11967,4 24837,2 23754,4 5462,7 5902,5 7010,6 253,8 169,6 0,0 16072,9 
ŽELEZNIKI 38353,5 48849,4 18708,6 16188,2 30316,5 24790,5 14690,3 9981,0 4550,6 11579,5 1135,6 3665,6 1418,1 557,9 16056,1 
VIPAVA 44001,0 26907,6 9230,4 25157,7 40826,0 44607,6 20241,7 3069,5 1448,9 1000,6 885,9 964,0 1249,9 1945,2 15824,0 
IZOLA 60054,2 32569,0 18200,0 6939,0 10616,0 13919,4 22049,2 12083,1 4584,7 7813,7 7905,7 8552,4 5513,5 3385,7 15299,0 

MENGEŠ 21888,6 72756,7 42108,5 19823,8 5229,1 4634,9 8742,0 28282,5 3264,8 462,1 339,7 1274,1 2024,1 117,2 15067,7 
GORENJA VAS-
POLJANE 48615,0 58190,6 32894,4 9123,3 14906,2 23477,6 12101,6 4990,0 2790,7 1154,5 314,2 164,6 132,1 5,6 14918,6 
KRIŽEVCI 33025,0 41910,8 28415,3 15483,6 35974,2 23437,4 21806,6 1513,0 2092,1 410,2 405,6 356,8 706,4 407,2 14710,3 
RADOVLJICA 60332,0 32651,5 22520,4 9523,2 15304,2 11350,7 18865,6 9998,3 3269,4 1411,6 877,5 7935,6 4317,2 1570,2 14280,5 
SEVNICA 76166,8 81511,1 13051,2 2910,6 638,4 1072,3 6570,1 11905,9 1933,8 300,9 147,6 0,0 0,0 0,0 14014,9 
ŠOŠTANJ 47825,0 74579,6 29373,2 3385,4 3049,7 6513,7 20433,5 3405,6 1101,9 1103,1 302,0 877,3 230,2 221,4 13743,0 
DOBROVA-
POLHOV 
GRADEC 2896,4 21889,9 93817,0 33657,9 4392,1 3824,1 16777,0 2616,0 0,6 11527,0 62,0 51,1 0,0 0,0 13679,4 
HOČE-SLIVNICA 52057,0 72742,0 15901,0 2210,0 30536,0 6808,1 913,0 3224,7 1416,0 447,4 430,0 163,2 43,1 0,0 13349,4 
HRASTNIK 34329,6 41424,9 18438,5 16397,4 13447,9 38829,6 12444,3 2836,4 364,4 0,7 11,7 14,4 5,2 0,0 12753,2 
LITIJA 91427,2 30088,3 2731,7 1172,6 1349,1 25278,2 6503,0 3694,7 623,9 0,0 158,7 371,2 0,0 27,8 11673,3 
LAŠKO 29062,0 15474,5 5399,3 7250,0 5464,8 7178,2 34875,7 29560,0 7369,4 5889,8 3396,0 4221,1 3557,8 3359,9 11575,6 
BLED 20148,0 29702,3 21138,0 24061,0 31996,3 18876,2 4133,7 3635,7 1615,5 496,0 139,1 0,0 0,0 0,0 11138,7 
ŠMARTNO PRI 
LITIJI 45213,5 29693,2 7342,1 3498,4 5920,4 40709,9 16849,4 2754,8 369,7 146,7 11,2 0,0 0,0 0,0 10893,5 
ŠEMPETER-
VRTOJBA 40664,0 25314,0 11269,9 15919,0 28479,5 2010,3 5873,4 4184,1 6254,7 2005,8 1747,7 2756,1 5485,2 319,0 10877,3 
KOČEVJE 24955,8 11227,7 48043,7 20288,4 17235,5 12364,1 6565,3 5625,3 2377,4 610,6 6,3 1299,5 772,1 504,7 10848,3 
MIRNA PEČ 30859,5 54700,3 22170,0 13600,5 17335,3 10075,7 1961,4 919,0 23,8 3,2 3,6 6,0 0,0 0,0 10832,7 
LOGATEC 20889,8 23730,6 20590,3 7227,9 2275,8 25264,1 47708,3 1585,3 1998,5 0,0 0,0 0,0 0,0 0,0 10805,1 
MISLINJA 20250,0 21318,0 14448,0 11262,0 21666,0 34163,4 25043,6 1372,5 2,1 0,0 0,0 0,0 0,0 0,0 10680,4 
METLIKA 19838,5 23301,7 32758,5 12575,7 2671,9 9538,0 21706,3 7138,1 1784,4 608,0 407,3 277,3 471,0 402,7 9534,2 
KIDRIČEVO 30446,0 36683,6 5117,2 7172,9 11949,8 40453,1 952,4 88,0 0,0 0,0 0,0 0,0 0,0 0,0 9490,2 
RENČE-
VOGRSKO 19656,0 67490,6 17359,2 2486,0 1629,0 8252,6 4280,5 2632,9 271,2 3892,2 38,8 10,4 19,5 15,5 9145,3 
ŽUŽEMBERK 43887,0 18686,0 31172,3 14757,3 11242,8 388,2 112,4 3616,2 1262,6 1615,0 133,8 20,7 0,0 0,0 9063,9 
SVETI JURIJ 25312,0 45214,4 23925,4 5457,2 13991,2 1233,3 5296,4 3839,0 807,2 185,8 13,7 0,0 0,0 0,0 8948,2 
ŠENTJERNEJ 42172,0 25217,2 5172,4 12051,6 2688,5 1065,3 2396,3 1031,2 231,3 690,4 289,1 162,7 31702,6 4,1 8919,6 
ŠKOFJA LOKA 26832,2 30608,8 6286,0 2945,9 2952,7 20593,3 22181,0 3272,5 1491,8 576,3 193,4 275,1 395,8 161,3 8483,3 
CERKNICA 81941,0 3075,5 545,3 230,1 2421,6 12186,3 5768,1 4264,2 4521,3 478,7 298,8 145,0 0,0 241,3 8294,1 
ŠMARJEŠKE 
TOPLICE 8433,6 25899,4 21462,4 11547,0 5272,9 15235,3 15665,2 7022,9 1506,0 611,8 596,8 513,0 683,3 1057,9 8250,5 
ŠMARJE PRI 
JELŠAH 51573,9 18943,2 8014,0 12801,1 3258,9 13271,2 4980,6 655,1 47,3 55,4 0,0 33,4 19,1 28,2 8120,1 
ROGAŠKA 
SLATINA 24705,0 24444,0 9441,0 11375,0 465,0 7423,8 24699,4 7727,5 353,8 171,1 0,0 0,0 0,0 45,3 7917,9 
KANAL 21977,0 31228,0 19228,5 8650,6 15076,5 3736,7 12180,2 544,3 -17,9 -2518,5 66,8 72,6 27,8 47,8 7878,6 

ROGAŠOVCI 11386,1 40233,0 22489,5 14237,8 15908,0 5161,0 227,9 15,1 0,0 0,0 0,0 0,0 0,0 0,0 7832,7 
PREDDVOR 5741,4 34217,3 13832,4 6913,5 12017,4 13574,0 13167,6 5294,6 2041,4 439,8 130,1 0,0 0,0 0,0 7669,2 
NAKLO 9705,0 8980,2 8358,3 3079,8 17629,1 15510,8 39406,1 1688,4 93,7 2557,5 30,7 29,2 0,0 0,0 7647,8 
CERKNO 9334,0 45990,0 8701,3 2370,9 5397,0 8423,3 9152,9 3581,2 547,4 2255,9 3161,5 93,8 398,5 7439,2 7631,9 
ŠKOCJAN 45556,0 4712,3 16449,4 4823,8 15366,4 7179,9 7388,0 907,0 10,0 0,0 0,0 2,3 33,0 3974,5 7600,2 
MAJŠPERK 29552,7 34221,8 14509,5 11618,4 8233,6 5026,5 774,1 1533,4 0,0 0,0 7,8 0,0 0,0 5,8 7534,5 
MORAVSKE 
TOPLICE 8402,6 34195,4 6537,8 6465,4 4043,7 24056,5 15482,1 3636,4 59,9 29,9 619,3 27,8 0,0 168,0 7408,9 
LOG-
DRAGOMER 10938,0 45524,6 22107,2 10333,1 2678,4 3676,3 7439,0 598,0 347,9 0,0 0,0 2,6 0,0 0,0 7403,2 
LUKOVICA 52351,4 12747,5 6843,1 7472,3 10000,3 8526,7 2563,6 791,4 70,6 1,2 0,0 0,0 0,0 0,0 7240,6 
SELNICA OB 
DRAVI 19925,0 22595,0 13679,0 5608,2 5450,3 20161,2 10805,8 1193,6 0,0 0,0 0,0 0,0 0,0 0,0 7101,3 
APAČE 8219,3 11762,9 6188,2 9872,6 12776,4 26304,1 12774,3 3608,9 1379,6 370,9 99,8 75,3 95,9 69,8 6685,6 
VELIKE LAŠČE 9477,9 38926,5 4849,8 2119,3 6625,5 16626,7 10562,6 3381,5 101,1 0,0 0,0 0,0 0,0 0,0 6619,3 
BOVEC 31911,0 42108,5 2231,9 625,5 1787,6 4241,5 6144,4 712,6 464,7 21,0 129,9 0,0 4,4 0,0 6455,9 
DOBJE 41708,0 21384,1 1038,8 6818,3 2522,2 7457,0 5980,9 688,6 84,1 662,1 0,0 72,4 36,4 3,4 6318,3 
TURNIŠČE 5755,6 26622,3 10764,0 27042,7 817,3 2627,6 2912,3 73,7 3649,9 0,0 0,0 0,0 0,0 0,0 5733,2 
DESTRNIK 11623,0 43321,3 14827,5 329,2 539,8 331,8 1685,5 2610,7 345,0 0,0 0,0 0,0 0,0 2248,1 5561,6 
JEZERSKO 8097,4 4356,5 8655,6 9301,4 9551,1 11230,3 19504,9 4293,1 750,6 0,0 0,0 0,0 0,0 0,0 5410,1 
BLOKE 5627,0 5380,0 6885,5 5018,2 11356,0 24565,2 11589,1 3081,0 1698,9 0,0 0,0 0,0 0,0 0,0 5371,5 
BOHINJ 43997,0 11658,5 2381,1 1058,7 2608,3 987,3 5432,8 3869,8 836,2 809,9 586,2 499,4 195,2 75,0 5356,8 
HRPELJE-
KOZINA 23698,0 36787,6 2361,7 4660,5 861,2 716,3 1065,4 1012,7 389,9 152,7 88,0 1,2 0,0 78,6 5133,8 
ČRNOMELJ 1223,3 17689,3 24522,3 5059,8 3285,5 4155,5 1636,7 8708,8 3501,2 193,8 140,6 32,7 1,4 1,7 5010,9 
KOSTANJEVICA 
NA KRKI 9936,1 4363,1 16211,0 9915,1 9849,6 5869,0 3664,9 5851,7 2873,7 952,9 161,8 163,3 187,1 19,5 5001,3 
KOMENDA 1890,0 3748,7 35638,0 6909,7 950,7 1793,6 3064,5 903,8 3502,1 1682,7 1588,8 1931,6 1112,8 5097,2 4986,7 
ŠENTJUR 11270,0 22680,0 13226,0 12704,7 1430,2 1826,1 1787,0 1173,6 1255,2 387,3 2,7 11,3 0,1 0,0 4839,6 
DIVAČA 28559,0 28037,2 5158,9 1434,9 1063,8 754,5 660,4 679,7 176,2 284,3 49,2 47,3 49,4 37,9 4785,2 
DOL PRI 
LJUBLJANI 19176,7 40012,4 3029,0 40,0 92,7 3077,3 0,0 0,0 0,0 0,0 0,0 0,0 0,0 0,0 4673,4 
GORNJA 
RADGONA 19924,0 34558,2 5265,0 870,1 838,6 896,4 971,3 511,1 310,0 96,6 83,0 96,3 159,5 220,2 4628,6 
PIVKA 1581,4 1009,0 803,2 1299,1 390,4 233,5 297,0 1611,8 37358,5 4172,7 9831,7 864,0 1502,7 1700,5 4475,4 
PREBOLD 11183,7 5924,0 13028,8 1160,7 629,0 18362,7 11118,1 706,3 0,4 175,7 0,7 0,0 0,0 0,0 4449,3 
DOBRNA 5017,0 9840,4 2428,6 8050,4 13981,2 2824,6 17310,8 454,0 1101,2 321,2 0,0 0,0 0,0 0,0 4380,7 
LJUTOMER 17684,0 16168,5 14235,2 3324,0 2009,2 2161,4 3894,6 768,2 461,3 0,6 0,0 0,0 0,0 0,0 4336,2 

LUČE 11306,0 19942,5 17786,8 1435,1 2188,4 3376,5 3640,5 682,0 1,2 0,0 0,0 0,0 0,0 0,0 4311,4 
POLZELA 7700,6 18109,2 17626,6 2655,9 8211,2 1997,1 3109,4 334,4 0,0 0,0 0,0 74,7 82,2 103,3 4286,0 
RAVNE NA 
KOROŠKEM 21809,0 18831,4 2746,4 963,7 1373,5 2539,1 2225,0 808,9 5,0 1050,0 0,0 0,0 0,0 0,0 3739,4 
ROGATEC 9662,0 24926,8 8757,0 2726,6 2461,6 725,6 519,5 1255,9 423,1 147,8 174,0 169,5 87,8 56,9 3721,0 
SLOVENSKE 
KONJICE 16269,9 13825,5 4860,7 1415,4 1511,3 4913,8 6506,0 1497,9 498,7 383,6 0,0 0,0 0,0 0,0 3691,6 
BRASLOVČE 10304,0 7600,3 4364,6 2156,5 3075,1 16880,1 4932,4 101,6 2090,3 0,0 0,0 0,0 0,0 0,0 3678,9 
BRDA 22494,0 22082,0 2759,1 425,5 438,4 341,9 1357,5 189,1 482,0 0,0 0,0 0,0 0,0 0,0 3612,1 
GORJE 7053,6 15931,3 12151,8 5400,2 1994,4 1279,3 3274,6 526,3 317,3 240,9 136,8 10,6 7,0 1,1 3451,8 
MIREN-
KOSTANJEVICA 10049,0 21648,6 8132,3 759,8 1882,2 936,0 3489,4 1107,7 18,1 0,0 0,0 0,0 0,0 12,6 3431,1 
LOVRENC NA 
POHORJU 7990,7 14218,3 5603,3 2267,2 5546,9 4505,3 5283,9 2021,9 226,2 26,6 4,4 0,0 6,6 21,7 3408,8 
POLJČANE 8981,0 26652,0 5822,9 2649,1 415,6 179,8 912,5 1175,6 20,0 0,0 0,0 0,0 19,2 17,1 3346,1 
RADENCI 7155,0 26694,0 1677,8 946,2 2128,2 5080,1 1615,7 563,0 589,3 209,0 32,1 6,5 0,2 0,0 3335,5 
DOLENJSKE 
TOPLICE 8049,0 18634,9 2109,3 3819,4 10390,4 837,8 63,0 283,5 0,0 0,0 2113,0 0,0 0,0 0,0 3307,2 
TIŠINA 3703,0 10388,2 4861,5 3807,5 8890,1 8452,7 4615,8 478,5 0,0 45,5 56,1 37,6 326,7 0,0 3261,6 
RIBNICA 5968,0 20798,0 5895,7 4352,4 4048,1 1727,0 1330,0 556,9 303,8 141,2 155,7 144,2 0,0 0,0 3244,4 
ZREČE 18291,2 16917,9 3375,3 800,5 1579,6 1170,4 657,0 484,3 324,0 0,0 0,0 0,0 0,0 0,0 3114,3 
DUPLEK 2079,1 23236,9 2450,4 1383,7 569,1 4465,5 6716,6 1834,2 81,0 146,3 10,8 0,0 0,0 0,0 3069,5 
KOBARID 9779,0 12313,0 2158,0 2208,0 5569,0 1837,0 8442,5 88,1 69,2 0,0 0,0 0,0 9,5 19,7 3035,2 
LENART 12736,2 6171,1 2788,3 1118,9 10630,4 5784,6 1289,1 1715,6 33,8 84,3 60,1 13,8 0,1 0,0 3030,4 
LOŠKA DOLINA 10643,5 1344,1 1318,7 7098,3 4680,1 5525,2 6801,7 3376,3 202,1 58,2 65,3 52,4 10,4 0,0 2941,2 
VUZENICA 4138,6 3060,5 1282,8 329,9 363,7 141,5 8,2 1,5 7139,0 6811,2 4840,4 5002,4 3645,9 3016,6 2841,6 
SREDIŠČE OB 
DRAVI 6454,0 21365,4 1293,5 3963,9 303,1 384,6 2931,0 1733,5 245,7 26,3 94,3 58,8 13,5 15,2 2777,3 
TRNOVSKA VAS 8074,6 14665,2 8264,9 2843,6 1725,2 619,3 221,8 245,6 843,6 123,6 3,7 2,5 1,2 0,0 2688,2 
VIDEM 16530,0 14959,0 1267,0 461,0 1547,6 1912,9 91,0 100,7 0,0 0,0 0,0 0,0 0,0 0,0 2633,5 
DRAVOGRAD 12072,4 10906,2 9160,6 1192,9 1845,5 765,9 73,7 2,1 1,9 0,0 0,0 0,0 0,0 0,0 2572,9 
LJUBNO 9654,0 8951,0 3028,0 5990,4 4430,6 3398,1 232,2 0,8 1,4 44,3 29,2 0,0 0,0 0,0 2554,3 
CERKVENJAK 9217,0 16772,5 5287,3 3099,5 448,3 87,9 4,2 15,2 0,0 0,0 0,0 0,0 0,0 0,0 2495,1 
BOROVNICA 2840,6 12562,8 12000,6 5340,2 1245,7 199,0 270,8 67,8 210,5 7,2 4,2 30,6 10,0 0,0 2485,0 
RIBNICA NA 
POHORJU 4570,7 12087,5 11454,9 984,5 1140,4 2465,6 1757,2 2,2 0,0 61,0 0,0 0,0 0,0 0,0 2466,0 
PREVALJE 8098,0 6133,1 3896,8 748,0 351,3 6283,8 7279,8 0,4 0,0 0,0 0,0 0,0 0,0 0,0 2342,2 
MUTA 3509,0 17023,6 1747,7 343,8 905,9 1591,3 2483,1 1022,8 649,1 433,5 350,3 890,7 452,3 777,9 2298,6 

SVETA ANA 12527,0 4911,6 5893,9 3087,3 923,9 698,3 2660,0 51,2 0,0 0,0 0,0 0,0 0,0 0,0 2196,7 
RADLJE OB 
DRAVI 10572,0 17487,0 897,2 333,3 332,2 98,9 0,0 2,2 0,0 0,0 0,0 20,3 0,0 367,5 2150,8 
SEMIČ 3682,6 22795,0 1811,5 796,6 706,0 97,0 0,0 3,1 11,0 14,6 38,9 34,5 9,7 0,0 2142,9 
HAJDINA 4485,0 6807,5 1718,0 491,5 8538,7 6405,2 947,8 144,5 0,0 0,0 0,0 0,0 0,0 0,0 2109,9 
PODČETRTEK 3033,0 12900,0 4378,0 54,0 8776,0 161,8 40,1 9,7 0,0 0,0 0,0 0,0 0,0 0,0 2096,6 
KOZJE 5051,0 9218,7 6571,3 1091,6 820,8 1696,0 3792,7 879,9 10,7 136,1 0,0 0,0 0,0 0,0 2090,6 
SV. ANDRAŽ V 
SLOVENSKIH 
GORICAH 1936,8 1973,1 4292,7 719,1 531,6 3616,5 9023,2 3353,9 505,7 288,0 222,1 1742,8 54,8 0,0 2018,6 
CIRKULANE 9018,7 16297,7 154,3 242,3 1799,8 78,4 2824,5 0,0 0,0 0,0 0,0 0,0 24,2 -2281,6 2011,3 
SV. TROJICA V 
SLOVENSKIH 
GORICAH 4404,0 15715,5 1468,7 454,6 642,2 714,3 306,2 320,6 108,2 60,9 2176,4 0,0 1603,2 0,0 1998,2 
SV. JURIJ V 
SLOVENSKIH 
GORICAH 4171,0 15498,5 3600,5 2102,9 733,9 131,0 45,1 397,9 0,0 0,0 0,0 0,0 0,0 0,0 1905,8 
PUCONCI 6577,9 11443,2 5618,3 1030,0 693,5 430,9 247,1 194,5 0,0 0,0 0,0 0,0 0,0 0,0 1874,0 
GORIŠNICA 2695,4 12057,5 2800,4 105,9 5922,5 1502,2 0,0 3,4 0,0 0,0 0,0 0,0 0,0 0,0 1791,9 
MOKRONOG-
TREBELNO 1869,7 14631,0 2560,5 291,9 601,6 192,0 1156,6 2398,5 438,3 124,8 58,2 0,0 14,6 46,1 1741,7 
VODICE 6228,6 3547,7 2207,8 2201,9 5445,1 2147,2 966,4 731,0 0,0 215,5 185,6 272,5 163,5 14,5 1737,7 
ZAVRČ 671,3 10569,9 4319,9 1745,7 472,3 2572,3 1791,9 1460,1 7,9 0,0 0,0 0,0 0,0 0,0 1686,5 
RUŠE 8108,0 3459,1 3176,0 36,2 461,6 2042,7 4462,6 1236,5 0,0 0,0 0,0 0,0 2,6 41,0 1644,7 
ČRENŠOVCI 9291,0 7130,9 2041,2 561,1 1103,9 407,2 519,3 0,5 1,8 0,0 0,0 10,3 0,0 0,0 1504,8 
KUNGOTA 4157,1 8460,8 3422,3 592,3 802,7 265,1 269,1 0,7 0,0 0,0 43,9 0,0 15,4 0,0 1287,8 
VOJNIK 4265,0 3616,7 2972,5 948,4 1519,2 629,1 2266,6 218,4 29,4 532,3 129,5 97,1 232,7 346,1 1271,6 
ŠENTILJ 2600,6 8102,8 1831,3 2329,0 392,6 318,2 185,6 0,7 395,3 6,0 0,0 0,0 0,0 0,0 1154,4 
ODRANCI 2606,0 4526,3 2530,7 351,5 552,2 1088,4 4234,3 1,5 0,4 0,0 0,0 0,0 0,0 0,0 1135,1 
KOMEN 2757,0 2670,1 894,8 653,1 2669,6 1784,4 3254,2 758,4 47,4 182,1 25,3 0,0 0,0 0,0 1121,2 
BISTRICA OB 
SOTLI 2921,1 2611,6 918,3 188,6 1220,3 4993,7 2533,5 110,4 2,5 0,0 0,0 0,0 0,0 0,0 1107,1 
JURŠINCI 3208,4 3005,8 2974,7 2749,3 187,5 79,3 1108,5 1477,2 52,4 68,7 22,0 3,0 0,0 0,0 1066,9 
MEŽICA 923,0 6328,6 3012,4 75,0 387,0 3571,4 479,1 0,6 0,0 0,0 0,0 0,0 0,0 0,0 1055,5 
NAZARJE 3268,3 4867,2 959,0 1127,8 228,0 152,7 152,7 167,1 1514,4 1266,4 191,4 83,2 69,7 186,4 1016,7 
SVETI TOMAŽ 2832,0 6032,3 1864,3 570,6 394,4 568,6 167,4 239,2 0,0 0,0 0,0 0,0 0,0 0,0 904,9 
ŠENTRUPERT 332,0 2014,1 4972,6 877,4 212,1 60,8 70,0 68,3 13,7 3143,2 0,0 691,7 0,0 0,0 889,7 
GRAD 465,3 3620,6 4510,0 809,4 598,8 938,9 0,0 0,3 0,0 0,0 0,0 0,0 0,0 0,0 781,7 

ŽIRI 946,0 1136,0 3919,8 2448,2 1221,6 290,3 110,8 260,2 13,4 38,9 31,9 36,1 38,8 1,7 749,5 
OPLOTNICA 1651,0 3555,5 3182,8 303,9 701,5 973,2 29,4 0,1 0,0 0,0 0,0 0,0 0,0 0,0 742,7 
MAKOLE 3013,0 4460,3 869,6 296,5 466,2 134,9 710,8 0,4 0,4 0,0 0,0 0,0 0,0 0,0 710,9 
LOŠKI POTOK 2733,0 3869,4 1528,8 348,1 706,4 205,6 0,0 242,4 87,5 0,0 0,0 0,0 0,0 0,0 694,4 
DORNAVA 5798,7 1962,6 609,6 225,3 235,0 46,3 4,1 1,3 1,6 0,0 0,0 0,0 0,0 0,0 634,6 
KUZMA 2397,0 4541,3 1140,8 164,1 51,4 29,6 3,7 65,0 6,8 1,7 0,3 1,1 0,0 0,0 600,2 
DOBROVNIK 2030,0 3072,9 1476,1 100,5 1330,7 76,9 33,6 148,5 1,8 0,0 0,0 0,0 0,0 0,0 590,8 
VITANJE 2325,9 4093,4 652,2 169,0 216,5 225,2 8,1 236,0 70,6 104,9 26,6 14,3 20,4 34,6 585,5 
MOZIRJE 3228,0 1926,5 881,4 606,6 426,5 563,5 83,5 16,5 0,0 0,0 0,0 0,0 0,0 0,0 552,3 
ČRNA NA 
KOROŠKEM 3288,0 2448,0 1187,0 29,0 246,0 97,5 8,3 0,5 0,0 0,0 0,0 0,0 0,0 0,0 521,7 
SODRAŽICA 491,3 4781,4 948,7 119,5 578,0 275,1 0,0 0,7 0,0 0,0 0,0 0,0 0,0 0,0 513,9 
GORNJI GRAD 111,4 332,1 901,9 2866,8 1179,8 1309,7 14,5 5,8 0,8 0,0 0,0 0,0 0,0 0,0 480,2 
VELIKA POLANA 725,2 1791,3 887,1 682,8 2047,8 588,1 0,0 0,8 0,0 0,0 0,0 0,0 0,0 0,0 480,2 
RAZKRIŽJE 1040,5 4648,9 310,6 11,4 153,5 174,1 204,5 64,6 20,9 0,0 0,0 0,0 0,0 0,0 473,5 
OSILNICA 611,0 1863,0 1368,8 1546,5 66,2 25,4 0,0 0,0 0,0 0,0 0,0 0,0 0,0 0,0 391,5 
CANKOVA 3582,0 481,8 104,4 37,0 83,5 60,5 1098,9 8,8 1,0 0,5 0,5 0,5 0,5 0,5 390,0 
ŠTORE 1266,0 1994,0 1261,1 183,8 185,2 58,1 15,8 14,9 0,0 0,0 0,0 0,0 0,0 0,0 355,6 
MIRNA     87,5 1355,3 1060,9 938,9 13,5 1,6 8,1 10,1 6,7 6,2 348,9 
ŠMARTNO OB 
PAKI 293,0 1033,0 466,2 2369,0 50,7 291,0 5,5 0,8 0,8 22,4 0,0 0,0 0,0 0,0 323,7 
VRANSKO 2395,6 779,0 515,4 242,0 162,7 90,6 11,5 4,5 0,0 2,0 0,0 0,0 0,0 0,0 300,2 
KOBILJE 1431,0 2007,6 547,7 70,2 104,7 24,1 5,3 2,0 0,1 0,0 0,0 0,0 0,0 0,0 299,5 
RADEČE 1686,0 647,0 306,0 273,0 80,0 209,2 47,0 71,4 260,0 141,2 0,0 0,0 0,0 0,0 265,8 
VERŽEJ 1068,7 1264,7 399,0 104,5 399,4 96,2 26,1 126,2 5,0 0,0 0,0 0,0 61,2 122,2 262,4 
REČICA OB 
SAVINJI 82,0 899,4 1111,9 344,0 251,7 81,1 0,0 0,1 0,1 0,0 0,0 0,0 0,0 0,0 197,9 
BENEDIKT 815,0 1809,0 52,5 7,8 29,6 4,8 1,1 1,4 0,0 0,0 0,0 0,0 0,0 8,6 195,0 
PODLEHNIK 388,0 316,7 622,5 335,3 169,0 59,6 0,0 494,1 147,8 0,0 0,0 0,0 0,0 0,0 180,9 
GORNJI 
PETROVCI 160,7 685,9 851,7 681,8 55,3 21,4 7,2 0,0 2,7 0,0 0,0 0,0 0,0 0,0 176,2 
TABOR 1847,2 64,3 18,6 17,1 32,9 26,9 0,0 37,7 9,9 44,0 0,9 6,9 0,1 0,0 150,5 
HODOŠ 283,0 1062,7 561,6 18,7 134,2 39,4 0,0 0,1 0,0 0,0 0,0 0,0 0,0 0,0 150,0 
SOLČAVA 551,0 827,0 272,6 196,8 122,6 32,2 0,0 0,2 0,0 0,0 0,0 0,0 0,0 0,0 143,0 
ŽETALE 423,0 723,2 113,9 65,1 377,3 41,6 0,0 0,0 0,0 0,0 0,0 0,0 0,0 0,0 124,6 
ŠALOVCI 390,0 547,1 240,5 113,8 79,6 60,8 0,0 0,7 0,0 0,0 0,0 0,0 0,0 0,0 102,3 
KOSTEL 127,0 137,9 96,0 51,0 99,0 43,4 5,8 0,1 0,2 0,0 0,0 0,0 0,0 0,0 40,0 

ANKARAN         0,0 84,2 0,0 0,0 0,0 0,0 14,0 
 
Tabela 4: Prihodek iz naslova Prihodki od obresti (urejeno padajoče glede na povprečje 2007-2020) na prebivalca (v EUR) 
OBČINA 2007 2008 2009 2010 2011 2012 2013 2014 2015 2016 2017 2018 2019 2020 x̄ 
KRŠKO 4,5 12,4 12,9 0,4 0,5 0,4 0,5 0,5 0,2 0,2 37,7 0,8 162,2 0,7 16,7 
CERKLJE NA 
GORENJSKEM 12,0 19,8 23,8 15,5 10,0 14,0 7,5 6,5 0,4 0,0 9,4 7,7 8,1 6,5 10,1 
PODVELKA 16,6 23,4 20,9 18,1 10,0 13,3 19,0 10,9 6,1 0,6 0,1 0,1 0,1 0,1 10,0 
TRZIN 31,2 42,5 19,6 10,1 10,0 7,0 2,7 4,7 1,8 1,8 1,0 0,3 1,4 0,1 9,6 
MARKOVCI 10,7 75,1 5,8 4,8 11,7 10,1 4,7 1,5 0,8 0,2 0,0 0,0 0,0 0,0 9,0 
PIRAN 31,6 38,0 18,5 7,1 5,3 7,5 9,8 1,7 0,6 0,5 0,4 0,2 0,2 0,2 8,7 
ŽIROVNICA 9,6 18,8 13,6 9,5 13,0 20,8 22,7 10,4 1,2 0,0 0,1 0,1 0,1 0,0 8,6 
JEZERSKO 12,6 6,8 13,5 14,5 14,9 17,5 30,3 6,7 1,2 0,0 0,0 0,0 0,0 0,0 8,4 
KOPER 27,6 15,2 8,1 14,0 2,3 3,3 4,9 9,9 1,0 0,5 0,9 0,4 4,2 23,1 8,2 
STARŠE 8,0 19,5 21,9 14,8 15,4 13,9 9,7 6,4 0,4 0,1 0,0 0,0 0,0 0,0 7,9 
HORJUL 1,5 5,6 7,4 11,3 12,5 21,4 18,8 10,0 9,9 4,1 4,0 1,2 1,3 0,6 7,8 
IG 8,0 36,7 21,5 7,3 8,6 12,6 8,9 3,6 1,3 0,2 0,5 0,2 0,0 0,0 7,8 
DOBREPOLJE 12,3 16,6 13,9 10,4 9,4 15,8 15,1 2,2 2,9 0,1 0,1 0,1 0,0 0,0 7,1 
KRANJSKA 
GORA 20,2 13,9 16,1 16,1 6,5 9,1 7,4 3,4 1,4 0,4 0,5 0,2 0,5 0,4 6,9 
DOBJE 41,1 21,1 1,0 6,7 2,5 7,4 5,9 0,7 0,1 0,7 0,0 0,1 0,0 0,0 6,2 
ŠKOFLJICA 12,8 13,3 10,1 6,6 9,3 9,5 8,0 3,7 1,3 0,1 0,0 0,0 0,0 0,0 5,3 
STRAŽA 2,9 16,6 17,5 8,0 6,5 8,8 0,6 0,2 0,0 0,0 0,0 0,0 0,0 0,0 4,4 
KRIŽEVCI 9,6 12,2 8,3 4,5 10,5 6,8 6,4 0,4 0,6 0,1 0,1 0,1 0,2 0,1 4,3 
DOMŽALE 5,0 11,5 8,6 4,9 6,8 6,2 7,2 4,9 2,4 0,8 0,3 0,2 0,1 0,1 4,2 
RAČE-FRAM 13,0 12,3 7,5 5,0 2,7 3,6 6,4 1,6 1,7 0,4 0,7 0,9 1,2 0,4 4,1 
IVANČNA 
GORICA 11,7 13,1 7,0 4,6 4,3 5,3 3,2 0,6 0,1 0,0 0,0 0,0 0,0 0,0 3,6 
MIKLAVŽ NA 
DRAVSKEM 
POLJU 5,7 10,9 8,5 5,8 6,3 4,3 5,0 3,2 0,3 0,0 0,0 0,0 0,0 0,0 3,6 
LENDAVA 7,5 12,7 9,2 4,8 4,0 5,1 4,2 1,7 0,2 0,1 0,0 0,0 0,0 0,0 3,5 
MIRNA PEČ 10,1 17,9 7,2 4,4 5,7 3,3 0,6 0,3 0,0 0,0 0,0 0,0 0,0 0,0 3,5 
BLOKE 3,5 3,4 4,3 3,2 7,1 15,4 7,3 1,9 1,1 0,0 0,0 0,0 0,0 0,0 3,4 
TRBOVLJE 4,9 7,9 1,4 0,8 1,6 7,0 7,4 4,8 3,6 2,7 2,2 1,7 1,3 0,8 3,4 
BREZOVICA 1,8 27,4 6,3 9,5 0,1 0,1 1,0 0,0 0,0 0,0 0,0 0,0 0,0 0,0 3,3 
MARIBOR 9,6 8,6 0,9 1,0 1,0 3,6 12,4 3,0 0,5 0,3 0,8 0,7 0,8 0,8 3,1 

MORAVČE 8,0 12,7 4,9 3,8 4,2 5,1 3,5 1,4 0,2 0,0 0,0 0,0 0,0 0,0 3,1 
SVETI JURIJ 8,6 15,4 8,1 1,9 4,8 0,4 1,8 1,3 0,3 0,1 0,0 0,0 0,0 0,0 3,0 
JESENICE 6,6 8,2 5,2 5,2 4,8 3,3 5,7 1,2 0,3 0,1 0,1 0,1 0,1 0,1 2,9 
PTUJ 3,3 8,6 11,2 2,2 4,5 2,7 4,2 1,3 0,6 0,5 0,4 0,3 0,2 0,2 2,9 
TREBNJE 15,8 14,2 3,7 2,1 1,8 1,4 0,6 0,2 0,2 0,1 0,0 0,0 0,1 0,0 2,9 
LUČE 7,4 13,1 11,7 0,9 1,4 2,2 2,4 0,4 0,0 0,0 0,0 0,0 0,0 0,0 2,8 
VIPAVA 7,8 4,8 1,6 4,5 7,3 7,9 3,6 0,5 0,3 0,2 0,2 0,2 0,2 0,3 2,8 
PESNICA 6,1 10,3 8,6 4,1 3,5 2,6 0,4 0,3 0,2 0,0 0,0 0,0 0,0 0,0 2,6 
VRHNIKA 6,3 14,1 9,9 1,5 0,9 1,6 1,9 0,2 0,1 0,1 0,0 0,0 0,0 0,0 2,6 
BELTINCI 1,6 3,4 13,7 7,7 7,4 0,7 0,0 0,0 0,0 0,0 0,0 0,0 0,0 0,0 2,5 
ILIRSKA 
BISTRICA 7,8 16,2 7,2 0,4 2,8 0,2 0,3 0,2 0,1 0,0 0,0 0,0 0,0 0,0 2,5 
KRANJ 6,8 6,9 2,8 1,6 1,8 4,8 4,6 2,8 1,2 0,3 0,5 0,5 0,5 0,3 2,5 
POSTOJNA 0,2 3,1 0,2 1,0 1,2 1,2 1,1 0,2 0,2 0,3 0,1 25,1 0,4 0,8 2,5 
ŠMARJEŠKE 
TOPLICE 2,5 7,7 6,4 3,4 1,6 4,5 4,7 2,1 0,4 0,2 0,2 0,2 0,2 0,3 2,5 
ROGAŠOVCI 3,5 12,5 7,0 4,4 5,0 1,6 0,1 0,0 0,0 0,0 0,0 0,0 0,0 0,0 2,4 
MISLINJA 4,3 4,5 3,1 2,4 4,6 7,3 5,3 0,3 0,0 0,0 0,0 0,0 0,0 0,0 2,3 
ŽELEZNIKI 5,6 7,1 2,7 2,4 4,4 3,6 2,1 1,5 0,7 1,7 0,2 0,5 0,2 0,1 2,3 
KAMNIK 7,9 12,3 5,0 1,5 1,0 1,3 1,0 0,8 0,4 0,0 0,0 0,0 0,0 0,0 2,2 
ORMOŽ 7,7 7,4 4,5 3,9 1,1 1,4 1,1 0,3 0,5 0,8 0,8 0,6 0,1 0,1 2,2 
SEŽANA 9,0 11,4 1,8 2,9 0,5 0,5 0,8 0,2 0,2 0,1 0,5 1,3 1,5 0,1 2,2 
ŠKOCJAN 13,5 1,4 4,9 1,4 4,5 2,1 2,2 0,3 0,0 0,0 0,0 0,0 0,0 1,2 2,2 
DESTRNIK 4,4 16,4 5,6 0,1 0,2 0,1 0,6 1,0 0,1 0,0 0,0 0,0 0,0 0,9 2,1 
PREDDVOR 1,6 9,5 3,9 1,9 3,3 3,8 3,7 1,5 0,6 0,1 0,0 0,0 0,0 0,0 2,1 
RENČE-
VOGRSKO 4,5 15,5 4,0 0,6 0,4 1,9 1,0 0,6 0,1 0,9 0,0 0,0 0,0 0,0 2,1 
RIBNICA NA 
POHORJU 3,9 10,3 9,7 0,8 1,0 2,1 1,5 0,0 0,0 0,1 0,0 0,0 0,0 0,0 2,1 
TOLMIN 5,9 6,7 0,5 1,9 2,4 4,8 4,8 1,8 0,1 0,2 0,1 0,0 0,0 0,2 2,1 
TRŽIČ 0,5 0,7 1,9 2,2 4,3 6,8 7,3 3,0 1,4 0,5 0,4 0,0 0,0 -0,3 2,1 
Skupaj občine  5,0 6,1 3,0 1,9 1,7 2,0 2,5 1,2 0,4 0,6 0,8 0,4 2,4 0,9 2,1 
BOVEC 10,1 13,4 0,7 0,2 0,6 1,3 1,9 0,2 0,1 0,0 0,0 0,0 0,0 0,0 2,0 
DOBRNA 2,3 4,5 1,1 3,7 6,4 1,3 7,9 0,2 0,5 0,1 0,0 0,0 0,0 0,0 2,0 
IDRIJA 4,5 15,8 0,4 3,1 0,8 2,0 0,4 0,1 0,8 0,0 0,0 0,0 0,0 0,0 2,0 
KOSTANJEVICA 
NA KRKI 3,9 1,7 6,4 3,9 3,9 2,3 1,4 2,3 1,1 0,4 0,1 0,1 0,1 0,0 2,0 

LOG-
DRAGOMER 3,0 12,5 6,1 2,8 0,7 1,0 2,0 0,2 0,1 0,0 0,0 0,0 0,0 0,0 2,0 
ŠENČUR 2,1 0,5 0,1 0,2 7,7 7,1 6,3 3,0 1,0 0,1 0,1 0,0 0,0 0,0 2,0 
ŠMARTNO PRI 
LITIJI 8,2 5,4 1,3 0,6 1,1 7,4 3,0 0,5 0,1 0,0 0,0 0,0 0,0 0,0 2,0 
TRNOVSKA VAS 5,9 10,7 6,0 2,1 1,3 0,5 0,2 0,2 0,6 0,1 0,0 0,0 0,0 0,0 2,0 
APAČE 2,3 3,3 1,7 2,7 3,6 7,3 3,6 1,0 0,4 0,1 0,0 0,0 0,0 0,0 1,9 
GORENJA VAS-
POLJANE 6,3 7,6 4,3 1,2 1,9 3,0 1,6 0,6 0,4 0,1 0,0 0,0 0,0 0,0 1,9 
MENGEŠ 2,8 9,3 5,4 2,5 0,7 0,6 1,1 3,6 0,4 0,1 0,0 0,2 0,3 0,0 1,9 
ŽUŽEMBERK 9,2 3,9 6,5 3,1 2,4 0,1 0,0 0,8 0,3 0,3 0,0 0,0 0,0 0,0 1,9 
DOBROVA-
POLHOV 
GRADEC 0,4 2,8 12,0 4,3 0,6 0,5 2,1 0,3 0,0 1,5 0,0 0,0 0,0 0,0 1,8 
MAJŠPERK 7,3 8,4 3,6 2,9 2,0 1,2 0,2 0,4 0,0 0,0 0,0 0,0 0,0 0,0 1,8 
SV. ANDRAŽ V 
SLOVENSKIH 
GORICAH 1,6 1,6 3,5 0,6 0,4 3,0 7,4 2,8 0,4 0,2 0,2 1,4 0,0 0,0 1,7 
ŠEMPETER-
VRTOJBA 6,5 4,1 1,8 2,6 4,6 0,3 0,9 0,7 1,0 0,3 0,3 0,4 0,9 0,1 1,7 
TURNIŠČE 1,8 8,1 3,3 8,2 0,2 0,8 0,9 0,0 1,1 0,0 0,0 0,0 0,0 0,0 1,7 
CERKNO 2,0 9,6 1,8 0,5 1,1 1,8 1,9 0,7 0,1 0,5 0,7 0,0 0,1 1,6 1,6 
ŠOŠTANJ 5,5 8,6 3,4 0,4 0,4 0,8 2,4 0,4 0,1 0,1 0,0 0,1 0,0 0,0 1,6 
KIDRIČEVO 4,7 5,6 0,8 1,1 1,8 6,2 0,1 0,0 0,0 0,0 0,0 0,0 0,0 0,0 1,5 
MURSKA 
SOBOTA 5,6 4,1 0,9 1,3 7,3 1,4 0,2 0,1 0,1 0,2 0,3 0,1 0,1 0,0 1,5 
SELNICA OB 
DRAVI 4,3 4,9 3,0 1,2 1,2 4,4 2,3 0,3 0,0 0,0 0,0 0,0 0,0 0,0 1,5 
VELIKE LAŠČE 2,1 8,8 1,1 0,5 1,5 3,8 2,4 0,8 0,0 0,0 0,0 0,0 0,0 0,0 1,5 
BLED 2,5 3,8 2,7 3,0 4,0 2,4 0,5 0,5 0,2 0,1 0,0 0,0 0,0 0,0 1,4 
HRASTNIK 3,7 4,5 2,0 1,8 1,5 4,2 1,3 0,3 0,0 0,0 0,0 0,0 0,0 0,0 1,4 
KANAL 4,0 5,7 3,5 1,6 2,8 0,7 2,2 0,1 0,0 -0,5 0,0 0,0 0,0 0,0 1,4 
NAKLO 1,8 1,7 1,6 0,6 3,3 2,9 7,3 0,3 0,0 0,5 0,0 0,0 0,0 0,0 1,4 
NOVA GORICA 4,4 1,6 0,6 1,0 1,9 2,5 2,2 0,6 0,0 2,2 3,0 0,0 0,0 0,1 1,4 
SREDIŠČE OB 
DRAVI 3,2 10,6 0,6 2,0 0,1 0,2 1,4 0,9 0,1 0,0 0,0 0,0 0,0 0,0 1,4 
ZAGORJE OB 
SAVI 1,2 1,3 1,4 2,1 2,8 2,3 4,1 2,1 0,8 0,3 0,3 0,1 0,1 0,1 1,4 
AJDOVŠČINA 2,6 2,3 1,9 0,6 0,9 3,0 5,4 1,0 0,2 0,0 0,0 0,0 0,0 0,0 1,3 
GROSUPLJE 4,9 3,6 2,3 1,4 2,9 2,0 0,7 0,6 0,0 0,0 0,0 0,0 0,0 0,0 1,3 

SLOVENJ 
GRADEC 6,7 7,6 1,0 0,6 0,3 0,7 0,2 0,1 0,2 0,6 0,1 0,0 0,7 0,0 1,3 
CERKVENJAK 4,5 8,2 2,6 1,5 0,2 0,0 0,0 0,0 0,0 0,0 0,0 0,0 0,0 0,0 1,2 
DIVAČA 7,0 6,9 1,3 0,4 0,3 0,2 0,2 0,2 0,0 0,1 0,0 0,0 0,0 0,0 1,2 
GORJE 2,5 5,6 4,3 1,9 0,7 0,5 1,2 0,2 0,1 0,1 0,0 0,0 0,0 0,0 1,2 
HOČE-SLIVNICA 4,5 6,3 1,4 0,2 2,7 0,6 0,1 0,3 0,1 0,0 0,0 0,0 0,0 0,0 1,2 
HRPELJE-
KOZINA 5,4 8,3 0,5 1,1 0,2 0,2 0,2 0,2 0,1 0,0 0,0 0,0 0,0 0,0 1,2 
LJUBLJANA 3,9 3,9 1,4 0,8 0,6 0,3 0,3 0,2 0,3 2,9 0,2 0,3 0,5 1,3 1,2 
LUKOVICA 9,0 2,2 1,2 1,3 1,7 1,5 0,4 0,1 0,0 0,0 0,0 0,0 0,0 0,0 1,2 
MORAVSKE 
TOPLICE 1,4 5,7 1,1 1,1 0,7 4,0 2,6 0,6 0,0 0,0 0,1 0,0 0,0 0,0 1,2 
ROGATEC 3,1 8,0 2,8 0,9 0,8 0,2 0,2 0,4 0,1 0,0 0,1 0,1 0,0 0,0 1,2 
ŠENTJERNEJ 5,8 3,4 0,7 1,6 0,4 0,1 0,3 0,1 0,0 0,1 0,0 0,0 4,3 0,0 1,2 
ZAVRČ 0,5 7,4 3,0 1,2 0,3 1,8 1,3 1,0 0,0 0,0 0,0 0,0 0,0 0,0 1,2 
LOVRENC NA 
POHORJU 2,6 4,6 1,8 0,7 1,8 1,5 1,7 0,7 0,1 0,0 0,0 0,0 0,0 0,0 1,1 
MEDVODE 2,6 2,9 1,5 2,6 1,5 1,7 1,4 0,5 0,2 0,0 0,3 0,0 0,0 0,0 1,1 
METLIKA 2,4 2,8 3,9 1,5 0,3 1,1 2,6 0,9 0,2 0,1 0,0 0,0 0,1 0,0 1,1 
BOHINJ 8,5 2,2 0,5 0,2 0,5 0,2 1,0 0,7 0,2 0,2 0,1 0,1 0,0 0,0 1,0 
IZOLA 3,8 2,1 1,1 0,4 0,7 0,9 1,4 0,8 0,3 0,5 0,5 0,5 0,3 0,2 1,0 
LJUBNO 3,7 3,4 1,1 2,3 1,7 1,3 0,1 0,0 0,0 0,0 0,0 0,0 0,0 0,0 1,0 
OSILNICA 1,5 4,7 3,5 3,9 0,2 0,1 0,0 0,0 0,0 0,0 0,0 0,0 0,0 0,0 1,0 
SVETA ANA 5,5 2,2 2,6 1,4 0,4 0,3 1,2 0,0 0,0 0,0 0,0 0,0 0,0 0,0 1,0 
VUZENICA 1,5 1,1 0,5 0,1 0,1 0,1 0,0 0,0 2,6 2,5 1,8 1,8 1,3 1,1 1,0 
CIRKULANE 3,9 7,0 0,1 0,1 0,8 0,0 1,2 0,0 0,0 0,0 0,0 0,0 0,0 -1,0 0,9 
DOLENJSKE 
TOPLICE 2,3 5,2 0,6 1,1 2,9 0,2 0,0 0,1 0,0 0,0 0,6 0,0 0,0 0,0 0,9 
LAŠKO 2,2 1,2 0,4 0,5 0,4 0,5 2,6 2,2 0,6 0,4 0,3 0,3 0,3 0,3 0,9 
PREBOLD 2,2 1,2 2,6 0,2 0,1 3,6 2,2 0,1 0,0 0,0 0,0 0,0 0,0 0,0 0,9 
SLOVENSKA 
BISTRICA 0,6 2,4 1,2 0,4 0,3 2,6 4,8 0,5 0,1 0,0 0,0 0,0 0,0 0,0 0,9 
SV. TROJICA V 
SLOVENSKIH 
GORICAH 2,1 7,3 0,7 0,2 0,3 0,3 0,1 0,1 0,1 0,0 1,0 0,0 0,7 0,0 0,9 
SV. JURIJ V 
SLOVENSKIH 
GORICAH 2,0 7,3 1,7 1,0 0,3 0,1 0,0 0,2 0,0 0,0 0,0 0,0 0,0 0,0 0,9 
ŽALEC 2,8 0,8 0,2 0,2 1,5 0,5 1,7 0,8 3,3 0,6 0,0 0,0 0,0 0,0 0,9 

BISTRICA OB 
SOTLI 2,1 1,8 0,6 0,1 0,9 3,5 1,8 0,1 0,0 0,0 0,0 0,0 0,0 0,0 0,8 
DOL PRI 
LJUBLJANI 3,1 6,5 0,5 0,0 0,0 0,5 0,0 0,0 0,0 0,0 0,0 0,0 0,0 0,0 0,8 
KOMENDA 0,3 0,6 5,6 1,1 0,2 0,3 0,5 0,1 0,6 0,3 0,3 0,3 0,2 0,8 0,8 
LITIJA 5,9 2,0 0,2 0,1 0,1 1,6 0,4 0,2 0,0 0,0 0,0 0,0 0,0 0,0 0,8 
LOGATEC 1,5 1,7 1,5 0,5 0,2 1,8 3,4 0,1 0,1 0,0 0,0 0,0 0,0 0,0 0,8 
LOŠKA DOLINA 2,9 0,4 0,4 1,9 1,3 1,5 1,8 0,9 0,1 0,0 0,0 0,0 0,0 0,0 0,8 
POLJČANE 2,1 6,2 1,4 0,6 0,1 0,0 0,2 0,3 0,0 0,0 0,0 0,0 0,0 0,0 0,8 
RADOVLJICA 3,2 1,7 1,2 0,5 0,8 0,6 1,0 0,5 0,2 0,1 0,0 0,4 0,2 0,1 0,8 
SEVNICA 4,4 4,7 0,7 0,2 0,0 0,1 0,4 0,7 0,1 0,0 0,0 0,0 0,0 0,0 0,8 
ŠMARJE PRI 
JELŠAH 5,0 1,8 0,8 1,2 0,3 1,3 0,5 0,1 0,0 0,0 0,0 0,0 0,0 0,0 0,8 
TIŠINA 0,9 2,5 1,2 0,9 2,2 2,1 1,1 0,1 0,0 0,0 0,0 0,0 0,1 0,0 0,8 
VELENJE 1,9 1,5 1,8 0,4 0,5 0,8 2,0 0,8 0,3 0,1 0,1 0,2 0,2 0,2 0,8 
BREŽICE 1,9 1,5 0,7 0,9 0,9 0,5 1,0 1,0 0,2 0,2 0,3 0,0 0,0 0,0 0,7 
CERKNICA 7,1 0,3 0,0 0,0 0,2 1,1 0,5 0,4 0,4 0,0 0,0 0,0 0,0 0,0 0,7 
KOBARID 2,3 2,9 0,5 0,5 1,3 0,4 2,0 0,0 0,0 0,0 0,0 0,0 0,0 0,0 0,7 
KOČEVJE 1,6 0,7 3,0 1,3 1,1 0,8 0,4 0,4 0,2 0,0 0,0 0,1 0,0 0,0 0,7 
MIREN-
KOSTANJEVICA 2,0 4,4 1,6 0,2 0,4 0,2 0,7 0,2 0,0 0,0 0,0 0,0 0,0 0,0 0,7 
MUTA 1,0 4,8 0,5 0,1 0,3 0,5 0,7 0,3 0,2 0,1 0,1 0,3 0,1 0,2 0,7 
ODRANCI 1,6 2,7 1,5 0,2 0,3 0,7 2,5 0,0 0,0 0,0 0,0 0,0 0,0 0,0 0,7 
PIVKA 0,3 0,2 0,1 0,2 0,1 0,0 0,0 0,3 6,0 0,7 1,6 0,1 0,2 0,3 0,7 
POLZELA 1,2 2,9 2,9 0,4 1,3 0,3 0,5 0,1 0,0 0,0 0,0 0,0 0,0 0,0 0,7 
RADENCI 1,4 5,2 0,3 0,2 0,4 1,0 0,3 0,1 0,1 0,0 0,0 0,0 0,0 0,0 0,7 
ROGAŠKA 
SLATINA 2,2 2,2 0,8 1,0 0,0 0,7 2,2 0,7 0,0 0,0 0,0 0,0 0,0 0,0 0,7 
BOROVNICA 0,6 2,8 2,7 1,2 0,3 0,0 0,1 0,0 0,0 0,0 0,0 0,0 0,0 0,0 0,6 
BRASLOVČE 1,8 1,3 0,8 0,4 0,5 2,9 0,9 0,0 0,4 0,0 0,0 0,0 0,0 0,0 0,6 
BRDA 3,9 3,9 0,5 0,1 0,1 0,1 0,2 0,0 0,1 0,0 0,0 0,0 0,0 0,0 0,6 
KOZJE 1,6 2,9 2,0 0,3 0,3 0,5 1,2 0,3 0,0 0,0 0,0 0,0 0,0 0,0 0,6 
MOKRONOG-
TREBELNO 0,6 4,6 0,8 0,1 0,2 0,1 0,4 0,8 0,1 0,0 0,0 0,0 0,0 0,0 0,6 
NOVO MESTO 0,7 2,1 0,7 0,8 1,0 0,1 0,1 0,0 0,1 2,8 0,1 0,0 0,1 0,1 0,6 
PODČETRTEK 0,9 3,6 1,2 0,0 2,5 0,0 0,0 0,0 0,0 0,0 0,0 0,0 0,0 0,0 0,6 
GORNJA 
RADGONA 2,4 4,1 0,6 0,1 0,1 0,1 0,1 0,1 0,0 0,0 0,0 0,0 0,0 0,0 0,5 

HAJDINA 1,2 1,8 0,4 0,1 2,2 1,7 0,2 0,0 0,0 0,0 0,0 0,0 0,0 0,0 0,5 
HODOŠ 0,9 3,5 1,8 0,1 0,4 0,1 0,0 0,0 0,0 0,0 0,0 0,0 0,0 0,0 0,5 
KOBILJE 2,5 3,6 1,0 0,1 0,2 0,0 0,0 0,0 0,0 0,0 0,0 0,0 0,0 0,0 0,5 
SEMIČ 0,9 5,8 0,5 0,2 0,2 0,0 0,0 0,0 0,0 0,0 0,0 0,0 0,0 0,0 0,5 
VIDEM 3,0 2,7 0,2 0,1 0,3 0,3 0,0 0,0 0,0 0,0 0,0 0,0 0,0 0,0 0,5 
ZREČE 2,8 2,6 0,5 0,1 0,2 0,2 0,1 0,1 0,1 0,0 0,0 0,0 0,0 0,0 0,5 
CELJE 2,0 1,4 0,6 0,3 0,2 0,2 0,3 0,3 0,7 0,0 0,0 0,0 0,0 0,0 0,4 
ČRENŠOVCI 2,3 1,8 0,5 0,1 0,3 0,1 0,1 0,0 0,0 0,0 0,0 0,0 0,0 0,0 0,4 
DOBROVNIK 1,5 2,3 1,1 0,1 1,0 0,1 0,0 0,1 0,0 0,0 0,0 0,0 0,0 0,0 0,4 
DUPLEK 0,3 3,3 0,3 0,2 0,1 0,6 1,0 0,3 0,0 0,0 0,0 0,0 0,0 0,0 0,4 
GORIŠNICA 0,7 3,0 0,7 0,0 1,5 0,4 0,0 0,0 0,0 0,0 0,0 0,0 0,0 0,0 0,4 
GRAD 0,2 1,7 2,1 0,4 0,3 0,4 0,0 0,0 0,0 0,0 0,0 0,0 0,0 0,0 0,4 
JURŠINCI 1,3 1,3 1,2 1,2 0,1 0,0 0,5 0,6 0,0 0,0 0,0 0,0 0,0 0,0 0,4 
KUZMA 1,5 2,9 0,7 0,1 0,0 0,0 0,0 0,0 0,0 0,0 0,0 0,0 0,0 0,0 0,4 
LENART 1,6 0,8 0,4 0,1 1,3 0,7 0,2 0,2 0,0 0,0 0,0 0,0 0,0 0,0 0,4 
LJUTOMER 1,5 1,4 1,2 0,3 0,2 0,2 0,3 0,1 0,0 0,0 0,0 0,0 0,0 0,0 0,4 
LOŠKI POTOK 1,5 2,1 0,8 0,2 0,4 0,1 0,0 0,1 0,0 0,0 0,0 0,0 0,0 0,0 0,4 
NAZARJE 1,2 1,8 0,4 0,4 0,1 0,1 0,1 0,1 0,6 0,5 0,1 0,0 0,0 0,1 0,4 
RADLJE OB 
DRAVI 1,7 2,9 0,1 0,1 0,1 0,0 0,0 0,0 0,0 0,0 0,0 0,0 0,0 0,1 0,4 
RAZKRIŽJE 0,8 3,6 0,2 0,0 0,1 0,1 0,2 0,1 0,0 0,0 0,0 0,0 0,0 0,0 0,4 
SVETI TOMAŽ 1,4 2,9 0,9 0,3 0,2 0,3 0,1 0,1 0,0 0,0 0,0 0,0 0,0 0,0 0,4 
ŠENTRUPERT 0,1 0,8 2,0 0,4 0,1 0,0 0,0 0,0 0,0 1,3 0,0 0,3 0,0 0,0 0,4 
ŠKOFJA LOKA 1,2 1,3 0,3 0,1 0,1 0,9 1,0 0,1 0,1 0,0 0,0 0,0 0,0 0,0 0,4 
VODICE 1,3 0,7 0,4 0,4 1,1 0,4 0,2 0,1 0,0 0,0 0,0 0,1 0,0 0,0 0,4 
ČRNOMELJ 0,1 1,2 1,7 0,4 0,2 0,3 0,1 0,6 0,2 0,0 0,0 0,0 0,0 0,0 0,3 
DRAVOGRAD 1,4 1,2 1,0 0,1 0,2 0,1 0,0 0,0 0,0 0,0 0,0 0,0 0,0 0,0 0,3 
KOMEN 0,8 0,7 0,2 0,2 0,7 0,5 0,9 0,2 0,0 0,1 0,0 0,0 0,0 0,0 0,3 
KUNGOTA 0,9 1,7 0,7 0,1 0,2 0,1 0,1 0,0 0,0 0,0 0,0 0,0 0,0 0,0 0,3 
MAKOLE 1,4 2,1 0,4 0,1 0,2 0,1 0,3 0,0 0,0 0,0 0,0 0,0 0,0 0,0 0,3 
MEŽICA 0,3 1,8 0,8 0,0 0,1 1,0 0,1 0,0 0,0 0,0 0,0 0,0 0,0 0,0 0,3 
PREVALJE 1,2 0,9 0,6 0,1 0,1 0,9 1,1 0,0 0,0 0,0 0,0 0,0 0,0 0,0 0,3 
PUCONCI 1,1 1,9 0,9 0,2 0,1 0,1 0,0 0,0 0,0 0,0 0,0 0,0 0,0 0,0 0,3 
RAVNE NA 
KOROŠKEM 1,9 1,6 0,2 0,1 0,1 0,2 0,2 0,1 0,0 0,1 0,0 0,0 0,0 0,0 0,3 
RIBNICA 0,6 2,2 0,6 0,5 0,4 0,2 0,1 0,1 0,0 0,0 0,0 0,0 0,0 0,0 0,3 

SOLČAVA 1,0 1,5 0,5 0,4 0,2 0,1 0,0 0,0 0,0 0,0 0,0 0,0 0,0 0,0 0,3 
VELIKA POLANA 0,5 1,3 0,6 0,5 1,5 0,4 0,0 0,0 0,0 0,0 0,0 0,0 0,0 0,0 0,3 
VITANJE 1,0 1,8 0,3 0,1 0,1 0,1 0,0 0,1 0,0 0,0 0,0 0,0 0,0 0,0 0,3 
CANKOVA 2,0 0,3 0,1 0,0 0,0 0,0 0,6 0,0 0,0 0,0 0,0 0,0 0,0 0,0 0,2 
ČRNA NA 
KOROŠKEM 1,0 0,8 0,4 0,0 0,1 0,0 0,0 0,0 0,0 0,0 0,0 0,0 0,0 0,0 0,2 
DORNAVA 2,2 0,7 0,2 0,1 0,1 0,0 0,0 0,0 0,0 0,0 0,0 0,0 0,0 0,0 0,2 
GORNJI GRAD 0,0 0,1 0,4 1,2 0,5 0,5 0,0 0,0 0,0 0,0 0,0 0,0 0,0 0,0 0,2 
OPLOTNICA 0,4 0,8 0,8 0,1 0,2 0,2 0,0 0,0 0,0 0,0 0,0 0,0 0,0 0,0 0,2 
RUŠE 1,1 0,5 0,4 0,0 0,1 0,3 0,6 0,2 0,0 0,0 0,0 0,0 0,0 0,0 0,2 
SLOVENSKE 
KONJICE 1,1 0,9 0,3 0,1 0,1 0,3 0,4 0,1 0,0 0,0 0,0 0,0 0,0 0,0 0,2 
SODRAŽICA 0,2 2,1 0,4 0,1 0,3 0,1 0,0 0,0 0,0 0,0 0,0 0,0 0,0 0,0 0,2 
ŠENTJUR 0,6 1,2 0,7 0,6 0,1 0,1 0,1 0,1 0,1 0,0 0,0 0,0 0,0 0,0 0,2 
VERŽEJ 0,8 1,0 0,3 0,1 0,3 0,1 0,0 0,1 0,0 0,0 0,0 0,0 0,0 0,1 0,2 
ŽIRI 0,2 0,2 0,8 0,5 0,2 0,1 0,0 0,1 0,0 0,0 0,0 0,0 0,0 0,0 0,2 
BENEDIKT 0,3 0,7 0,0 0,0 0,0 0,0 0,0 0,0 0,0 0,0 0,0 0,0 0,0 0,0 0,1 
GORNJI 
PETROVCI 0,1 0,3 0,4 0,3 0,0 0,0 0,0 0,0 0,0 0,0 0,0 0,0 0,0 0,0 0,1 
KOSTEL 0,2 0,2 0,1 0,1 0,2 0,1 0,0 0,0 0,0 0,0 0,0 0,0 0,0 0,0 0,1 
MIRNA     0,0 0,5 0,4 0,4 0,0 0,0 0,0 0,0 0,0 0,0 0,1 
MOZIRJE 0,8 0,5 0,2 0,1 0,1 0,1 0,0 0,0 0,0 0,0 0,0 0,0 0,0 0,0 0,1 
PODLEHNIK 0,2 0,2 0,3 0,2 0,1 0,0 0,0 0,3 0,1 0,0 0,0 0,0 0,0 0,0 0,1 
RADEČE 0,4 0,1 0,1 0,1 0,0 0,0 0,0 0,0 0,1 0,0 0,0 0,0 0,0 0,0 0,1 
REČICA OB 
SAVINJI 0,0 0,4 0,5 0,1 0,1 0,0 0,0 0,0 0,0 0,0 0,0 0,0 0,0 0,0 0,1 
ŠALOVCI 0,3 0,4 0,2 0,1 0,1 0,0 0,0 0,0 0,0 0,0 0,0 0,0 0,0 0,0 0,1 
ŠENTILJ 0,3 1,0 0,2 0,3 0,0 0,0 0,0 0,0 0,0 0,0 0,0 0,0 0,0 0,0 0,1 
ŠMARTNO OB 
PAKI 0,1 0,3 0,1 0,7 0,0 0,1 0,0 0,0 0,0 0,0 0,0 0,0 0,0 0,0 0,1 
ŠTORE 0,3 0,5 0,3 0,0 0,0 0,0 0,0 0,0 0,0 0,0 0,0 0,0 0,0 0,0 0,1 
TABOR 1,1 0,0 0,0 0,0 0,0 0,0 0,0 0,0 0,0 0,0 0,0 0,0 0,0 0,0 0,1 
VOJNIK 0,5 0,4 0,3 0,1 0,2 0,1 0,3 0,0 0,0 0,1 0,0 0,0 0,0 0,0 0,1 
VRANSKO 0,9 0,3 0,2 0,1 0,1 0,0 0,0 0,0 0,0 0,0 0,0 0,0 0,0 0,0 0,1 
ŽETALE 0,3 0,6 0,1 0,0 0,3 0,0 0,0 0,0 0,0 0,0 0,0 0,0 0,0 0,0 0,1 
ANKARAN         0,0 0,0 0,0 0,0 0,0 0,0 0,0 
 

 
 
Tabela 5: Prihodek iz naslova Najemnin za kmetijska zemljišča in gozdove (urejeno padajoče glede na povprečje 2007-2020) v absolutnih zneskih (v EUR) 
OBČINA 2007 2008 2009 2010 2011 2012 2013 2014 2015 2016 2017 2018 2019 2020 x̄ 
Skupaj občine  157776,1 103585,0 77960,1 83177,3 86810,6 111006,1 145407,4 118766,7 163695,8 129312,6 232121,9 231095,7 157983,6 192933,4 142259,4 
KOČEVJE 18463,7 17409,4 16165,5 13840,6 15621,2 23230,3 26696,4 29745,3 32204,6 27556,1 31486,1 29979,5 31256,4 36229,8 24991,8 
VELIKA POLANA 42,1 253,3 34,6 239,2 199,8 62,2 301,8 137,4 328,2 293,9 61335,9 77298,4 244,7 279,5 10075,1 
BLED 8656,2 14635,7 119,2 3686,7 10996,6 9349,9 11891,9 6995,3 8836,4 8802,7 9621,5 4892,7 4925,5 5179,7 7756,4 
MORAVSKE 
TOPLICE 0,0 0,0 143,5 38,0 0,0 12392,0 7081,1 7081,1 7081,1 8106,3 19835,7 14863,4 14864,0 9269,9 7196,9 
RADOVLJICA 17625,5 470,0 1035,3 1092,8 1102,4 3503,9 6071,8 7110,4 7259,4 8061,4 7666,6 11778,7 9577,6 12859,4 6801,1 
TRŽIČ 212,0 2045,8 3516,5 4264,6 2990,8 3670,8 9993,0 5984,2 5516,4 6695,9 8910,4 9631,0 11171,7 20478,2 6791,5 
PESNICA 7289,7 11406,3 8844,3 6942,1 11298,0 10208,7 8237,3 6645,5 9271,7 2475,5 2578,3 1569,8 3760,5 1997,4 6608,9 
SLOVENJ 
GRADEC 1919,6 2395,5 1810,8 1328,6 1693,3 2671,5 6109,7 7987,2 8464,7 8012,2 8913,1 7471,2 7247,8 10685,2 5479,3 
TREBNJE 16722,0 11206,9 9744,9 7577,9 6880,0 6343,8 6349,8 6985,7 347,1 0,0 0,0 0,0 0,0 0,0 5154,2 
METLIKA 9000,3 10175,1 6878,1 6651,4 7626,9 4442,2 3804,5 1462,4 1457,0 1357,0 1607,0 1720,0 1318,9 1067,2 4183,4 
VIPAVA 11090,0 7725,9 2214,8 7930,7 1763,7 1749,3 1632,6 1892,2 2266,1 2355,8 168,8 3303,2 2685,6 1495,9 3448,2 
LENDAVA 775,0 770,0 2134,0 1347,1 492,1 3160,6 3268,5 3321,5 3864,5 2539,6 9769,0 4361,1 1055,8 6044,3 3064,5 
BOVEC 0,0 0,0 0,0 1452,8 1975,6 1567,5 2491,3 1276,3 1276,3 2395,7 4350,1 13966,0 2308,7 3286,4 2596,2 
ŠENTJUR 28608,0 7152,7 0,0 0,0 0,0 0,0 0,0 0,0 0,0 0,0 0,0 0,0 0,0 0,0 2554,3 
MURSKA 
SOBOTA 0,0 0,0 298,5 0,0 1811,1 561,9 7084,1 1714,1 5780,5 2266,6 5301,4 2707,4 2274,0 1933,7 2266,7 
KIDRIČEVO 0,0 0,0 0,0 1704,1 3915,3 3665,8 2504,3 2131,4 2666,0 2588,0 970,5 5646,0 2575,5 3352,0 2265,6 
ŠKOFLJICA 1646,9 226,0 0,0 13,3 0,0 0,0 1214,8 0,0 2375,0 0,0 0,0 0,0 16900,0 9096,2 2248,0 
HRPELJE-
KOZINA 0,0 0,0 0,0 0,0 0,0 0,0 0,0 0,0 0,0 0,0 0,0 0,0 8591,8 21213,7 2129,0 
MOZIRJE 0,0 0,0 0,0 0,0 0,0 0,0 0,0 0,0 29800,0 0,0 0,0 0,0 0,0 0,0 2128,6 
RAČE-FRAM 870,0 2042,0 1838,1 1924,9 1921,7 2478,6 2126,1 1455,9 1170,1 1262,8 2241,6 3862,8 2268,8 3146,9 2043,6 
RADLJE OB 
DRAVI 0,0 0,0 0,0 0,0 0,0 3159,7 3415,1 3450,6 3335,2 3384,6 3137,7 2996,5 1484,6 3336,0 1978,6 
ŠENČUR 3095,3 2089,5 2390,9 1675,9 1094,4 1110,0 1110,0 1210,0 1510,0 1510,0 2040,0 1580,0 1580,0 2102,6 1721,3 
PREVALJE 1680,0 1502,9 1530,7 1208,6 1642,5 1579,7 1210,5 1142,5 1460,5 1933,3 2352,5 2499,7 2046,2 1707,9 1678,4 
KRŠKO 365,3 1288,6 83,8 5743,3 96,5 96,5 10962,0 216,8 495,8 306,4 292,8 265,0 1927,9 767,7 1636,3 
DRAVOGRAD 984,6 1136,9 1548,7 1324,3 1328,7 1395,1 1427,1 949,6 0,0 2100,6 4100,3 2017,3 2067,7 2040,5 1601,5 
SEMIČ 0,0 0,0 0,0 0,0 0,0 0,0 4431,3 4635,4 200,5 4159,3 307,8 476,0 247,7 4795,4 1375,2 
DOBREPOLJE 410,5 771,5 432,9 0,0 513,2 11,9 460,7 0,0 663,3 1178,1 13350,4 1190,0 0,0 0,0 1355,9 

LITIJA 0,0 0,0 0,0 0,0 230,0 230,0 250,0 0,0 2327,8 2696,9 3082,5 3201,2 3107,5 2986,4 1293,7 
BELTINCI 197,2 256,1 1521,0 1325,1 868,5 1256,1 929,3 856,9 2764,2 1850,7 1188,9 2183,7 2021,1 329,8 1253,5 
BRDA 427,0 0,0 0,0 0,0 0,0 0,0 0,0 0,0 2664,3 44,3 5284,3 2664,3 0,0 5240,0 1166,0 
TOLMIN 416,0 351,3 326,5 291,0 227,7 1467,0 755,9 857,9 1072,7 1433,4 1435,7 2202,8 1422,7 1873,2 1009,5 
ŠALOVCI 2103,0 279,6 1146,7 458,6 865,0 979,8 1428,5 1180,2 1796,0 1853,0 1014,2 235,9 313,7 227,8 991,6 
LJUTOMER 560,0 987,8 575,3 1478,4 1616,6 1163,7 1345,4 1501,6 1130,6 1029,2 976,8 510,8 424,6 557,3 989,9 
CERKLJE NA 
GORENJSKEM 1165,0 483,0 1645,0 203,0 1755,0 623,0 268,0 1708,1 1426,6 1426,8 1623,0 536,1 476,5 486,2 987,5 
CERKNICA 0,0 0,0 0,0 0,0 0,0 0,0 250,0 750,7 1512,6 1503,0 1939,7 1700,2 2671,6 2520,2 917,7 
STRAŽA 0,0 0,0 0,0 2078,1 929,1 823,4 930,0 2530,6 2051,5 2153,4 0,0 0,0 0,0 0,0 821,2 
BOHINJ 11234,0 0,0 0,0 0,0 0,0 0,0 0,0 0,0 0,0 0,0 0,0 0,0 0,0 0,0 802,4 
DESTRNIK 0,0 0,0 0,0 0,0 0,0 0,0 0,0 0,0 0,0 2409,1 1517,2 2115,8 1257,6 1525,0 630,3 
PIVKA 0,0 650,7 1612,6 892,1 38,0 1876,5 963,3 1162,2 9,5 1124,2 0,0 0,0 0,0 0,0 594,9 
MAJŠPERK 0,0 40,0 3600,0 0,0 0,0 699,0 211,0 181,0 438,3 388,3 388,3 438,3 403,3 467,2 518,2 
APAČE 0,0 0,0 0,0 0,0 712,4 712,4 487,4 487,4 635,8 215,3 215,3 845,8 1111,5 1061,1 463,2 
OSILNICA 5844,0 0,0 0,0 0,0 0,0 0,0 0,0 0,0 0,0 0,0 0,0 0,0 0,0 0,0 417,4 
BOROVNICA 1305,6 1301,6 1461,2 1377,6 0,0 0,0 0,0 0,0 0,0 0,0 0,0 0,0 0,0 0,0 389,0 
LJUBNO 19,0 19,0 19,0 111,1 242,7 465,4 488,8 636,2 664,7 441,2 572,5 386,6 205,7 1116,2 384,9 
ŠKOCJAN 108,0 67,0 0,0 158,7 1054,2 732,8 486,4 334,5 397,4 111,3 644,2 180,0 585,8 382,6 374,5 
MISLINJA 1003,0 818,0 837,0 1640,0 889,0 0,0 0,0 0,0 0,0 0,0 0,0 0,0 0,0 0,0 370,5 
AJDOVŠČINA 260,0 510,0 815,0 560,0 360,0 360,0 360,0 360,0 360,0 360,0 360,0 360,0 0,0 0,0 358,9 
KRANJSKA 
GORA 0,0 0,0 0,0 0,0 292,6 0,0 0,0 0,0 0,0 1062,3 900,0 900,0 900,0 900,0 353,9 
GORNJI GRAD 0,0 0,0 0,0 0,0 0,0 0,0 0,0 488,9 425,2 711,7 741,5 703,5 781,1 1047,7 350,0 
MOKRONOG-
TREBELNO 0,0 0,0 0,0 0,0 0,0 0,0 301,5 0,0 0,0 1163,6 639,8 791,5 915,7 1050,0 347,3 
LAŠKO 0,0 126,0 133,0 133,8 427,3 597,3 403,6 428,0 486,5 354,0 605,7 355,1 533,8 1,0 327,5 
MIREN-
KOSTANJEVICA 0,0 0,0 0,0 0,0 0,0 0,0 0,0 0,0 0,0 0,0 377,4 342,4 3408,1 338,1 319,0 
DOBROVNIK 0,0 0,0 0,0 0,0 0,0 9,9 0,0 84,4 298,3 476,4 598,3 310,9 910,1 1473,2 297,2 
KUNGOTA 93,0 113,0 390,3 100,0 422,3 375,5 378,1 364,5 438,3 454,7 319,4 308,0 65,0 295,0 294,1 
PUCONCI 90,7 127,0 131,6 171,0 139,8 140,0 143,8 0,0 379,8 377,9 381,7 386,3 545,1 840,9 275,4 
GORENJA VAS-
POLJANE 443,0 442,6 442,6 62,6 0,0 0,0 0,0 0,0 380,0 380,0 25,9 462,0 514,2 514,2 261,9 
MIRNA     0,0 1282,6 1323,8 0,0 0,0 0,0 0,0 0,0 0,0 0,0 260,6 
GORJE 248,8 853,5 451,6 224,8 102,2 224,9 102,2 102,2 352,2 343,0 102,2 102,2 102,2 102,2 243,9 
MIRNA PEČ 59,8 15,5 159,1 153,3 156,2 204,4 303,5 58,0 547,9 291,0 304,3 422,3 128,1 494,7 235,6 

IG 104,0 104,3 0,0 125,2 0,0 0,0 0,0 0,0 0,0 1475,4 1352,5 123,0 0,0 0,0 234,6 
ZREČE 0,0 0,0 0,0 0,0 0,0 0,0 85,8 171,7 171,7 598,4 624,9 481,3 508,0 508,0 225,0 
PODLEHNIK 0,0 0,0 0,0 0,0 165,1 0,0 0,0 0,0 350,0 355,7 419,2 492,6 435,5 530,5 196,3 
MAKOLE 0,0 0,0 0,0 0,0 0,0 0,0 699,2 429,6 389,4 40,3 859,2 0,0 0,0 225,0 188,8 
BISTRICA OB 
SOTLI 0,0 0,0 0,0 0,0 0,0 0,0 300,0 0,0 300,0 200,0 500,0 300,0 300,0 300,0 157,1 
HRASTNIK 366,0 491,9 648,0 635,7 0,0 0,0 0,0 0,0 0,0 0,0 0,0 0,0 0,0 0,0 153,0 
POLZELA 0,0 0,0 0,0 0,0 0,0 0,0 0,0 0,0 0,0 0,0 662,3 484,6 332,6 484,5 140,3 
ČRNA NA 
KOROŠKEM 0,0 0,0 0,0 0,0 0,0 41,7 41,7 169,9 1157,2 121,7 222,5 180,0 0,0 0,0 138,2 
LJUBLJANA 227,0 0,0 0,0 0,0 0,0 0,0 0,0 0,0 0,0 1394,0 0,0 0,0 0,0 0,0 115,8 
RADENCI 0,0 0,0 0,0 0,0 0,0 0,0 0,0 0,0 0,0 0,0 304,1 488,4 310,6 488,4 113,7 
MENGEŠ 1503,4 0,0 0,0 0,0 0,0 0,0 0,0 0,0 0,0 0,0 0,0 0,0 0,0 0,0 107,4 
GORIŠNICA 0,0 0,0 0,0 0,0 0,0 0,0 0,0 0,0 426,3 0,0 426,3 213,1 213,1 213,1 106,6 
PODVELKA 0,0 0,0 0,0 0,0 21,6 0,0 0,0 0,0 0,0 0,0 439,8 257,9 106,8 665,1 106,5 
TIŠINA 72,0 72,4 72,4 72,4 72,4 72,4 72,4 72,4 72,4 243,4 178,7 148,5 73,5 73,7 97,8 
CERKNO 0,0 437,0 887,3 30,3 0,0 0,0 0,0 0,0 0,0 0,0 0,0 0,0 0,0 0,0 96,8 
SLOVENSKE 
KONJICE 0,0 0,0 0,0 0,0 0,0 0,0 100,0 100,0 100,0 100,0 100,0 100,0 100,0 641,0 95,8 
DOBJE 0,0 98,0 100,0 166,0 200,0 0,0 0,0 0,0 0,0 55,5 55,5 171,0 56,2 220,5 80,2 
VOJNIK 0,0 0,0 0,0 0,0 0,0 0,0 1111,0 0,0 0,0 0,0 0,0 0,0 0,0 0,0 79,4 
IDRIJA 0,0 0,0 0,0 0,0 0,0 0,0 750,0 0,0 0,0 0,0 0,0 0,0 0,0 0,0 53,6 
NAZARJE 0,0 0,0 0,0 0,0 0,0 0,0 0,0 0,0 361,8 361,8 0,0 0,0 0,0 0,0 51,7 
ŠENTJERNEJ 21,0 0,0 0,0 0,0 0,0 0,0 0,0 0,0 143,8 103,9 103,9 103,9 103,9 103,9 48,9 
RAZKRIŽJE 20,0 20,0 20,0 20,0 20,0 20,0 160,0 0,0 0,0 0,0 0,0 350,0 0,0 0,0 45,0 
PREBOLD 0,0 0,0 0,0 0,0 0,0 0,0 0,0 0,0 9,2 134,5 0,0 296,4 0,0 92,4 38,0 
KUZMA 0,0 0,0 0,0 350,0 0,0 159,7 0,0 0,0 0,0 0,0 0,0 0,0 0,0 0,0 36,4 
ROGATEC 0,0 0,0 200,0 200,0 0,0 0,0 0,0 0,0 0,0 0,0 0,0 0,0 0,0 0,0 28,6 
BLOKE 197,0 175,9 0,0 0,0 0,0 0,0 0,0 0,0 0,0 0,0 0,0 0,0 0,0 0,0 26,6 
DIVAČA 0,0 0,0 0,0 0,0 0,0 0,0 0,0 0,0 0,0 92,9 249,0 0,0 0,0 0,0 24,4 
POSTOJNA 0,0 0,0 0,0 0,0 0,0 0,0 0,0 0,0 0,0 0,0 0,0 110,2 111,7 113,7 24,0 
ŽELEZNIKI 0,0 0,0 0,0 142,6 0,0 0,0 25,9 166,4 0,0 0,0 0,0 0,0 0,0 0,0 23,9 
ŽETALE 36,0 0,0 0,0 29,2 29,2 29,2 29,2 29,2 0,0 0,0 0,0 0,0 0,0 0,0 13,0 
DOBRNA 139,0 0,0 0,0 0,0 0,0 0,0 0,0 0,0 0,0 0,0 25,0 0,0 0,0 0,0 11,7 
DUPLEK 0,0 0,0 0,0 0,0 0,0 0,0 0,0 0,0 0,0 0,0 0,0 0,0 125,0 0,0 8,9 
JEZERSKO 0,0 0,0 0,0 0,0 0,0 0,0 0,0 23,6 23,6 23,6 23,6 23,6 1,0 1,0 8,6 

ŠMARJEŠKE 
TOPLICE 0,0 0,0 0,0 0,0 0,0 0,0 0,0 0,0 0,0 0,0 0,0 0,0 19,2 77,0 6,9 
VITANJE 0,0 0,0 0,0 0,0 0,0 41,7 45,8 0,0 0,0 0,0 0,0 0,0 0,0 0,0 6,3 
KOBILJE 57,0 0,0 0,0 0,0 0,0 0,0 0,0 0,0 0,0 0,0 0,0 0,0 0,0 0,0 4,1 
KOSTEL 0,0 0,0 0,0 0,0 0,0 0,0 0,0 0,0 0,0 0,0 0,0 50,0 0,0 0,0 3,6 
VELENJE 0,0 40,0 0,0 0,0 0,0 0,0 0,0 0,0 0,0 0,0 0,0 0,0 0,0 0,0 2,9 
RENČE-
VOGRSKO 0,0 0,0 0,0 0,0 0,0 0,0 0,0 0,0 0,0 15,4 0,0 0,0 0,0 0,0 1,1 
MIKLAVŽ NA 
DRAVSKEM 
POLJU 0,0 0,0 0,0 0,0 10,0 0,0 0,0 0,0 0,0 0,0 0,0 0,0 0,0 0,0 0,7 
PTUJ 0,0 0,0 0,0 0,0 0,0 6,0 0,0 0,0 0,0 0,0 0,0 0,0 0,0 0,0 0,4 
ANKARAN         0 0 0 0 0 0 0,0 
BENEDIKT 0,0 0,0 0,0 0,0 0,0 0,0 0,0 0,0 0,0 0,0 0,0 0,0 0,0 0,0 0,0 
BRASLOVČE 0,0 0,0 0,0 0,0 0,0 0,0 0,0 0,0 0,0 0,0 0,0 0,0 0,0 0,0 0,0 
BREZOVICA 0,0 0,0 0,0 0,0 0,0 0,0 0,0 0,0 0,0 0,0 0,0 0,0 0,0 0,0 0,0 
BREŽICE 0,0 0,0 0,0 0,0 0,0 0,0 0,0 0,0 0,0 0,0 0,0 0,0 0,0 0,0 0,0 
CANKOVA 0,0 0,0 0,0 0,0 0,0 0,0 0,0 0,0 0,0 0,0 0,0 0,0 0,0 0,0 0,0 
CELJE 0,0 0,0 0,0 0,0 0,0 0,0 0,0 0,0 0,0 0,0 0,0 0,0 0,0 0,0 0,0 
CERKVENJAK 0,0 0,0 0,0 0,0 0,0 0,0 0,0 0,0 0,0 0,0 0,0 0,0 0,0 0,0 0,0 
CIRKULANE 0,0 0,0 0,0 0,0 0,0 0,0 0,0 0,0 0,0 0,0 0,0 0,0 0,0 0,0 0,0 
ČRENŠOVCI 0,0 0,0 0,0 0,0 0,0 0,0 0,0 0,0 0,0 0,0 0,0 0,0 0,0 0,0 0,0 
ČRNOMELJ 0,0 0,0 0,0 0,0 0,0 0,0 0,0 0,0 0,0 0,0 0,0 0,0 0,0 0,0 0,0 
DOBROVA-
POLHOV 
GRADEC 0,0 0,0 0,0 0,0 0,0 0,0 0,0 0,0 0,0 0,0 0,0 0,0 0,0 0,0 0,0 
DOL PRI 
LJUBLJANI 0,0 0,0 0,0 0,0 0,0 0,0 0,0 0,0 0,0 0,0 0,0 0,0 0,0 0,0 0,0 
DOLENJSKE 
TOPLICE 0,0 0,0 0,0 0,0 0,0 0,0 0,0 0,0 0,0 0,0 0,0 0,0 0,0 0,0 0,0 
DOMŽALE 0,0 0,0 0,0 0,0 0,0 0,0 0,0 0,0 0,0 0,0 0,0 0,0 0,0 0,0 0,0 
DORNAVA 0,0 0,0 0,0 0,0 0,0 0,0 0,0 0,0 0,0 0,0 0,0 0,0 0,0 0,0 0,0 
GORNJA 
RADGONA 0,0 0,0 0,0 0,0 0,0 0,0 0,0 0,0 0,0 0,0 0,0 0,0 0,0 0,0 0,0 
GORNJI 
PETROVCI 0,0 0,0 0,0 0,0 0,0 0,0 0,0 0,0 0,0 0,0 0,0 0,0 0,0 0,0 0,0 
GRAD 0,0 0,0 0,0 0,0 0,0 0,0 0,0 0,0 0,0 0,0 0,0 0,0 0,0 0,0 0,0 
GROSUPLJE 0,0 0,0 0,0 0,0 0,0 0,0 0,0 0,0 0,0 0,0 0,0 0,0 0,0 0,0 0,0 
HAJDINA 0,0 0,0 0,0 0,0 0,0 0,0 0,0 0,0 0,0 0,0 0,0 0,0 0,0 0,0 0,0 

HOČE-SLIVNICA 0,0 0,0 0,0 0,0 0,0 0,0 0,0 0,0 0,0 0,0 0,0 0,0 0,0 0,0 0,0 
HODOŠ 0,0 0,0 0,0 0,0 0,0 0,0 0,0 0,0 0,0 0,0 0,0 0,0 0,0 0,0 0,0 
HORJUL 0,0 0,0 0,0 0,0 0,0 0,0 0,0 0,0 0,0 0,0 0,0 0,0 0,0 0,0 0,0 
ILIRSKA 
BISTRICA 0,0 0,0 0,0 0,0 0,0 0,0 0,0 0,0 0,0 0,0 0,0 0,0 0,0 0,0 0,0 
IVANČNA 
GORICA 0,0 0,0 0,0 0,0 0,0 0,0 0,0 0,0 0,0 0,0 0,0 0,0 0,0 0,0 0,0 
IZOLA 0,0 0,0 0,0 0,0 0,0 0,0 0,0 0,0 0,0 0,0 0,0 0,0 0,0 0,0 0,0 
JESENICE 0,0 0,0 0,0 0,0 0,0 0,0 0,0 0,0 0,0 0,0 0,0 0,0 0,0 0,0 0,0 
JURŠINCI 0,0 0,0 0,0 0,0 0,0 0,0 0,0 0,0 0,0 0,0 0,0 0,0 0,0 0,0 0,0 
KAMNIK 0,0 0,0 0,0 0,0 0,0 0,0 0,0 0,0 0,0 0,0 0,0 0,0 0,0 0,0 0,0 
KANAL 0,0 0,0 0,0 0,0 0,0 0,0 0,0 0,0 0,0 0,0 0,0 0,0 0,0 0,0 0,0 
KOBARID 0,0 0,0 0,0 0,0 0,0 0,0 0,0 0,0 0,0 0,0 0,0 0,0 0,0 0,0 0,0 
KOMEN 0,0 0,0 0,0 0,0 0,0 0,0 0,0 0,0 0,0 0,0 0,0 0,0 0,0 0,0 0,0 
KOMENDA 0,0 0,0 0,0 0,0 0,0 0,0 0,0 0,0 0,0 0,0 0,0 0,0 0,0 0,0 0,0 
KOPER 0,0 0,0 0,0 0,0 0,0 0,0 0,0 0,0 0,0 0,0 0,0 0,0 0,0 0,0 0,0 
KOSTANJEVICA 
NA KRKI 0,0 0,0 0,0 0,0 0,0 0,0 0,0 0,0 0,0 0,0 0,0 0,0 0,0 0,0 0,0 
KOZJE 0,0 0,0 0,0 0,0 0,0 0,0 0,0 0,0 0,0 0,0 0,0 0,0 0,0 0,0 0,0 
KRANJ 0,0 0,0 0,0 0,0 0,0 0,0 0,0 0,0 0,0 0,0 0,0 0,0 0,0 0,0 0,0 
KRIŽEVCI 0,0 0,0 0,0 0,0 0,0 0,0 0,0 0,0 0,0 0,0 0,0 0,0 0,0 0,0 0,0 
LENART 0,0 0,0 0,0 0,0 0,0 0,0 0,0 0,0 0,0 0,0 0,0 0,0 0,0 0,0 0,0 
LOGATEC 0,0 0,0 0,0 0,0 0,0 0,0 0,0 0,0 0,0 0,0 0,0 0,0 0,0 0,0 0,0 
LOG-
DRAGOMER 0,0 0,0 0,0 0,0 0,0 0,0 0,0 0,0 0,0 0,0 0,0 0,0 0,0 0,0 0,0 
LOŠKA DOLINA 0,0 0,0 0,0 0,0 0,0 0,0 0,0 0,0 0,0 0,0 0,0 0,0 0,0 0,0 0,0 
LOŠKI POTOK 0,0 0,0 0,0 0,0 0,0 0,0 0,0 0,0 0,0 0,0 0,0 0,0 0,0 0,0 0,0 
LOVRENC NA 
POHORJU 0,0 0,0 0,0 0,0 0,0 0,0 0,0 0,0 0,0 0,0 0,0 0,0 0,0 0,0 0,0 
LUČE 0,0 0,0 0,0 0,0 0,0 0,0 0,0 0,0 0,0 0,0 0,0 0,0 0,0 0,0 0,0 
LUKOVICA 0,0 0,0 0,0 0,0 0,0 0,0 0,0 0,0 0,0 0,0 0,0 0,0 0,0 0,0 0,0 
MARIBOR 0,0 0,0 0,0 0,0 0,0 0,0 0,0 0,0 0,0 0,0 0,0 0,0 0,0 0,0 0,0 
MARKOVCI 0,0 0,0 0,0 0,0 0,0 0,0 0,0 0,0 0,0 0,0 0,0 0,0 0,0 0,0 0,0 
MEDVODE 0,0 0,0 0,0 0,0 0,0 0,0 0,0 0,0 0,0 0,0 0,0 0,0 0,0 0,0 0,0 
MEŽICA 0,0 0,0 0,0 0,0 0,0 0,0 0,0 0,0 0,0 0,0 0,0 0,0 0,0 0,0 0,0 
MORAVČE 0,0 0,0 0,0 0,0 0,0 0,0 0,0 0,0 0,0 0,0 0,0 0,0 0,0 0,0 0,0 
MUTA 0,0 0,0 0,0 0,0 0,0 0,0 0,0 0,0 0,0 0,0 0,0 0,0 0,0 0,0 0,0 

NAKLO 0,0 0,0 0,0 0,0 0,0 0,0 0,0 0,0 0,0 0,0 0,0 0,0 0,0 0,0 0,0 
NOVA GORICA 0,0 0,0 0,0 0,0 0,0 0,0 0,0 0,0 0,0 0,0 0,0 0,0 0,0 0,0 0,0 
NOVO MESTO 0,0 0,0 0,0 0,0 0,0 0,0 0,0 0,0 0,0 0,0 0,0 0,0 0,0 0,0 0,0 
ODRANCI 0,0 0,0 0,0 0,0 0,0 0,0 0,0 0,0 0,0 0,0 0,0 0,0 0,0 0,0 0,0 
OPLOTNICA 0,0 0,0 0,0 0,0 0,0 0,0 0,0 0,0 0,0 0,0 0,0 0,0 0,0 0,0 0,0 
ORMOŽ 0,0 0,0 0,0 0,0 0,0 0,0 0,0 0,0 0,0 0,0 0,0 0,0 0,0 0,0 0,0 
PIRAN 0,0 0,0 0,0 0,0 0,0 0,0 0,0 0,0 0,0 0,0 0,0 0,0 0,0 0,0 0,0 
PODČETRTEK 0,0 0,0 0,0 0,0 0,0 0,0 0,0 0,0 0,0 0,0 0,0 0,0 0,0 0,0 0,0 
POLJČANE 0,0 0,0 0,0 0,0 0,0 0,0 0,0 0,0 0,0 0,0 0,0 0,0 0,0 0,0 0,0 
PREDDVOR 0,0 0,0 0,0 0,0 0,0 0,0 0,0 0,0 0,0 0,0 0,0 0,0 0,0 0,0 0,0 
RADEČE 0,0 0,0 0,0 0,0 0,0 0,0 0,0 0,0 0,0 0,0 0,0 0,0 0,0 0,0 0,0 
RAVNE NA 
KOROŠKEM 0,0 0,0 0,0 0,0 0,0 0,0 0,0 0,0 0,0 0,0 0,0 0,0 0,0 0,0 0,0 
REČICA OB 
SAVINJI 0,0 0,0 0,0 0,0 0,0 0,0 0,0 0,0 0,0 0,0 0,0 0,0 0,0 0,0 0,0 
RIBNICA 0,0 0,0 0,0 0,0 0,0 0,0 0,0 0,0 0,0 0,0 0,0 0,0 0,0 0,0 0,0 
RIBNICA NA 
POHORJU 0,0 0,0 0,0 0,0 0,0 0,0 0,0 0,0 0,0 0,0 0,0 0,0 0,0 0,0 0,0 
ROGAŠKA 
SLATINA 0,0 0,0 0,0 0,0 0,0 0,0 0,0 0,0 0,0 0,0 0,0 0,0 0,0 0,0 0,0 
ROGAŠOVCI 0,0 0,0 0,0 0,0 0,0 0,0 0,0 0,0 0,0 0,0 0,0 0,0 0,0 0,0 0,0 
RUŠE 0,0 0,0 0,0 0,0 0,0 0,0 0,0 0,0 0,0 0,0 0,0 0,0 0,0 0,0 0,0 
SELNICA OB 
DRAVI 0,0 0,0 0,0 0,0 0,0 0,0 0,0 0,0 0,0 0,0 0,0 0,0 0,0 0,0 0,0 
SEVNICA 0,0 0,0 0,0 0,0 0,0 0,0 0,0 0,0 0,0 0,0 0,0 0,0 0,0 0,0 0,0 
SEŽANA 0,0 0,0 0,0 0,0 0,0 0,0 0,0 0,0 0,0 0,0 0,0 0,0 0,0 0,0 0,0 
SLOVENSKA 
BISTRICA 0,0 0,0 0,0 0,0 0,0 0,0 0,0 0,0 0,0 0,0 0,0 0,0 0,0 0,0 0,0 
SODRAŽICA 0,0 0,0 0,0 0,0 0,0 0,0 0,0 0,0 0,0 0,0 0,0 0,0 0,0 0,0 0,0 
SOLČAVA 0,0 0,0 0,0 0,0 0,0 0,0 0,0 0,0 0,0 0,0 0,0 0,0 0,0 0,0 0,0 
SREDIŠČE OB 
DRAVI 0,0 0,0 0,0 0,0 0,0 0,0 0,0 0,0 0,0 0,0 0,0 0,0 0,0 0,0 0,0 
STARŠE 0,0 0,0 0,0 0,0 0,0 0,0 0,0 0,0 0,0 0,0 0,0 0,0 0,0 0,0 0,0 
SVETA ANA 0,0 0,0 0,0 0,0 0,0 0,0 0,0 0,0 0,0 0,0 0,0 0,0 0,0 0,0 0,0 
SV. TROJICA V 
SLOVENSKIH 
GORICAH 0,0 0,0 0,0 0,0 0,0 0,0 0,0 0,0 0,0 0,0 0,0 0,0 0,0 0,0 0,0 
SV. ANDRAŽ V 
SLOVENSKIH 
GORICAH 0,0 0,0 0,0 0,0 0,0 0,0 0,0 0,0 0,0 0,0 0,0 0,0 0,0 0,0 0,0 

SVETI JURIJ 0,0 0,0 0,0 0,0 0,0 0,0 0,0 0,0 0,0 0,0 0,0 0,0 0,0 0,0 0,0 
SV. JURIJ V 
SLOVENSKIH 
GORICAH 0,0 0,0 0,0 0,0 0,0 0,0 0,0 0,0 0,0 0,0 0,0 0,0 0,0 0,0 0,0 
SVETI TOMAŽ 0,0 0,0 0,0 0,0 0,0 0,0 0,0 0,0 0,0 0,0 0,0 0,0 0,0 0,0 0,0 
ŠEMPETER-
VRTOJBA 0,0 0,0 0,0 0,0 0,0 0,0 0,0 0,0 0,0 0,0 0,0 0,0 0,0 0,0 0,0 
ŠENTILJ 0,0 0,0 0,0 0,0 0,0 0,0 0,0 0,0 0,0 0,0 0,0 0,0 0,0 0,0 0,0 
ŠENTRUPERT 0,0 0,0 0,0 0,0 0,0 0,0 0,0 0,0 0,0 0,0 0,0 0,0 0,0 0,0 0,0 
ŠKOFJA LOKA 0,0 0,0 0,0 0,0 0,0 0,0 0,0 0,0 0,0 0,0 0,0 0,0 0,0 0,0 0,0 
ŠMARJE PRI 
JELŠAH 0,0 0,0 0,0 0,0 0,0 0,0 0,0 0,0 0,0 0,0 0,0 0,0 0,0 0,0 0,0 
ŠMARTNO OB 
PAKI 0,0 0,0 0,0 0,0 0,0 0,0 0,0 0,0 0,0 0,0 0,0 0,0 0,0 0,0 0,0 
ŠMARTNO PRI 
LITIJI 0,0 0,0 0,0 0,0 0,0 0,0 0,0 0,0 0,0 0,0 0,0 0,0 0,0 0,0 0,0 
ŠOŠTANJ 0,0 0,0 0,0 0,0 0,0 0,0 0,0 0,0 0,0 0,0 0,0 0,0 0,0 0,0 0,0 
ŠTORE 0,0 0,0 0,0 0,0 0,0 0,0 0,0 0,0 0,0 0,0 0,0 0,0 0,0 0,0 0,0 
TABOR 0,0 0,0 0,0 0,0 0,0 0,0 0,0 0,0 0,0 0,0 0,0 0,0 0,0 0,0 0,0 
TRBOVLJE 0,0 0,0 0,0 0,0 0,0 0,0 0,0 0,0 0,0 0,0 0,0 0,0 0,0 0,0 0,0 
TRNOVSKA VAS 0,0 0,0 0,0 0,0 0,0 0,0 0,0 0,0 0,0 0,0 0,0 0,0 0,0 0,0 0,0 
TRZIN 0,0 0,0 0,0 0,0 0,0 0,0 0,0 0,0 0,0 0,0 0,0 0,0 0,0 0,0 0,0 
TURNIŠČE 0,0 0,0 0,0 0,0 0,0 0,0 0,0 0,0 0,0 0,0 0,0 0,0 0,0 0,0 0,0 
VELIKE LAŠČE 0,0 0,0 0,0 0,0 0,0 0,0 0,0 0,0 0,0 0,0 0,0 0,0 0,0 0,0 0,0 
VERŽEJ 0,0 0,0 0,0 0,0 0,0 0,0 0,0 0,0 0,0 0,0 0,0 0,0 0,0 0,0 0,0 
VIDEM 0,0 0,0 0,0 0,0 0,0 0,0 0,0 0,0 0,0 0,0 0,0 0,0 0,0 0,0 0,0 
VODICE 0,0 0,0 0,0 0,0 0,0 0,0 0,0 0,0 0,0 0,0 0,0 0,0 0,0 0,0 0,0 
VRANSKO 0,0 0,0 0,0 0,0 0,0 0,0 0,0 0,0 0,0 0,0 0,0 0,0 0,0 0,0 0,0 
VRHNIKA 0,0 0,0 0,0 0,0 0,0 0,0 0,0 0,0 0,0 0,0 0,0 0,0 0,0 0,0 0,0 
VUZENICA 0,0 0,0 0,0 0,0 0,0 0,0 0,0 0,0 0,0 0,0 0,0 0,0 0,0 0,0 0,0 
ZAGORJE OB 
SAVI 0,0 0,0 0,0 0,0 0,0 0,0 0,0 0,0 0,0 0,0 0,0 0,0 0,0 0,0 0,0 
ZAVRČ 0,0 0,0 0,0 0,0 0,0 0,0 0,0 0,0 0,0 0,0 0,0 0,0 0,0 0,0 0,0 
ŽALEC 0,0 0,0 0,0 0,0 0,0 0,0 0,0 0,0 0,0 0,0 0,0 0,0 0,0 0,0 0,0 
ŽIRI 0,0 0,0 0,0 0,0 0,0 0,0 0,0 0,0 0,0 0,0 0,0 0,0 0,0 0,0 0,0 
ŽIROVNICA 0,0 0,0 0,0 0,0 0,0 0,0 0,0 0,0 0,0 0,0 0,0 0,0 0,0 0,0 0,0 
ŽUŽEMBERK 0,0 0,0 0,0 0,0 0,0 0,0 0,0 0,0 0,0 0,0 0,0 0,0 0,0 0,0 0,0 
 

 
Tabela 6: Prihodek iz naslova Najemnin za kmetijska zemljišča in gozdove (urejeno padajoče glede na povprečje 2007-2020) na prebivalca (v EUR) 
OBČINA 2007 2008 2009 2010 2011 2012 2013 2014 2015 2016 2017 2018 2019 2020 x̄ 
VELIKA POLANA 0,03 0,18 0,02 0,17 0,14 0,04 0,21 0,10 0,23 0,21 43,66 55,02 0,17 0,20 7,17 
KOČEVJE 1,17 1,10 1,02 0,88 0,99 1,47 1,69 1,88 2,04 1,74 1,99 1,90 1,98 2,29 1,58 
MORAVSKE 
TOPLICE 0,00 0,00 0,02 0,01 0,00 2,05 1,17 1,17 1,17 1,34 3,28 2,46 2,46 1,53 1,19 
OSILNICA 14,76 0,00 0,00 0,00 0,00 0,00 0,00 0,00 0,00 0,00 0,00 0,00 0,00 0,00 1,05 
BLED 1,09 1,85 0,02 0,47 1,39 1,18 1,50 0,88 1,12 1,11 1,22 0,62 0,62 0,66 0,98 
PESNICA 0,99 1,56 1,21 0,95 1,54 1,39 1,12 0,91 1,27 0,34 0,35 0,21 0,51 0,27 0,90 
BOVEC 0,00 0,00 0,00 0,46 0,63 0,50 0,79 0,40 0,40 0,76 1,38 4,43 0,73 1,04 0,82 
ŠALOVCI 1,47 0,20 0,80 0,32 0,60 0,68 1,00 0,82 1,25 1,29 0,71 0,16 0,22 0,16 0,69 
VIPAVA 1,97 1,37 0,39 1,41 0,31 0,31 0,29 0,34 0,40 0,42 0,03 0,59 0,48 0,27 0,61 
MOZIRJE 0,00 0,00 0,00 0,00 0,00 0,00 0,00 0,00 7,09 0,00 0,00 0,00 0,00 0,00 0,51 
METLIKA 1,08 1,22 0,83 0,80 0,92 0,53 0,46 0,18 0,18 0,16 0,19 0,21 0,16 0,13 0,50 
HRPELJE-
KOZINA 0,00 0,00 0,00 0,00 0,00 0,00 0,00 0,00 0,00 0,00 0,00 0,00 1,94 4,80 0,48 
TRŽIČ 0,01 0,14 0,23 0,28 0,20 0,24 0,67 0,40 0,37 0,45 0,59 0,64 0,74 1,36 0,45 
TREBNJE 1,33 0,89 0,78 0,60 0,55 0,50 0,51 0,56 0,03 0,00 0,00 0,00 0,00 0,00 0,41 
DOBREPOLJE 0,11 0,20 0,11 0,00 0,14 0,00 0,12 0,00 0,18 0,31 3,53 0,31 0,00 0,00 0,36 
RADOVLJICA 0,94 0,02 0,05 0,06 0,06 0,19 0,32 0,38 0,39 0,43 0,41 0,63 0,51 0,68 0,36 
KIDRIČEVO 0,00 0,00 0,00 0,26 0,60 0,56 0,38 0,33 0,41 0,40 0,15 0,86 0,39 0,51 0,35 
SEMIČ 0,00 0,00 0,00 0,00 0,00 0,00 1,12 1,17 0,05 1,05 0,08 0,12 0,06 1,21 0,35 
RADLJE OB 
DRAVI 0,00 0,00 0,00 0,00 0,00 0,52 0,56 0,56 0,54 0,55 0,51 0,49 0,24 0,54 0,32 
SLOVENJ 
GRADEC 0,11 0,14 0,11 0,08 0,10 0,16 0,36 0,47 0,50 0,47 0,53 0,44 0,43 0,63 0,32 
LENDAVA 0,07 0,07 0,20 0,13 0,05 0,30 0,31 0,32 0,37 0,24 0,93 0,42 0,10 0,58 0,29 
RAČE-FRAM 0,11 0,27 0,24 0,25 0,25 0,33 0,28 0,19 0,15 0,17 0,29 0,51 0,30 0,41 0,27 
PREVALJE 0,25 0,22 0,23 0,18 0,24 0,24 0,18 0,17 0,22 0,29 0,35 0,37 0,31 0,25 0,25 
DESTRNIK 0,00 0,00 0,00 0,00 0,00 0,00 0,00 0,00 0,00 0,91 0,57 0,80 0,48 0,58 0,24 
DOBROVNIK 0,00 0,00 0,00 0,00 0,00 0,01 0,00 0,06 0,22 0,36 0,45 0,23 0,68 1,10 0,22 
STRAŽA 0,00 0,00 0,00 0,53 0,24 0,21 0,24 0,65 0,52 0,55 0,00 0,00 0,00 0,00 0,21 
BRDA 0,07 0,00 0,00 0,00 0,00 0,00 0,00 0,00 0,47 0,01 0,93 0,47 0,00 0,92 0,20 
ŠENČUR 0,36 0,24 0,28 0,19 0,13 0,13 0,13 0,14 0,17 0,17 0,23 0,18 0,18 0,24 0,20 
ŠKOFLJICA 0,15 0,02 0,00 0,00 0,00 0,00 0,11 0,00 0,22 0,00 0,00 0,00 1,54 0,83 0,20 
DRAVOGRAD 0,11 0,13 0,18 0,15 0,15 0,16 0,16 0,11 0,00 0,24 0,47 0,23 0,24 0,23 0,18 

BELTINCI 0,02 0,03 0,18 0,16 0,10 0,15 0,11 0,10 0,33 0,22 0,14 0,26 0,24 0,04 0,15 
BOHINJ 2,16 0,00 0,00 0,00 0,00 0,00 0,00 0,00 0,00 0,00 0,00 0,00 0,00 0,00 0,15 
LJUBNO 0,01 0,01 0,01 0,04 0,09 0,18 0,19 0,24 0,25 0,17 0,22 0,15 0,08 0,42 0,15 
GORNJI GRAD 0,00 0,00 0,00 0,00 0,00 0,00 0,00 0,20 0,17 0,29 0,30 0,28 0,32 0,42 0,14 
APAČE 0,00 0,00 0,00 0,00 0,20 0,20 0,14 0,14 0,18 0,06 0,06 0,24 0,31 0,30 0,13 
CERKLJE NA 
GORENJSKEM 0,15 0,06 0,22 0,03 0,23 0,08 0,04 0,23 0,19 0,19 0,21 0,07 0,06 0,06 0,13 
MAJŠPERK 0,00 0,01 0,88 0,00 0,00 0,17 0,05 0,04 0,11 0,10 0,10 0,11 0,10 0,11 0,13 
ŠENTJUR 1,46 0,36 0,00 0,00 0,00 0,00 0,00 0,00 0,00 0,00 0,00 0,00 0,00 0,00 0,13 
MURSKA 
SOBOTA 0,00 0,00 0,02 0,00 0,10 0,03 0,37 0,09 0,30 0,12 0,28 0,14 0,12 0,10 0,12 
BISTRICA OB 
SOTLI 0,00 0,00 0,00 0,00 0,00 0,00 0,21 0,00 0,21 0,14 0,35 0,21 0,21 0,21 0,11 
MOKRONOG-
TREBELNO 0,00 0,00 0,00 0,00 0,00 0,00 0,10 0,00 0,00 0,37 0,20 0,25 0,29 0,33 0,11 
PODLEHNIK 0,00 0,00 0,00 0,00 0,09 0,00 0,00 0,00 0,19 0,19 0,23 0,27 0,24 0,29 0,11 
ŠKOCJAN 0,03 0,02 0,00 0,05 0,31 0,22 0,14 0,10 0,12 0,03 0,19 0,05 0,17 0,11 0,11 
PIVKA 0,00 0,10 0,26 0,14 0,01 0,30 0,15 0,19 0,00 0,18 0,00 0,00 0,00 0,00 0,10 
BOROVNICA 0,29 0,29 0,32 0,31 0,00 0,00 0,00 0,00 0,00 0,00 0,00 0,00 0,00 0,00 0,09 
GORJE 0,09 0,30 0,16 0,08 0,04 0,08 0,04 0,04 0,12 0,12 0,04 0,04 0,04 0,04 0,09 
LJUTOMER 0,05 0,09 0,05 0,13 0,14 0,10 0,12 0,13 0,10 0,09 0,09 0,04 0,04 0,05 0,09 
MAKOLE 0,00 0,00 0,00 0,00 0,00 0,00 0,34 0,21 0,19 0,02 0,41 0,00 0,00 0,11 0,09 
TOLMIN 0,04 0,03 0,03 0,03 0,02 0,13 0,07 0,08 0,10 0,13 0,13 0,20 0,13 0,17 0,09 
CERKNICA 0,00 0,00 0,00 0,00 0,00 0,00 0,02 0,07 0,13 0,13 0,17 0,15 0,23 0,22 0,08 
DOBJE 0,00 0,10 0,10 0,16 0,20 0,00 0,00 0,00 0,00 0,05 0,05 0,17 0,06 0,22 0,08 
LITIJA 0,00 0,00 0,00 0,00 0,01 0,01 0,02 0,00 0,15 0,18 0,20 0,21 0,20 0,19 0,08 
MIRNA PEČ 0,02 0,01 0,05 0,05 0,05 0,07 0,10 0,02 0,18 0,10 0,10 0,14 0,04 0,16 0,08 
MISLINJA 0,21 0,17 0,18 0,35 0,19 0,00 0,00 0,00 0,00 0,00 0,00 0,00 0,00 0,00 0,08 
KRANJSKA 
GORA 0,00 0,00 0,00 0,00 0,06 0,00 0,00 0,00 0,00 0,20 0,17 0,17 0,17 0,17 0,07 
MIRNA     0,00 0,49 0,51 0,00 0,00 0,00 0,00 0,00 0,00 0,00 0,07 
Skupaj občine  0,08 0,05 0,04 0,04 0,04 0,05 0,07 0,06 0,08 0,06 0,11 0,11 0,08 0,09 0,07 
KRŠKO 0,01 0,05 0,00 0,22 0,00 0,00 0,42 0,01 0,02 0,01 0,01 0,01 0,07 0,03 0,06 
KUNGOTA 0,02 0,02 0,08 0,02 0,09 0,08 0,08 0,08 0,09 0,09 0,07 0,06 0,01 0,06 0,06 
MIREN-
KOSTANJEVICA 0,00 0,00 0,00 0,00 0,00 0,00 0,00 0,00 0,00 0,00 0,08 0,07 0,69 0,07 0,06 
PUCONCI 0,01 0,02 0,02 0,03 0,02 0,02 0,02 0,00 0,06 0,06 0,06 0,06 0,09 0,14 0,05 

ČRNA NA 
KOROŠKEM 0,00 0,00 0,00 0,00 0,00 0,01 0,01 0,05 0,37 0,04 0,07 0,06 0,00 0,00 0,04 
PODVELKA 0,00 0,00 0,00 0,00 0,01 0,00 0,00 0,00 0,00 0,00 0,18 0,11 0,04 0,28 0,04 
RAZKRIŽJE 0,02 0,02 0,02 0,02 0,02 0,02 0,13 0,00 0,00 0,00 0,00 0,27 0,00 0,00 0,04 
GORENJA VAS-
POLJANE 0,06 0,06 0,06 0,01 0,00 0,00 0,00 0,00 0,05 0,05 0,00 0,06 0,07 0,07 0,03 
GORIŠNICA 0,00 0,00 0,00 0,00 0,00 0,00 0,00 0,00 0,11 0,00 0,11 0,05 0,05 0,05 0,03 
IG 0,01 0,01 0,00 0,02 0,00 0,00 0,00 0,00 0,00 0,20 0,19 0,02 0,00 0,00 0,03 
ZREČE 0,00 0,00 0,00 0,00 0,00 0,00 0,01 0,03 0,03 0,09 0,10 0,07 0,08 0,08 0,03 
AJDOVŠČINA 0,01 0,03 0,04 0,03 0,02 0,02 0,02 0,02 0,02 0,02 0,02 0,02 0,00 0,00 0,02 
BLOKE 0,12 0,11 0,00 0,00 0,00 0,00 0,00 0,00 0,00 0,00 0,00 0,00 0,00 0,00 0,02 
CERKNO 0,00 0,09 0,19 0,01 0,00 0,00 0,00 0,00 0,00 0,00 0,00 0,00 0,00 0,00 0,02 
HRASTNIK 0,04 0,05 0,07 0,07 0,00 0,00 0,00 0,00 0,00 0,00 0,00 0,00 0,00 0,00 0,02 
KUZMA 0,00 0,00 0,00 0,22 0,00 0,10 0,00 0,00 0,00 0,00 0,00 0,00 0,00 0,00 0,02 
LAŠKO 0,00 0,01 0,01 0,01 0,03 0,05 0,03 0,03 0,04 0,03 0,05 0,03 0,04 0,00 0,02 
NAZARJE 0,00 0,00 0,00 0,00 0,00 0,00 0,00 0,00 0,14 0,14 0,00 0,00 0,00 0,00 0,02 
POLZELA 0,00 0,00 0,00 0,00 0,00 0,00 0,00 0,00 0,00 0,00 0,11 0,08 0,05 0,08 0,02 
RADENCI 0,00 0,00 0,00 0,00 0,00 0,00 0,00 0,00 0,00 0,00 0,06 0,10 0,06 0,10 0,02 
TIŠINA 0,02 0,02 0,02 0,02 0,02 0,02 0,02 0,02 0,02 0,06 0,04 0,04 0,02 0,02 0,02 
DIVAČA 0,00 0,00 0,00 0,00 0,00 0,00 0,00 0,00 0,00 0,02 0,06 0,00 0,00 0,00 0,01 
DOBRNA 0,06 0,00 0,00 0,00 0,00 0,00 0,00 0,00 0,00 0,00 0,01 0,00 0,00 0,00 0,01 
JEZERSKO 0,00 0,00 0,00 0,00 0,00 0,00 0,00 0,04 0,04 0,04 0,04 0,04 0,00 0,00 0,01 
KOBILJE 0,10 0,00 0,00 0,00 0,00 0,00 0,00 0,00 0,00 0,00 0,00 0,00 0,00 0,00 0,01 
KOSTEL 0,00 0,00 0,00 0,00 0,00 0,00 0,00 0,00 0,00 0,00 0,00 0,08 0,00 0,00 0,01 
MENGEŠ 0,19 0,00 0,00 0,00 0,00 0,00 0,00 0,00 0,00 0,00 0,00 0,00 0,00 0,00 0,01 
PREBOLD 0,00 0,00 0,00 0,00 0,00 0,00 0,00 0,00 0,00 0,03 0,00 0,06 0,00 0,02 0,01 
ROGATEC 0,00 0,00 0,06 0,06 0,00 0,00 0,00 0,00 0,00 0,00 0,00 0,00 0,00 0,00 0,01 
SLOVENSKE 
KONJICE 0,00 0,00 0,00 0,00 0,00 0,00 0,01 0,01 0,01 0,01 0,01 0,01 0,01 0,04 0,01 
ŠENTJERNEJ 0,00 0,00 0,00 0,00 0,00 0,00 0,00 0,00 0,02 0,01 0,01 0,01 0,01 0,01 0,01 
VOJNIK 0,00 0,00 0,00 0,00 0,00 0,00 0,12 0,00 0,00 0,00 0,00 0,00 0,00 0,00 0,01 
ŽETALE 0,03 0,00 0,00 0,02 0,02 0,02 0,02 0,02 0,00 0,00 0,00 0,00 0,00 0,00 0,01 
ANKARAN         0,00 0,00 0,00 0,00 0,00 0,00 0,00 
BENEDIKT 0,00 0,00 0,00 0,00 0,00 0,00 0,00 0,00 0,00 0,00 0,00 0,00 0,00 0,00 0,00 
BRASLOVČE 0,00 0,00 0,00 0,00 0,00 0,00 0,00 0,00 0,00 0,00 0,00 0,00 0,00 0,00 0,00 
BREZOVICA 0,00 0,00 0,00 0,00 0,00 0,00 0,00 0,00 0,00 0,00 0,00 0,00 0,00 0,00 0,00 

BREŽICE 0,00 0,00 0,00 0,00 0,00 0,00 0,00 0,00 0,00 0,00 0,00 0,00 0,00 0,00 0,00 
CANKOVA 0,00 0,00 0,00 0,00 0,00 0,00 0,00 0,00 0,00 0,00 0,00 0,00 0,00 0,00 0,00 
CELJE 0,00 0,00 0,00 0,00 0,00 0,00 0,00 0,00 0,00 0,00 0,00 0,00 0,00 0,00 0,00 
CERKVENJAK 0,00 0,00 0,00 0,00 0,00 0,00 0,00 0,00 0,00 0,00 0,00 0,00 0,00 0,00 0,00 
CIRKULANE 0,00 0,00 0,00 0,00 0,00 0,00 0,00 0,00 0,00 0,00 0,00 0,00 0,00 0,00 0,00 
ČRENŠOVCI 0,00 0,00 0,00 0,00 0,00 0,00 0,00 0,00 0,00 0,00 0,00 0,00 0,00 0,00 0,00 
ČRNOMELJ 0,00 0,00 0,00 0,00 0,00 0,00 0,00 0,00 0,00 0,00 0,00 0,00 0,00 0,00 0,00 
DOBROVA-
POLHOV 
GRADEC 0,00 0,00 0,00 0,00 0,00 0,00 0,00 0,00 0,00 0,00 0,00 0,00 0,00 0,00 0,00 
DOL PRI 
LJUBLJANI 0,00 0,00 0,00 0,00 0,00 0,00 0,00 0,00 0,00 0,00 0,00 0,00 0,00 0,00 0,00 
DOLENJSKE 
TOPLICE 0,00 0,00 0,00 0,00 0,00 0,00 0,00 0,00 0,00 0,00 0,00 0,00 0,00 0,00 0,00 
DOMŽALE 0,00 0,00 0,00 0,00 0,00 0,00 0,00 0,00 0,00 0,00 0,00 0,00 0,00 0,00 0,00 
DORNAVA 0,00 0,00 0,00 0,00 0,00 0,00 0,00 0,00 0,00 0,00 0,00 0,00 0,00 0,00 0,00 
DUPLEK 0,00 0,00 0,00 0,00 0,00 0,00 0,00 0,00 0,00 0,00 0,00 0,00 0,02 0,00 0,00 
GORNJA 
RADGONA 0,00 0,00 0,00 0,00 0,00 0,00 0,00 0,00 0,00 0,00 0,00 0,00 0,00 0,00 0,00 
GORNJI 
PETROVCI 0,00 0,00 0,00 0,00 0,00 0,00 0,00 0,00 0,00 0,00 0,00 0,00 0,00 0,00 0,00 
GRAD 0,00 0,00 0,00 0,00 0,00 0,00 0,00 0,00 0,00 0,00 0,00 0,00 0,00 0,00 0,00 
GROSUPLJE 0,00 0,00 0,00 0,00 0,00 0,00 0,00 0,00 0,00 0,00 0,00 0,00 0,00 0,00 0,00 
HAJDINA 0,00 0,00 0,00 0,00 0,00 0,00 0,00 0,00 0,00 0,00 0,00 0,00 0,00 0,00 0,00 
HOČE-SLIVNICA 0,00 0,00 0,00 0,00 0,00 0,00 0,00 0,00 0,00 0,00 0,00 0,00 0,00 0,00 0,00 
HODOŠ 0,00 0,00 0,00 0,00 0,00 0,00 0,00 0,00 0,00 0,00 0,00 0,00 0,00 0,00 0,00 
HORJUL 0,00 0,00 0,00 0,00 0,00 0,00 0,00 0,00 0,00 0,00 0,00 0,00 0,00 0,00 0,00 
IDRIJA 0,00 0,00 0,00 0,00 0,00 0,00 0,06 0,00 0,00 0,00 0,00 0,00 0,00 0,00 0,00 
ILIRSKA 
BISTRICA 0,00 0,00 0,00 0,00 0,00 0,00 0,00 0,00 0,00 0,00 0,00 0,00 0,00 0,00 0,00 
IVANČNA 
GORICA 0,00 0,00 0,00 0,00 0,00 0,00 0,00 0,00 0,00 0,00 0,00 0,00 0,00 0,00 0,00 
IZOLA 0,00 0,00 0,00 0,00 0,00 0,00 0,00 0,00 0,00 0,00 0,00 0,00 0,00 0,00 0,00 
JESENICE 0,00 0,00 0,00 0,00 0,00 0,00 0,00 0,00 0,00 0,00 0,00 0,00 0,00 0,00 0,00 
JURŠINCI 0,00 0,00 0,00 0,00 0,00 0,00 0,00 0,00 0,00 0,00 0,00 0,00 0,00 0,00 0,00 
KAMNIK 0,00 0,00 0,00 0,00 0,00 0,00 0,00 0,00 0,00 0,00 0,00 0,00 0,00 0,00 0,00 
KANAL 0,00 0,00 0,00 0,00 0,00 0,00 0,00 0,00 0,00 0,00 0,00 0,00 0,00 0,00 0,00 
KOBARID 0,00 0,00 0,00 0,00 0,00 0,00 0,00 0,00 0,00 0,00 0,00 0,00 0,00 0,00 0,00 

KOMEN 0,00 0,00 0,00 0,00 0,00 0,00 0,00 0,00 0,00 0,00 0,00 0,00 0,00 0,00 0,00 
KOMENDA 0,00 0,00 0,00 0,00 0,00 0,00 0,00 0,00 0,00 0,00 0,00 0,00 0,00 0,00 0,00 
KOPER 0,00 0,00 0,00 0,00 0,00 0,00 0,00 0,00 0,00 0,00 0,00 0,00 0,00 0,00 0,00 
KOSTANJEVICA 
NA KRKI 0,00 0,00 0,00 0,00 0,00 0,00 0,00 0,00 0,00 0,00 0,00 0,00 0,00 0,00 0,00 
KOZJE 0,00 0,00 0,00 0,00 0,00 0,00 0,00 0,00 0,00 0,00 0,00 0,00 0,00 0,00 0,00 
KRANJ 0,00 0,00 0,00 0,00 0,00 0,00 0,00 0,00 0,00 0,00 0,00 0,00 0,00 0,00 0,00 
KRIŽEVCI 0,00 0,00 0,00 0,00 0,00 0,00 0,00 0,00 0,00 0,00 0,00 0,00 0,00 0,00 0,00 
LENART 0,00 0,00 0,00 0,00 0,00 0,00 0,00 0,00 0,00 0,00 0,00 0,00 0,00 0,00 0,00 
LJUBLJANA 0,00 0,00 0,00 0,00 0,00 0,00 0,00 0,00 0,00 0,01 0,00 0,00 0,00 0,00 0,00 
LOGATEC 0,00 0,00 0,00 0,00 0,00 0,00 0,00 0,00 0,00 0,00 0,00 0,00 0,00 0,00 0,00 
LOG-
DRAGOMER 0,00 0,00 0,00 0,00 0,00 0,00 0,00 0,00 0,00 0,00 0,00 0,00 0,00 0,00 0,00 
LOŠKA DOLINA 0,00 0,00 0,00 0,00 0,00 0,00 0,00 0,00 0,00 0,00 0,00 0,00 0,00 0,00 0,00 
LOŠKI POTOK 0,00 0,00 0,00 0,00 0,00 0,00 0,00 0,00 0,00 0,00 0,00 0,00 0,00 0,00 0,00 
LOVRENC NA 
POHORJU 0,00 0,00 0,00 0,00 0,00 0,00 0,00 0,00 0,00 0,00 0,00 0,00 0,00 0,00 0,00 
LUČE 0,00 0,00 0,00 0,00 0,00 0,00 0,00 0,00 0,00 0,00 0,00 0,00 0,00 0,00 0,00 
LUKOVICA 0,00 0,00 0,00 0,00 0,00 0,00 0,00 0,00 0,00 0,00 0,00 0,00 0,00 0,00 0,00 
MARIBOR 0,00 0,00 0,00 0,00 0,00 0,00 0,00 0,00 0,00 0,00 0,00 0,00 0,00 0,00 0,00 
MARKOVCI 0,00 0,00 0,00 0,00 0,00 0,00 0,00 0,00 0,00 0,00 0,00 0,00 0,00 0,00 0,00 
MEDVODE 0,00 0,00 0,00 0,00 0,00 0,00 0,00 0,00 0,00 0,00 0,00 0,00 0,00 0,00 0,00 
MEŽICA 0,00 0,00 0,00 0,00 0,00 0,00 0,00 0,00 0,00 0,00 0,00 0,00 0,00 0,00 0,00 
MIKLAVŽ NA 
DRAVSKEM 
POLJU 0,00 0,00 0,00 0,00 0,00 0,00 0,00 0,00 0,00 0,00 0,00 0,00 0,00 0,00 0,00 
MORAVČE 0,00 0,00 0,00 0,00 0,00 0,00 0,00 0,00 0,00 0,00 0,00 0,00 0,00 0,00 0,00 
MUTA 0,00 0,00 0,00 0,00 0,00 0,00 0,00 0,00 0,00 0,00 0,00 0,00 0,00 0,00 0,00 
NAKLO 0,00 0,00 0,00 0,00 0,00 0,00 0,00 0,00 0,00 0,00 0,00 0,00 0,00 0,00 0,00 
NOVA GORICA 0,00 0,00 0,00 0,00 0,00 0,00 0,00 0,00 0,00 0,00 0,00 0,00 0,00 0,00 0,00 
NOVO MESTO 0,00 0,00 0,00 0,00 0,00 0,00 0,00 0,00 0,00 0,00 0,00 0,00 0,00 0,00 0,00 
ODRANCI 0,00 0,00 0,00 0,00 0,00 0,00 0,00 0,00 0,00 0,00 0,00 0,00 0,00 0,00 0,00 
OPLOTNICA 0,00 0,00 0,00 0,00 0,00 0,00 0,00 0,00 0,00 0,00 0,00 0,00 0,00 0,00 0,00 
ORMOŽ 0,00 0,00 0,00 0,00 0,00 0,00 0,00 0,00 0,00 0,00 0,00 0,00 0,00 0,00 0,00 
PIRAN 0,00 0,00 0,00 0,00 0,00 0,00 0,00 0,00 0,00 0,00 0,00 0,00 0,00 0,00 0,00 
PODČETRTEK 0,00 0,00 0,00 0,00 0,00 0,00 0,00 0,00 0,00 0,00 0,00 0,00 0,00 0,00 0,00 
POLJČANE 0,00 0,00 0,00 0,00 0,00 0,00 0,00 0,00 0,00 0,00 0,00 0,00 0,00 0,00 0,00 

POSTOJNA 0,00 0,00 0,00 0,00 0,00 0,00 0,00 0,00 0,00 0,00 0,00 0,01 0,01 0,01 0,00 
PREDDVOR 0,00 0,00 0,00 0,00 0,00 0,00 0,00 0,00 0,00 0,00 0,00 0,00 0,00 0,00 0,00 
PTUJ 0,00 0,00 0,00 0,00 0,00 0,00 0,00 0,00 0,00 0,00 0,00 0,00 0,00 0,00 0,00 
RADEČE 0,00 0,00 0,00 0,00 0,00 0,00 0,00 0,00 0,00 0,00 0,00 0,00 0,00 0,00 0,00 
RAVNE NA 
KOROŠKEM 0,00 0,00 0,00 0,00 0,00 0,00 0,00 0,00 0,00 0,00 0,00 0,00 0,00 0,00 0,00 
REČICA OB 
SAVINJI 0,00 0,00 0,00 0,00 0,00 0,00 0,00 0,00 0,00 0,00 0,00 0,00 0,00 0,00 0,00 
RENČE-
VOGRSKO 0,00 0,00 0,00 0,00 0,00 0,00 0,00 0,00 0,00 0,00 0,00 0,00 0,00 0,00 0,00 
RIBNICA 0,00 0,00 0,00 0,00 0,00 0,00 0,00 0,00 0,00 0,00 0,00 0,00 0,00 0,00 0,00 
RIBNICA NA 
POHORJU 0,00 0,00 0,00 0,00 0,00 0,00 0,00 0,00 0,00 0,00 0,00 0,00 0,00 0,00 0,00 
ROGAŠKA 
SLATINA 0,00 0,00 0,00 0,00 0,00 0,00 0,00 0,00 0,00 0,00 0,00 0,00 0,00 0,00 0,00 
ROGAŠOVCI 0,00 0,00 0,00 0,00 0,00 0,00 0,00 0,00 0,00 0,00 0,00 0,00 0,00 0,00 0,00 
RUŠE 0,00 0,00 0,00 0,00 0,00 0,00 0,00 0,00 0,00 0,00 0,00 0,00 0,00 0,00 0,00 
SELNICA OB 
DRAVI 0,00 0,00 0,00 0,00 0,00 0,00 0,00 0,00 0,00 0,00 0,00 0,00 0,00 0,00 0,00 
SEVNICA 0,00 0,00 0,00 0,00 0,00 0,00 0,00 0,00 0,00 0,00 0,00 0,00 0,00 0,00 0,00 
SEŽANA 0,00 0,00 0,00 0,00 0,00 0,00 0,00 0,00 0,00 0,00 0,00 0,00 0,00 0,00 0,00 
SLOVENSKA 
BISTRICA 0,00 0,00 0,00 0,00 0,00 0,00 0,00 0,00 0,00 0,00 0,00 0,00 0,00 0,00 0,00 
SODRAŽICA 0,00 0,00 0,00 0,00 0,00 0,00 0,00 0,00 0,00 0,00 0,00 0,00 0,00 0,00 0,00 
SOLČAVA 0,00 0,00 0,00 0,00 0,00 0,00 0,00 0,00 0,00 0,00 0,00 0,00 0,00 0,00 0,00 
SREDIŠČE OB 
DRAVI 0,00 0,00 0,00 0,00 0,00 0,00 0,00 0,00 0,00 0,00 0,00 0,00 0,00 0,00 0,00 
STARŠE 0,00 0,00 0,00 0,00 0,00 0,00 0,00 0,00 0,00 0,00 0,00 0,00 0,00 0,00 0,00 
SVETA ANA 0,00 0,00 0,00 0,00 0,00 0,00 0,00 0,00 0,00 0,00 0,00 0,00 0,00 0,00 0,00 
SV. TROJICA V 
SLOVENSKIH 
GORICAH 0,00 0,00 0,00 0,00 0,00 0,00 0,00 0,00 0,00 0,00 0,00 0,00 0,00 0,00 0,00 
SV. ANDRAŽ V 
SLOVENSKIH 
GORICAH 0,00 0,00 0,00 0,00 0,00 0,00 0,00 0,00 0,00 0,00 0,00 0,00 0,00 0,00 0,00 
SVETI JURIJ 0,00 0,00 0,00 0,00 0,00 0,00 0,00 0,00 0,00 0,00 0,00 0,00 0,00 0,00 0,00 
SV. JURIJ V 
SLOVENSKIH 
GORICAH 0,00 0,00 0,00 0,00 0,00 0,00 0,00 0,00 0,00 0,00 0,00 0,00 0,00 0,00 0,00 
SVETI TOMAŽ 0,00 0,00 0,00 0,00 0,00 0,00 0,00 0,00 0,00 0,00 0,00 0,00 0,00 0,00 0,00 

ŠEMPETER-
VRTOJBA 0,00 0,00 0,00 0,00 0,00 0,00 0,00 0,00 0,00 0,00 0,00 0,00 0,00 0,00 0,00 
ŠENTILJ 0,00 0,00 0,00 0,00 0,00 0,00 0,00 0,00 0,00 0,00 0,00 0,00 0,00 0,00 0,00 
ŠENTRUPERT 0,00 0,00 0,00 0,00 0,00 0,00 0,00 0,00 0,00 0,00 0,00 0,00 0,00 0,00 0,00 
ŠKOFJA LOKA 0,00 0,00 0,00 0,00 0,00 0,00 0,00 0,00 0,00 0,00 0,00 0,00 0,00 0,00 0,00 
ŠMARJE PRI 
JELŠAH 0,00 0,00 0,00 0,00 0,00 0,00 0,00 0,00 0,00 0,00 0,00 0,00 0,00 0,00 0,00 
ŠMARJEŠKE 
TOPLICE 0,00 0,00 0,00 0,00 0,00 0,00 0,00 0,00 0,00 0,00 0,00 0,00 0,01 0,02 0,00 
ŠMARTNO OB 
PAKI 0,00 0,00 0,00 0,00 0,00 0,00 0,00 0,00 0,00 0,00 0,00 0,00 0,00 0,00 0,00 
ŠMARTNO PRI 
LITIJI 0,00 0,00 0,00 0,00 0,00 0,00 0,00 0,00 0,00 0,00 0,00 0,00 0,00 0,00 0,00 
ŠOŠTANJ 0,00 0,00 0,00 0,00 0,00 0,00 0,00 0,00 0,00 0,00 0,00 0,00 0,00 0,00 0,00 
ŠTORE 0,00 0,00 0,00 0,00 0,00 0,00 0,00 0,00 0,00 0,00 0,00 0,00 0,00 0,00 0,00 
TABOR 0,00 0,00 0,00 0,00 0,00 0,00 0,00 0,00 0,00 0,00 0,00 0,00 0,00 0,00 0,00 
TRBOVLJE 0,00 0,00 0,00 0,00 0,00 0,00 0,00 0,00 0,00 0,00 0,00 0,00 0,00 0,00 0,00 
TRNOVSKA VAS 0,00 0,00 0,00 0,00 0,00 0,00 0,00 0,00 0,00 0,00 0,00 0,00 0,00 0,00 0,00 
TRZIN 0,00 0,00 0,00 0,00 0,00 0,00 0,00 0,00 0,00 0,00 0,00 0,00 0,00 0,00 0,00 
TURNIŠČE 0,00 0,00 0,00 0,00 0,00 0,00 0,00 0,00 0,00 0,00 0,00 0,00 0,00 0,00 0,00 
VELENJE 0,00 0,00 0,00 0,00 0,00 0,00 0,00 0,00 0,00 0,00 0,00 0,00 0,00 0,00 0,00 
VELIKE LAŠČE 0,00 0,00 0,00 0,00 0,00 0,00 0,00 0,00 0,00 0,00 0,00 0,00 0,00 0,00 0,00 
VERŽEJ 0,00 0,00 0,00 0,00 0,00 0,00 0,00 0,00 0,00 0,00 0,00 0,00 0,00 0,00 0,00 
VIDEM 0,00 0,00 0,00 0,00 0,00 0,00 0,00 0,00 0,00 0,00 0,00 0,00 0,00 0,00 0,00 
VITANJE 0,00 0,00 0,00 0,00 0,00 0,02 0,02 0,00 0,00 0,00 0,00 0,00 0,00 0,00 0,00 
VODICE 0,00 0,00 0,00 0,00 0,00 0,00 0,00 0,00 0,00 0,00 0,00 0,00 0,00 0,00 0,00 
VRANSKO 0,00 0,00 0,00 0,00 0,00 0,00 0,00 0,00 0,00 0,00 0,00 0,00 0,00 0,00 0,00 
VRHNIKA 0,00 0,00 0,00 0,00 0,00 0,00 0,00 0,00 0,00 0,00 0,00 0,00 0,00 0,00 0,00 
VUZENICA 0,00 0,00 0,00 0,00 0,00 0,00 0,00 0,00 0,00 0,00 0,00 0,00 0,00 0,00 0,00 
ZAGORJE OB 
SAVI 0,00 0,00 0,00 0,00 0,00 0,00 0,00 0,00 0,00 0,00 0,00 0,00 0,00 0,00 0,00 
ZAVRČ 0,00 0,00 0,00 0,00 0,00 0,00 0,00 0,00 0,00 0,00 0,00 0,00 0,00 0,00 0,00 
ŽALEC 0,00 0,00 0,00 0,00 0,00 0,00 0,00 0,00 0,00 0,00 0,00 0,00 0,00 0,00 0,00 
ŽELEZNIKI 0,00 0,00 0,00 0,02 0,00 0,00 0,00 0,02 0,00 0,00 0,00 0,00 0,00 0,00 0,00 
ŽIRI 0,00 0,00 0,00 0,00 0,00 0,00 0,00 0,00 0,00 0,00 0,00 0,00 0,00 0,00 0,00 
ŽIROVNICA 0,00 0,00 0,00 0,00 0,00 0,00 0,00 0,00 0,00 0,00 0,00 0,00 0,00 0,00 0,00 
ŽUŽEMBERK 0,00 0,00 0,00 0,00 0,00 0,00 0,00 0,00 0,00 0,00 0,00 0,00 0,00 0,00 0,00 
 

 
 
 
Tabela 7: Prihodek iz naslova Prihodki od najemnin za poslovne prostore (urejeno padajoče glede na povprečje 2007-2020) v absolutnih zneskih (v EUR) 
OBČINA 2007 2008 2009 2010 2011 2012 2013 2014 2015 2016 2017 2018 2019 2020 x̄ 
Skupaj občine  19337574 20054413 18287648 18337907 19192432 17886781 17070151 16424134 15718463 15091040 15639744 15441426 15473514 13666004 16972945 
LJUBLJANA 4793271 5114760 3952944 3956400 3703375 3251537 3067404 2757635 2323950 2026858 2041722 1801251 1789240 1397128 2998391 
MARIBOR 1844766 2079958 1992341 1782512 1616717 1461366 1261429 1101787 1081433 1005370 992887,3 1029343 1086334 887237,5 1373106 
KOPER 1103863 1157040 1233044 1116208 1087841 1201487 1128014 1412142 1174050 1104126 1155543 1177107 1293404 990437,8 1166736 
CELJE 1376221 1145996 880794 917086 844269 896846,8 897098 880604 896279,5 872814,8 908302,9 1049447 834347,5 669045,5 933510,8 
IZOLA 424136,5 456088 496794 506864 520666 506998,8 551403,6 539740,2 734896,6 553870 823688,1 632187,7 697085,3 518910,8 568809,3 
PTUJ 576721,1 738126,9 714469 673066,6 650514,2 625541,3 528956,9 506271 452393,5 427622,5 426289,6 457529,8 356035,5 275742,2 529234,3 
SLOVENJ 
GRADEC 518529,7 569402,5 554102,3 650264,9 562527,5 647664,9 575899 440856,3 363415,2 345148,9 333150,7 299385,1 310659,8 313799,9 463200,5 
NOVA GORICA 377743 407479,5 451106,2 456331,6 415167,3 412031,3 464905 397353 356554,7 417937,5 364008,3 381509,6 394318,8 334788,2 402231 
DOMŽALE 398611 407435,5 435239,2 428242,3 419812,2 397912,5 374703,8 389430,7 356119,9 346815,4 287414,8 318958,3 291932,9 259487,8 365151,2 
RADOVLJICA 341052,6 349532,3 271051,5 331077,6 351261 213988,2 296882,5 295160,5 330584,6 318821,7 508477 453152 487323,6 381377,6 352124,5 
PIRAN 299834,2 243327,1 300076,8 340711,8 246495,4 496643,6 298380,3 320638,2 364058,6 324290,6 346483,8 361159,4 357790,1 277464,9 326953,9 
KOČEVJE 401590,6 387179 313292,4 292389,1 333163,4 275182,8 334399,3 326406,4 291152,3 288107,8 248488,9 285352,1 290831,1 268461,8 309714,1 
VELENJE 237381 266231,3 374654,7 345844 350101,8 438497,9 354420,8 299416,6 216923 233368,1 218373,5 224150,9 221159 186610,9 283366,7 
KRANJ 671268,8 371964,4 300507,2 246658,3 226187,1 218192,9 230870,7 222180,8 216702,5 216409,2 219562,3 235020,2 229250,5 253582,4 275596,9 
MURSKA 
SOBOTA 271005,6 258350,5 272625,5 247866,9 292845,6 294854,8 260958,2 283684,5 381854 295611,1 264245,3 159235,4 185170,4 190531 261345,6 
ŠKOFJA LOKA 310192,9 319490,5 299363 265359,3 271808,9 250804,4 256771,9 226556,3 209282,4 177993,7 167917,3 214877 177004,6 176372 237413,9 
TRBOVLJE 260549,6 223478,6 203080,8 210450,8 195653,4 192000,2 189781,5 187399,7 193722,5 190003,7 176453,6 155077,1 143707,1 153195,5 191039,6 
KRŠKO 170572,8 160751,3 200497,5 181104,7 181997 173876,5 163847,2 172848,2 160693,6 158868,4 151913,5 158740 165102 168178 169213,6 
IDRIJA 232790 211494,5 200832,6 157493,4 185243 238468,9 149480,1 142438,3 147477,1 142000,3 124221,7 121883,8 137343,9 86312,81 162677,2 
SEŽANA 97957 109883,1 102037,1 134526,4 161172,3 159699,5 165331,7 162166,5 159781,5 167383,1 181986,1 173820 166940,8 156206,5 149920,8 
BREŽICE 95044 96649,96 61995,69 166087,1 562487,6 210052 61851,5 109871,9 87930,44 125153,9 113271,8 74691,75 104557 81453,3 139364,1 
ŠENTILJ 98278,38 125896,1 161166,9 133092 118977,3 133040,6 149652,3 119267,1 178887,2 148247,1 144108,3 134254,9 146226,2 121182 136591,2 
JESENICE 185090,3 167636,8 195964,4 182495,3 177945,4 155875,8 126065,1 111035,8 95309,46 93800,6 85681,94 82626,93 85673,45 81667,5 130490,6 
VRHNIKA 165157 175696,5 133793,9 152239,7 140679,2 143750,8 121064,1 108125,1 104926,7 101518,1 100258,6 120409,1 95715,53 87439,67 125055,3 
DOBROVA-
POLHOV 
GRADEC 34610,89 33580,84 40650,63 37660,41 109504 109532,3 74185,54 71287,62 53136,81 126336,3 127153,9 252186 154067,2 433905,1 118414,1 
KAMNIK 155653,7 199014,8 94259,76 95704,51 113935,8 99751,75 122735,5 78112,81 72112,11 74996,67 75367,2 74064,21 81373,79 62531,38 99972,42 
TREBNJE 110294,5 105438,7 98730,48 94753,35 98954,26 92672,21 131363,5 113824,9 95043,69 86402,98 86788,51 81026,19 89339,88 86537,77 97940,79 

AJDOVŠČINA 65091,62 101216,1 77591,26 77915 76866,14 75928,22 84438,57 114310,2 105303 116273,1 112433,1 118825,4 130546,9 106666,5 97386,08 
RAVNE NA 
KOROŠKEM 83328 63903,53 68803,97 71507,79 87339,12 129901,3 64660,03 82749,9 75416,92 129288,1 154901,7 114343,6 115826,2 90800,54 95197,9 
GROSUPLJE 97987 94521,75 86360 82598 90684,39 100255,3 92319,3 100706,5 95313,23 76484,25 99129,85 72675,41 65381,91 171734,1 94725,07 
POSTOJNA 93855,66 192918 88945,8 102436,6 105152,7 105029,3 74291,7 79874,52 76720,3 61393,18 62961,75 89100,3 68036,92 70144,94 90775,84 
ŠENTJERNEJ 10697 1017,91 5663,74 40993,94 779136 47029,94 52046,61 45762,24 39808,67 45431,76 48443,63 49310,23 53367,79 45717,01 90316,18 
SLOVENSKA 
BISTRICA 87501,81 76690,29 85862,05 94728,35 84203,61 76275,8 77094,96 75450,03 60505,55 69837,88 63931,68 58168,32 116957,7 223414,9 89330,21 
ŠENTJUR 47787 44325,84 46506,11 48454,37 88350,07 100155 225341,1 87708,66 102245,1 87409,17 73807,59 96462,7 83344,18 77936,69 86416,69 
TRŽIČ 65974 86708,16 196796,1 72680,59 70060,14 69657,34 79194,65 75213,71 76526,16 78725,33 87820,37 85544,11 86809,93 70000,76 85836,52 
LOGATEC 101975,9 88251,34 82904,5 112509 92113,66 85189,01 77227,6 78697,75 84319,05 79418,93 71617,37 76257,38 82855,03 69621,46 84497 
SLOVENSKE 
KONJICE 71481,79 66078,88 71897,68 85197,21 102874,3 108553,9 97195,67 94381,77 100876,7 94452,28 101752,1 79445,73 70626,67 37585,96 84457,19 
PIVKA 67620,84 59185,06 58828,61 91828,92 64775,14 60382,05 72600,28 72195,03 90064,68 93055,11 91342,15 96345,87 103603,2 105607,7 80531,05 
MENGEŠ 97393,24 106853,5 98222,93 80969,82 53282,58 48185,08 79587,1 79993,92 95178,9 48517,59 87543,45 87182,86 88916,94 57674,18 79250,15 
RUŠE 62242 54742,33 91993,6 0 87830,81 87859,89 89875,89 91799,7 100883,6 87035 84127,08 87986,91 89143,04 92049,77 79112,11 
LAŠKO 27605 28669,83 25543,48 58794,89 99014,13 93165,2 102125,3 103540,9 96402,51 82326,18 91912,24 82278,39 90801,73 82455,19 76045,35 
BREZOVICA 53299,8 38425,68 54460,49 140700,6 36471,99 77847,04 69656,99 80408,63 75656,5 72093,4 82222,2 77657,47 116218,4 83469,13 75613,45 
ILIRSKA 
BISTRICA 97120 97892,53 107760,9 96821,37 75771,3 70695,51 49119,51 54176,96 50888,63 65013,51 58762,43 64659,59 65315,75 60141,79 72438,56 
ŠENČUR 41905,29 39751,78 41423,25 53873,62 49658,8 53087,79 48882,45 56698,95 74291,69 105888,4 111424,9 117920,8 118733,5 69875,45 70244,05 
ŠEMPETER-
VRTOJBA 50390 90326 28959,27 41388 186640,1 64548,86 104761,1 89031,03 36603,32 52021,89 38210,15 41953,61 40390,04 53579,36 65628,76 
VELIKE LAŠČE 30927,76 30089,33 43114,54 42769,96 49248,2 69156,29 75776,6 68727,88 66597,45 84478,03 84568,57 101629 92889,43 64724,01 64621,22 
ZAGORJE OB 
SAVI 54067 58789,93 60030,57 69541,92 61512,05 64130,74 53423,31 49140,32 58225,37 56026,75 67958,16 56844,52 71351,9 105314,1 63311,19 
ŠMARJE PRI 
JELŠAH 112297,3 128577 123515,6 129551,7 106844,2 82148,7 67075,46 50860,74 34078,66 9398,85 8522,12 7063,66 6848,56 5875,96 62332,75 
ŽELEZNIKI 72518,05 42710,02 67996,44 73675,81 61801,65 60269,6 60668,68 63530,48 59629,17 59859,61 60281,81 61399,97 63361,5 50283,91 61284,76 
VODICE 49532,97 46665,1 55789,29 52480,11 50978,11 54200,93 54853,2 44877,3 38891,32 72020,02 80381,18 91636,3 81402,39 62809,9 59751,29 
BOHINJ 41724 57593,24 65481,55 58585,56 54776,46 56632,18 61300,86 56995,98 56176,97 56211,61 61403,99 61652,33 73617,05 70233,14 59456,07 
RADLJE OB 
DRAVI 10299,06 96486,58 30586,28 38494,68 42910,85 46478,79 102356,4 43816,56 45433,07 55588,04 63553,21 75362,01 80810,88 86438,27 58472,48 
MAJŠPERK 59420,51 62927,63 57800,22 52718,01 53091,02 116055,9 54524,53 74612,91 49182,84 47916,12 48736,73 42502,93 42992,75 31626,62 56722,05 
TRZIN 66222 69257,73 53782,16 57292,97 50690,36 53800,15 46737,26 58243,2 59546,12 57550,84 60980,83 58851,13 55548,71 43957,43 56604,35 
IG 19340 23019,21 45154,99 50028,27 57776,39 76724,87 62077,7 62522,13 81545,75 75776,04 68392,41 62560,48 64837,33 38040,53 56271,15 
GORENJA VAS-
POLJANE 72482 48270 43160,63 31407,81 32284,89 41903,72 66147,09 115114,4 64172,66 56834,05 59029,52 55551,46 52430,79 48804,7 56256,69 
LITIJA 20409,72 21183,02 23595,14 22511,66 22852,71 61419,5 60710,44 66743,35 64928,46 66515,35 70289,57 69487,97 74589,55 118073,2 54522,12 

GORNJI 
PETROVCI 911 364,4 2678,97 9358,53 15959,03 20855,62 14403,18 14110,51 10605,22 25791,86 134584,4 184312,2 158810,3 165651,9 54171,23 
ŽALEC 82104,92 95339,62 57448,13 62960,63 49023,99 46083,53 47447,54 54807,14 46714,3 48818,31 39042,12 45477,56 40567,78 36689,72 53751,81 
RIBNICA 42986 38571 37049,18 33054,51 48982,27 38429,07 52987,04 64168,75 66392,19 72325,58 70228,07 60907,9 53453,22 44350,13 51706,07 
ROGAŠKA 
SLATINA 13209 65719 65101 15070 15976 15090,78 31903,66 68024,51 64892,14 70628,38 49486,13 93593,79 55164,99 69103,67 49497,36 
TOLMIN 45912 25200,39 20508,48 51136,91 58629,25 50049,26 53159 51258,74 48520,59 65146,77 61541,55 61664,24 51902,92 44808,55 49245,62 
ZREČE 3968,87 50438,23 46879,42 55125,67 49177,62 46018,31 51858,8 46298,1 45705,02 58784,48 55153,69 53661,91 55080,77 51039,36 47799,3 
VOJNIK 2347 3360,29 3458 9122 7886,34 11238,27 11804,42 64659,66 106209,2 72671,31 100386,8 102309,6 104341 69171,81 47783,27 
HORJUL 20737 21869,1 23802,14 67031,54 70858 64930,31 60334,09 44863,96 40135,33 41505,03 46764,42 44497,59 44343,05 35305,87 44784,1 
MEDVODE 13846 16588,46 45209 56506,66 49550,32 55418,34 63369,5 54249,15 43165,91 51655,19 39195,27 38665,44 47205,29 39944,76 43897,81 
RADEČE 33278 34601 42413 37323 38871 38900,37 37417,51 44821,83 55397,8 43792,35 86349,31 37545,41 36063,09 30900,74 42691,03 
DOLENJSKE 
TOPLICE 22832 22832,16 28989,16 33849,67 35065,07 42322,32 45322,32 44572,32 54686,68 49915,21 49145,07 53681,21 54900,57 54196,64 42307,89 
HRASTNIK 47969,79 43626,56 47363,8 42610,29 42857,01 46618,83 40167,91 43711,03 38603,33 37744,17 42101,57 40560,01 44188,55 29071,34 41942,44 
PODČETRTEK 12161 9182 8043 11226 53996 39857,63 67312,58 64484,33 81348,95 53276,97 63740,57 50346,74 60950,85 7734,43 41690,08 
MORAVSKE 
TOPLICE 24352,6 22510,96 26237,97 41410,93 57257,43 91748,17 71738,67 76662,54 34819,2 40057,71 39852,19 14471,98 26211,64 14563,96 41564 
IVANČNA 
GORICA 40817 41166,59 42639,42 44449,2 47439,34 47352,03 32020,62 38988,06 26570,09 41755,32 44400,05 44397,51 45703,46 36890,26 41042,07 
SEVNICA 26038,18 30005,31 27842,28 27552,07 92460,13 34867,27 34426,54 38665,76 51640,84 39838,52 41715,08 38837,69 37429,07 37184,6 39893,1 
NOVO MESTO 31759 19409,73 41091,35 61932,9 59620,91 31153,84 36872,75 33792,59 50876,82 53599,37 31480,65 30611,22 36790,12 22215,93 38657,66 
BLED 16681,82 199736,4 23190,1 32027,04 35408,52 31223,33 45326,6 21105,31 20420,7 14745,85 20508,93 26230,98 22795,51 19217,05 37758,44 
POLZELA 32513,96 30926,44 31223,83 29699,75 27724,1 32049,09 33176,55 29754,71 36541,32 41967 49587,65 43778,61 52221,71 36727,54 36278,02 
ŠOŠTANJ 34412,52 37509,75 37326,36 41528,46 40626,5 45084,07 30860,17 29268,98 31921,31 36781,67 32048,86 32673,07 29767,69 26274,67 34720,29 
VIPAVA 30766 27260,12 28262,74 42049,12 45734,48 34622,03 34185,6 34414,25 34683,17 32312,88 38899,13 35532,3 33766,61 25900,71 34170,65 
LJUTOMER 32107 15560,82 34433,12 32685,94 31462,48 47489,06 56165,03 40361,11 23420,86 36773,03 33441,52 30499,12 31586,1 25034,92 33644,29 
CERKLJE NA 
GORENJSKEM 15366 17964 14690 17284 21052 31886,46 34495,39 33263,54 41964,41 37912,42 38584,22 40923,15 50244,07 68956,56 33184,73 
BOVEC 50094 15225,7 12780,34 25343,87 33565,93 38065,56 25027,54 25021,68 54883,23 30376,13 38425,31 36926,39 38584,47 33293,3 32686,68 
HOČE-SLIVNICA 21318 23060 20296 17244 16417 17033,52 31680,06 29679,93 31199,84 37544,77 43699,22 59382,64 62071,17 41443,74 32290,71 
KIDRIČEVO 17400 32087,73 20793,11 19933,62 25288,79 25015,51 29210,57 59159,51 47620,98 35784,35 39998,05 36770,32 34457,18 27919,46 32245,66 
NAZARJE 81,86 335,74 220 1187,88 28547 55690,37 37188,84 40255,42 43087,63 49220,75 47021,03 47027,04 58343,11 42170,19 32169,78 
LENART 67655,1 21251,82 14946,61 39308,58 35476,7 24821,04 36133,3 33731,39 32733,83 34333,88 26784,81 21278,98 21766,62 14745,73 30354,89 
OPLOTNICA 17091 17698,68 19457,03 25002,43 25941,62 28559,4 27694,66 28533,7 41121,18 41411,63 34957,15 42667,87 38693,42 29526,1 29882,56 
STRAŽA 5541,29 60 9750,6 47151,13 8083,07 33235,96 10665,32 4021,9 37106,77 42951,67 53133,66 49786,23 50526,91 47676,05 28549,33 
RENČE-
VOGRSKO 0 49086,71 36087,27 32550 33868 31374,55 36188,46 33657,86 39162,37 20294,04 19050,1 22319,51 17285,13 13704,39 27473,46 

KOMEN 22285 23273,83 29206,56 28765,67 27565,5 30048,11 21172,41 22464,56 26107,01 29754,16 30775,74 29404,15 36226,98 22699,56 27124,95 
RAČE-FRAM 21738 26486 20672,71 19281,05 30739,64 32104,46 27172,83 30490,55 31487,64 28966,89 27143,47 29939,37 29796,08 22485,93 27036,04 
ŠKOCJAN 19043 23774,48 24620,64 27781,38 26072,11 24393,96 27093,37 27359,74 27998,68 30132,09 31060,84 30168,99 30229,88 24302,9 26716,58 
PREDDVOR 7620,4 10873,95 31303,36 30478,4 56558,35 41141,77 44056,85 22309,66 21091,45 19618,09 20021,78 20673,37 19804,41 23009,14 26325,78 
KUNGOTA 12424,91 17020,16 15933,51 24417,93 33632,76 32590,31 29891,24 29722,95 30362,66 36145,29 29975,97 28832,9 27488,24 18361,66 26200,04 
ŽIRI 38425 27970,02 31611,44 27013,53 24006,22 24769,34 22145,74 26293,54 22878,93 28637,6 23628,15 20910,02 24654,62 23538,04 26177,3 
GORNJA 
RADGONA 59981,93 42314,24 33216,11 23253,03 20161,62 16605,82 18589,14 18624,02 27508,91 17620,48 18855,56 24610,62 24222,33 20486,82 26146,47 
DUPLEK 2286,39 11324,78 13022,21 18928,4 24253,47 16115,68 23262,56 29618,39 30627,67 36290,59 35729,99 41893,61 36607,38 33317,47 25234,19 
ČRNOMELJ 82791,68 26349,18 14758,73 22506,61 22382,29 22486,29 25972,63 21752,19 18363,81 16726,87 20834,97 18339,17 15813,62 17220,09 24735,58 
KRANJSKA 
GORA 22347,1 30815,63 16801,69 20373,58 17211,52 23045,37 22191,87 25858,03 31009,32 27618,3 24460,87 24802,34 25538,46 23665,67 23981,41 
MOZIRJE 15511 26717,93 33604,34 32258,61 32883,05 32255,88 36334,45 26706,19 15673,32 20490,58 16423,15 16135,22 15982,39 12848,13 23844,59 
ROGATEC 44187 22759,72 20543,78 23851,54 23010,43 20554,99 23467,02 19657,96 19690,8 21651,39 29070,97 22153,68 23064 19810,14 23819,53 
LENDAVA 53582 21133,78 19717,13 15553,03 15719,41 14856,69 16520,92 20816,68 18837,02 17348,58 28281,35 22625,13 25458,87 41312,6 23697,37 
VELIKA POLANA 8640,63 14551,19 11807,28 41699,22 32948,77 19843 21897,05 23345,25 27016,42 24866,27 17481,83 28880,8 40288,74 16159,03 23530,39 
PREBOLD 13699,68 11312,04 16522,12 26118,45 24828,21 34094,84 25707,87 28192,6 17878,97 25387,37 24589,98 25990,16 22482,57 26671,29 23105,44 
DOBREPOLJE 22373,64 22417,01 24586,42 23635,55 25363,21 24055,96 21659,98 20375,01 23547,06 25631,22 32639,3 22280,96 15891,09 13091,93 22682,02 
BELTINCI 9416,87 8839,37 9552,53 13386,02 16468,42 22524,17 23164,96 37890,2 26633,78 30693,28 29352,93 30850,73 18457,63 22202,92 21388,13 
CERKNO 21239 16324 17434,57 22214,1 16871,96 11052 16763,51 17208,2 27147,35 23144,03 33049,66 29395,15 28216,91 18863,74 21351,73 
ŽIROVNICA 20340,45 21476,6 21755,96 27228,85 22512,5 21938,19 20913,19 18243,68 18421,05 16610,6 16620,65 16573,04 16239,06 17227,28 19721,51 
MUTA 21085 8186,99 22370,19 22728,06 20899,81 22029,75 9261,78 21876,91 20947,85 18776,77 20899,41 22077,06 26131,94 17015,34 19591,92 
ŠKOFLJICA 22115,38 23628,33 23621,69 24196,79 26283,86 22239,14 27271,97 17321,59 15335,81 15870,46 14805,84 14805,84 13936,91 10289,8 19408,82 
ŽUŽEMBERK 5001 13550 39415,54 20981,91 16566,28 17842,94 16556,08 16227,22 21383,98 20358,78 24007,38 18369,32 21257,48 18721,65 19302,83 
VERŽEJ 17627,45 16849,9 23983 23933,04 22976,24 22277,46 22287,24 17776,6 18758 18686,96 16854,6 16732,7 15487,2 13599,69 19130,72 
KANAL 17762 17635,93 24792,18 30108,82 22114,23 15980,12 18815,59 13710,64 14906,44 15933,01 11993,49 17083,64 14017,33 11257,57 17579,36 
BRDA 10810 14884 12802,74 22015,75 17064,62 21513,03 13452,92 25222,05 15039,9 13060,02 13044,59 18749,12 29749,45 13598,89 17214,79 
STARŠE 7325 12262 10654 14043,42 8528,75 16611,22 28929,04 20688,33 27187,92 21819,12 19639,12 18021,72 20686 13291,84 17120,53 
PODVELKA 16043 12796,79 9304,12 17580,88 12084,21 13523,56 18204,94 19445,33 21073,7 21908,94 18111,74 16586,69 18414,99 16408,19 16534,79 
METLIKA 31051,29 15016,27 14758 14307,95 14830,02 14414,68 13838,82 14177,96 13838,82 13995,36 14546,42 18225,64 17653,18 15665,45 16165,7 
TURNIŠČE 0 8715,62 7594,37 14656,34 16026,86 23714,25 21259,49 22967,79 12520,23 13943,67 22186,4 14110,14 20304,62 17727,86 15409,12 
VIDEM 16952 20501 14910 15429 15142,96 15916,36 11396,06 13397,81 13266,03 13642,22 15603,73 15840,95 16620,11 11292,66 14993,64 
POLJČANE 4383 9415 11046,76 25549,54 12964,42 13756,72 33307,67 15903,45 12419,58 15435,85 11309 12076,78 19769,19 10408,52 14838,96 
PREVALJE 7231 70147,05 6275,21 7488,75 8720,35 10961,08 12649,15 15790,93 40046,1 5488,2 6489,45 5224,59 5007,17 3854,97 14669,57 
HRPELJE-
KOZINA 19854 13105,38 13234,25 9373,08 13326,4 9715,16 7318,27 12061,66 12203,43 12073,63 10536,76 18464,86 24851,81 23677,83 14271,18 

DORNAVA 3425,73 3650,76 5131,84 6656,08 8379,4 12296,14 13035,39 8372,7 20648,8 23783,51 21438,9 23241,78 19596,11 15695,55 13239,48 
NAKLO 3803,49 8247,64 10304,81 9443,68 10977,87 10026,18 20766,43 16035,3 9377,66 15659,8 15407,58 18021,19 18721,93 18460,48 13232,43 
KOMENDA 11837 13046,66 10708,2 11639,18 11650,13 15204,37 45137,79 13490,84 12474,84 13864,66 6647,62 6453,51 7138,76 5745,51 13217,08 
KOBARID 12785 8650 10616 9106 19597 13389 16562,95 13661,66 12199,39 12786,76 17611,84 12950,51 10932,7 13669,3 13179,87 
PESNICA 13289,61 5660,83 8909,63 9098,09 5082 8242,18 10032,09 4665,81 3067,62 99223,33 2992,55 7046,88 5030,56 1872,25 13158,1 
ŠALOVCI 6268 5128,04 3826,98 11521,46 7677,58 16533,84 12672,27 15103,29 21800,77 20843,81 18711,51 14616,21 14733,16 8621,07 12718,43 
PODLEHNIK 20416 16430,16 15060,98 12188,98 4215,6 4596,03 4979,88 4812,84 5408,05 5479,54 24303,29 10577,52 29975,6 6539,23 11784,55 
SODRAŽICA 11355,62 13563,07 13523,54 11971,83 12302,37 12468,42 11743,5 11852,12 10203,91 10971,58 10971,49 11061 11224,68 11415,66 11759,2 
LUKOVICA 5989,08 11365,84 10650,3 9048,72 11733,78 15671,86 16405,55 9859,75 10732,8 6332,72 6828,81 10054,44 11638,54 27759,21 11719,39 
JURŠINCI 13528,57 10981,24 10689,24 11289,24 10779,24 10936,6 11372,28 12013,58 12071,88 12026,96 12176,8 12071,78 12071,88 11757,54 11697,63 
GORIŠNICA 12293,95 13224,97 10829,73 10873,98 10864,64 9923,5 10832,34 11270,96 10644,34 11026,5 12828,84 12035,1 12391,4 14015,54 11646,84 
RADENCI 1642,95 14664,7 14215,36 15491,13 14353,14 8596,61 7227,12 7227,12 7227,12 7227,12 8124,12 11068,86 18562,17 27147,18 11626,76 
SVETA ANA 11494 8461,99 7190,73 8097,07 12985,2 13521,06 10939,13 10857,37 10069,63 11458,61 12415,91 11450,62 13360,48 8678,46 10784,3 
MOKRONOG-
TREBELNO 6768,68 10709 21458,64 7834,66 21862,02 23959 19683,57 1896,88 1349,42 4609,24 6279,12 6214,34 8199,36 4835,44 10404,24 
KOZJE 5743 5390,35 5008 5268 5418 6478 5036,5 5468 6793,12 5131,1 14976 23817,62 25518,32 21428,53 10105,32 
ČRNA NA 
KOROŠKEM 3171 1175 467 8465 528 1779,3 8276,24 16350,56 2315,7 19432,18 6038,09 14586,29 37001,24 15378,27 9640,276 
BOROVNICA 8187,01 6519,18 6438,9 6297,32 7991,34 8176 7874,52 11827,8 11862,4 12670,21 11917,74 12224,53 12420,28 10335,45 9624,477 
ORMOŽ 12684,16 8390,87 7857,69 6396,82 7209,3 7491,38 8014,52 8076,88 5333,19 6070,97 6674,64 7014,62 13268,43 29652,23 9581,121 
DOL PRI 
LJUBLJANI 12848,1 13230,43 17300,86 18072,04 16488,44 9028,89 11294,5 22087,39 7087,62 0 0 0 0 0 9102,734 
CERKNICA 9351 22153,85 15203,2 23397,56 15238,78 12124,65 9781,59 4333,62 324 432 660 276 168 13570,63 9072,491 
DOBROVNIK 16224,77 8429,12 6366,58 5031,31 5208 13481,46 9288,75 5444,89 3062,34 6334,78 5187,67 12772,53 7381,87 18649,97 8776,003 
LJUBNO 8023 10209,06 5730 8387 6227,11 8676,66 3914,21 3716,18 10636,38 8361,69 5587,38 3573,89 2450,05 35882,33 8669,639 
ŠMARTNO OB 
PAKI 2384 1562 11734,45 2906,1 18932,29 22998 29270,23 17700,44 3624,77 459,32 2909,9 1472,3 1108 769 8416,486 
SVETI JURIJ 5998 4934,79 5051,3 4735,93 4474,31 3294,22 2775,33 2873,34 2996,69 5993,58 55976,85 6499,5 5497,1 5526,76 8330,55 
ŠTORE 13603 19409 11331,73 6115,04 6347,2 10809,46 4342,98 4000,58 5048 4340 4832 6398,51 3989,49 14504 8219,356 
DIVAČA 12675,74 14908,73 16991,77 7589,28 7871,57 6258,02 4261,44 4922,24 4143,64 4829,22 6347,44 6517,89 5932,97 4867,97 7722,709 
ŠMARJEŠKE 
TOPLICE 4266,3 3496,24 790 340 4514,56 5871,73 6200,77 8476,06 11125,92 12825,92 13125,92 13403,66 13117,36 10492,07 7717,608 
LOVRENC NA 
POHORJU 7883,32 15833,59 13150,59 10605,63 10991,51 5598,8 6694,75 6934,8 5494,71 4852,04 3971,32 4829,72 4544,03 5347,94 7623,768 
TRNOVSKA VAS 7230,92 7491,79 6994,27 6333,26 4839,88 6799,35 7575,24 9561,24 8489,7 7734,29 7850,76 8307,89 9141,53 6390,9 7481,501 
BLOKE 4302 4421,69 4182,79 4182,2 4182,79 4505,89 4151,67 6817,26 10134,96 10097,96 10674,84 12223,28 13007,16 11598,12 7463,044 
ČRENŠOVCI 6803,56 11150,05 7723,61 6796,18 9535,51 5092,79 7406,78 9513,48 7978,2 6139,88 4948,52 4995,21 3800,03 6141,89 7001,835 
DRAVOGRAD 17811,6 14725,59 14738,83 7987,42 3691,57 1758,71 2037 2428,69 2095,03 1690,03 1826,09 1590,23 2302,16 22293,29 6926,874 

RAZKRIŽJE 1349,8 5102,52 5199,81 5912,8 8833,29 5648,52 4176,65 2932,47 4973,42 3303,36 2826,24 1946,94 11827,21 30798,31 6773,667 
MAKOLE 4262 2999,13 2527,16 6817,43 7943,81 7448,48 7551,34 6883,57 7023,42 8273,15 8939,37 8275,64 8454,69 5543,16 6638,739 
ANKARAN         19200 19200 0 0 0 0 6400 
GORNJI GRAD 7141,92 6523,38 8261,42 3053,72 10942,13 10016,37 1906,39 7494,03 6195,33 8372,4 7962,86 6020,5 4368,27 50 6307,766 
CERKVENJAK 3179 3195,51 3208,89 3133,88 3205,22 3536,2 7889,14 9286,44 8560,63 7865,53 8775,94 8723,99 9455,05 7982,55 6285,569 
KOBILJE 12868 5212,39 4582,05 5191,67 3302,97 2190 8968,6 7836,64 1191,54 8452,53 5600,56 7694,69 6226,33 7597,92 6208,278 
PUCONCI 8412,37 7896,8 8783,39 7505,32 7624,11 4772 4730 3640 3850 4720 4720 4930 6140 7761,75 6106,124 
MARKOVCI 7952 7905,14 10312,32 8572,55 8889,98 8891,26 8049,46 7149,05 5186,3 4160,23 3264,48 1569 0 2631,87 6038,117 
CIRKULANE 3476 5028,8 5874,8 2819,93 3117,67 3747,93 6309,32 6776,25 7787,11 7082,98 7340,58 6674,58 7098,15 7235,61 5740,694 
GRAD 5393,23 5956,14 6265,79 5116,58 6372,69 7265,64 6128,88 4442,69 4492,72 9028,8 4829,12 4721,75 4774,94 4617,52 5671,892 
LOŠKI POTOK 3376,92 2936,76 2837,6 3511,56 4384,8 5296,89 5067,04 4432,44 4209,18 5283,79 5261,5 5804,29 9871,6 13759,58 5430,996 
KUZMA 6132 5847,7 8202,82 7579,95 7020,09 5728,16 4864,97 4090,04 4302,42 5389,87 4532,56 4099,77 4654,17 3238,71 5405,945 
VITANJE 0 0 0 0 210 345,83 528,98 8059,65 6879,26 6397,78 12809,35 13946,89 14113,16 10484,67 5269,684 
MORAVČE 1420 4780 7856 3754 4762 6660,54 370,64 320,12 375 439,06 487,7 356,77 10372,05 21236,03 4513,565 
ŠMARTNO PRI 
LITIJI 0 0 0 0 5322,17 7807,63 17870,73 15275,01 10935,61 2397,61 646,21 211 0 163,9 4330,705 
MIREN-
KOSTANJEVICA 4061 3661,75 2310,6 2348,49 2348,49 2190,24 2216,32 2296,32 2136,32 2225,97 10378,81 9291,91 8665,45 6435,37 4326,217 
BISTRICA OB 
SOTLI 2321,28 3321,37 2321,4 2321,4 5654,3 5872,06 4501,17 4510,68 4121,4 4121,4 3971,4 6295,4 4971,4 5166,4 4247,933 
OSILNICA 120 0 0 5280 5280 5224,02 5280 5280 5280 5280 5280 5280 5280 1320 3870,287 
MIRNA PEČ 8908,92 11527,92 11700,58 11355,26 9151,92 798,64 108 108 108 0 0 108 0 0 3848,231 
GORJE 4732,07 7135,21 6561,24 6154,04 4149,48 2472,8 2472,8 3147,2 2697,6 2697,6 2697,6 2697,6 2697,6 1798,4 3722,231 
VUZENICA 8644,47 8569,48 9128,19 5135,93 5638,41 4039,77 2590,41 1861,61 1889,55 395,35 255,65 255,65 255,65 0 3475,723 
MEŽICA 9225 6272,16 4825,65 1862 1354,32 266,68 200,01 276,74 571,16 633,95 3157,55 6545,58 6227,99 4852,98 3305,126 
LUČE 5729 5996,75 4938,17 3442,73 1542,95 1868,44 2934,74 2985,14 3006,23 2742,1 2745,32 2749,92 2754,06 1034,33 3176,42 
APAČE 1785,04 1461,7 2614,3 3573,61 2894,98 4615,99 4366,66 2099,25 4441,72 4056,9 4654,92 3606,35 2298,82 302,34 3055,184 
MIKLAVŽ NA 
DRAVSKEM 
POLJU 14186,35 4696,47 4255,03 1821,55 1878,96 2914,03 1634,62 2745,79 1330,45 1234,55 1488,76 1231,06 1163,38 671,74 2946,624 
KOSTANJEVICA 
NA KRKI 3359,93 3489,93 3056,77 2017,56 2903,32 2861,45 2697,48 2885,39 2706,23 2766,05 2697,62 2924,15 2707,99 2804,07 2848,424 
SEMIČ 0 0 0 832,9 916,19 999,48 1049,44 1209,36 1249,36 1259,36 1227,64 1079,04 1898,71 27570,95 2806,602 
DOBRNA 12200 0 0 0 0 0 0 0 0 0 7250,2 6335,08 6220,8 6893,24 2778,523 
ROGAŠOVCI 200 310 550 1000 1250 2300,01 1925,98 1727,54 1705,98 4830 6734,34 5343,54 4692,95 4023,94 2613,877 
SV. ANDRAŽ V 
SLOVENSKIH 
GORICAH 1298,74 4253,32 2954,77 3050,94 3604,9 3470,64 2833,82 2886,25 2812,07 1313,88 1497,19 1313,88 1313,88 1094,9 2407,084 

JEZERSKO 0 0 3404,82 3958,24 3096,51 3220,11 2794,86 2910,37 2369,45 1558,46 1693,82 1845,61 2191,19 1696,12 2195,683 
KOSTEL 0 7753,42 2749 2878 505 6331,4 6356,4 1020 300 350 450 400 384 1140 2186,944 
SV. TROJICA V 
SLOVENSKIH 
GORICAH 1167 2333,52 0 150 9651,43 60 525 2100 2100 1925 2275 1925 2275 3291,2 2127,011 
RIBNICA NA 
POHORJU 1374,79 1827,61 2126,46 2011,11 2542,85 2041,13 1382,25 1414,36 1007,18 976,72 1148,72 8442,71 765,44 750,67 1986,571 
LOŠKA DOLINA 5007,5 5627,5 500 380 980 930,74 779,5 539,12 1598,21 1058,96 1946,54 1737,54 1842,6 4578,05 1964,733 
VRANSKO 0 0 0 0 0 0 0 0 3840 4106,7 3990 3940 3924 3520 1665,764 
TIŠINA 1920 1252,07 1491,12 2150,7 1868,58 1830,22 1987,89 1711,36 1004,68 0 0 0 2,2 0 1087,059 
HAJDINA 0 0 0 0 0 0 168,08 1958,3 1130,73 1307,52 3692,27 2965,64 2081,46 983,58 1020,541 
SVETI TOMAŽ 1061 1373,23 1488,43 1246,51 300 400 300 147,54 175,04 443,18 471,54 1208,11 408 1357,72 741,45 
TABOR 77,61 287,96 0 0 0 0 0 0 2237,98 1761,64 35,8 0 0 0 314,3564 
MIRNA     2831,41 0 0 0 0 0 0 0 0 0 283,141 
ŽETALE 1813,75 1751,19 244,51 0 0 0 0 0 0 0 0 0 0 0 272,1036 
HODOŠ 0 0 0 0 0 0 0 0 0 0 0 0 1440 1440 205,7143 
SREDIŠČE OB 
DRAVI 1236 742,14 627,16 0 0 0 0 0 0 0 0 0 0 0 186,0929 
DOBJE 19 261,06 0 0 90 135 50 50 152,79 143,77 229,5 289,34 114 190 123,1757 
REČICA OB 
SAVINJI 0 0 0 0 0 0 0 0 0 0 0 0 300 1200 107,1429 
ZAVRČ 1389,2 0 0 0 0 0 0 0 0 0 0 0 0 0 99,22857 
ŠENTRUPERT 571 0 120 0 100 0 0 0 0 0 0 0 0 0 56,5 
MISLINJA 0 0 0 0 0 0 0 0 62,84 33,28 0 0 0 0 6,865714 
BENEDIKT 0 0 0 0 0 0 0 0 0 0 0 0 0 0 0 
BRASLOVČE 0 0 0 0 0 0 0 0 0 0 0 0 0 0 0 
CANKOVA 0 0 0 0 0 0 0 0 0 0 0 0 0 0 0 
DESTRNIK 0 0 0 0 0 0 0 0 0 0 0 0 0 0 0 
KRIŽEVCI 0 0 0 0 0 0 0 0 0 0 0 0 0 0 0 
LOG-
DRAGOMER 0 0 0 0 0 0 0 0 0 0 0 0 0 0 0 
ODRANCI 0 0 0 0 0 0 0 0 0 0 0 0 0 0 0 
SELNICA OB 
DRAVI 0 0 0 0 0 0 0 0 0 0 0 0 0 0 0 
SOLČAVA 0 0 0 0 0 0 0 0 0 0 0 0 0 0 0 
SV. JURIJ V 
SLOVENSKIH 
GORICAH 0 0 0 0 0 0 0 0 0 0 0 0 0 0 0 
 

 
 
 
Tabela 8: Prihodek iz naslova Prihodki od najemnin za poslovne prostore (urejeno padajoče glede na povprečje 2007-2020) na prebivalca (v EUR) 
OBČINA 2007 2008 2009 2010 2011 2012 2013 2014 2015 2016 2017 2018 2019 2020 x̄ 
IZOLA 26,70 28,71 31,27 31,90 32,77 31,91 34,71 33,97 46,26 34,86 51,85 39,79 43,88 32,66 35,80 
SLOVENJ 
GRADEC 30,58 33,58 32,68 38,35 33,18 38,20 33,97 26,00 21,43 20,36 19,65 17,66 18,32 18,51 27,32 
GORNJI 
PETROVCI 0,45 0,18 1,32 4,60 7,85 10,25 7,08 6,94 5,21 12,68 66,17 90,62 78,08 81,44 26,63 
PTUJ 25,24 32,31 31,27 29,46 28,48 27,38 23,15 22,16 19,80 18,72 18,66 20,03 15,58 12,07 23,17 
KOPER 21,88 22,94 24,44 22,13 21,56 23,82 22,36 27,99 23,27 21,89 22,91 23,33 25,64 19,63 23,13 
KOČEVJE 25,40 24,49 19,81 18,49 21,07 17,40 21,15 20,64 18,41 18,22 15,72 18,05 18,39 16,98 19,59 
CELJE 28,29 23,56 18,11 18,85 17,36 18,44 18,44 18,10 18,42 17,94 18,67 21,57 17,15 13,75 19,19 
PIRAN 17,36 14,09 17,38 19,73 14,27 28,76 17,28 18,57 21,08 18,78 20,07 20,91 20,72 16,07 18,93 
RADOVLJICA 18,11 18,56 14,39 17,58 18,65 11,36 15,77 15,68 17,56 16,93 27,00 24,07 25,88 20,25 18,70 
VELIKA POLANA 6,15 10,36 8,40 29,68 23,45 14,12 15,59 16,62 19,23 17,70 12,44 20,56 28,68 11,50 16,75 
ŠENTILJ 11,73 15,03 19,24 15,89 14,21 15,89 17,87 14,24 21,36 17,70 17,21 16,03 17,46 14,47 16,31 
HORJUL 7,09 7,47 8,13 22,91 24,22 22,19 20,62 15,33 13,72 14,18 15,98 15,21 15,15 12,07 15,31 
DOBROVA-
POLHOV 
GRADEC 4,43 4,30 5,20 4,82 14,01 14,02 9,49 9,12 6,80 16,17 16,27 32,27 19,72 55,53 15,15 
TRZIN 17,34 18,14 14,09 15,01 13,28 14,09 12,24 15,25 15,60 15,07 15,97 15,41 14,55 11,51 14,83 
VERŽEJ 13,49 12,89 18,35 18,31 17,58 17,04 17,05 13,60 14,35 14,30 12,90 12,80 11,85 10,41 14,64 
VELIKE LAŠČE 6,98 6,79 9,73 9,65 11,12 15,61 17,11 15,51 15,03 19,07 19,09 22,94 20,97 14,61 14,59 
IDRIJA 20,00 18,17 17,25 13,53 15,91 20,48 12,84 12,23 12,67 12,20 10,67 10,47 11,80 7,41 13,97 
MAJŠPERK 14,59 15,45 14,19 12,94 13,03 28,49 13,38 18,31 12,07 11,76 11,96 10,43 10,55 7,76 13,92 
MURSKA 
SOBOTA 14,22 13,56 14,31 13,01 15,37 15,47 13,69 14,89 20,04 15,51 13,87 8,36 9,72 10,00 13,72 
MARIBOR 17,49 19,72 18,89 16,90 15,33 13,85 11,96 10,44 10,25 9,53 9,41 9,76 10,30 8,41 13,02 
PIVKA 10,84 9,49 9,43 14,72 10,38 9,68 11,64 11,57 14,44 14,92 14,64 15,44 16,61 16,93 12,91 
NOVA GORICA 12,05 13,00 14,40 14,56 13,25 13,15 14,84 12,68 11,38 13,34 11,62 12,18 12,58 10,68 12,84 
ŠENTJERNEJ 1,46 0,14 0,77 5,59 106,25 6,41 7,10 6,24 5,43 6,20 6,61 6,72 7,28 6,23 12,32 
VODICE 10,08 9,49 11,35 10,68 10,37 11,03 11,16 9,13 7,91 14,65 16,35 18,64 16,56 12,78 12,16 
NAZARJE 0,03 0,13 0,08 0,45 10,70 20,88 13,94 15,09 16,16 18,46 17,63 17,63 21,88 15,81 12,06 
DOLENJSKE 
TOPLICE 6,42 6,42 8,15 9,52 9,86 11,91 12,75 12,54 15,38 14,04 13,82 15,10 15,44 15,25 11,90 
SEŽANA 7,76 8,71 8,09 10,66 12,77 12,65 13,10 12,85 12,66 13,26 14,42 13,77 13,23 12,38 11,88 

PODČETRTEK 3,43 2,59 2,27 3,16 15,22 11,24 18,98 18,18 22,93 15,02 17,97 14,19 17,18 2,18 11,75 
TRBOVLJE 15,95 13,68 12,43 12,88 11,97 11,75 11,62 11,47 11,86 11,63 10,80 9,49 8,80 9,38 11,69 
BOHINJ 8,03 11,08 12,60 11,28 10,54 10,90 11,80 10,97 10,81 10,82 11,82 11,87 14,17 13,52 11,44 
KOBILJE 22,86 9,26 8,14 9,22 5,87 3,89 15,93 13,92 2,12 15,01 9,95 13,67 11,06 13,50 11,03 
LJUBLJANA 17,55 18,73 14,47 14,49 13,56 11,91 11,23 10,10 8,51 7,42 7,48 6,60 6,55 5,12 10,98 
RUŠE 8,58 7,55 12,69 0,00 12,11 12,12 12,39 12,66 13,91 12,00 11,60 12,13 12,29 12,69 10,91 
ŠEMPETER-
VRTOJBA 8,09 14,49 4,65 6,64 29,95 10,36 16,81 14,29 5,87 8,35 6,13 6,73 6,48 8,60 10,53 
BOVEC 15,88 4,83 4,05 8,04 10,64 12,07 7,94 7,93 17,40 9,63 12,18 11,71 12,23 10,56 10,36 
ŠKOFJA LOKA 13,48 13,89 13,01 11,53 11,81 10,90 11,16 9,85 9,10 7,74 7,30 9,34 7,69 7,67 10,32 
MENGEŠ 12,48 13,70 12,59 10,38 6,83 6,18 10,20 10,25 12,20 6,22 11,22 11,18 11,40 7,39 10,16 
DOMŽALE 11,08 11,32 12,09 11,90 11,67 11,06 10,41 10,82 9,90 9,64 7,99 8,86 8,11 7,21 10,15 
RADEČE 7,62 7,93 9,71 8,55 8,90 8,91 8,57 10,27 12,69 10,03 19,78 8,60 8,26 7,08 9,78 
OSILNICA 0,30 0,00 0,00 13,33 13,33 13,19 13,33 13,33 13,33 13,33 13,33 13,33 13,33 3,33 9,77 
RADLJE OB 
DRAVI 1,68 15,73 4,99 6,28 7,00 7,58 16,69 7,14 7,41 9,06 10,36 12,29 13,18 14,09 9,53 
ŽELEZNIKI 10,57 6,23 9,91 10,74 9,01 8,79 8,84 9,26 8,69 8,73 8,79 8,95 9,24 7,33 8,93 
ŠALOVCI 4,37 3,58 2,67 8,04 5,36 11,54 8,84 10,54 15,21 14,55 13,06 10,20 10,28 6,02 8,88 
VELENJE 7,21 8,09 11,39 10,51 10,64 13,33 10,77 9,10 6,59 7,09 6,64 6,81 6,72 5,67 8,61 
RAVNE NA 
KOROŠKEM 7,27 5,58 6,01 6,24 7,62 11,34 5,64 7,22 6,58 11,28 13,52 9,98 10,11 7,93 8,31 
Skupaj občine  9,42 9,77 8,91 8,93 9,35 8,71 8,31 8,00 7,65 7,35 7,62 7,52 7,54 6,66 8,27 
ŠENČUR 4,82 4,57 4,77 6,20 5,71 6,11 5,62 6,52 8,55 12,18 12,82 13,57 13,66 8,04 8,08 
ŠKOCJAN 5,64 7,04 7,29 8,22 7,72 7,22 8,02 8,10 8,29 8,92 9,19 8,93 8,95 7,19 7,91 
TREBNJE 8,78 8,39 7,86 7,54 7,88 7,38 10,46 9,06 7,56 6,88 6,91 6,45 7,11 6,89 7,80 
IG 2,67 3,17 6,22 6,89 7,96 10,57 8,56 8,62 11,24 10,44 9,43 8,62 8,94 5,24 7,76 
ROGATEC 14,16 7,29 6,58 7,64 7,38 6,59 7,52 6,30 6,31 6,94 9,32 7,10 7,39 6,35 7,63 
KOMEN 6,20 6,47 8,12 8,00 7,67 8,36 5,89 6,25 7,26 8,27 8,56 8,18 10,07 6,31 7,54 
ZREČE 0,61 7,80 7,25 8,52 7,60 7,12 8,02 7,16 7,07 9,09 8,53 8,30 8,52 7,89 7,39 
VRHNIKA 9,74 10,37 7,89 8,98 8,30 8,48 7,14 6,38 6,19 5,99 5,92 7,10 5,65 5,16 7,38 
PREDDVOR 2,12 3,03 8,72 8,49 15,75 11,46 12,27 6,21 5,87 5,46 5,58 5,76 5,52 6,41 7,33 
GORENJA VAS-
POLJANE 9,41 6,27 5,61 4,08 4,19 5,44 8,59 14,95 8,34 7,38 7,67 7,22 6,81 6,34 7,31 
STRAŽA 1,41 0,02 2,49 12,02 2,06 8,47 2,72 1,03 9,46 10,95 13,54 12,69 12,88 12,15 7,28 
OPLOTNICA 4,05 4,19 4,61 5,92 6,14 6,76 6,55 6,75 9,73 9,80 8,27 10,10 9,16 6,99 7,07 
MORAVSKE 
TOPLICE 4,03 3,72 4,34 6,85 9,47 15,18 11,87 12,68 5,76 6,63 6,59 2,39 4,34 2,41 6,87 

PODVELKA 6,65 5,31 3,86 7,29 5,01 5,61 7,55 8,06 8,74 9,08 7,51 6,88 7,63 6,80 6,86 
DOBROVNIK 12,14 6,30 4,76 3,76 3,90 10,08 6,95 4,07 2,29 4,74 3,88 9,55 5,52 13,95 6,56 
PODLEHNIK 11,16 8,98 8,23 6,66 2,30 2,51 2,72 2,63 2,96 2,99 13,28 5,78 16,38 3,57 6,44 
KRŠKO 6,48 6,11 7,62 6,88 6,91 6,60 6,22 6,57 6,10 6,03 5,77 6,03 6,27 6,39 6,43 
RENČE-
VOGRSKO 0,00 11,26 8,28 7,47 7,77 7,20 8,30 7,72 8,98 4,66 4,37 5,12 3,97 3,14 6,30 
JESENICE 8,91 8,07 9,43 8,78 8,56 7,50 6,07 5,34 4,59 4,51 4,12 3,98 4,12 3,93 6,28 
BREZOVICA 4,32 3,12 4,42 11,41 2,96 6,31 5,65 6,52 6,13 5,84 6,67 6,30 9,42 6,77 6,13 
VIPAVA 5,47 4,85 5,03 7,48 8,14 6,16 6,08 6,12 6,17 5,75 6,92 6,32 6,01 4,61 6,08 
LOGATEC 7,30 6,32 5,93 8,05 6,59 6,10 5,53 5,63 6,03 5,68 5,13 5,46 5,93 4,98 6,05 
DOBREPOLJE 5,92 5,93 6,50 6,25 6,71 6,36 5,73 5,39 6,23 6,78 8,63 5,89 4,20 3,46 6,00 
ŠMARJE PRI 
JELŠAH 10,78 12,35 11,86 12,44 10,26 7,89 6,44 4,88 3,27 0,90 0,82 0,68 0,66 0,56 5,99 
POLZELA 5,27 5,01 5,06 4,81 4,49 5,19 5,38 4,82 5,92 6,80 8,03 7,09 8,46 5,95 5,88 
LAŠKO 2,09 2,17 1,93 4,44 7,49 7,04 7,72 7,83 7,29 6,22 6,95 6,22 6,86 6,23 5,75 
BREŽICE 3,91 3,98 2,55 6,84 23,16 8,65 2,55 4,52 3,62 5,15 4,66 3,08 4,30 3,35 5,74 
SLOVENSKE 
KONJICE 4,84 4,47 4,87 5,77 6,96 7,35 6,58 6,39 6,83 6,39 6,89 5,38 4,78 2,54 5,72 
TRŽIČ 4,40 5,78 13,11 4,84 4,67 4,64 5,28 5,01 5,10 5,25 5,85 5,70 5,79 4,66 5,72 
MOZIRJE 3,69 6,36 7,99 7,67 7,82 7,67 8,64 6,35 3,73 4,87 3,91 3,84 3,80 3,06 5,67 
POSTOJNA 5,85 12,03 5,55 6,39 6,56 6,55 4,63 4,98 4,78 3,83 3,93 5,56 4,24 4,37 5,66 
MUTA 6,01 2,33 6,37 6,47 5,95 6,27 2,64 6,23 5,97 5,35 5,95 6,29 7,44 4,85 5,58 
RIBNICA 4,57 4,10 3,94 3,51 5,20 4,08 5,63 6,82 7,05 7,68 7,46 6,47 5,68 4,71 5,49 
TRNOVSKA VAS 5,26 5,44 5,08 4,60 3,52 4,94 5,51 6,95 6,17 5,62 5,71 6,04 6,64 4,64 5,44 
ILIRSKA 
BISTRICA 7,25 7,31 8,05 7,23 5,66 5,28 3,67 4,05 3,80 4,85 4,39 4,83 4,88 4,49 5,41 
KUNGOTA 2,56 3,51 3,29 5,04 6,94 6,72 6,16 6,13 6,26 7,45 6,18 5,95 5,67 3,79 5,40 
RAZKRIŽJE 1,06 4,00 4,08 4,63 6,92 4,43 3,27 2,30 3,90 2,59 2,21 1,53 9,27 24,14 5,31 
VOJNIK 0,26 0,37 0,38 1,01 0,87 1,24 1,31 7,15 11,75 8,04 11,11 11,32 11,54 7,65 5,29 
ŽIRI 7,70 5,61 6,34 5,41 4,81 4,96 4,44 5,27 4,59 5,74 4,74 4,19 4,94 4,72 5,25 
SODRAŽICA 4,99 5,96 5,94 5,26 5,41 5,48 5,16 5,21 4,49 4,82 4,82 4,86 4,93 5,02 5,17 
AJDOVŠČINA 3,34 5,19 3,98 4,00 3,95 3,90 4,33 5,87 5,40 5,97 5,77 6,10 6,70 5,47 5,00 
KRANJ 12,07 6,69 5,40 4,44 4,07 3,92 4,15 4,00 3,90 3,89 3,95 4,23 4,12 4,56 4,96 
DORNAVA 1,28 1,36 1,92 2,49 3,13 4,60 4,87 3,13 7,72 8,89 8,01 8,69 7,33 5,87 4,95 
KIDRIČEVO 2,66 4,91 3,18 3,05 3,87 3,83 4,47 9,06 7,29 5,48 6,12 5,63 5,28 4,27 4,94 
JURŠINCI 5,66 4,60 4,47 4,73 4,51 4,58 4,76 5,03 5,05 5,03 5,10 5,05 5,05 4,92 4,90 
BLED 2,11 25,26 2,93 4,05 4,48 3,95 5,73 2,67 2,58 1,86 2,59 3,32 2,88 2,43 4,78 

SVETA ANA 5,05 3,72 3,16 3,56 5,71 5,94 4,81 4,77 4,42 5,03 5,46 5,03 5,87 3,81 4,74 
TURNIŠČE 0,00 2,66 2,31 4,47 4,88 7,23 6,48 7,00 3,81 4,25 6,76 4,30 6,19 5,40 4,70 
BLOKE 2,70 2,78 2,63 2,63 2,63 2,83 2,61 4,28 6,36 6,34 6,70 7,67 8,17 7,28 4,68 
GROSUPLJE 4,81 4,64 4,24 4,05 4,45 4,92 4,53 4,94 4,68 3,75 4,86 3,57 3,21 8,43 4,65 
KRANJSKA 
GORA 4,29 5,92 3,23 3,91 3,31 4,43 4,26 4,97 5,96 5,31 4,70 4,76 4,91 4,55 4,61 
PREBOLD 2,71 2,24 3,27 5,16 4,91 6,74 5,08 5,57 3,53 5,02 4,86 5,14 4,44 5,27 4,57 
HRASTNIK 5,19 4,72 5,12 4,61 4,63 5,04 4,34 4,73 4,17 4,08 4,55 4,39 4,78 3,14 4,54 
CERKNO 4,44 3,41 3,65 4,64 3,53 2,31 3,50 3,60 5,68 4,84 6,91 6,15 5,90 3,94 4,46 
ROGAŠKA 
SLATINA 1,18 5,87 5,82 1,35 1,43 1,35 2,85 6,08 5,80 6,31 4,42 8,36 4,93 6,17 4,42 
ŠENTJUR 2,44 2,26 2,37 2,47 4,51 5,11 11,50 4,48 5,22 4,46 3,77 4,92 4,25 3,98 4,41 
TOLMIN 4,09 2,25 1,83 4,56 5,23 4,46 4,74 4,57 4,32 5,81 5,49 5,50 4,63 3,99 4,39 
CERKLJE NA 
GORENJSKEM 2,03 2,37 1,94 2,28 2,78 4,21 4,55 4,39 5,53 5,00 5,09 5,40 6,63 9,09 4,38 
ŽIROVNICA 4,48 4,73 4,79 6,00 4,96 4,83 4,61 4,02 4,06 3,66 3,66 3,65 3,58 3,79 4,34 
STARŠE 1,78 2,98 2,59 3,42 2,07 4,04 7,04 5,03 6,61 5,31 4,78 4,38 5,03 3,23 4,16 
ŽUŽEMBERK 1,05 2,84 8,26 4,40 3,47 3,74 3,47 3,40 4,48 4,27 5,03 3,85 4,46 3,92 4,05 
ŠOŠTANJ 3,98 4,34 4,32 4,81 4,70 5,22 3,57 3,39 3,70 4,26 3,71 3,78 3,45 3,04 4,02 
LENART 8,56 2,69 1,89 4,97 4,49 3,14 4,57 4,27 4,14 4,34 3,39 2,69 2,75 1,86 3,84 
ZAGORJE OB 
SAVI 3,23 3,52 3,59 4,16 3,68 3,83 3,19 2,94 3,48 3,35 4,06 3,40 4,27 6,30 3,79 
DUPLEK 0,33 1,61 1,85 2,69 3,45 2,29 3,31 4,22 4,36 5,17 5,09 5,96 5,21 4,74 3,59 
RAČE-FRAM 2,86 3,48 2,72 2,54 4,04 4,22 3,57 4,01 4,14 3,81 3,57 3,94 3,92 2,96 3,56 
LITIJA 1,33 1,38 1,53 1,46 1,49 3,99 3,95 4,34 4,22 4,32 4,57 4,52 4,85 7,68 3,54 
SLOVENSKA 
BISTRICA 3,40 2,98 3,33 3,68 3,27 2,96 2,99 2,93 2,35 2,71 2,48 2,26 4,54 8,67 3,47 
POLJČANE 1,02 2,18 2,56 5,93 3,01 3,19 7,73 3,69 2,88 3,58 2,62 2,80 4,59 2,42 3,44 
KUZMA 3,89 3,71 5,20 4,81 4,45 3,63 3,08 2,59 2,73 3,42 2,87 2,60 2,95 2,05 3,43 
JEZERSKO 0,00 0,00 5,30 6,16 4,82 5,01 4,35 4,53 3,68 2,42 2,63 2,87 3,41 2,64 3,41 
KAMNIK 5,31 6,80 3,22 3,27 3,89 3,41 4,19 2,67 2,46 2,56 2,57 2,53 2,78 2,14 3,41 
KOSTEL 0,00 11,80 4,18 4,38 0,77 9,64 9,67 1,55 0,46 0,53 0,68 0,61 0,58 1,74 3,33 
MOKRONOG-
TREBELNO 2,14 3,39 6,80 2,48 6,93 7,59 6,24 0,60 0,43 1,46 1,99 1,97 2,60 1,53 3,30 
LJUBNO 3,04 3,87 2,17 3,18 2,36 3,29 1,48 1,41 4,03 3,17 2,12 1,35 0,93 13,60 3,29 
HRPELJE-
KOZINA 4,49 2,96 2,99 2,12 3,01 2,20 1,65 2,73 2,76 2,73 2,38 4,18 5,62 5,35 3,23 
KANAL 3,24 3,22 4,52 5,50 4,04 2,92 3,43 2,50 2,72 2,91 2,19 3,12 2,56 2,05 3,21 

MAKOLE 2,04 1,44 1,21 3,27 3,81 3,57 3,62 3,30 3,37 3,97 4,29 3,97 4,06 2,66 3,18 
KOZJE 1,78 1,67 1,55 1,63 1,68 2,01 1,56 1,70 2,11 1,59 4,65 7,39 7,92 6,65 3,14 
KOBARID 3,03 2,05 2,52 2,16 4,65 3,18 3,93 3,24 2,89 3,03 4,18 3,07 2,59 3,24 3,13 
GORNJA 
RADGONA 7,08 5,00 3,92 2,75 2,38 1,96 2,20 2,20 3,25 2,08 2,23 2,91 2,86 2,42 3,09 
CERKVENJAK 1,56 1,56 1,57 1,53 1,57 1,73 3,86 4,54 4,19 3,85 4,29 4,27 4,63 3,91 3,08 
ČRNA NA 
KOROŠKEM 1,00 0,37 0,15 2,68 0,17 0,56 2,62 5,17 0,73 6,15 1,91 4,61 11,70 4,86 3,05 
BRDA 1,89 2,61 2,24 3,86 2,99 3,77 2,36 4,42 2,63 2,29 2,28 3,28 5,21 2,38 3,02 
BISTRICA OB 
SOTLI 1,64 2,35 1,64 1,64 4,00 4,15 3,18 3,19 2,91 2,91 2,81 4,45 3,52 3,65 3,00 
LOŠKI POTOK 1,85 1,61 1,55 1,92 2,40 2,90 2,77 2,43 2,30 2,89 2,88 3,18 5,40 7,53 2,97 
LJUTOMER 2,81 1,36 3,02 2,86 2,76 4,16 4,92 3,54 2,05 3,22 2,93 2,67 2,77 2,19 2,95 
GORIŠNICA 3,07 3,30 2,70 2,71 2,71 2,48 2,70 2,81 2,66 2,75 3,20 3,00 3,09 3,50 2,91 
SVETI JURIJ 2,04 1,68 1,72 1,61 1,52 1,12 0,95 0,98 1,02 2,04 19,07 2,21 1,87 1,88 2,84 
HOČE-SLIVNICA 1,86 2,01 1,77 1,50 1,43 1,49 2,76 2,59 2,72 3,28 3,81 5,18 5,42 3,62 2,82 
VIDEM 3,05 3,69 2,68 2,78 2,72 2,86 2,05 2,41 2,39 2,45 2,81 2,85 2,99 2,03 2,70 
MEDVODE 0,85 1,01 2,76 3,45 3,02 3,38 3,87 3,31 2,63 3,15 2,39 2,36 2,88 2,44 2,68 
GRAD 2,51 2,77 2,91 2,38 2,96 3,38 2,85 2,06 2,09 4,20 2,24 2,19 2,22 2,15 2,64 
BELTINCI 1,13 1,06 1,14 1,60 1,97 2,69 2,77 4,53 3,18 3,67 3,51 3,69 2,21 2,65 2,56 
GORNJI GRAD 2,89 2,64 3,34 1,23 4,42 4,05 0,77 3,03 2,51 3,39 3,22 2,43 1,77 0,02 2,55 
ŠMARTNO OB 
PAKI 0,72 0,47 3,54 0,88 5,71 6,93 8,82 5,33 1,09 0,14 0,88 0,44 0,33 0,23 2,54 
ŽALEC 3,81 4,43 2,67 2,92 2,28 2,14 2,20 2,55 2,17 2,27 1,81 2,11 1,88 1,70 2,50 
LOVRENC NA 
POHORJU 2,57 5,16 4,28 3,46 3,58 1,82 2,18 2,26 1,79 1,58 1,29 1,57 1,48 1,74 2,48 
NAKLO 0,71 1,53 1,92 1,76 2,04 1,87 3,86 2,98 1,75 2,91 2,87 3,35 3,48 3,44 2,46 
CIRKULANE 1,49 2,15 2,51 1,21 1,33 1,60 2,70 2,90 3,33 3,03 3,14 2,85 3,03 3,09 2,45 
IVANČNA 
GORICA 2,44 2,46 2,55 2,66 2,83 2,83 1,91 2,33 1,59 2,49 2,65 2,65 2,73 2,20 2,45 
VITANJE 0,00 0,00 0,00 0,00 0,09 0,15 0,23 3,57 3,05 2,84 5,68 6,18 6,26 4,65 2,34 
ŠMARJEŠKE 
TOPLICE 1,27 1,04 0,24 0,10 1,35 1,75 1,85 2,53 3,32 3,82 3,91 3,99 3,91 3,13 2,30 
SEVNICA 1,50 1,72 1,60 1,58 5,31 2,00 1,98 2,22 2,97 2,29 2,40 2,23 2,15 2,14 2,29 
RADENCI 0,32 2,87 2,78 3,03 2,81 1,68 1,41 1,41 1,41 1,41 1,59 2,17 3,63 5,31 2,27 
LENDAVA 5,12 2,02 1,88 1,49 1,50 1,42 1,58 1,99 1,80 1,66 2,70 2,16 2,43 3,95 2,26 
PREVALJE 1,08 10,46 0,94 1,12 1,30 1,63 1,89 2,35 5,97 0,82 0,97 0,78 0,75 0,57 2,19 
BOROVNICA 1,81 1,44 1,43 1,40 1,77 1,81 1,74 2,62 2,63 2,81 2,64 2,71 2,75 2,29 2,13 

KOMENDA 1,87 2,06 1,69 1,84 1,84 2,40 7,14 2,13 1,97 2,19 1,05 1,02 1,13 0,91 2,09 
LUČE 3,77 3,94 3,25 2,26 1,01 1,23 1,93 1,96 1,98 1,80 1,80 1,81 1,81 0,68 2,09 
LUKOVICA 1,02 1,94 1,82 1,55 2,01 2,68 2,81 1,69 1,84 1,08 1,17 1,72 1,99 4,75 2,00 
SV. ANDRAŽ V 
SLOVENSKIH 
GORICAH 1,07 3,51 2,44 2,52 2,97 2,86 2,34 2,38 2,32 1,08 1,23 1,08 1,08 0,90 1,98 
METLIKA 3,73 1,80 1,77 1,72 1,78 1,73 1,66 1,70 1,66 1,68 1,75 2,19 2,12 1,88 1,94 
DIVAČA 3,12 3,67 4,18 1,87 1,94 1,54 1,05 1,21 1,02 1,19 1,56 1,60 1,46 1,20 1,90 
ŠTORE 3,11 4,44 2,59 1,40 1,45 2,47 0,99 0,91 1,15 0,99 1,10 1,46 0,91 3,32 1,88 
PESNICA 1,81 0,77 1,22 1,24 0,69 1,12 1,37 0,64 0,42 13,54 0,41 0,96 0,69 0,26 1,80 
ŠKOFLJICA 2,01 2,15 2,15 2,20 2,39 2,02 2,48 1,58 1,40 1,44 1,35 1,35 1,27 0,94 1,77 
ČRENŠOVCI 1,68 2,75 1,90 1,67 2,35 1,25 1,82 2,34 1,96 1,51 1,22 1,23 0,94 1,51 1,72 
ČRNOMELJ 5,77 1,84 1,03 1,57 1,56 1,57 1,81 1,52 1,28 1,17 1,45 1,28 1,10 1,20 1,72 
RIBNICA NA 
POHORJU 1,17 1,55 1,81 1,71 2,16 1,73 1,17 1,20 0,85 0,83 0,98 7,17 0,65 0,64 1,69 
MARKOVCI 1,95 1,94 2,53 2,10 2,18 2,18 1,97 1,75 1,27 1,02 0,80 0,38 0,00 0,64 1,48 
DOL PRI 
LJUBLJANI 2,08 2,14 2,80 2,92 2,67 1,46 1,83 3,57 1,15 0,00 0,00 0,00 0,00 0,00 1,47 
GORJE 1,67 2,51 2,31 2,17 1,46 0,87 0,87 1,11 0,95 0,95 0,95 0,95 0,95 0,63 1,31 
VUZENICA 3,18 3,15 3,35 1,89 2,07 1,48 0,95 0,68 0,69 0,15 0,09 0,09 0,09 0,00 1,28 
DOBRNA 5,55 0,00 0,00 0,00 0,00 0,00 0,00 0,00 0,00 0,00 3,30 2,88 2,83 3,13 1,26 
MIRNA PEČ 2,91 3,77 3,82 3,71 2,99 0,26 0,04 0,04 0,04 0,00 0,00 0,04 0,00 0,00 1,26 
KOSTANJEVICA 
NA KRKI 1,33 1,38 1,21 0,80 1,15 1,13 1,07 1,14 1,07 1,09 1,07 1,16 1,07 1,11 1,13 
NOVO MESTO 0,87 0,53 1,12 1,69 1,63 0,85 1,01 0,92 1,39 1,47 0,86 0,84 1,01 0,61 1,06 
PUCONCI 1,39 1,30 1,45 1,24 1,26 0,79 0,78 0,60 0,63 0,78 0,78 0,81 1,01 1,28 1,01 
SV. TROJICA V 
SLOVENSKIH 
GORICAH 0,55 1,09 0,00 0,07 4,51 0,03 0,25 0,98 0,98 0,90 1,06 0,90 1,06 1,54 0,99 
MEŽICA 2,58 1,76 1,35 0,52 0,38 0,07 0,06 0,08 0,16 0,18 0,88 1,83 1,74 1,36 0,93 
ANKARAN         6,13 6,13 0,00 0,00 0,00 0,00 0,88 
MIREN-
KOSTANJEVICA 0,82 0,74 0,47 0,48 0,48 0,44 0,45 0,46 0,43 0,45 2,10 1,88 1,75 1,30 0,88 
APAČE 0,50 0,41 0,73 1,00 0,81 1,29 1,22 0,58 1,24 1,13 1,30 1,00 0,64 0,08 0,85 
MORAVČE 0,26 0,87 1,44 0,69 0,87 1,22 0,07 0,06 0,07 0,08 0,09 0,07 1,90 3,89 0,83 
ROGAŠOVCI 0,06 0,10 0,17 0,31 0,39 0,72 0,60 0,54 0,53 1,50 2,10 1,66 1,46 1,25 0,81 
CERKNICA 0,81 1,93 1,32 2,04 1,33 1,06 0,85 0,38 0,03 0,04 0,06 0,02 0,01 1,18 0,79 
DRAVOGRAD 2,04 1,69 1,69 0,92 0,42 0,20 0,23 0,28 0,24 0,19 0,21 0,18 0,26 2,55 0,79 

ORMOŽ 1,04 0,69 0,64 0,52 0,59 0,61 0,66 0,66 0,44 0,50 0,55 0,57 1,09 2,43 0,78 
ŠMARTNO PRI 
LITIJI 0,00 0,00 0,00 0,00 0,96 1,41 3,23 2,76 1,98 0,43 0,12 0,04 0,00 0,03 0,78 
SEMIČ 0,00 0,00 0,00 0,21 0,23 0,25 0,27 0,31 0,32 0,32 0,31 0,27 0,48 6,99 0,71 
HODOŠ 0,00 0,00 0,00 0,00 0,00 0,00 0,00 0,00 0,00 0,00 0,00 0,00 4,72 4,72 0,67 
VRANSKO 0,00 0,00 0,00 0,00 0,00 0,00 0,00 0,00 1,46 1,56 1,52 1,50 1,49 1,34 0,63 
LOŠKA DOLINA 1,35 1,52 0,13 0,10 0,26 0,25 0,21 0,15 0,43 0,29 0,52 0,47 0,50 1,23 0,53 
MIKLAVŽ NA 
DRAVSKEM 
POLJU 2,09 0,69 0,63 0,27 0,28 0,43 0,24 0,40 0,20 0,18 0,22 0,18 0,17 0,10 0,43 
SVETI TOMAŽ 0,51 0,66 0,71 0,60 0,14 0,19 0,14 0,07 0,08 0,21 0,23 0,58 0,20 0,65 0,35 
HAJDINA 0,00 0,00 0,00 0,00 0,00 0,00 0,04 0,51 0,29 0,34 0,96 0,77 0,54 0,26 0,27 
TIŠINA 0,47 0,30 0,36 0,52 0,45 0,44 0,48 0,42 0,24 0,00 0,00 0,00 0,00 0,00 0,26 
ŽETALE 1,39 1,34 0,19 0,00 0,00 0,00 0,00 0,00 0,00 0,00 0,00 0,00 0,00 0,00 0,21 
TABOR 0,04 0,17 0,00 0,00 0,00 0,00 0,00 0,00 1,30 1,02 0,02 0,00 0,00 0,00 0,18 
DOBJE 0,02 0,26 0,00 0,00 0,09 0,13 0,05 0,05 0,15 0,14 0,23 0,29 0,11 0,19 0,12 
SREDIŠČE OB 
DRAVI 0,61 0,37 0,31 0,00 0,00 0,00 0,00 0,00 0,00 0,00 0,00 0,00 0,00 0,00 0,09 
MIRNA     1,08 0,00 0,00 0,00 0,00 0,00 0,00 0,00 0,00 0,00 0,08 
ZAVRČ 0,98 0,00 0,00 0,00 0,00 0,00 0,00 0,00 0,00 0,00 0,00 0,00 0,00 0,00 0,07 
REČICA OB 
SAVINJI 0,00 0,00 0,00 0,00 0,00 0,00 0,00 0,00 0,00 0,00 0,00 0,00 0,13 0,52 0,05 
ŠENTRUPERT 0,23 0,00 0,05 0,00 0,04 0,00 0,00 0,00 0,00 0,00 0,00 0,00 0,00 0,00 0,02 
BENEDIKT 0,00 0,00 0,00 0,00 0,00 0,00 0,00 0,00 0,00 0,00 0,00 0,00 0,00 0,00 0,00 
BRASLOVČE 0,00 0,00 0,00 0,00 0,00 0,00 0,00 0,00 0,00 0,00 0,00 0,00 0,00 0,00 0,00 
CANKOVA 0,00 0,00 0,00 0,00 0,00 0,00 0,00 0,00 0,00 0,00 0,00 0,00 0,00 0,00 0,00 
DESTRNIK 0,00 0,00 0,00 0,00 0,00 0,00 0,00 0,00 0,00 0,00 0,00 0,00 0,00 0,00 0,00 
KRIŽEVCI 0,00 0,00 0,00 0,00 0,00 0,00 0,00 0,00 0,00 0,00 0,00 0,00 0,00 0,00 0,00 
LOG-
DRAGOMER 0,00 0,00 0,00 0,00 0,00 0,00 0,00 0,00 0,00 0,00 0,00 0,00 0,00 0,00 0,00 
MISLINJA 0,00 0,00 0,00 0,00 0,00 0,00 0,00 0,00 0,01 0,01 0,00 0,00 0,00 0,00 0,00 
ODRANCI 0,00 0,00 0,00 0,00 0,00 0,00 0,00 0,00 0,00 0,00 0,00 0,00 0,00 0,00 0,00 
SELNICA OB 
DRAVI 0,00 0,00 0,00 0,00 0,00 0,00 0,00 0,00 0,00 0,00 0,00 0,00 0,00 0,00 0,00 
SOLČAVA 0,00 0,00 0,00 0,00 0,00 0,00 0,00 0,00 0,00 0,00 0,00 0,00 0,00 0,00 0,00 
SV. JURIJ V 
SLOVENSKIH 
GORICAH 0,00 0,00 0,00 0,00 0,00 0,00 0,00 0,00 0,00 0,00 0,00 0,00 0,00 0,00 0,00 
 

 
 
 
Tabela 9: Prihodek iz naslova Prihodki od najemnin za stanovanja (urejeno padajoče glede na povprečje 2007-2020) v absolutnih zneskih (v EUR) 
OBČINA 2007 2008 2009 2010 2011 2012 2013 2014 2015 2016 2017 2018 2019 2020 x̄ 
Skupaj občine  19125235 18209981 17685365 17503549 18125913 18146175 18315445 18280377 17689027 18159231 17858325 18219084 18043687 18121292 18105906 
VELENJE 1034284 928684,7 950110,6 1033466 1060642 1131456 1072462 1172268 1119739 1271438 1295269 1346108 1385724 1359475 1154366 
KRANJ 858672,5 901371,1 932967,3 900843,3 945667,1 891836,8 910572 867452,5 934396,3 887115,7 912798,2 910076,2 918496,8 903171,2 905388,4 
PTUJ 944737,3 868520,1 877951 848277 909910 854061,6 815361,4 834680 877604,8 842200,2 833071,1 790916 796225 801893,6 849672,1 
TRBOVLJE 605168,2 614073,1 634694,4 664955,7 737954 730120,7 714983,8 712001,6 755658,6 736828,7 722429 722161,1 716201,9 694897,1 697294,8 
LJUBLJANA 2049170 1338553 838838,8 780578,8 887590 1075091 1160078 890079,1 181286,8 160065,3 83056,54 86558,34 51517,01 46187,67 687760,7 
ŽALEC 653535,9 680294,2 666367,9 613165,8 616017,4 627166,8 562179,9 570983,2 682418,3 754536,1 744943,9 727421,4 839723,1 843738 684463,7 
JESENICE 595666,9 577014,3 577387,4 509637,5 454769,3 436929,2 446939,6 445873 458830,7 446624,3 441454,4 420634,1 413305,4 409185,2 473875,1 
POSTOJNA 445826,8 486252,7 345189,8 426506,6 395271 493022,6 478291,6 413877,8 419760,7 578899,6 467893,5 525846,2 515517,5 545710,3 466990,5 
IZOLA 378694 378036 374788 490744 458867 446761,7 468495,6 447477,8 446424,5 463145,7 430768,3 535139,2 487108,5 500578,9 450502,1 
HRASTNIK 353876,1 340177,9 358961,2 349354,2 339673,2 357432,4 362221 377034,1 362956,6 357161,3 382452,6 379661,2 379421 395405,2 363984,9 
RAVNE NA 
KOROŠKEM 315167 373644,4 319095 346300,6 355351,8 408438,1 364518,8 372607,7 328567,5 383985,9 376723,1 381252,1 332025,7 365803,1 358820,1 
SLOVENJ 
GRADEC 350891 371287,1 360693,4 316323,8 290941,1 360879,4 310892,2 371365,8 333267,7 292021,1 354111,4 334743 325274,2 332738,9 336102,2 
TRŽIČ 335849 373072,7 355161,6 343042,4 335115,7 328262 320227,6 311727,5 320736,8 315474,1 311309,9 310307,2 322743,4 328544,7 329398,2 
ŠENTJUR 408280 387301,5 334983,3 343282,5 253046 287030,7 294215,4 288054,9 287459,5 279903,2 275562,2 283396,9 339878,9 323704,3 313292,8 
KAMNIK 275001,9 286989,8 304906,9 308150,8 303380,9 296150,6 314659,1 297348,6 314503,3 312972,7 301498,7 300450 306772,6 307101,9 302134,8 
ŠKOFJA LOKA 285971,1 253086 263980,5 267597,1 304774,4 290538,5 292711,4 269080,9 312699,6 296041,7 288133,1 294159,2 290835 305301,2 286779,3 
KOČEVJE 299226,5 277722,6 280497,3 272114,6 284566,5 286755,1 265962,8 293377,3 288378,5 286744,6 286799,5 303052 286343 293663,7 286086 
DOMŽALE 259517 261443,9 284986,8 258076,6 261760,5 265882,4 255191,5 268452,8 279299,8 280867,6 270889 261168,2 266447,4 275654,1 267831,2 
LAŠKO 0 0 0 158316,6 333109,4 318972,4 345249 342853,9 367561,9 360080,7 342477,9 366959,2 366924,9 358604 261507,9 
PIRAN 239259,4 250719,5 227854,3 257227,8 246258,7 249251,9 241363,9 250555,2 261052,5 265220,4 268353,5 271508,9 249971 246797 251813,8 
SLOVENSKA 
BISTRICA 245073,9 255770,1 231629,3 215461,7 249186,9 246679,2 243220,8 210847 253380 274662 259358,3 254598,8 234014,8 206635,4 241465,6 
ZAGORJE OB 
SAVI 237304 216174,8 232999,1 224448,2 150563,1 267158,2 228514,2 257814,1 247258,2 270529,4 264950,9 276052,2 249123 254165,3 241218,2 
LJUTOMER 198658 212459,9 300667,4 242335,3 243012,6 251673 244657,8 245151,5 239440,7 243824,8 236585,2 235252,9 241081,5 231420,3 240444,4 
RADOVLJICA 235863,8 225107,3 231863,8 245341,9 221063,4 248203,9 246096,1 243552,1 234733,8 235181,3 241156,4 266746,7 239990,5 229852,3 238910,9 
SEŽANA 221463 217838,3 223996,8 228294,3 223878,7 213931,6 206057,7 226228 221785,9 206899,7 202323,1 201282,8 201767,3 216049,5 215128,3 
MARIBOR 647472,2 362583,3 397473,4 205647,2 177560,3 135604,2 121378,9 136529 110673,7 97871,81 96645,71 90761,37 81011,27 90608,94 196558,7 
DRAVOGRAD 173888,3 185204 176678,9 187963,3 186197,4 179356,6 186579,6 189337,1 188480,6 196692,9 211032,1 201288,2 194575,4 171473,4 187767,7 

AJDOVŠČINA 195215,2 182179 178707,1 179751,1 179480,1 174176,8 179669,8 173511,5 198831,6 186430,9 200835,1 189754,2 185079,8 193870,2 185535,2 
GORNJA 
RADGONA 202146,9 191384,8 181158,2 182096,7 169684,1 184278,2 171520,8 188473,2 186322,3 184347,2 174842,2 168864,2 183656,4 224677,8 185246,6 
SLOVENSKE 
KONJICE 225258,7 195570,2 164453 184517,1 187063,1 170090,7 176876,4 174869,6 180293,4 184459,9 188821,4 190128,6 182230,9 179027,1 184547,1 
VRHNIKA 190320 200422,3 195635,2 194046,3 171898,6 157743,9 176448,3 172543,5 182351,2 178638,7 176976,6 185291,1 188195,9 185704,7 182586,9 
KRŠKO 261014,4 304474,8 313108,5 328458,8 341446,2 132733,8 96905,68 87167,3 89639,81 84921,84 93356,19 85310,34 85858,42 94834,15 171373,6 
ORMOŽ 165849,8 159356 163034,2 164981,2 172953,1 166306,3 166855,7 171191,5 181138,3 175312,6 175202,8 172239,3 176585,8 183752,3 171054,2 
ILIRSKA 
BISTRICA 192980 148328,9 171467,9 155289,8 152047,8 163253,4 173882,8 184077 177041,5 200854,1 167919,4 174196,7 165209,2 156611,7 170225,7 
BREŽICE 200683 149968,2 128259,3 171917,7 143552 172745,5 111825,8 150726 174235,7 179275,2 187010,3 195876,1 211261,8 201847,5 169941,7 
CERKNICA 194259 184267,4 180345 177812,7 178247,9 66233,43 173770,6 162483,3 157371,7 168578,2 167028,5 170712,6 168585,2 173723,1 165958,5 
ŠOŠTANJ 139719,4 133892 138757,1 146033,2 155221,3 156401,8 164439,1 151365,2 159459,7 155587,6 164175,6 179020,1 172297,5 188186 157468,2 
RUŠE 161805 164699,8 163261,9 0 130303 146373,7 192495,8 173719,7 142377,9 151277,5 179318,5 167882,2 136864,1 150832,1 147229,4 
MUTA 146434 126910,8 192404,6 192962,4 148907,7 150930,9 154118,9 142790,9 147278,6 132808,3 139967,4 111622,5 121478,5 124231,8 145203,4 
ČRNA NA 
KOROŠKEM 154735 190537 158528 158467 171956 51047,7 204593,9 151134,2 82533,56 162696,4 126425,8 147902,4 149508,1 115731 144699,7 
ROGAŠKA 
SLATINA 154688 143510 143498 104107 128254 153614,5 171582,8 125561,7 138313,5 179095,7 98653,57 136264,8 152449,2 137239,4 140488 
ZREČE 130792,4 136621,9 121455,2 135875,7 145207,5 140580,3 137678,9 144422,3 142479 150972,8 145050,4 140548 137363,3 142282,2 139380,7 
IDRIJA 107980 134887,8 140913,2 98267,04 118519 190983,9 128471,3 134284,7 128145,6 137603,1 126199,8 131940,2 157828,9 162250,8 135591,1 
TOLMIN 121510 116172,4 105592,5 107179 117827,5 110222,8 111730,1 109554,2 131141,6 125685,8 124680,2 125727,6 148847,2 152606 122034,1 
ŠMARJE PRI 
JELŠAH 142557,3 141052,3 129654,4 115608,9 107962,9 107779,3 124553,2 100324 107874,1 144473,2 112629,2 112327,3 109388,2 105852,3 118716,9 
PREVALJE 100705 116992,7 117697 114654,9 124239,7 110926 119379,4 122837,3 139702,5 115731 111824,3 110200 113389,6 116808,5 116792 
SEVNICA 116398,7 106489,8 107972,7 106639,4 129358 100999,6 110580,1 118319,1 112768,6 127962,7 118573,4 133254,4 122793,9 115946,6 116289,8 
LENART 131200,4 133836,6 105663,8 94506,36 49088,5 56894,27 122257,6 144473,5 116320,5 94592,54 84685,37 97011,94 90999,07 92607,51 101009,9 
MEŽICA 65707 98530,05 98091,55 98432 88311,5 89982,94 94914,47 105338,5 98210,68 110793,4 91686,38 90466,14 98805,17 108777,9 95574,83 
RIBNICA 82032 116916 81520,68 80544,49 98046,03 93470,37 96770,39 87848,79 94213,79 91377,83 93395,9 99612,38 96986,14 98384,83 93651,4 
PIVKA 109635,8 111146,2 80714,15 84535,55 95913,66 88202,32 92633,85 90309,94 85565,01 81794,95 81211,75 87210,3 84712,27 88648,68 90159,6 
PREBOLD 97887,69 91108,99 100224 98188,94 78630,1 114936,5 89016,35 84039,45 82097,88 81346,79 85877,69 72714,72 71486,13 77472,72 87501,99 
LOGATEC 106854,8 83986,48 76777,23 63328,29 75362,11 79255,07 81082,28 79731,88 79003,83 81306,54 83206,32 84253,12 87297,58 86977,39 82030,21 
LENDAVA 1474 1441,2 1472,51 6171,62 111476,4 95609,01 100782,9 122467,9 119425,3 111933,5 104390,4 113790,7 110820,7 131268,5 80894,62 
ČRNOMELJ 33313,9 8905,42 17064,69 35662,85 81145,46 103600,7 100735,3 108066,1 103119,3 96938,81 93842,23 105252,6 99007,75 103299,1 77853,87 
POLJČANE 59666 65360 67188,48 67876,03 83090,62 69595,98 71580,94 92178,23 68516,43 87989,55 74736,24 75683,17 119124 78341,65 77209,1 
LOŠKA DOLINA 61931,35 71994,47 75856,55 71986,48 78002,34 77838,43 85516,55 80231,96 82044,38 76787,63 77012,74 77405,16 77215,34 77864,96 76549,17 
METLIKA 77563,83 80527,36 77318,72 79691,95 72729,9 68909,86 81561,54 71746,8 74890,52 75246,57 74570,63 81233,17 71269,5 75089,51 75882,13 
VOJNIK 65570 54433,67 74532,58 81268,76 75827,54 78301,15 76334,58 52727,1 92001,5 77296,27 72542,19 71738,13 71147,01 80048,07 73126,33 

KOZJE 92500 118208 117278,7 84775,49 72143,91 97815 79389,48 48853,29 0 64744,23 41346,47 61418,58 66121,3 70938,99 72538,1 
ŽELEZNIKI 75484,39 75377,84 75177,63 74938,66 72199,88 74864,1 73202,05 74300,45 73099,91 66752,45 65889,63 64542,68 63912,13 64492,75 71016,75 
MISLINJA 65609 54553 87956 65933 63795 62030,61 68867,87 64894,9 63299,42 58942,9 71583,17 58102,21 70536,25 72336,49 66317,13 
POLZELA 58486,7 56732,56 57730,02 60641,04 57345,53 71175,87 67874,71 66928,63 63222,2 65839,22 80124,45 69062,43 75020,88 71547,12 65837,95 
KRANJSKA 
GORA 0 0 61405,59 68313,72 77262,97 78713,93 78489,12 54704,29 81933,25 71804,01 72095,93 75169,61 80187,54 83707,56 63127,68 
VIPAVA 61605 62019,78 64161,62 56981,6 57089,6 53493,1 62118,59 60796,15 64766,52 66664,09 71824,64 67796,72 68977,89 62057,16 62882,32 
ROGATEC 64417 74041,64 75561,35 70142,07 60881,38 57021,77 71125,07 54587,55 50733,94 54734,81 39186,8 52844,29 52407,67 55285,56 59497,92 
VUZENICA 72268,75 73039,82 56122,7 39561,64 75708,84 70181,62 56925,11 60956,98 51551,21 49903,67 54269,53 50077,27 45269,68 50825,69 57618,75 
RADLJE OB 
DRAVI 0 0 0 0 0 0 95631,13 100675,9 99724,4 101849,6 103912,2 93266,33 95119,33 98679,67 56347,04 
RADEČE 68110 76990 58298 75282 41617 100660,9 48806,76 44379,15 59461,89 44271,05 67471,54 65826,46 24133,49 0 55379,16 
BOVEC 32281 45117,18 48930,2 56243,18 51809,75 49525,47 52584,18 57825,37 61215,61 60000,32 60255,01 54478,93 57990,1 62384,46 53617,2 
RIBNICA NA 
POHORJU 56891,43 54251,17 49669,46 45127,06 54928,29 51774,68 50520,84 48965,03 52615,64 56535,3 56455,56 61461,83 50615,01 51922,42 52980,98 
NAZARJE 37097,63 43348,49 49155 49893,88 72337 37863,36 72408,38 51587,84 39413,83 58046,19 50239,78 54728,57 60454,81 55825,52 52314,31 
GORENJA VAS-
POLJANE 34180 36204,97 53240,6 52302,99 56342,52 58805,68 58460,62 46241,43 59964,61 58407,1 60504,31 51673,84 52856,12 50958,89 52153,12 
CERKNO 41496 48511 57173,48 72171,79 61568,13 29455,69 51185,78 44499,1 51776,27 30340,57 45574,13 42713,98 57204,15 48660,04 48737,87 
ŠEMPETER-
VRTOJBA 34170 54352 60439,82 44378 56978,46 39645,61 51529,23 44019,47 48889,97 47074,99 49845,84 55751,46 45952,99 44581,13 48400,64 
RADENCI 35989,04 36327,45 83054,2 69713,41 53169,15 42371,47 34320,41 34118,46 37263,81 42107,44 40440,05 38535,56 40202,85 33971,15 44398,89 
RAČE-FRAM 43281 50772 50233,02 45063,35 45798,55 48388,18 40320,34 47396,45 44987,82 45089,65 42207,47 37306,11 37963,64 40751,25 44254,2 
CELJE 0 0 0 0 0 0 0 205833 72695,62 48105,99 128576,6 98796,02 18500 25000 42679,09 
MAJŠPERK 31121,2 53809,47 46339,29 42375,21 48779 40362,56 37054,33 39598,14 41168,87 40758,72 38867,68 38140,69 39132,41 39211,23 41194,2 
BOHINJ 46559 22106,13 31153,04 41308,57 42430,03 33660,15 37172,97 39360,98 45125,01 47176,2 44080,84 44241,94 48852,38 46484,87 40693,72 
ŽIRI 43482 45985,04 52406,56 39846,91 38179,99 38398,7 36376,67 31542,77 33208,73 35411,04 38923,98 47751,71 34508,53 33779,91 39271,61 
KRIŽEVCI 41790,4 39175,03 39314,33 40017,8 40767,15 38616,9 42729,21 37098,86 37384,12 34661,64 39228,68 38150,22 38927,06 34222,64 38720,29 
ŠMARTNO PRI 
LITIJI 4945,74 584,51 106,02 0 56628,13 46737,67 49698,74 57551,79 59804,57 55388,24 58906,15 51187,53 47437,81 45752 38194,92 
LITIJA 0 0 0 0 30000 30000 0 0 0 0 0 156965,4 115559,8 192318,4 37488,83 
IVANČNA 
GORICA 32105 34114,46 38050,31 40205,91 37911,19 35005,44 36608,65 38822,45 36150,44 35879 36057 39310,13 40034,85 34036,41 36735,09 
PODVELKA 30346 30062,97 37866,08 35681,94 33126,23 31005,72 31405,76 31185,72 35225,01 36391,92 39666,63 42976,73 47103,13 46670,85 36336,76 
MENGEŠ 39136,04 45593,39 38497,95 41035,6 62836,15 68978,52 30706,79 25668,56 18690,27 62568,5 18520,21 19302,92 17503,15 16628,29 36119,02 
ŠENČUR 28634,17 32886,03 27434,39 32696,69 32481,63 33780,66 37713,07 37910,16 40091,27 39759,27 38726,45 38016,75 38171,21 36929,25 35373,64 
GORNJI 
PETROVCI 0 0 12364,75 51360,9 43922,59 47627,33 54875,94 56062,28 63338,71 41385,16 51046,31 24018,89 13299,92 26825,12 34723,42 
BLED 42694,44 34853,1 36979,59 33445,42 28185,41 38796,18 31543,06 26290,44 27710,43 10550,9 44705,05 36265,2 38443,34 32798,01 33090,04 

PODČETRTEK 43053 56571 30465 50107 40948 11243,01 22673,42 25923,6 18405,75 21076,58 21440,79 36007,04 22833,9 47062,46 31986,47 
LOVRENC NA 
POHORJU 28855,95 30595,39 31948,22 32933,67 36037,64 25664,94 25814,34 31531,8 28206,24 39534,39 30619,38 35939,44 34015,55 35579,29 31948,3 
GROSUPLJE 41027 35954,36 36492 31551 30228,66 26980,13 29740,3 33022,1 32193,14 29783,79 29588,24 29744,55 30241,42 30470,97 31929,83 
GORNJI GRAD 24987,42 38595,52 37442,63 44307,6 41779 30623,75 41496,48 29164,89 36114,61 33864,89 34438,99 26342,6 17435,72 0 31185,29 
TRZIN 19165 19183,83 21279,84 22310,59 18940,4 19103,03 27048,02 37175,67 37425,32 39380,01 37453,76 37670,87 43058,84 43449 30188,87 
KANAL 17479 31703,05 34265,09 27526,21 37963,39 32131,33 34062,81 29670,85 26702,37 28907,06 28504,28 29166,06 27346,18 34164,84 29970,89 
ŠTORE 13300 18411 14689,19 16552,92 29662,56 25529,15 55056 19871,96 30081,8 48418,57 69918,09 27122,63 35465,16 0 28862,79 
DIVAČA 44247,38 33447,39 25977,43 29960,03 27890,22 25299,46 30984,46 24590,04 24824,98 28221,56 25361,27 26884,56 29233,87 26802,2 28837,49 
MEDVODE 22059 29085,53 22440,14 25704,74 25326,38 23315,89 24799,17 25478,28 28772,31 28883,83 28951,81 36285,73 38532,63 38219,75 28418,23 
DOBRNA 30698 10000 0 50000 26000 50898,47 19203,98 56118,89 29122,61 34252,88 17864,93 23786,78 22031,88 22392,69 28026,51 
BOROVNICA 29442,8 34948,76 30933,84 29818,04 25345,3 26405 26146,05 25267,89 29940,12 25875,14 25816,03 25356,31 22962,8 21949,35 27157,67 
APAČE 24969,67 25667,72 24869,61 24539,29 25940,05 28812,57 27950,83 26848,56 25995,85 29813,8 27332,94 25534,87 25985,87 24812,55 26362,44 
KIDRIČEVO 195 305,69 111,16 0 16916,36 4254,31 15455,4 68106,74 63635,68 34037,44 32818,52 65908,25 21166,8 33303,93 25443,95 
ČRENŠOVCI 0 0 0 653,34 31195,01 33076,55 32101,14 32436,27 36406,54 34712,4 40802,2 41273,33 39591,14 32310,5 25325,6 
ŠMARTNO OB 
PAKI 17515 26062 27793,96 33225,23 13753,9 17745 3201,49 17473,74 31199,29 29899,77 34464,05 26472,25 35605,37 32317,77 24766,34 
VRANSKO 16074,67 26357,02 21531,76 25743,77 17650,25 29364,23 20982,49 22395,42 21815,66 17673,31 43219,78 17210,95 24618,77 28524,21 23797,31 
HRPELJE-
KOZINA 20777 21773,4 27712,4 23782,79 28325,42 21641,05 17118,61 20253,68 21054,23 25882,6 9941,1 30827,97 26102,98 26712,53 22993,27 
OPLOTNICA 20882 22134,96 22231,24 23656,54 24470,64 24509,73 24132,44 22921,09 15809,53 20446,97 20755,99 24802,34 23849,36 18632,57 22088,24 
LJUBNO 14948 22694,42 23341 23070,06 23945,92 21384,15 24033,38 23408,4 23953,21 21765,88 21059,72 19318,24 17983,78 22028,58 21638,2 
NOVO MESTO 26318 17449,47 4268,51 22288,12 33408,85 5444,98 3187,24 17154,12 30224,36 21931,22 22936,21 28312,41 28280,84 27408,46 20615,2 
TREBNJE 35281,67 28395,12 23563,6 23027,45 23090,64 17133,26 13118,29 16172,51 22937,01 26240,6 26403,72 11328,56 6114,64 6280,74 19934,84 
SEMIČ 17787,15 15937 25393,6 14456,33 34133,07 21477,35 16751,88 20762,23 19258,17 18278,78 17063,3 17121,27 15181,86 17876,96 19391,35 
ŽIROVNICA 1314,89 33822,37 16301,88 13107,63 7619,14 20884,68 16193,43 15499,09 14183,19 25510,55 25981,26 25092,04 25512,64 25605,88 19044,91 
MOZIRJE 20530 23195,73 22983,28 20999,8 23825,14 19539,96 16407,76 18153,85 10266,9 20783,49 19335,19 19278,79 14972,75 16193,25 19033,28 
MORAVČE 27955 24920 15407 17152 13582 16634,75 14675,36 14669,5 16592,23 16990,3 20042,61 19079,76 22863,04 22190,64 18768,16 
KOPER 16834 21662,21 20481,08 20913,45 19166,62 20085,16 16646,09 19872,15 16773,42 16376,48 16551,43 15487,68 19257,27 17259,38 18383,32 
BELTINCI 14437,86 15250,6 15809,55 18054,24 19623,03 15449,62 16772,78 18959,92 18797,45 17541,96 17595,11 24410,61 20717,97 21498,88 18208,54 
NAKLO 18569,82 19940,44 19246,62 16620,4 16960,56 17154,25 18169,99 17912,68 17304,57 17242,31 17187,04 17353,92 17512,42 17138,72 17736,7 
TURNIŠČE 0 2583,59 2540,78 7168,46 38362,83 25933,59 21388,98 24035,95 18975,63 16903,97 18990,37 13903,89 17890,05 15865,52 16038,83 
MIREN-
KOSTANJEVICA 14951 15690,67 14987,02 15196,38 16476,88 14132,71 15407,13 16048,2 16894,26 15606,54 16251,82 18810,48 18517,88 15292,58 16018,83 
MAKOLE 14337 14596,28 16741,97 21339,31 16654,47 18960,53 16542,03 18707,03 12930,76 17012,86 13165,53 14681,56 11136,19 9246,74 15432,3 
ŠENTILJ 7896,51 10257,45 11178,15 9666 10191,2 7454,09 13409,64 14211,29 17722,25 12994,12 21116,73 27638,39 21095,23 30297,88 15366,35 
TIŠINA 17490 17166,98 17853,81 14901,52 12289,07 14134,39 14182,27 11753,53 11535,25 14828,95 14139,46 16103,38 15720,07 15188,92 14806,26 

KUNGOTA 10557,09 12635,05 10812,04 9352,47 7823,8 9997,7 11924,17 15168,59 25355,99 23668,44 15866,01 15990,26 17928,3 18540,25 14687,15 
DOBJE 959 6998,48 14062,23 18607,72 16489,06 15165,7 14876,31 12595,91 15480,41 23690,08 16045,12 19731,45 17131,8 10865,3 14478,47 
LUČE 11747 13157,13 14167,42 10909,47 13812,23 14352,42 13744,65 12449,62 13813,14 12643,08 13331,9 15113,53 16667,59 14685,97 13613,94 
PESNICA 9492,62 12924,9 13970,08 13099,74 13834 11803,42 12618,09 12520,76 13418,58 12183,89 11942,7 11825,92 13440,36 13410,87 12606,14 
BRASLOVČE 14442 13659,46 16297,8 12517,51 12356,84 12749,15 10659,53 10547,12 9515,81 10374,75 11345,9 10013,75 9381,66 20555,48 12458,34 
IG 10579 10949,24 12016,58 13103,38 12549,64 11742,66 12064,98 13870,13 12241,26 12794,57 13595,04 12772,07 12769,48 11588,79 12331,2 
SVETI TOMAŽ 10067 11406,73 10502,55 11616,78 11389,94 11162,2 11912,9 10281,53 11839,05 13151,55 13795,78 13012,89 13120,08 11004,57 11733,11 
MOKRONOG-
TREBELNO 0 0 0 0 0 14248 18842,31 18589,96 18682,46 21145,44 17920,2 19002,34 17334,69 16729,77 11606,8 
CERKLJE NA 
GORENJSKEM 12117 12117 12681 12863 11476 10790,16 9485,32 10024,27 11302,6 9881,24 9685,93 12607,52 13488,48 13270,18 11556,41 
VITANJE 25627,36 0 0 0 10790,64 12889,47 14511,34 20516,98 21728,26 12386,78 7895,1 11083,27 11490,65 11782,34 11478,73 
KOSTANJEVICA 
NA KRKI 10695,27 14350,96 12470,15 11302,57 10741,38 10459,48 9408,73 10155,32 11259,15 13037,14 12660,24 11827,73 11933,3 10041,5 11453,07 
BISTRICA OB 
SOTLI 9590,39 11148,48 9909,68 12359,94 11201,27 13869,53 13849,19 14420,13 12921,01 10481,87 11243,92 11762,92 7203,36 10345,97 11450,55 
BLOKE 9596 10149,85 10717,22 10712,26 9544,31 11715,3 10850,45 9055,51 10117,63 12700,13 10652,54 11629,95 12610,1 14548,85 11042,86 
KOMEN 11419 12027,97 11338,23 11933,91 11591,37 11547,39 9748,38 10743,49 10941,28 11258,93 9140,68 8697,72 7972,91 8861,32 10515,9 
SELNICA OB 
DRAVI 2615 6241 9357 9031,53 9909,59 9441,07 10664,71 13093,69 10976,22 9442,2 8365,98 9356,64 16714,4 9282,72 9606,554 
BRDA 10921 12497 13562,84 3585,1 5348,91 6125,92 5427,4 9089,03 11359,16 13290,32 8808,89 13422,84 10482,52 9767,9 9549,202 
ŠKOFLJICA 4946,27 8090,08 9500,44 8841,94 8262,79 7198,38 12855,46 9289,55 10513,98 10511,67 9434,93 10017,91 11549,07 12317,3 9523,555 
SV. TROJICA V 
SLOVENSKIH 
GORICAH 6574 8459,13 7196,18 10045,71 9688,98 13389,96 8305,36 4715,73 13139,86 10992,95 12921,4 7100,85 9025,45 9485,83 9360,099 
BREZOVICA 7813,69 9812,19 6669,12 6226,6 4939,11 9556,18 10947,48 11734,38 11162,72 10790,1 10459,14 7956,12 9077 8992,5 9009,738 
SODRAŽICA 7949,78 10310,45 9223,52 9587,33 9128,84 8247,43 8484,89 8456,93 9279,35 9066,43 8064,22 8548,53 8648,48 8663,81 8832,856 
BENEDIKT 9910 11067,43 6662,48 11685,97 9284,11 9805,77 7563,53 2417,22 5116,57 8348,97 6296,5 13505,73 7089,24 8194,57 8353,435 
DORNAVA 9522,91 10360,03 9216 15263,22 14807,22 9412,44 8329,33 7364,13 5525,97 5769,07 5595,97 4718,23 3879 3879 8117,323 
DOBROVNIK 0 137,22 0 572,99 3943,25 5675,55 16747,3 13251,01 12744,74 27392,7 8798,93 5990,97 6535,11 8922,3 7908,005 
LOŠKI POTOK 703,64 394,61 370,23 410,74 418,46 2331,47 7669,3 13594,08 10858,18 11591,17 15635,9 12915,23 11340,14 16753,86 7499,072 
VELIKA POLANA 0 0 0 232,73 8784,79 10434,48 9680,49 7564,66 9070,25 9295,65 11655,43 10906,26 8715,39 10670,34 6929,319 
KOMENDA 5881 4800,13 7654,11 9593,67 6905,23 7699,06 11426,24 8546,85 6559,57 6041,6 7493,27 5415,93 5473,7 2999,95 6892,165 
SV. JURIJ V 
SLOVENSKIH 
GORICAH 1636,98 2128,83 1546,09 1505,38 2057,51 314,55 9719,2 7190,81 13483,43 13386,36 10808,98 10221,08 11095,31 9316,73 6743,66 
PUCONCI 9284,78 9229,82 6378,33 5741,85 6581,34 5477,65 2444,47 5241,92 6950,28 5635,2 8073,97 6022,44 7371,28 9213,7 6689,074 
KOBARID 8346 5132 5720 9313,76 9202,61 5163,85 5726,97 4430,56 4968,19 7586,22 7972,93 8385,38 5762,8 5663,23 6669,607 
VERŽEJ 7470,57 6523,9 7137 6417,65 7378,88 6487,96 8084,6 6070,92 5647,67 3614,73 7444,86 6415,81 6605,04 4740,45 6431,431 

SVETA ANA 7669 7414,29 2486,48 8431,91 2886,27 3727,72 0 1688,44 3245,08 3066,22 3510,76 11956,91 16319,32 16416 6344,171 
HODOŠ 0 0 0 0 0 0 0 0 1498,92 2141,5 18246,25 20351,52 24383,81 21335,98 6282,713 
SVETI JURIJ 17875 9872,44 8732,61 11077,1 6917,93 5228,38 3672,1 2995,75 2995,8 2678,9 3469,12 3533,56 3687,85 4176,61 6208,082 
VIDEM 15666 2517 10919 7693 2478,56 3049,71 1688,68 11857,45 8068,87 5213,06 4837,85 4391,84 4092,79 4145,43 6187,089 
LUKOVICA 5070,14 9054,14 6801,75 8136,53 6590,32 6009,84 5951,21 5951,4 4578 5545,59 5076,36 5085,73 5251,48 5657,32 6054,272 
VODICE 10166,13 10024,15 11890,15 9247,15 8750,28 4625,51 5196,25 437,36 420 712,82 871,2 3224,1 7636,62 8444,07 5831,842 
TABOR 1837,67 2077,45 441,12 3214,66 5313,02 7187,56 5014,97 3770,09 9933,06 6142,01 11973,74 6326,52 5959,6 4994,64 5299,008 
REČICA OB 
SAVINJI 4013 7805,52 4876,87 6206,84 4565,94 6124,55 6141,76 4429,01 4892,49 6537,99 5585,13 4657,35 3984,51 4327,19 5296,296 
MIRNA     2411,94 11739,1 10584,69 13466,48 6405,25 702,56 2680,84 1989,54 868,5 923,28 5177,218 
VELIKE LAŠČE 7382,91 6576,52 7997,12 6436,11 5158,99 4069,86 4225,45 5003,41 4582,12 3583,73 4210,93 4687,38 3739,63 3735,6 5099,269 
ŠALOVCI 6662 5464,99 6005,93 5898,91 8218,16 5849,91 6315,83 4611,27 1494,11 1433,5 2099,25 4961,79 8196,58 2700,51 4993,767 
SREDIŠČE OB 
DRAVI 2617 2731,76 3038,94 2944,4 2627,28 4425,8 4473,74 5763,76 7416,43 8101,47 6522,87 4413,11 7715,69 5722,36 4893,901 
KOBILJE 4614 3373,67 2781,34 4519,33 7572,74 5847,15 4740,56 3669,2 9847,75 3769,25 3498,65 3075,89 3411,05 5206,52 4709,079 
KUZMA 3528 3592,09 3677,43 3837,49 5073,31 7146,51 6861,3 3826,77 1652,57 5333,67 7319,49 5982,34 6127,31 1555,61 4679,564 
PREDDVOR 6988,83 2866,74 3659,7 4548,96 2945,56 2151,23 4374,69 5388,14 4924,2 4444,4 3855,52 4216,44 6697,71 4921,85 4427,426 
GORJE 0 1624,51 2157,48 1521,6 4255,89 4056,38 2480,03 4014,65 5617,39 5973,67 5662,53 8069,2 8950,16 7326,33 4407,844 
DOBREPOLJE 7930,29 6096,64 4484,58 4569,04 2524,6 2057,74 1931 1932,43 4102,73 5486,31 3731,44 4425,8 5714,4 3881,08 4204,863 
JEZERSKO 11876,83 2720,63 2990,26 3280,29 2836,76 1764,1 2886,48 2202,7 1778,83 25758,84 371,78 202,35 142,8 0 4200,904 
ŠENTRUPERT 6240 2304,13 3573,48 3365,8 5493,82 0 3185,8 4378,51 4874,24 3946,78 4681,12 3915,2 4444,18 5908,03 4022,221 
GRAD 5055,27 4524,34 4020,09 3686,89 3094,07 3950,23 5767,29 3088,61 3458,07 2991,47 2632,61 2661,39 3883,28 2768,76 3684,455 
RENČE-
VOGRSKO 0 0 0 0 0 4597,13 5066,22 5415,5 5067,62 4317,32 5066,22 7935,94 6333,25 6622,93 3601,581 
CANKOVA 3617 3754,31 3782,41 3609,79 3003,29 2934,48 3086,22 2749,59 2713,63 3444,23 2934,48 2934,48 2378,59 2967,24 3136,41 
DOLENJSKE 
TOPLICE 4900 5038,92 2561,42 2906,16 3000 3000 3000 3000 1750 2750 2475 3025 3550 2750 3121,893 
ROGAŠOVCI 2033,27 2033,28 2033,28 2033,28 2033,28 2433,28 3019,95 4293,28 3903,28 3903,28 4211,62 2899,67 3747,55 3988,28 3040,47 
DUPLEK 1961,73 3715,22 3674,5 3701,45 3516,57 3326,95 2795,71 3383,71 1715,98 2512,93 2116,86 3212,45 3007,8 631,22 2805,22 
CIRKULANE 1211,87 0 8184,75 3896,38 5241,16 4439,34 2262,81 2556,58 839,92 2980,01 1877,59 1162,13 979,44 979,44 2615,101 
ŠKOCJAN 1291 1400 0 2196,53 3185,16 3395,25 3153,22 2481,04 3430,05 3172,07 3065,19 4322,28 1672,49 1674,11 2459,885 
RAZKRIŽJE 4442,93 3957,54 4551,67 3644,51 3480,78 5216,97 2894,99 2284,49 1594,33 745,65 0 0 662,54 0 2391,171 
DOBROVA-
POLHOV 
GRADEC 1454,52 20128,75 2357,29 2357,28 2357,28 2357,28 1767,96 0 0 0 0 0 0 0 2341,454 
ŽUŽEMBERK 0 0 32088,43 0 0 0 0 0 0 0 0 0 0 0 2292,031 

SV. ANDRAŽ V 
SLOVENSKIH 
GORICAH 0 0 0 0 0 0 0 27104,81 0 0 2305,69 0 333,26 0 2124,554 
CERKVENJAK 1836 2203,08 2677,07 2803,9 3084,29 3925,46 3645,07 3364,68 2803,9 0 0 0 0 0 1881,675 
MORAVSKE 
TOPLICE 783,18 2039,27 1114,44 1044,24 1464,24 1437,22 1131,26 1044,24 1943,8 1566,47 2600,24 1522,78 1196,47 2567,7 1532,539 
DOL PRI 
LJUBLJANI 603,79 539,02 428,69 444,2 608,2 595 650 200 14158,66 2234,1 0 0 0 0 1461,547 
ZAVRČ 1542,68 1205,42 1833,6 1968,34 1088,99 1031,76 552,01 1414,03 1060,05 3944,08 1078,68 1078,68 1078,68 1078,68 1425,406 
MARKOVCI 0 0 49,7 133,84 177,66 69,58 103,54 453,48 637,94 2835,64 3837,46 3787,1 3522,83 4075,47 1406,017 
KOSTEL 0 1322 2950 1000 1200 1145,28 1200 0 825 1300 2325 1907 2744 1696 1401,02 
OSILNICA 1877 1769,06 1937,52 1769,06 2080,6 557,23 1329,53 1105,38 600 993,16 1217,84 600 950 800 1256,17 
SOLČAVA 2707 2513 3093,54 2305,21 2700,31 223,37 330,39 367,1 330,39 367,1 367,1 110,13 72,45 0 1106,221 
PODLEHNIK 1769 6759,32 4976,32 212,3 212,39 193 212,3 135,1 0 0 0 231,48 173,61 0 1062,487 
STRAŽA 1862,82 0 0 10696,05 0 1159,7 0 0 0 0 0 0 0 0 979,8979 
NOVA GORICA 0 0 0 540 720 1333,2 1452,55 1309,81 1360,32 1194,98 1407,5 1319,21 1024,55 600 875,8657 
ŠMARJEŠKE 
TOPLICE 533,2 0 2312,74 0 682,55 1514,17 1682,1 1693,02 1698,76 1128,62 0 0 0 0 803,2257 
ŠENTJERNEJ 0 0 869,9 300 600 600 600 600 600 600 708,73 1261,17 817,5 600 582,6643 
JURŠINCI 300,48 525,84 600,96 600,96 600,96 600,96 600,96 600,96 600,96 600,96 600,96 600,96 600,96 600,96 574,1314 
HORJUL 0 0 0 2250 3109,76 0 0 0 0 0 0 0 0 0 382,84 
ODRANCI 154,16 958,51 160,26 0 0 0 0 0 0 0 0 0 800 1600 262,3521 
ŽETALE 0 0 0 0 0 0 2696,94 0 0 0 0 0 0 0 192,6386 
GORIŠNICA 231 105 21 0 0 0 0 0 0 0 0 0 0 0 25,5 
ANKARAN         0 0 0 0 0 0 0 
DESTRNIK 0 0 0 0 0 0 0 0 0 0 0 0 0 0 0 
HAJDINA 0 0 0 0 0 0 0 0 0 0 0 0 0 0 0 
HOČE-SLIVNICA 0 0 0 0 0 0 0 0 0 0 0 0 0 0 0 
LOG-
DRAGOMER 0 0 0 0 0 0 0 0 0 0 0 0 0 0 0 
MIKLAVŽ NA 
DRAVSKEM 
POLJU 0 0 0 0 0 0 0 0 0 0 0 0 0 0 0 
MIRNA PEČ 0 0 0 0 0 0 0 0 0 0 0 0 0 0 0 
MURSKA 
SOBOTA 0 0 0 0 0 0 0 0 0 0 0 0 0 0 0 
STARŠE 0 0 0 0 0 0 0 0 0 0 0 0 0 0 0 
TRNOVSKA VAS 0 0 0 0 0 0 0 0 0 0 0 0 0 0 0 
 

 
 
Tabela 10: Prihodek iz naslova Prihodki od najemnin za stanovanja (urejeno padajoče glede na povprečje 2007-2020) na prebivalca (v EUR) 
OBČINA 2007 2008 2009 2010 2011 2012 2013 2014 2015 2016 2017 2018 2019 2020 x̄ 
ČRNA NA 
KOROŠKEM 48,94 60,26 50,14 50,12 54,38 16,14 64,70 47,80 26,10 51,45 39,98 46,77 47,28 36,60 45,76 
RIBNICA NA 
POHORJU 48,29 46,05 42,16 38,31 46,63 43,95 42,89 41,57 44,67 47,99 47,92 52,17 42,97 44,08 44,98 
TRBOVLJE 37,04 37,58 38,85 40,70 45,17 44,69 43,76 43,58 46,25 45,10 44,22 44,20 43,83 42,53 42,68 
MUTA 41,71 36,15 54,80 54,96 42,41 42,99 43,90 40,67 41,95 37,83 39,87 31,79 34,60 35,38 41,36 
HRASTNIK 38,27 36,79 38,82 37,78 36,73 38,65 39,17 40,77 39,25 38,62 41,36 41,06 41,03 42,76 39,36 
PTUJ 41,35 38,02 38,43 37,13 39,83 37,39 35,69 36,54 38,42 36,87 36,47 34,62 34,85 35,10 37,19 
VELENJE 31,43 28,22 28,87 31,41 32,23 34,38 32,59 35,62 34,03 38,64 39,36 40,91 42,11 41,31 35,08 
ŽALEC 30,35 31,59 30,94 28,47 28,61 29,12 26,11 26,51 31,69 35,04 34,59 33,78 38,99 39,18 31,78 
RAVNE NA 
KOROŠKEM 27,51 32,61 27,85 30,23 31,02 35,65 31,82 32,52 28,68 33,52 32,88 33,28 28,98 31,93 31,32 
POSTOJNA 27,80 30,32 21,52 26,59 24,64 30,74 29,82 25,80 26,17 36,09 29,17 32,79 32,14 34,02 29,12 
IZOLA 23,84 23,80 23,59 30,89 28,88 28,12 29,49 28,17 28,10 29,15 27,11 33,68 30,66 31,51 28,36 
MEŽICA 18,39 27,58 27,45 27,55 24,72 25,18 26,56 29,48 27,49 31,01 25,66 25,32 27,65 30,44 26,75 
JESENICE 28,67 27,77 27,79 24,53 21,88 21,03 21,51 21,46 22,08 21,49 21,24 20,24 19,89 19,69 22,80 
KOZJE 28,70 36,68 36,39 26,30 22,38 30,35 24,63 15,16 0,00 20,09 12,83 19,06 20,52 22,01 22,51 
TRŽIČ 22,38 24,86 23,67 22,86 22,33 21,88 21,34 20,77 21,37 21,02 20,75 20,68 21,51 21,89 21,95 
GORNJA 
RADGONA 23,87 22,60 21,40 21,51 20,04 21,76 20,26 22,26 22,01 21,77 20,65 19,94 21,69 26,54 21,88 
ZREČE 20,22 21,13 18,78 21,01 22,45 21,74 21,29 22,33 22,03 23,35 22,43 21,73 21,24 22,00 21,55 
DRAVOGRAD 19,93 21,22 20,25 21,54 21,34 20,55 21,38 21,70 21,60 22,54 24,18 23,07 22,30 19,65 21,52 
VUZENICA 26,55 26,83 20,62 14,53 27,81 25,78 20,91 22,39 18,94 18,33 19,94 18,40 16,63 18,67 21,17 
LJUTOMER 17,40 18,61 26,34 21,23 21,29 22,05 21,43 21,48 20,98 21,36 20,73 20,61 21,12 20,28 21,07 
LOŠKA DOLINA 16,69 19,40 20,44 19,40 21,02 20,98 23,04 21,62 22,11 20,69 20,75 20,86 20,81 20,98 20,63 
HODOŠ 0,00 0,00 0,00 0,00 0,00 0,00 0,00 0,00 4,91 7,02 59,82 66,73 79,95 69,95 20,60 
RUŠE 22,31 22,71 22,51 0,00 17,97 20,18 26,54 23,95 19,63 20,86 24,73 23,15 18,87 20,80 20,30 
SLOVENJ 
GRADEC 20,70 21,90 21,27 18,66 17,16 21,28 18,34 21,90 19,66 17,22 20,89 19,74 19,18 19,62 19,82 
LAŠKO 0,00 0,00 0,00 11,97 25,18 24,11 26,10 25,92 27,79 27,22 25,89 27,74 27,74 27,11 19,77 
NAZARJE 13,91 16,25 18,43 18,71 27,12 14,20 27,15 19,34 14,78 21,76 18,84 20,52 22,67 20,93 19,62 
ROGATEC 20,65 23,73 24,22 22,48 19,51 18,28 22,80 17,50 16,26 17,54 12,56 16,94 16,80 17,72 19,07 
ŠOŠTANJ 16,17 15,50 16,06 16,90 17,97 18,10 19,03 17,52 18,46 18,01 19,00 20,72 19,94 21,78 18,23 

KOČEVJE 18,92 17,56 17,74 17,21 18,00 18,14 16,82 18,55 18,24 18,13 18,14 19,17 18,11 18,57 18,09 
POLJČANE 13,85 15,17 15,59 15,75 19,28 16,15 16,61 21,39 15,90 20,42 17,34 17,56 27,65 18,18 17,92 
PREVALJE 15,01 17,44 17,55 17,09 18,52 16,54 17,80 18,31 20,83 17,26 16,67 16,43 16,91 17,42 17,41 
PREBOLD 19,35 18,01 19,81 19,40 15,54 22,71 17,59 16,61 16,22 16,08 16,97 14,37 14,13 15,31 17,29 
GORNJI 
PETROVCI 0,00 0,00 6,08 25,25 21,59 23,42 26,98 27,56 31,14 20,35 25,10 11,81 6,54 13,19 17,07 
SEŽANA 17,55 17,26 17,75 18,09 17,74 16,95 16,33 17,93 17,57 16,39 16,03 15,95 15,99 17,12 17,05 
BOVEC 10,23 14,30 15,51 17,83 16,43 15,70 16,67 18,33 19,41 19,02 19,10 17,27 18,39 19,78 17,00 
KRANJ 15,44 16,21 16,78 16,20 17,01 16,04 16,38 15,60 16,81 15,96 16,42 16,37 16,52 16,24 16,28 
ŠENTJUR 20,83 19,76 17,09 17,52 12,91 14,65 15,01 14,70 14,67 14,28 14,06 14,46 17,34 16,52 15,99 
PODVELKA 12,58 12,46 15,70 14,79 13,73 12,85 13,02 12,93 14,60 15,09 16,45 17,82 19,53 19,35 15,06 
PIRAN 13,86 14,52 13,20 14,90 14,26 14,43 13,98 14,51 15,12 15,36 15,54 15,72 14,48 14,29 14,58 
CERKNICA 16,92 16,05 15,71 15,49 15,53 5,77 15,14 14,15 13,71 14,68 14,55 14,87 14,68 15,13 14,46 
PIVKA 17,57 17,81 12,94 13,55 15,37 14,14 14,85 14,48 13,71 13,11 13,02 13,98 13,58 14,21 14,45 
ZAGORJE OB 
SAVI 14,19 12,93 13,93 13,42 9,00 15,97 13,66 15,42 14,78 16,18 15,84 16,51 14,90 15,20 14,42 
DOBJE 0,95 6,90 13,87 18,35 16,26 14,96 14,67 12,42 15,27 23,36 15,82 19,46 16,90 10,72 14,28 
MISLINJA 13,95 11,60 18,71 14,02 13,57 13,19 14,65 13,80 13,46 12,54 15,22 12,36 15,00 15,38 14,10 
ORMOŽ 13,58 13,05 13,35 13,51 14,16 13,62 13,66 14,02 14,83 14,35 14,34 14,10 14,46 15,04 14,00 
LENART 16,59 16,92 13,36 11,95 6,21 7,19 15,46 18,27 14,71 11,96 10,71 12,27 11,51 11,71 12,77 
DOBRNA 13,95 4,55 0,00 22,73 11,82 23,14 8,73 25,51 13,24 15,57 8,12 10,81 10,01 10,18 12,74 
ILIRSKA 
BISTRICA 14,41 11,08 12,80 11,60 11,35 12,19 12,98 13,75 13,22 15,00 12,54 13,01 12,34 11,69 12,71 
RADOVLJICA 12,53 11,95 12,31 13,03 11,74 13,18 13,07 12,93 12,47 12,49 12,81 14,17 12,75 12,21 12,69 
RADEČE 15,60 17,63 13,35 17,24 9,53 23,06 11,18 10,16 13,62 10,14 15,45 15,08 5,53 0,00 12,68 
GORNJI GRAD 10,10 15,61 15,14 17,92 16,89 12,38 16,78 11,79 14,60 13,69 13,93 10,65 7,05 0,00 12,61 
ROGAŠKA 
SLATINA 13,82 12,82 12,82 9,30 11,46 13,73 15,33 11,22 12,36 16,00 8,82 12,18 13,62 12,26 12,55 
SLOVENSKE 
KONJICE 15,25 13,24 11,13 12,49 12,66 11,51 11,97 11,84 12,20 12,48 12,78 12,87 12,33 12,12 12,49 
ŠKOFJA LOKA 12,43 11,00 11,47 11,63 13,25 12,63 12,72 11,69 13,59 12,87 12,52 12,78 12,64 13,27 12,46 
KRANJSKA 
GORA 0,00 0,00 11,80 13,12 14,84 15,12 15,08 10,51 15,74 13,79 13,85 14,44 15,40 16,08 12,13 
IDRIJA 9,28 11,59 12,10 8,44 10,18 16,40 11,04 11,53 11,01 11,82 10,84 11,33 13,56 13,94 11,65 
ŠMARJE PRI 
JELŠAH 13,69 13,55 12,45 11,10 10,37 10,35 11,96 9,63 10,36 13,87 10,82 10,79 10,50 10,17 11,40 
KRIŽEVCI 12,21 11,44 11,48 11,69 11,91 11,28 12,48 10,83 10,92 10,12 11,46 11,14 11,37 9,99 11,31 
VIPAVA 10,96 11,03 11,41 10,14 10,16 9,52 11,05 10,82 11,52 11,86 12,78 12,06 12,27 11,04 11,19 

TOLMIN 10,83 10,35 9,41 9,55 10,50 9,82 9,96 9,77 11,69 11,20 11,11 11,21 13,27 13,60 10,88 
VRHNIKA 11,23 11,83 11,54 11,45 10,14 9,31 10,41 10,18 10,76 10,54 10,44 10,93 11,10 10,96 10,77 
POLZELA 9,48 9,19 9,35 9,83 9,29 11,53 11,00 10,84 10,24 10,67 12,98 11,19 12,16 11,59 10,67 
LOVRENC NA 
POHORJU 9,40 9,97 10,41 10,73 11,74 8,36 8,41 10,27 9,19 12,88 9,98 11,71 11,08 11,59 10,41 
ŽELEZNIKI 11,00 10,99 10,96 10,92 10,52 10,91 10,67 10,83 10,66 9,73 9,60 9,41 9,32 9,40 10,35 
KAMNIK 9,39 9,80 10,41 10,52 10,36 10,11 10,74 10,15 10,74 10,69 10,29 10,26 10,47 10,49 10,32 
CERKNO 8,68 10,14 11,95 15,09 12,87 6,16 10,70 9,30 10,83 6,34 9,53 8,93 11,96 10,17 10,19 
MAJŠPERK 7,64 13,21 11,37 10,40 11,97 9,91 9,10 9,72 10,11 10,00 9,54 9,36 9,61 9,62 10,11 
RIBNICA 8,71 12,42 8,66 8,56 10,41 9,93 10,28 9,33 10,01 9,71 9,92 10,58 10,30 10,45 9,95 
AJDOVŠČINA 10,02 9,35 9,17 9,23 9,21 8,94 9,22 8,91 10,20 9,57 10,31 9,74 9,50 9,95 9,52 
SLOVENSKA 
BISTRICA 9,51 9,93 8,99 8,36 9,67 9,57 9,44 8,18 9,83 10,66 10,06 9,88 9,08 8,02 9,37 
RADLJE OB 
DRAVI 0,00 0,00 0,00 0,00 0,00 0,00 15,59 16,42 16,26 16,61 16,94 15,21 15,51 16,09 9,19 
METLIKA 9,32 9,68 9,29 9,58 8,74 8,28 9,80 8,62 9,00 9,04 8,96 9,76 8,56 9,02 9,12 
VRANSKO 6,12 10,04 8,20 9,81 6,72 11,19 7,99 8,53 8,31 6,73 16,46 6,56 9,38 10,87 9,07 
PODČETRTEK 12,14 15,95 8,59 14,13 11,54 3,17 6,39 7,31 5,19 5,94 6,04 10,15 6,44 13,27 9,02 
LUČE 7,72 8,65 9,31 7,17 9,08 9,44 9,04 8,19 9,08 8,31 8,77 9,94 10,96 9,66 8,95 
Skupaj občine  9,31 8,87 8,61 8,52 8,83 8,84 8,92 8,90 8,61 8,84 8,70 8,87 8,79 8,83 8,82 
RADENCI 7,04 7,11 16,25 13,64 10,40 8,29 6,71 6,67 7,29 8,24 7,91 7,54 7,86 6,65 8,69 
KOBILJE 8,20 5,99 4,94 8,03 13,45 10,39 8,42 6,52 17,49 6,69 6,21 5,46 6,06 9,25 8,36 
LJUBNO 5,66 8,60 8,84 8,74 9,07 8,10 9,11 8,87 9,08 8,25 7,98 7,32 6,81 8,35 8,20 
BISTRICA OB 
SOTLI 6,78 7,88 7,01 8,74 7,92 9,81 9,79 10,20 9,14 7,41 7,95 8,32 5,09 7,32 8,10 
VOJNIK 7,25 6,02 8,25 8,99 8,39 8,66 8,45 5,83 10,18 8,55 8,03 7,94 7,87 8,86 8,09 
TRZIN 5,02 5,02 5,57 5,84 4,96 5,00 7,08 9,74 9,80 10,31 9,81 9,87 11,28 11,38 7,91 
ŽIRI 8,72 9,22 10,50 7,99 7,65 7,70 7,29 6,32 6,66 7,10 7,80 9,57 6,92 6,77 7,87 
BOHINJ 8,96 4,25 6,00 7,95 8,17 6,48 7,15 7,58 8,68 9,08 8,48 8,51 9,40 8,95 7,83 
ŠEMPETER-
VRTOJBA 5,48 8,72 9,70 7,12 9,14 6,36 8,27 7,06 7,84 7,55 8,00 8,95 7,37 7,15 7,77 
LENDAVA 0,14 0,14 0,14 0,59 10,65 9,14 9,63 11,70 11,41 10,70 9,98 10,88 10,59 12,55 7,73 
ŠMARTNO OB 
PAKI 5,28 7,85 8,38 10,01 4,15 5,35 0,96 5,27 9,40 9,01 10,39 7,98 10,73 9,74 7,46 
DOMŽALE 7,21 7,26 7,92 7,17 7,27 7,39 7,09 7,46 7,76 7,80 7,53 7,26 7,40 7,66 7,44 
MAKOLE 6,88 7,00 8,03 10,23 7,99 9,09 7,93 8,97 6,20 8,16 6,31 7,04 5,34 4,43 7,40 
APAČE 6,95 7,15 6,93 6,83 7,22 8,02 7,78 7,48 7,24 8,30 7,61 7,11 7,24 6,91 7,34 
DIVAČA 10,88 8,23 6,39 7,37 6,86 6,22 7,62 6,05 6,11 6,94 6,24 6,61 7,19 6,59 7,09 

BREŽICE 8,26 6,17 5,28 7,08 5,91 7,11 4,60 6,21 7,17 7,38 7,70 8,06 8,70 8,31 7,00 
BLOKE 6,02 6,37 6,73 6,72 5,99 7,35 6,81 5,68 6,35 7,97 6,69 7,30 7,92 9,13 6,93 
ŠMARTNO PRI 
LITIJI 0,89 0,11 0,02 0,00 10,23 8,44 8,98 10,39 10,80 10,00 10,64 9,24 8,57 8,26 6,90 
GORENJA VAS-
POLJANE 4,44 4,70 6,92 6,79 7,32 7,64 7,59 6,01 7,79 7,59 7,86 6,71 6,87 6,62 6,77 
SEVNICA 6,68 6,11 6,20 6,12 7,43 5,80 6,35 6,79 6,48 7,35 6,81 7,65 7,05 6,66 6,68 
ŠTORE 3,04 4,21 3,36 3,79 6,78 5,84 12,59 4,54 6,88 11,07 15,99 6,20 8,11 0,00 6,60 
JEZERSKO 18,47 4,23 4,65 5,10 4,41 2,74 4,49 3,43 2,77 40,06 0,58 0,31 0,22 0,00 6,53 
KRŠKO 9,91 11,56 11,89 12,48 12,97 5,04 3,68 3,31 3,40 3,23 3,55 3,24 3,26 3,60 6,51 
ČRENŠOVCI 0,00 0,00 0,00 0,16 7,68 8,14 7,90 7,99 8,96 8,55 10,05 10,16 9,75 7,96 6,24 
BOROVNICA 6,52 7,74 6,85 6,61 5,62 5,85 5,79 5,60 6,63 5,73 5,72 5,62 5,09 4,86 6,02 
DOBROVNIK 0,00 0,10 0,00 0,43 2,95 4,24 12,53 9,91 9,53 20,49 6,58 4,48 4,89 6,67 5,91 
LOGATEC 7,65 6,01 5,49 4,53 5,39 5,67 5,80 5,71 5,65 5,82 5,95 6,03 6,25 6,22 5,87 
RAČE-FRAM 5,69 6,68 6,61 5,93 6,02 6,37 5,30 6,23 5,92 5,93 5,55 4,91 4,99 5,36 5,82 
SVETI TOMAŽ 4,81 5,46 5,02 5,56 5,45 5,34 5,70 4,92 5,66 6,29 6,60 6,22 6,27 5,26 5,61 
KANAL 3,19 5,79 6,25 5,02 6,93 5,86 6,22 5,42 4,87 5,28 5,20 5,32 4,99 6,24 5,47 
ČRNOMELJ 2,32 0,62 1,19 2,48 5,65 7,22 7,02 7,53 7,18 6,75 6,54 7,33 6,90 7,20 5,42 
OPLOTNICA 4,94 5,24 5,26 5,60 5,79 5,80 5,71 5,43 3,74 4,84 4,91 5,87 5,64 4,41 5,23 
HRPELJE-
KOZINA 4,70 4,92 6,27 5,38 6,41 4,89 3,87 4,58 4,76 5,85 2,25 6,97 5,90 6,04 5,20 
VITANJE 11,36 0,00 0,00 0,00 4,78 5,71 6,43 9,09 9,63 5,49 3,50 4,91 5,09 5,22 5,09 
VELIKA POLANA 0,00 0,00 0,00 0,17 6,25 7,43 6,89 5,38 6,46 6,62 8,30 7,76 6,20 7,59 4,93 
VERŽEJ 5,72 4,99 5,46 4,91 5,65 4,96 6,19 4,64 4,32 2,77 5,70 4,91 5,05 3,63 4,92 
SEMIČ 4,51 4,04 6,43 3,66 8,65 5,44 4,24 5,26 4,88 4,63 4,32 4,34 3,85 4,53 4,91 
TURNIŠČE 0,00 0,79 0,77 2,18 11,69 7,90 6,52 7,32 5,78 5,15 5,79 4,24 5,45 4,83 4,89 
MENGEŠ 5,02 5,84 4,94 5,26 8,05 8,84 3,94 3,29 2,40 8,02 2,37 2,47 2,24 2,13 4,63 
KOSTANJEVICA 
NA KRKI 4,23 5,67 4,93 4,47 4,25 4,13 3,72 4,01 4,45 5,15 5,00 4,67 4,72 3,97 4,53 
MOZIRJE 4,88 5,52 5,47 5,00 5,67 4,65 3,90 4,32 2,44 4,94 4,60 4,59 3,56 3,85 4,53 
SV. TROJICA V 
SLOVENSKIH 
GORICAH 3,07 3,95 3,36 4,70 4,53 6,26 3,88 2,20 6,14 5,14 6,04 3,32 4,22 4,43 4,38 
ŽIROVNICA 0,29 7,45 3,59 2,89 1,68 4,60 3,57 3,41 3,12 5,62 5,72 5,53 5,62 5,64 4,19 
BLED 5,40 4,41 4,68 4,23 3,56 4,91 3,99 3,32 3,50 1,33 5,65 4,59 4,86 4,15 4,18 
LOŠKI POTOK 0,39 0,22 0,20 0,22 0,23 1,28 4,20 7,44 5,94 6,34 8,56 7,07 6,21 9,17 4,10 
ŠENČUR 3,29 3,78 3,16 3,76 3,74 3,89 4,34 4,36 4,61 4,57 4,46 4,37 4,39 4,25 4,07 

KIDRIČEVO 0,03 0,05 0,02 0,00 2,59 0,65 2,37 10,43 9,74 5,21 5,03 10,09 3,24 5,10 3,90 
SODRAŽICA 3,49 4,53 4,05 4,21 4,01 3,63 3,73 3,72 4,08 3,99 3,54 3,76 3,80 3,81 3,88 
MOKRONOG-
TREBELNO 0,00 0,00 0,00 0,00 0,00 4,51 5,97 5,89 5,92 6,70 5,68 6,02 5,49 5,30 3,68 
TIŠINA 4,24 4,16 4,33 3,61 2,98 3,43 3,44 2,85 2,80 3,60 3,43 3,91 3,81 3,68 3,59 
ŠALOVCI 4,65 3,81 4,19 4,12 5,73 4,08 4,41 3,22 1,04 1,00 1,46 3,46 5,72 1,88 3,48 
MORAVČE 5,12 4,56 2,82 3,14 2,49 3,04 2,69 2,69 3,04 3,11 3,67 3,49 4,19 4,06 3,44 
NAKLO 3,46 3,71 3,58 3,09 3,16 3,19 3,38 3,33 3,22 3,21 3,20 3,23 3,26 3,19 3,30 
BENEDIKT 3,85 4,30 2,59 4,54 3,61 3,81 2,94 0,94 1,99 3,24 2,45 5,24 2,75 3,18 3,24 
MIREN-
KOSTANJEVICA 3,03 3,18 3,03 3,08 3,33 2,86 3,12 3,25 3,42 3,16 3,29 3,81 3,75 3,10 3,24 
OSILNICA 4,74 4,47 4,89 4,47 5,25 1,41 3,36 2,79 1,52 2,51 3,08 1,52 2,40 2,02 3,17 
SV. JURIJ V 
SLOVENSKIH 
GORICAH 0,77 1,00 0,73 0,71 0,97 0,15 4,57 3,38 6,33 6,29 5,08 4,80 5,21 4,38 3,17 
TABOR 1,07 1,20 0,26 1,86 3,08 4,17 2,91 2,19 5,76 3,56 6,94 3,67 3,45 2,90 3,07 
DORNAVA 3,56 3,87 3,45 5,71 5,54 3,52 3,11 2,75 2,07 2,16 2,09 1,76 1,45 1,45 3,03 
KUNGOTA 2,18 2,61 2,23 1,93 1,61 2,06 2,46 3,13 5,23 4,88 3,27 3,30 3,70 3,82 3,03 
KUZMA 2,24 2,28 2,33 2,43 3,22 4,53 4,35 2,43 1,05 3,38 4,64 3,79 3,89 0,99 2,97 
KOMEN 3,18 3,34 3,15 3,32 3,22 3,21 2,71 2,99 3,04 3,13 2,54 2,42 2,22 2,46 2,92 
SVETA ANA 3,37 3,26 1,09 3,70 1,27 1,64 0,00 0,74 1,43 1,35 1,54 5,25 7,17 7,21 2,79 
LJUBLJANA 7,50 4,90 3,07 2,86 3,25 3,94 4,25 3,26 0,66 0,59 0,30 0,32 0,19 0,17 2,52 
LITIJA 0,00 0,00 0,00 0,00 1,95 1,95 0,00 0,00 0,00 0,00 0,00 10,20 7,51 12,50 2,44 
SREDIŠČE OB 
DRAVI 1,29 1,35 1,50 1,45 1,30 2,19 2,21 2,85 3,66 4,00 3,22 2,18 3,81 2,83 2,42 
REČICA OB 
SAVINJI 1,73 3,36 2,10 2,67 1,96 2,63 2,64 1,90 2,10 2,81 2,40 2,00 1,71 1,86 2,28 
IVANČNA 
GORICA 1,92 2,04 2,27 2,40 2,26 2,09 2,19 2,32 2,16 2,14 2,15 2,35 2,39 2,03 2,19 
BELTINCI 1,73 1,82 1,89 2,16 2,35 1,85 2,00 2,27 2,25 2,10 2,10 2,92 2,48 2,57 2,18 
BRASLOVČE 2,51 2,37 2,83 2,17 2,15 2,21 1,85 1,83 1,65 1,80 1,97 1,74 1,63 3,57 2,16 
KOSTEL 0,00 2,01 4,49 1,52 1,83 1,74 1,83 0,00 1,26 1,98 3,54 2,90 4,18 2,58 2,13 
SVETI JURIJ 6,09 3,36 2,97 3,77 2,36 1,78 1,25 1,02 1,02 0,91 1,18 1,20 1,26 1,42 2,11 
SELNICA OB 
DRAVI 0,57 1,35 2,03 1,96 2,15 2,05 2,31 2,84 2,38 2,05 1,82 2,03 3,63 2,01 2,08 
SOLČAVA 5,03 4,67 5,75 4,28 5,02 0,42 0,61 0,68 0,61 0,68 0,68 0,20 0,13 0,00 2,06 
RAZKRIŽJE 3,48 3,10 3,57 2,86 2,73 4,09 2,27 1,79 1,25 0,58 0,00 0,00 0,52 0,00 1,87 
MARIBOR 6,14 3,44 3,77 1,95 1,68 1,29 1,15 1,29 1,05 0,93 0,92 0,86 0,77 0,86 1,86 

ŠENTILJ 0,94 1,22 1,33 1,15 1,22 0,89 1,60 1,70 2,12 1,55 2,52 3,30 2,52 3,62 1,83 
SV. ANDRAŽ V 
SLOVENSKIH 
GORICAH 0,00 0,00 0,00 0,00 0,00 0,00 0,00 22,35 0,00 0,00 1,90 0,00 0,27 0,00 1,75 
CANKOVA 1,99 2,07 2,08 1,99 1,65 1,62 1,70 1,51 1,50 1,90 1,62 1,62 1,31 1,63 1,73 
MEDVODE 1,35 1,78 1,37 1,57 1,55 1,42 1,51 1,56 1,76 1,76 1,77 2,21 2,35 2,33 1,73 
PESNICA 1,30 1,76 1,91 1,79 1,89 1,61 1,72 1,71 1,83 1,66 1,63 1,61 1,83 1,83 1,72 
GRAD 2,35 2,10 1,87 1,71 1,44 1,84 2,68 1,44 1,61 1,39 1,22 1,24 1,80 1,29 1,71 
IG 1,46 1,51 1,66 1,81 1,73 1,62 1,66 1,91 1,69 1,76 1,87 1,76 1,76 1,60 1,70 
BRDA 1,91 2,19 2,38 0,63 0,94 1,07 0,95 1,59 1,99 2,33 1,54 2,35 1,84 1,71 1,67 
ŠENTRUPERT 2,53 0,93 1,45 1,36 2,22 0,00 1,29 1,77 1,97 1,60 1,90 1,59 1,80 2,39 1,63 
TREBNJE 2,81 2,26 1,88 1,83 1,84 1,36 1,04 1,29 1,83 2,09 2,10 0,90 0,49 0,50 1,59 
KOBARID 1,98 1,22 1,36 2,21 2,18 1,23 1,36 1,05 1,18 1,80 1,89 1,99 1,37 1,34 1,58 
GROSUPLJE 2,01 1,76 1,79 1,55 1,48 1,32 1,46 1,62 1,58 1,46 1,45 1,46 1,48 1,50 1,57 
GORJE 0,00 0,57 0,76 0,54 1,50 1,43 0,87 1,41 1,98 2,10 2,00 2,84 3,15 2,58 1,55 
CERKLJE NA 
GORENJSKEM 1,60 1,60 1,67 1,70 1,51 1,42 1,25 1,32 1,49 1,30 1,28 1,66 1,78 1,75 1,52 
MIRNA     0,92 4,48 4,04 5,14 2,44 0,27 1,02 0,76 0,33 0,35 1,41 
PREDDVOR 1,95 0,80 1,02 1,27 0,82 0,60 1,22 1,50 1,37 1,24 1,07 1,17 1,87 1,37 1,23 
VODICE 2,07 2,04 2,42 1,88 1,78 0,94 1,06 0,09 0,09 0,15 0,18 0,66 1,55 1,72 1,19 
VELIKE LAŠČE 1,67 1,48 1,81 1,45 1,16 0,92 0,95 1,13 1,03 0,81 0,95 1,06 0,84 0,84 1,15 
CIRKULANE 0,52 0,00 3,50 1,67 2,24 1,90 0,97 1,09 0,36 1,27 0,80 0,50 0,42 0,42 1,12 
DOBREPOLJE 2,10 1,61 1,19 1,21 0,67 0,54 0,51 0,51 1,09 1,45 0,99 1,17 1,51 1,03 1,11 
VIDEM 2,82 0,45 1,96 1,38 0,45 0,55 0,30 2,13 1,45 0,94 0,87 0,79 0,74 0,75 1,11 
PUCONCI 1,53 1,52 1,05 0,95 1,08 0,90 0,40 0,86 1,14 0,93 1,33 0,99 1,21 1,52 1,10 
KOMENDA 0,93 0,76 1,21 1,52 1,09 1,22 1,81 1,35 1,04 0,96 1,18 0,86 0,87 0,47 1,09 
LUKOVICA 0,87 1,55 1,16 1,39 1,13 1,03 1,02 1,02 0,78 0,95 0,87 0,87 0,90 0,97 1,04 
ZAVRČ 1,08 0,85 1,29 1,38 0,77 0,73 0,39 0,99 0,75 2,77 0,76 0,76 0,76 0,76 1,00 
ROGAŠOVCI 0,63 0,63 0,63 0,63 0,63 0,76 0,94 1,34 1,21 1,21 1,31 0,90 1,17 1,24 0,95 
CERKVENJAK 0,90 1,08 1,31 1,37 1,51 1,92 1,78 1,65 1,37 0,00 0,00 0,00 0,00 0,00 0,92 
CELJE 0,00 0,00 0,00 0,00 0,00 0,00 0,00 4,23 1,49 0,99 2,64 2,03 0,38 0,51 0,88 
DOLENJSKE 
TOPLICE 1,38 1,42 0,72 0,82 0,84 0,84 0,84 0,84 0,49 0,77 0,70 0,85 1,00 0,77 0,88 
ŠKOFLJICA 0,45 0,74 0,86 0,80 0,75 0,66 1,17 0,85 0,96 0,96 0,86 0,91 1,05 1,12 0,87 
RENČE-
VOGRSKO 0,00 0,00 0,00 0,00 0,00 1,05 1,16 1,24 1,16 0,99 1,16 1,82 1,45 1,52 0,83 
BREZOVICA 0,63 0,80 0,54 0,50 0,40 0,77 0,89 0,95 0,90 0,87 0,85 0,65 0,74 0,73 0,73 

ŠKOCJAN 0,38 0,41 0,00 0,65 0,94 1,00 0,93 0,73 1,02 0,94 0,91 1,28 0,49 0,50 0,73 
PODLEHNIK 0,97 3,69 2,72 0,12 0,12 0,11 0,12 0,07 0,00 0,00 0,00 0,13 0,09 0,00 0,58 
NOVO MESTO 0,72 0,48 0,12 0,61 0,91 0,15 0,09 0,47 0,83 0,60 0,63 0,77 0,77 0,75 0,56 
ŽUŽEMBERK 0,00 0,00 6,73 0,00 0,00 0,00 0,00 0,00 0,00 0,00 0,00 0,00 0,00 0,00 0,48 
DUPLEK 0,28 0,53 0,52 0,53 0,50 0,47 0,40 0,48 0,24 0,36 0,30 0,46 0,43 0,09 0,40 
KOPER 0,33 0,43 0,41 0,41 0,38 0,40 0,33 0,39 0,33 0,32 0,33 0,31 0,38 0,34 0,36 
MARKOVCI 0,00 0,00 0,01 0,03 0,04 0,02 0,03 0,11 0,16 0,69 0,94 0,93 0,86 1,00 0,34 
DOBROVA-
POLHOV 
GRADEC 0,19 2,58 0,30 0,30 0,30 0,30 0,23 0,00 0,00 0,00 0,00 0,00 0,00 0,00 0,30 
MORAVSKE 
TOPLICE 0,13 0,34 0,18 0,17 0,24 0,24 0,19 0,17 0,32 0,26 0,43 0,25 0,20 0,42 0,25 
STRAŽA 0,47 0,00 0,00 2,73 0,00 0,30 0,00 0,00 0,00 0,00 0,00 0,00 0,00 0,00 0,25 
DOL PRI 
LJUBLJANI 0,10 0,09 0,07 0,07 0,10 0,10 0,11 0,03 2,29 0,36 0,00 0,00 0,00 0,00 0,24 
JURŠINCI 0,13 0,22 0,25 0,25 0,25 0,25 0,25 0,25 0,25 0,25 0,25 0,25 0,25 0,25 0,24 
ŠMARJEŠKE 
TOPLICE 0,16 0,00 0,69 0,00 0,20 0,45 0,50 0,50 0,51 0,34 0,00 0,00 0,00 0,00 0,24 
ODRANCI 0,09 0,57 0,10 0,00 0,00 0,00 0,00 0,00 0,00 0,00 0,00 0,00 0,48 0,96 0,16 
ŽETALE 0,00 0,00 0,00 0,00 0,00 0,00 2,06 0,00 0,00 0,00 0,00 0,00 0,00 0,00 0,15 
HORJUL 0,00 0,00 0,00 0,77 1,06 0,00 0,00 0,00 0,00 0,00 0,00 0,00 0,00 0,00 0,13 
ŠENTJERNEJ 0,00 0,00 0,12 0,04 0,08 0,08 0,08 0,08 0,08 0,08 0,10 0,17 0,11 0,08 0,08 
NOVA GORICA 0,00 0,00 0,00 0,02 0,02 0,04 0,05 0,04 0,04 0,04 0,04 0,04 0,03 0,02 0,03 
GORIŠNICA 0,06 0,03 0,01 0,00 0,00 0,00 0,00 0,00 0,00 0,00 0,00 0,00 0,00 0,00 0,01 
ANKARAN         0,00 0,00 0,00 0,00 0,00 0,00 0,00 
DESTRNIK 0,00 0,00 0,00 0,00 0,00 0,00 0,00 0,00 0,00 0,00 0,00 0,00 0,00 0,00 0,00 
HAJDINA 0,00 0,00 0,00 0,00 0,00 0,00 0,00 0,00 0,00 0,00 0,00 0,00 0,00 0,00 0,00 
HOČE-SLIVNICA 0,00 0,00 0,00 0,00 0,00 0,00 0,00 0,00 0,00 0,00 0,00 0,00 0,00 0,00 0,00 
LOG-
DRAGOMER 0,00 0,00 0,00 0,00 0,00 0,00 0,00 0,00 0,00 0,00 0,00 0,00 0,00 0,00 0,00 
MIKLAVŽ NA 
DRAVSKEM 
POLJU 0,00 0,00 0,00 0,00 0,00 0,00 0,00 0,00 0,00 0,00 0,00 0,00 0,00 0,00 0,00 
MIRNA PEČ 0,00 0,00 0,00 0,00 0,00 0,00 0,00 0,00 0,00 0,00 0,00 0,00 0,00 0,00 0,00 
MURSKA 
SOBOTA 0,00 0,00 0,00 0,00 0,00 0,00 0,00 0,00 0,00 0,00 0,00 0,00 0,00 0,00 0,00 
STARŠE 0,00 0,00 0,00 0,00 0,00 0,00 0,00 0,00 0,00 0,00 0,00 0,00 0,00 0,00 0,00 
TRNOVSKA VAS 0,00 0,00 0,00 0,00 0,00 0,00 0,00 0,00 0,00 0,00 0,00 0,00 0,00 0,00 0,00 
 

 
 
Tabela 11: Prihodek iz naslova Prihodki od najemnin za opremo (urejeno padajoče glede na povprečje 2007-2020) v absolutnih zneskih (v EUR) 
OBČINA 2007 2008 2009 2010 2011 2012 2013 2014 2015 2016 2017 2018 2019 2020 x̄ 
Skupaj občine  637044 812091,5 720993,1 2026675 3204708 3004713 3966472 5300046 6895244 8377114 9300650 10300607 9407776 9632059 5256157 
KOPER 31 0 0 113816,2 219730,2 234441,7 181943,1 460342,1 1677578 1874796 1902455 2314934 1681660 1579095 874344,4 
METLIKA 0 0 0 339312,5 422219 457293,8 485386,1 523184,1 536861,7 534052,9 705530,5 710811,1 745874,5 718356,7 441348,8 
TRBOVLJE 0 0 0 221694,8 380026,1 464217,5 523087 623626,4 551807,7 668144,7 689304,7 552064,5 554376,1 701449,6 423557,1 
DRAVOGRAD 0 0 0 94748,35 144817,8 120194,5 330086,5 356528,9 308249,2 451459,9 496720,4 536465,2 533280,3 503390 276852,9 
PIVKA 0 0 0 155290,6 251785 179146,8 228153,3 212075,8 230034,2 319335,5 555797,7 509837,7 475930,1 573447,3 263631 
ŠEMPETER-
VRTOJBA 0 0 0 0 162922,9 189183,8 240234,9 189407,2 238888,1 211867,2 257102,5 745375,6 611275,4 646218,8 249462,6 
RADENCI 0 0 0 20623,83 36733,04 40545,97 60629,09 258044,6 374972,7 367594 434958,6 438885,3 414181,9 493638,6 210057,7 
ZAGORJE OB 
SAVI 0 0 0 118577,7 127689,9 118365,7 145947,3 151993,1 120983,2 324351,4 392273,9 330365,8 307300,4 421621,8 182819,3 
RIBNICA 361 0 0 17432,94 30591,5 50105,73 171952,5 366840,2 318212,5 318955,9 331464,5 311899,4 319368,9 316074,5 182375,7 
POLZELA 0 0 0 0 89513,56 142161,6 89995,72 140445,8 234739,5 321474,8 338902,8 363458,4 365910,9 379517,9 176151,5 
KOBARID 0 0 0 260433 261948 216662,1 214744,7 179165,4 179750,4 176716,3 184262,4 159737,2 148813,2 154466,8 152621,4 
RADLJE OB 
DRAVI 0 0 0 0 0 0 20676,21 145381,1 95115,96 389631,4 384627,1 441754,8 357441,5 299701,5 152452,1 
KOZJE 0 0 0 0 87307,86 92515 112830,8 112024,5 282004,7 199570,5 209696,2 251299,6 228761,6 242898,6 129922,1 
PODČETRTEK 0 0 0 105142 87794 63422,23 100746,1 114347,5 212267 143056,5 177923,7 135069,4 358566,7 288950,7 127663,3 
LENART 0 0 0 15349,53 131317,2 80000,04 80000,04 165979,5 239933,9 143309,9 119621 188940,3 209522,9 210013,8 113142 
KRŠKO 493,43 0 2303,88 4997,9 5397,48 5397,48 5260,05 7481,04 110534,3 208771,8 223584 330215,7 347175,1 320364,1 112284 
CELJE 452871 518457 407307 0 0 0 -0,03 0 0 0 0 0 0 0 98473,93 
SLOVENSKE 
KONJICE 0 0 0 28037,02 30847,06 30161,54 52588,71 56183,46 143953,1 161598,1 188101,8 196087,4 224022,4 232929,8 96036,46 
MUTA 0 0 0 0 0 0 57528,99 104654,7 102105,2 132599,5 188065,1 262959 226306,5 262428,9 95474,85 
SREDIŠČE OB 
DRAVI 0 0 0 1718,11 29923,72 28349,31 30868,35 30240,46 44989,6 125521,5 250253,3 255980,3 255023,2 256675,1 93538,77 
BREZOVICA 0 0 0 0 98273,85 60312,7 90781,5 72429,32 58462,79 148743,2 133014,7 268814,5 135127,9 148653,5 86758,14 
ŠKOFLJICA 0 0 0 0 100677,3 29451,28 61920,57 101002,4 95295,26 118803,1 198263,9 92254,6 116346,8 93301,81 71951,21 
KRANJSKA 
GORA 119578,2 218228,9 244550 368493,8 0 0 0 0 0 0 0 0 0 0 67917,91 
SVETI JURIJ 0 0 0 0 12497,08 64897,86 100998,3 92351,39 92442,1 109754,9 94944,05 101711,2 96842,73 105664,8 62293,18 
ŠMARTNO PRI 
LITIJI 0 0 0 7509,55 11386 6536,66 28611,6 27072,74 28396,59 94065,31 113322,5 107942,7 124324 116185,3 47525,2 
RIBNICA NA 
POHORJU 0 0 0 0 0 14490,28 67039,11 71747,68 65140,67 78665,82 78397,04 77924,67 78334,71 79578,74 43665,62 

LJUBNO 0 0 0 55489,27 18279,1 0 12458,56 92217,44 94825,49 112630,5 121090,1 90162,61 0 0 42653,79 
BRASLOVČE 0 0 0 0 9476,14 9335,48 15157,7 14840,73 55249,58 94718,61 103561,9 103452,1 96600,09 94348,07 42624,31 
ŽALEC 0 0 0 0 238588,1 119018,6 98410,33 101756,2 18787,7 11641,65 0 0 0 0 42014,47 
LOŠKA DOLINA 0 0 0 0 0 24893,55 53029,84 64418,06 69042,54 72473,96 65074,6 64882,18 66342,82 67820,1 39141,26 
JEZERSKO 0 0 0 5870,07 6611,3 8187,73 9412,41 9423,6 38099,33 112776 84781,93 83088,12 83677,38 86077,56 37714,67 
PODVELKA 0 0 0 0 0 0 34888,66 64092,45 64232,18 65525,91 74217,79 69105,67 68819,35 51205,87 35149,13 
MISLINJA 0 0 0 923 34408 3485,6 58124,06 123794,3 0 116884 26571,7 21595,67 0 0 27556,17 
MEDVODE 0 0 0 9093,98 81269,56 62114,95 70333,98 69926,73 22017,19 -7426,99 3754,9 2638,5 2228,51 1735,7 22691,93 
LUKOVICA 3450 1780 3000 21091,92 26724,84 22509,21 26244,54 27698,49 33217,68 30064,74 28890,94 23786,5 28342,07 19173,5 21141,03 
SVETA ANA 0 0 0 374,17 0 0 0 23924,29 44263,12 28153,75 0 24102,18 0 59982,34 12914,28 
STARŠE 0 0 0 0 0 5875,01 21381,16 23114,81 21727,5 23643,46 23546,33 14198,72 10934,85 646,91 10362,05 
LUČE 0 0 0 0 0 0 0 0 2069,83 24901,56 25069,68 23303,26 32575,74 14503,95 8744,573 
PREVALJE 0 0 0 0 0 0 17953,63 14514,18 10072,84 14617,94 14735,91 16368,87 13634,65 2852,99 7482,215 
RAČE-FRAM 0 4433 6588,12 4604,57 4990,21 10070,98 9607,08 4674,72 3753,5 7510,24 7884,26 9589,52 5996,53 5794,99 6106,98 
SV. ANDRAŽ V 
SLOVENSKIH 
GORICAH 0 0 0 0 0 0 0 6746,95 10762,4 11553,44 9395,74 16023,02 15144,18 15505,08 6080,772 
LOGATEC 0 0 0 0 0 0 0 15998,68 24262,52 250 12306,26 200 12206,26 12318,76 5538,749 
GORNJA 
RADGONA 9602,86 7154,49 12017,77 7393,49 10532,55 10870,09 11307,15 8086,94 200 0 170 0 0 0 5523,953 
POSTOJNA 0 0 0 0 8733,33 5715,69 3026,73 10798,23 6537,03 7744,66 7265,17 7829,24 7157,56 5001,23 4986,348 
HORJUL 17901 22556,55 24296,81 0 0 0 0 0 0 0 0 0 0 0 4625,311 
SLOVENJ 
GRADEC 418,97 326,63 326,77 23769,47 0 8350 8850 6700 1500 1500 3000 0 1500 1500 4124,417 
SEŽANA 0 0 0 0 2423,4 3688,74 3766,14 3816,78 3818,52 3810,78 3833,64 13138,11 9199,22 8816,3 4022,259 
TIŠINA 826 2476,41 2580,22 5534,24 2703,06 2879,04 3599,04 3000,48 5793,12 5402,88 5402,88 2101,15 3040,08 2889,27 3444,848 
GRAD 0 0 0 4243,68 6100 2900 7603,8 10534,08 7051,01 2397,5 1706,25 536,25 1328,75 312,5 3193,844 
OPLOTNICA 0 0 0 0 63,75 1784,16 2326,68 4553,67 1432,24 1177,56 1151,04 11391,08 6812,87 10133,75 2916,2 
VUZENICA 0 0 0 0 0 0 9305,51 24182,34 0 0 0 0 0 4335,26 2701,651 
CERKLJE NA 
GORENJSKEM 5946 6609 5472 4164 3966 5663,76 1705,61 500,47 473,64 504,01 527,36 480,49 612,82 875,11 2678,591 
ŠKOFJA LOKA 206,81 1242,46 1528,02 3351 1983 1239 2239 2338,5 3789,16 2843 2162 2918,5 4196,3 1089,74 2223,321 
BENEDIKT 13787 12865,61 0 0 0 0 0 0 0 0 0 0 0 0 1903,758 
NOVO MESTO 0 0 0 0 0 0 0 0 0 0 16531,62 4012,11 0 2093,41 1616,939 
NOVA GORICA 7105,16 6905 7312,5 980 0 0 0 0 0 0 0 0 0 0 1593,047 
KOČEVJE 0 0 0 0 0 27 116,67 1508,92 1444,16 2672,3 3081,66 3081,66 3081,66 3693,24 1336,234 
BREŽICE 0 0 0 0 18138,54 70 0 0 0 0 0 0 0 0 1300,61 

RUŠE 832 1021,52 1383,12 1283,68 1386 1428 1092 976,5 1260 756 1260 682,5 997,5 600 1068,487 
LENDAVA 0 0 100,02 216,71 200,04 216,71 100,02 0 315,56 327,87 303,28 0 6929,04 5503,33 1015,184 
ŽELEZNIKI 1039,06 1083,22 967,83 846,24 1099,8 945,05 856,36 886 1189,85 1533,85 1138,96 1072,85 658,41 105,8 958,8057 
ŠENTJERNEJ 0 0 0 0 1090,85 0 0 0 884,05 1402,5 1375 1812,5 1275 1785 687,4929 
LOŠKI POTOK 0 0 0 1476,36 1640,83 2731,41 0 0 0 0 0 0 0 410 447,0429 
TURNIŠČE 0 0 0 151,59 722,93 300,86 87,76 453,3 1091,88 736,46 345,79 721,8 702,76 803,6 437,0521 
DUPLEK 0 0 0 0 0 111 86,11 16 169,68 45,49 31,97 1753,5 2394,85 137,71 339,0221 
SEMIČ 0 0 0 0 0 416,7 625,09 0 875,03 583,38 458,37 458,37 583,38 458,37 318,4779 
BELTINCI 0 0 0 300 0 0 0 0 0 0 0 0 3840 0 295,7143 
RADOVLJICA 0 0 0 42 0 0 0 0 0 0 0 0 0 3695,18 266,9414 
SEVNICA 0 0 0 2095 0 1435 155 0 0 0 0 0 0 0 263,2143 
PREDDVOR 1639,81 1500,29 0 0 0 0 0 0 0 0 0 0 0 0 224,2929 
LITIJA 0 0 0 0 0 0 0 1775,92 1081,97 0 0 0 0 0 204,135 
GORENJA VAS-
POLJANE 278 87,55 0 0 0 0 0 0 1200 550 600 50 0 0 197,5393 
VELENJE 286 2367 0 0 0 0 0 0 0 0 0 0 0 0 189,5 
ŠENTJUR 0 1758,94 289,16 0 0 0 0 0 0 0 0 0 0 0 146,2929 
JESENICE 0 0 0 0 0 0 0 0 0 0 500 500 300 500 128,5714 
BOVEC 0 0 0 123,82 101,17 252,76 271,82 227,16 27,1 27,1 54,2 518,24 54,2 27,1 120,3336 
RENČE-
VOGRSKO 0 0 0 0 0 0 0 0 0 16,39 81,97 103,11 505,58 469,25 84,02143 
VOJNIK 0 877,55 0 0 0 0 0 0 0 0 0 0 0 0 62,68214 
IG 0 0 844,32 0 0 0 0 0 0 0 0 0 0 0 60,30857 
NAKLO 0 0 0 0 0 0 0 0 0 315,25 200 60 245,9 0 58,65357 
KRANJ 142 0 0 0 0 0 175 0 0 0 0 0 90 0 29,07143 
KOSTANJEVICA 
NA KRKI 20,04 20,04 0 49,98 0 0 164 0 8,2 0 0 0 0 0 18,73286 
DOLENJSKE 
TOPLICE 0 0 0 0 0 0 0 0 0 0 0 0 0 235,01 16,78643 
TRŽIČ 0 222,35 0 0 0 0 0 0 0 0 0 0 0 0 15,88214 
IDRIJA 164 53,4 0 0 0 0 0 0 0 0 0 0 0 0 15,52857 
DOL PRI 
LJUBLJANI 43,81 14,6 55,55 29,22 29,22 14,61 0 0 0 0 0 0 0 0 13,35786 
ŠMARJEŠKE 
TOPLICE 0 50 0 0 0 0 0 0 0 0 0 100 0 0 10,71429 
MENGEŠ 0 0 0 0 0 120 0 0 0 0 0 0 0 0 8,571429 
IVANČNA 
GORICA 0 0 0 0 0 108,77 0 0 0 0 0 0 0 0 7,769286 

APAČE 0 0 0 0 0 100 0 0 0 0 0 0 0 0 7,142857 
SOLČAVA 0 0 40 0 47,61 0 0 0 0 0 0 0 0 0 6,257857 
STRAŽA 0 0 30 0 0 0 0 0 0 0 0 0 0 0 2,142857 
TRNOVSKA VAS 20,86 0 0 0 0 0 0 0 0 0 0 0 0 0 1,49 
HAJDINA 0 0 0 0 0 0 0 0 0 8,2 0 0 0 0 0,585714 
AJDOVŠČINA 0 0 0 0 0 0 0 0 0 0 0 0 0 0 0 
ANKARAN         0 0 0 0 0 0 0 
BISTRICA OB 
SOTLI 0 0 0 0 0 0 0 0 0 0 0 0 0 0 0 
BLED 0 0 0 0 0 0 0 0 0 0 0 0 0 0 0 
BLOKE 0 0 0 0 0 0 0 0 0 0 0 0 0 0 0 
BOHINJ 0 0 0 0 0 0 0 0 0 0 0 0 0 0 0 
BOROVNICA 0 0 0 0 0 0 0 0 0 0 0 0 0 0 0 
BRDA 0 0 0 0 0 0 0 0 0 0 0 0 0 0 0 
CANKOVA 0 0 0 0 0 0 0 0 0 0 0 0 0 0 0 
CERKNICA 0 0 0 0 0 0 0 0 0 0 0 0 0 0 0 
CERKNO 0 0 0 0 0 0 0 0 0 0 0 0 0 0 0 
CERKVENJAK 0 0 0 0 0 0 0 0 0 0 0 0 0 0 0 
CIRKULANE 0 0 0 0 0 0 0 0 0 0 0 0 0 0 0 
ČRENŠOVCI 0 0 0 0 0 0 0 0 0 0 0 0 0 0 0 
ČRNA NA 
KOROŠKEM 0 0 0 0 0 0 0 0 0 0 0 0 0 0 0 
ČRNOMELJ 0 0 0 0 0 0 0 0 0 0 0 0 0 0 0 
DESTRNIK 0 0 0 0 0 0 0 0 0 0 0 0 0 0 0 
DIVAČA 0 0 0 0 0 0 0 0 0 0 0 0 0 0 0 
DOBJE 0 0 0 0 0 0 0 0 0 0 0 0 0 0 0 
DOBREPOLJE 0 0 0 0 0 0 0 0 0 0 0 0 0 0 0 
DOBRNA 0 0 0 0 0 0 0 0 0 0 0 0 0 0 0 
DOBROVA-
POLHOV 
GRADEC 0 0 0 0 0 0 0 0 0 0 0 0 0 0 0 
DOBROVNIK 0 0 0 0 0 0 0 0 0 0 0 0 0 0 0 
DOMŽALE 0 0 0 0 0 0 0 0 0 0 0 0 0 0 0 
DORNAVA 0 0 0 0 0 0 0 0 0 0 0 0 0 0 0 
GORIŠNICA 0 0 0 0 0 0 0 0 0 0 0 0 0 0 0 
GORJE 0 0 0 0 0 0 0 0 0 0 0 0 0 0 0 

GORNJI GRAD 0 0 0 0 0 0 0 0 0 0 0 0 0 0 0 
GORNJI 
PETROVCI 0 0 0 0 0 0 0 0 0 0 0 0 0 0 0 
GROSUPLJE 0 0 0 0 0 0 0 0 0 0 0 0 0 0 0 
HOČE-SLIVNICA 0 0 0 0 0 0 0 0 0 0 0 0 0 0 0 
HODOŠ 0 0 0 0 0 0 0 0 0 0 0 0 0 0 0 
HRASTNIK 0 0 0 0 0 0 0 0 0 0 0 0 0 0 0 
HRPELJE-
KOZINA 0 0 0 0 0 0 0 0 0 0 0 0 0 0 0 
ILIRSKA 
BISTRICA 0 0 0 0 0 0 0 0 0 0 0 0 0 0 0 
IZOLA 0 0 0 0 0 0 0 0 0 0 0 0 0 0 0 
JURŠINCI 0 0 0 0 0 0 0 0 0 0 0 0 0 0 0 
KAMNIK 0 0 0 0 0 0 0 0 0 0 0 0 0 0 0 
KANAL 0 0 0 0 0 0 0 0 0 0 0 0 0 0 0 
KIDRIČEVO 0 0 0 0 0 0 0 0 0 0 0 0 0 0 0 
KOBILJE 0 0 0 0 0 0 0 0 0 0 0 0 0 0 0 
KOMEN 0 0 0 0 0 0 0 0 0 0 0 0 0 0 0 
KOMENDA 0 0 0 0 0 0 0 0 0 0 0 0 0 0 0 
KOSTEL 0 0 0 0 0 0 0 0 0 0 0 0 0 0 0 
KRIŽEVCI 0 0 0 0 0 0 0 0 0 0 0 0 0 0 0 
KUNGOTA 0 0 0 0 0 0 0 0 0 0 0 0 0 0 0 
KUZMA 0 0 0 0 0 0 0 0 0 0 0 0 0 0 0 
LAŠKO 0 0 0 0 0 0 0 0 0 0 0 0 0 0 0 
LJUBLJANA 0 0 0 0 0 0 0 0 0 0 0 0 0 0 0 
LJUTOMER 0 0 0 0 0 0 0 0 0 0 0 0 0 0 0 
LOG-
DRAGOMER 0 0 0 0 0 0 0 0 0 0 0 0 0 0 0 
LOVRENC NA 
POHORJU 0 0 0 0 0 0 0 0 0 0 0 0 0 0 0 
MAJŠPERK 0 0 0 0 0 0 0 0 0 0 0 0 0 0 0 
MAKOLE 0 0 0 0 0 0 0 0 0 0 0 0 0 0 0 
MARIBOR 0 0 0 0 0 0 0 0 0 0 0 0 0 0 0 
MARKOVCI 0 0 0 0 0 0 0 0 0 0 0 0 0 0 0 
MEŽICA 0 0 0 0 0 0 0 0 0 0 0 0 0 0 0 
MIKLAVŽ NA 
DRAVSKEM 
POLJU 0 0 0 0 0 0 0 0 0 0 0 0 0 0 0 

MIREN-
KOSTANJEVICA 0 0 0 0 0 0 0 0 0 0 0 0 0 0 0 
MIRNA     0 0 0 0 0 0 0 0 0 0 0 
MIRNA PEČ 0 0 0 0 0 0 0 0 0 0 0 0 0 0 0 
MOKRONOG-
TREBELNO 0 0 0 0 0 0 0 0 0 0 0 0 0 0 0 
MORAVČE 0 0 0 0 0 0 0 0 0 0 0 0 0 0 0 
MORAVSKE 
TOPLICE 0 0 0 0 0 0 0 0 0 0 0 0 0 0 0 
MOZIRJE 0 0 0 0 0 0 0 0 0 0 0 0 0 0 0 
MURSKA 
SOBOTA 0 0 0 0 0 0 0 0 0 0 0 0 0 0 0 
NAZARJE 0 0 0 0 0 0 0 0 0 0 0 0 0 0 0 
ODRANCI 0 0 0 0 0 0 0 0 0 0 0 0 0 0 0 
ORMOŽ 0 0 0 0 0 0 0 0 0 0 0 0 0 0 0 
OSILNICA 0 0 0 0 0 0 0 0 0 0 0 0 0 0 0 
PESNICA 0 0 0 0 0 0 0 0 0 0 0 0 0 0 0 
PIRAN 0 0 0 0 0 0 0 0 0 0 0 0 0 0 0 
PODLEHNIK 0 0 0 0 0 0 0 0 0 0 0 0 0 0 0 
POLJČANE 0 0 0 0 0 0 0 0 0 0 0 0 0 0 0 
PREBOLD 0 0 0 0 0 0 0 0 0 0 0 0 0 0 0 
PTUJ 0 0 0 0 0 0 0 0 0 0 0 0 0 0 0 
PUCONCI 0 0 0 0 0 0 0 0 0 0 0 0 0 0 0 
RADEČE 0 0 0 0 0 0 0 0 0 0 0 0 0 0 0 
RAVNE NA 
KOROŠKEM 0 0 0 0 0 0 0 0 0 0 0 0 0 0 0 
RAZKRIŽJE 0 0 0 0 0 0 0 0 0 0 0 0 0 0 0 
REČICA OB 
SAVINJI 0 0 0 0 0 0 0 0 0 0 0 0 0 0 0 
ROGAŠKA 
SLATINA 0 0 0 0 0 0 0 0 0 0 0 0 0 0 0 
ROGAŠOVCI 0 0 0 0 0 0 0 0 0 0 0 0 0 0 0 
ROGATEC 0 0 0 0 0 0 0 0 0 0 0 0 0 0 0 
SELNICA OB 
DRAVI 0 0 0 0 0 0 0 0 0 0 0 0 0 0 0 
SLOVENSKA 
BISTRICA 0 0 0 0 0 0 0 0 0 0 0 0 0 0 0 
SODRAŽICA 0 0 0 0 0 0 0 0 0 0 0 0 0 0 0 

SV. TROJICA V 
SLOVENSKIH 
GORICAH 0 0 0 0 0 0 0 0 0 0 0 0 0 0 0 
SV. JURIJ V 
SLOVENSKIH 
GORICAH 0 0 0 0 0 0 0 0 0 0 0 0 0 0 0 
SVETI TOMAŽ 0 0 0 0 0 0 0 0 0 0 0 0 0 0 0 
ŠALOVCI 0 0 0 0 0 0 0 0 0 0 0 0 0 0 0 
ŠENČUR 0 0 0 0 0 0 0 0 0 0 0 0 0 0 0 
ŠENTILJ 0 0 0 0 0 0 0 0 0 0 0 0 0 0 0 
ŠENTRUPERT 0 0 0 0 0 0 0 0 0 0 0 0 0 0 0 
ŠKOCJAN 0 0 0 0 0 0 0 0 0 0 0 0 0 0 0 
ŠMARJE PRI 
JELŠAH 0 0 0 0 0 0 0 0 0 0 0 0 0 0 0 
ŠMARTNO OB 
PAKI 0 0 0 0 0 0 0 0 0 0 0 0 0 0 0 
ŠOŠTANJ 0 0 0 0 0 0 0 0 0 0 0 0 0 0 0 
ŠTORE 0 0 0 0 0 0 0 0 0 0 0 0 0 0 0 
TABOR 0 0 0 0 0 0 0 0 0 0 0 0 0 0 0 
TOLMIN 0 0 0 0 0 0 0 0 0 0 0 0 0 0 0 
TREBNJE 0 0 0 0 0 0 0 0 0 0 0 0 0 0 0 
TRZIN 0 0 0 0 0 0 0 0 0 0 0 0 0 0 0 
VELIKA POLANA 0 0 0 0 0 0 0 0 0 0 0 0 0 0 0 
VELIKE LAŠČE 0 0 0 0 0 0 0 0 0 0 0 0 0 0 0 
VERŽEJ 0 0 0 0 0 0 0 0 0 0 0 0 0 0 0 
VIDEM 0 0 0 0 0 0 0 0 0 0 0 0 0 0 0 
VIPAVA 0 0 0 0 0 0 0 0 0 0 0 0 0 0 0 
VITANJE 0 0 0 0 0 0 0 0 0 0 0 0 0 0 0 
VODICE 0 0 0 0 0 0 0 0 0 0 0 0 0 0 0 
VRANSKO 0 0 0 0 0 0 0 0 0 0 0 0 0 0 0 
VRHNIKA 0 0 0 0 0 0 0 0 0 0 0 0 0 0 0 
ZAVRČ 0 0 0 0 0 0 0 0 0 0 0 0 0 0 0 
ZREČE 0 0 0 0 0 0 0 0 0 0 0 0 0 0 0 
ŽETALE 0 0 0 0 0 0 0 0 0 0 0 0 0 0 0 
ŽIRI 0 0 0 0 0 0 0 0 0 0 0 0 0 0 0 
ŽIROVNICA 0 0 0 0 0 0 0 0 0 0 0 0 0 0 0 
ŽUŽEMBERK 0 0 0 0 0 0 0 0 0 0 0 0 0 0 0 

 
Tabela 12: Prihodek iz naslova Prihodki od najemnin za opremo (urejeno padajoče glede na povprečje 2007-2020) na prebivalca (v EUR) 
OBČINA 2007 2008 2009 2010 2011 2012 2013 2014 2015 2016 2017 2018 2019 2020 x̄ 
JEZERSKO 0,00 0,00 0,00 9,13 10,28 12,73 14,64 14,66 59,25 175,39 131,85 129,22 130,14 133,87 58,65 
METLIKA 0,00 0,00 0,00 40,77 50,74 54,95 58,33 62,87 64,51 64,17 84,78 85,41 89,63 86,32 53,03 
SREDIŠČE OB 
DRAVI 0,00 0,00 0,00 0,85 14,78 14,01 15,25 14,94 22,23 62,02 123,64 126,47 126,00 126,82 46,21 
PIVKA 0,00 0,00 0,00 24,89 40,36 28,71 36,57 33,99 36,87 51,18 89,08 81,72 76,28 91,91 42,26 
RADENCI 0,00 0,00 0,00 4,03 7,19 7,93 11,86 50,48 73,35 71,91 85,09 85,85 81,02 96,56 41,09 
KOZJE 0,00 0,00 0,00 0,00 27,09 28,70 35,01 34,76 87,50 61,92 65,06 77,97 70,98 75,36 40,31 
ŠEMPETER-
VRTOJBA 0,00 0,00 0,00 0,00 26,14 30,36 38,55 30,39 38,33 34,00 41,26 119,60 98,09 103,69 40,03 
RIBNICA NA 
POHORJU 0,00 0,00 0,00 0,00 0,00 12,30 56,91 60,91 55,30 66,78 66,55 66,15 66,50 67,55 37,07 
KOBARID 0,00 0,00 0,00 61,79 62,15 51,40 50,95 42,51 42,65 41,93 43,72 37,90 35,31 36,65 36,21 
PODČETRTEK 0,00 0,00 0,00 29,64 24,75 17,88 28,40 32,24 59,84 40,33 50,16 38,08 101,09 81,46 35,99 
DRAVOGRAD 0,00 0,00 0,00 10,86 16,60 13,77 37,83 40,86 35,33 51,74 56,92 61,48 61,11 57,69 31,73 
POLZELA 0,00 0,00 0,00 0,00 14,50 23,03 14,58 22,76 38,03 52,09 54,91 58,89 59,29 61,49 28,54 
MUTA 0,00 0,00 0,00 0,00 0,00 0,00 16,39 29,81 29,08 37,77 53,56 74,90 64,46 74,74 27,19 
TRBOVLJE 0,00 0,00 0,00 13,57 23,26 28,41 32,01 38,17 33,77 40,89 42,19 33,79 33,93 42,93 25,92 
RADLJE OB 
DRAVI 0,00 0,00 0,00 0,00 0,00 0,00 3,37 23,70 15,51 63,53 62,71 72,03 58,28 48,87 24,86 
SVETI JURIJ 0,00 0,00 0,00 0,00 4,26 22,10 34,40 31,45 31,49 37,38 32,34 34,64 32,98 35,99 21,22 
RIBNICA 0,04 0,00 0,00 1,85 3,25 5,32 18,27 38,97 33,80 33,88 35,21 33,13 33,92 33,57 19,37 
KOPER 0,00 0,00 0,00 2,26 4,36 4,65 3,61 9,13 33,25 37,16 37,71 45,89 33,34 31,30 17,33 
LJUBNO 0,00 0,00 0,00 21,03 6,93 0,00 4,72 34,94 35,93 42,68 45,88 34,17 0,00 0,00 16,16 
PODVELKA 0,00 0,00 0,00 0,00 0,00 0,00 14,46 26,57 26,63 27,17 30,77 28,65 28,53 21,23 14,57 
LENART 0,00 0,00 0,00 1,94 16,61 10,12 10,12 20,99 30,34 18,12 15,13 23,89 26,50 26,56 14,31 
KRANJSKA 
GORA 22,97 41,92 46,97 70,78 0,00 0,00 0,00 0,00 0,00 0,00 0,00 0,00 0,00 0,00 13,05 
ZAGORJE OB 
SAVI 0,00 0,00 0,00 7,09 7,64 7,08 8,73 9,09 7,23 19,39 23,46 19,75 18,37 25,21 10,93 
LOŠKA DOLINA 0,00 0,00 0,00 0,00 0,00 6,71 14,29 17,36 18,60 19,53 17,54 17,48 17,88 18,28 10,55 
ŠMARTNO PRI 
LITIJI 0,00 0,00 0,00 1,36 2,06 1,18 5,17 4,89 5,13 16,99 20,47 19,49 22,45 20,98 8,58 
BRASLOVČE 0,00 0,00 0,00 0,00 1,65 1,62 2,63 2,58 9,60 16,46 17,99 17,97 16,78 16,39 7,41 
BREZOVICA 0,00 0,00 0,00 0,00 7,97 4,89 7,36 5,87 4,74 12,06 10,78 21,79 10,95 12,05 7,03 
ŠKOFLJICA 0,00 0,00 0,00 0,00 9,16 2,68 5,64 9,19 8,67 10,81 18,04 8,40 10,59 8,49 6,55 

SLOVENSKE 
KONJICE 0,00 0,00 0,00 1,90 2,09 2,04 3,56 3,80 9,74 10,94 12,73 13,27 15,16 15,77 6,50 
MISLINJA 0,00 0,00 0,00 0,20 7,32 0,74 12,36 26,33 0,00 24,86 5,65 4,59 0,00 0,00 5,86 
LUČE 0,00 0,00 0,00 0,00 0,00 0,00 0,00 0,00 1,36 16,37 16,48 15,32 21,42 9,54 5,75 
SVETA ANA 0,00 0,00 0,00 0,16 0,00 0,00 0,00 10,51 19,45 12,37 0,00 10,59 0,00 26,35 5,67 
SV. ANDRAŽ V 
SLOVENSKIH 
GORICAH 0,00 0,00 0,00 0,00 0,00 0,00 0,00 5,56 8,87 9,52 7,75 13,21 12,48 12,78 5,01 
KRŠKO 0,02 0,00 0,09 0,19 0,21 0,21 0,20 0,28 4,20 7,93 8,49 12,54 13,19 12,17 4,26 
LUKOVICA 0,59 0,30 0,51 3,61 4,57 3,85 4,49 4,74 5,68 5,14 4,94 4,07 4,85 3,28 3,62 
Skupaj občine  0,31 0,40 0,35 0,99 1,56 1,46 1,93 2,58 3,36 4,08 4,53 5,02 4,58 4,69 2,56 
STARŠE 0,00 0,00 0,00 0,00 0,00 1,43 5,20 5,62 5,29 5,75 5,73 3,45 2,66 0,16 2,52 
CELJE 9,31 10,66 8,37 0,00 0,00 0,00 0,00 0,00 0,00 0,00 0,00 0,00 0,00 0,00 2,02 
ŽALEC 0,00 0,00 0,00 0,00 11,08 5,53 4,57 4,73 0,87 0,54 0,00 0,00 0,00 0,00 1,95 
HORJUL 6,12 7,71 8,30 0,00 0,00 0,00 0,00 0,00 0,00 0,00 0,00 0,00 0,00 0,00 1,58 
GRAD 0,00 0,00 0,00 1,97 2,83 1,35 3,53 4,90 3,28 1,11 0,79 0,25 0,62 0,15 1,48 
MEDVODE 0,00 0,00 0,00 0,56 4,96 3,79 4,29 4,27 1,34 -0,45 0,23 0,16 0,14 0,11 1,39 
PREVALJE 0,00 0,00 0,00 0,00 0,00 0,00 2,68 2,16 1,50 2,18 2,20 2,44 2,03 0,43 1,12 
VUZENICA 0,00 0,00 0,00 0,00 0,00 0,00 3,42 8,88 0,00 0,00 0,00 0,00 0,00 1,59 0,99 
TIŠINA 0,20 0,60 0,63 1,34 0,66 0,70 0,87 0,73 1,41 1,31 1,31 0,51 0,74 0,70 0,84 
RAČE-FRAM 0,00 0,58 0,87 0,61 0,66 1,32 1,26 0,61 0,49 0,99 1,04 1,26 0,79 0,76 0,80 
BENEDIKT 5,35 5,00 0,00 0,00 0,00 0,00 0,00 0,00 0,00 0,00 0,00 0,00 0,00 0,00 0,74 
OPLOTNICA 0,00 0,00 0,00 0,00 0,02 0,42 0,55 1,08 0,34 0,28 0,27 2,70 1,61 2,40 0,69 
GORNJA 
RADGONA 1,13 0,84 1,42 0,87 1,24 1,28 1,34 0,96 0,02 0,00 0,02 0,00 0,00 0,00 0,65 
LOGATEC 0,00 0,00 0,00 0,00 0,00 0,00 0,00 1,14 1,74 0,02 0,88 0,01 0,87 0,88 0,40 
CERKLJE NA 
GORENJSKEM 0,78 0,87 0,72 0,55 0,52 0,75 0,22 0,07 0,06 0,07 0,07 0,06 0,08 0,12 0,35 
SEŽANA 0,00 0,00 0,00 0,00 0,19 0,29 0,30 0,30 0,30 0,30 0,30 1,04 0,73 0,70 0,32 
POSTOJNA 0,00 0,00 0,00 0,00 0,54 0,36 0,19 0,67 0,41 0,48 0,45 0,49 0,45 0,31 0,31 
LOŠKI POTOK 0,00 0,00 0,00 0,81 0,90 1,50 0,00 0,00 0,00 0,00 0,00 0,00 0,00 0,22 0,24 
SLOVENJ 
GRADEC 0,02 0,02 0,02 1,40 0,00 0,49 0,52 0,40 0,09 0,09 0,18 0,00 0,09 0,09 0,24 
RUŠE 0,11 0,14 0,19 0,18 0,19 0,20 0,15 0,13 0,17 0,10 0,17 0,09 0,14 0,08 0,15 
ŽELEZNIKI 0,15 0,16 0,14 0,12 0,16 0,14 0,12 0,13 0,17 0,22 0,17 0,16 0,10 0,02 0,14 
TURNIŠČE 0,00 0,00 0,00 0,05 0,22 0,09 0,03 0,14 0,33 0,22 0,11 0,22 0,21 0,24 0,13 
LENDAVA 0,00 0,00 0,01 0,02 0,02 0,02 0,01 0,00 0,03 0,03 0,03 0,00 0,66 0,53 0,10 

ŠKOFJA LOKA 0,01 0,05 0,07 0,15 0,09 0,05 0,10 0,10 0,16 0,12 0,09 0,13 0,18 0,05 0,10 
ŠENTJERNEJ 0,00 0,00 0,00 0,00 0,15 0,00 0,00 0,00 0,12 0,19 0,19 0,25 0,17 0,24 0,09 
KOČEVJE 0,00 0,00 0,00 0,00 0,00 0,00 0,01 0,10 0,09 0,17 0,19 0,19 0,19 0,23 0,08 
SEMIČ 0,00 0,00 0,00 0,00 0,00 0,11 0,16 0,00 0,22 0,15 0,12 0,12 0,15 0,12 0,08 
PREDDVOR 0,46 0,42 0,00 0,00 0,00 0,00 0,00 0,00 0,00 0,00 0,00 0,00 0,00 0,00 0,06 
BREŽICE 0,00 0,00 0,00 0,00 0,75 0,00 0,00 0,00 0,00 0,00 0,00 0,00 0,00 0,00 0,05 
DUPLEK 0,00 0,00 0,00 0,00 0,00 0,02 0,01 0,00 0,02 0,01 0,00 0,25 0,34 0,02 0,05 
NOVA GORICA 0,23 0,22 0,23 0,03 0,00 0,00 0,00 0,00 0,00 0,00 0,00 0,00 0,00 0,00 0,05 
BELTINCI 0,00 0,00 0,00 0,04 0,00 0,00 0,00 0,00 0,00 0,00 0,00 0,00 0,46 0,00 0,04 
BOVEC 0,00 0,00 0,00 0,04 0,03 0,08 0,09 0,07 0,01 0,01 0,02 0,16 0,02 0,01 0,04 
NOVO MESTO 0,00 0,00 0,00 0,00 0,00 0,00 0,00 0,00 0,00 0,00 0,45 0,11 0,00 0,06 0,04 
GORENJA VAS-
POLJANE 0,04 0,01 0,00 0,00 0,00 0,00 0,00 0,00 0,16 0,07 0,08 0,01 0,00 0,00 0,03 
RENČE-
VOGRSKO 0,00 0,00 0,00 0,00 0,00 0,00 0,00 0,00 0,00 0,00 0,02 0,02 0,12 0,11 0,02 
SEVNICA 0,00 0,00 0,00 0,12 0,00 0,08 0,01 0,00 0,00 0,00 0,00 0,00 0,00 0,00 0,02 
IG 0,00 0,00 0,12 0,00 0,00 0,00 0,00 0,00 0,00 0,00 0,00 0,00 0,00 0,00 0,01 
JESENICE 0,00 0,00 0,00 0,00 0,00 0,00 0,00 0,00 0,00 0,00 0,02 0,02 0,01 0,02 0,01 
KOSTANJEVICA 
NA KRKI 0,01 0,01 0,00 0,02 0,00 0,00 0,06 0,00 0,00 0,00 0,00 0,00 0,00 0,00 0,01 
LITIJA 0,00 0,00 0,00 0,00 0,00 0,00 0,00 0,12 0,07 0,00 0,00 0,00 0,00 0,00 0,01 
NAKLO 0,00 0,00 0,00 0,00 0,00 0,00 0,00 0,00 0,00 0,06 0,04 0,01 0,05 0,00 0,01 
RADOVLJICA 0,00 0,00 0,00 0,00 0,00 0,00 0,00 0,00 0,00 0,00 0,00 0,00 0,00 0,20 0,01 
SOLČAVA 0,00 0,00 0,07 0,00 0,09 0,00 0,00 0,00 0,00 0,00 0,00 0,00 0,00 0,00 0,01 
ŠENTJUR 0,00 0,09 0,01 0,00 0,00 0,00 0,00 0,00 0,00 0,00 0,00 0,00 0,00 0,00 0,01 
VELENJE 0,01 0,07 0,00 0,00 0,00 0,00 0,00 0,00 0,00 0,00 0,00 0,00 0,00 0,00 0,01 
VOJNIK 0,00 0,10 0,00 0,00 0,00 0,00 0,00 0,00 0,00 0,00 0,00 0,00 0,00 0,00 0,01 
AJDOVŠČINA 0,00 0,00 0,00 0,00 0,00 0,00 0,00 0,00 0,00 0,00 0,00 0,00 0,00 0,00 0,00 
ANKARAN         0,00 0,00 0,00 0,00 0,00 0,00 0,00 
APAČE 0,00 0,00 0,00 0,00 0,00 0,03 0,00 0,00 0,00 0,00 0,00 0,00 0,00 0,00 0,00 
BISTRICA OB 
SOTLI 0,00 0,00 0,00 0,00 0,00 0,00 0,00 0,00 0,00 0,00 0,00 0,00 0,00 0,00 0,00 
BLED 0,00 0,00 0,00 0,00 0,00 0,00 0,00 0,00 0,00 0,00 0,00 0,00 0,00 0,00 0,00 
BLOKE 0,00 0,00 0,00 0,00 0,00 0,00 0,00 0,00 0,00 0,00 0,00 0,00 0,00 0,00 0,00 
BOHINJ 0,00 0,00 0,00 0,00 0,00 0,00 0,00 0,00 0,00 0,00 0,00 0,00 0,00 0,00 0,00 
BOROVNICA 0,00 0,00 0,00 0,00 0,00 0,00 0,00 0,00 0,00 0,00 0,00 0,00 0,00 0,00 0,00 
BRDA 0,00 0,00 0,00 0,00 0,00 0,00 0,00 0,00 0,00 0,00 0,00 0,00 0,00 0,00 0,00 

CANKOVA 0,00 0,00 0,00 0,00 0,00 0,00 0,00 0,00 0,00 0,00 0,00 0,00 0,00 0,00 0,00 
CERKNICA 0,00 0,00 0,00 0,00 0,00 0,00 0,00 0,00 0,00 0,00 0,00 0,00 0,00 0,00 0,00 
CERKNO 0,00 0,00 0,00 0,00 0,00 0,00 0,00 0,00 0,00 0,00 0,00 0,00 0,00 0,00 0,00 
CERKVENJAK 0,00 0,00 0,00 0,00 0,00 0,00 0,00 0,00 0,00 0,00 0,00 0,00 0,00 0,00 0,00 
CIRKULANE 0,00 0,00 0,00 0,00 0,00 0,00 0,00 0,00 0,00 0,00 0,00 0,00 0,00 0,00 0,00 
ČRENŠOVCI 0,00 0,00 0,00 0,00 0,00 0,00 0,00 0,00 0,00 0,00 0,00 0,00 0,00 0,00 0,00 
ČRNA NA 
KOROŠKEM 0,00 0,00 0,00 0,00 0,00 0,00 0,00 0,00 0,00 0,00 0,00 0,00 0,00 0,00 0,00 
ČRNOMELJ 0,00 0,00 0,00 0,00 0,00 0,00 0,00 0,00 0,00 0,00 0,00 0,00 0,00 0,00 0,00 
DESTRNIK 0,00 0,00 0,00 0,00 0,00 0,00 0,00 0,00 0,00 0,00 0,00 0,00 0,00 0,00 0,00 
DIVAČA 0,00 0,00 0,00 0,00 0,00 0,00 0,00 0,00 0,00 0,00 0,00 0,00 0,00 0,00 0,00 
DOBJE 0,00 0,00 0,00 0,00 0,00 0,00 0,00 0,00 0,00 0,00 0,00 0,00 0,00 0,00 0,00 
DOBREPOLJE 0,00 0,00 0,00 0,00 0,00 0,00 0,00 0,00 0,00 0,00 0,00 0,00 0,00 0,00 0,00 
DOBRNA 0,00 0,00 0,00 0,00 0,00 0,00 0,00 0,00 0,00 0,00 0,00 0,00 0,00 0,00 0,00 
DOBROVA-
POLHOV 
GRADEC 0,00 0,00 0,00 0,00 0,00 0,00 0,00 0,00 0,00 0,00 0,00 0,00 0,00 0,00 0,00 
DOBROVNIK 0,00 0,00 0,00 0,00 0,00 0,00 0,00 0,00 0,00 0,00 0,00 0,00 0,00 0,00 0,00 
DOL PRI 
LJUBLJANI 0,01 0,00 0,01 0,00 0,00 0,00 0,00 0,00 0,00 0,00 0,00 0,00 0,00 0,00 0,00 
DOLENJSKE 
TOPLICE 0,00 0,00 0,00 0,00 0,00 0,00 0,00 0,00 0,00 0,00 0,00 0,00 0,00 0,07 0,00 
DOMŽALE 0,00 0,00 0,00 0,00 0,00 0,00 0,00 0,00 0,00 0,00 0,00 0,00 0,00 0,00 0,00 
DORNAVA 0,00 0,00 0,00 0,00 0,00 0,00 0,00 0,00 0,00 0,00 0,00 0,00 0,00 0,00 0,00 
GORIŠNICA 0,00 0,00 0,00 0,00 0,00 0,00 0,00 0,00 0,00 0,00 0,00 0,00 0,00 0,00 0,00 
GORJE 0,00 0,00 0,00 0,00 0,00 0,00 0,00 0,00 0,00 0,00 0,00 0,00 0,00 0,00 0,00 
GORNJI GRAD 0,00 0,00 0,00 0,00 0,00 0,00 0,00 0,00 0,00 0,00 0,00 0,00 0,00 0,00 0,00 
GORNJI 
PETROVCI 0,00 0,00 0,00 0,00 0,00 0,00 0,00 0,00 0,00 0,00 0,00 0,00 0,00 0,00 0,00 
GROSUPLJE 0,00 0,00 0,00 0,00 0,00 0,00 0,00 0,00 0,00 0,00 0,00 0,00 0,00 0,00 0,00 
HAJDINA 0,00 0,00 0,00 0,00 0,00 0,00 0,00 0,00 0,00 0,00 0,00 0,00 0,00 0,00 0,00 
HOČE-SLIVNICA 0,00 0,00 0,00 0,00 0,00 0,00 0,00 0,00 0,00 0,00 0,00 0,00 0,00 0,00 0,00 
HODOŠ 0,00 0,00 0,00 0,00 0,00 0,00 0,00 0,00 0,00 0,00 0,00 0,00 0,00 0,00 0,00 
HRASTNIK 0,00 0,00 0,00 0,00 0,00 0,00 0,00 0,00 0,00 0,00 0,00 0,00 0,00 0,00 0,00 
HRPELJE-
KOZINA 0,00 0,00 0,00 0,00 0,00 0,00 0,00 0,00 0,00 0,00 0,00 0,00 0,00 0,00 0,00 
IDRIJA 0,01 0,00 0,00 0,00 0,00 0,00 0,00 0,00 0,00 0,00 0,00 0,00 0,00 0,00 0,00 

ILIRSKA 
BISTRICA 0,00 0,00 0,00 0,00 0,00 0,00 0,00 0,00 0,00 0,00 0,00 0,00 0,00 0,00 0,00 
IVANČNA 
GORICA 0,00 0,00 0,00 0,00 0,00 0,01 0,00 0,00 0,00 0,00 0,00 0,00 0,00 0,00 0,00 
IZOLA 0,00 0,00 0,00 0,00 0,00 0,00 0,00 0,00 0,00 0,00 0,00 0,00 0,00 0,00 0,00 
JURŠINCI 0,00 0,00 0,00 0,00 0,00 0,00 0,00 0,00 0,00 0,00 0,00 0,00 0,00 0,00 0,00 
KAMNIK 0,00 0,00 0,00 0,00 0,00 0,00 0,00 0,00 0,00 0,00 0,00 0,00 0,00 0,00 0,00 
KANAL 0,00 0,00 0,00 0,00 0,00 0,00 0,00 0,00 0,00 0,00 0,00 0,00 0,00 0,00 0,00 
KIDRIČEVO 0,00 0,00 0,00 0,00 0,00 0,00 0,00 0,00 0,00 0,00 0,00 0,00 0,00 0,00 0,00 
KOBILJE 0,00 0,00 0,00 0,00 0,00 0,00 0,00 0,00 0,00 0,00 0,00 0,00 0,00 0,00 0,00 
KOMEN 0,00 0,00 0,00 0,00 0,00 0,00 0,00 0,00 0,00 0,00 0,00 0,00 0,00 0,00 0,00 
KOMENDA 0,00 0,00 0,00 0,00 0,00 0,00 0,00 0,00 0,00 0,00 0,00 0,00 0,00 0,00 0,00 
KOSTEL 0,00 0,00 0,00 0,00 0,00 0,00 0,00 0,00 0,00 0,00 0,00 0,00 0,00 0,00 0,00 
KRANJ 0,00 0,00 0,00 0,00 0,00 0,00 0,00 0,00 0,00 0,00 0,00 0,00 0,00 0,00 0,00 
KRIŽEVCI 0,00 0,00 0,00 0,00 0,00 0,00 0,00 0,00 0,00 0,00 0,00 0,00 0,00 0,00 0,00 
KUNGOTA 0,00 0,00 0,00 0,00 0,00 0,00 0,00 0,00 0,00 0,00 0,00 0,00 0,00 0,00 0,00 
KUZMA 0,00 0,00 0,00 0,00 0,00 0,00 0,00 0,00 0,00 0,00 0,00 0,00 0,00 0,00 0,00 
LAŠKO 0,00 0,00 0,00 0,00 0,00 0,00 0,00 0,00 0,00 0,00 0,00 0,00 0,00 0,00 0,00 
LJUBLJANA 0,00 0,00 0,00 0,00 0,00 0,00 0,00 0,00 0,00 0,00 0,00 0,00 0,00 0,00 0,00 
LJUTOMER 0,00 0,00 0,00 0,00 0,00 0,00 0,00 0,00 0,00 0,00 0,00 0,00 0,00 0,00 0,00 
LOG-
DRAGOMER 0,00 0,00 0,00 0,00 0,00 0,00 0,00 0,00 0,00 0,00 0,00 0,00 0,00 0,00 0,00 
LOVRENC NA 
POHORJU 0,00 0,00 0,00 0,00 0,00 0,00 0,00 0,00 0,00 0,00 0,00 0,00 0,00 0,00 0,00 
MAJŠPERK 0,00 0,00 0,00 0,00 0,00 0,00 0,00 0,00 0,00 0,00 0,00 0,00 0,00 0,00 0,00 
MAKOLE 0,00 0,00 0,00 0,00 0,00 0,00 0,00 0,00 0,00 0,00 0,00 0,00 0,00 0,00 0,00 
MARIBOR 0,00 0,00 0,00 0,00 0,00 0,00 0,00 0,00 0,00 0,00 0,00 0,00 0,00 0,00 0,00 
MARKOVCI 0,00 0,00 0,00 0,00 0,00 0,00 0,00 0,00 0,00 0,00 0,00 0,00 0,00 0,00 0,00 
MENGEŠ 0,00 0,00 0,00 0,00 0,00 0,02 0,00 0,00 0,00 0,00 0,00 0,00 0,00 0,00 0,00 
MEŽICA 0,00 0,00 0,00 0,00 0,00 0,00 0,00 0,00 0,00 0,00 0,00 0,00 0,00 0,00 0,00 
MIKLAVŽ NA 
DRAVSKEM 
POLJU 0,00 0,00 0,00 0,00 0,00 0,00 0,00 0,00 0,00 0,00 0,00 0,00 0,00 0,00 0,00 
MIREN-
KOSTANJEVICA 0,00 0,00 0,00 0,00 0,00 0,00 0,00 0,00 0,00 0,00 0,00 0,00 0,00 0,00 0,00 
MIRNA     0,00 0,00 0,00 0,00 0,00 0,00 0,00 0,00 0,00 0,00 0,00 
MIRNA PEČ 0,00 0,00 0,00 0,00 0,00 0,00 0,00 0,00 0,00 0,00 0,00 0,00 0,00 0,00 0,00 

MOKRONOG-
TREBELNO 0,00 0,00 0,00 0,00 0,00 0,00 0,00 0,00 0,00 0,00 0,00 0,00 0,00 0,00 0,00 
MORAVČE 0,00 0,00 0,00 0,00 0,00 0,00 0,00 0,00 0,00 0,00 0,00 0,00 0,00 0,00 0,00 
MORAVSKE 
TOPLICE 0,00 0,00 0,00 0,00 0,00 0,00 0,00 0,00 0,00 0,00 0,00 0,00 0,00 0,00 0,00 
MOZIRJE 0,00 0,00 0,00 0,00 0,00 0,00 0,00 0,00 0,00 0,00 0,00 0,00 0,00 0,00 0,00 
MURSKA 
SOBOTA 0,00 0,00 0,00 0,00 0,00 0,00 0,00 0,00 0,00 0,00 0,00 0,00 0,00 0,00 0,00 
NAZARJE 0,00 0,00 0,00 0,00 0,00 0,00 0,00 0,00 0,00 0,00 0,00 0,00 0,00 0,00 0,00 
ODRANCI 0,00 0,00 0,00 0,00 0,00 0,00 0,00 0,00 0,00 0,00 0,00 0,00 0,00 0,00 0,00 
ORMOŽ 0,00 0,00 0,00 0,00 0,00 0,00 0,00 0,00 0,00 0,00 0,00 0,00 0,00 0,00 0,00 
OSILNICA 0,00 0,00 0,00 0,00 0,00 0,00 0,00 0,00 0,00 0,00 0,00 0,00 0,00 0,00 0,00 
PESNICA 0,00 0,00 0,00 0,00 0,00 0,00 0,00 0,00 0,00 0,00 0,00 0,00 0,00 0,00 0,00 
PIRAN 0,00 0,00 0,00 0,00 0,00 0,00 0,00 0,00 0,00 0,00 0,00 0,00 0,00 0,00 0,00 
PODLEHNIK 0,00 0,00 0,00 0,00 0,00 0,00 0,00 0,00 0,00 0,00 0,00 0,00 0,00 0,00 0,00 
POLJČANE 0,00 0,00 0,00 0,00 0,00 0,00 0,00 0,00 0,00 0,00 0,00 0,00 0,00 0,00 0,00 
PREBOLD 0,00 0,00 0,00 0,00 0,00 0,00 0,00 0,00 0,00 0,00 0,00 0,00 0,00 0,00 0,00 
PTUJ 0,00 0,00 0,00 0,00 0,00 0,00 0,00 0,00 0,00 0,00 0,00 0,00 0,00 0,00 0,00 
PUCONCI 0,00 0,00 0,00 0,00 0,00 0,00 0,00 0,00 0,00 0,00 0,00 0,00 0,00 0,00 0,00 
RADEČE 0,00 0,00 0,00 0,00 0,00 0,00 0,00 0,00 0,00 0,00 0,00 0,00 0,00 0,00 0,00 
RAVNE NA 
KOROŠKEM 0,00 0,00 0,00 0,00 0,00 0,00 0,00 0,00 0,00 0,00 0,00 0,00 0,00 0,00 0,00 
RAZKRIŽJE 0,00 0,00 0,00 0,00 0,00 0,00 0,00 0,00 0,00 0,00 0,00 0,00 0,00 0,00 0,00 
REČICA OB 
SAVINJI 0,00 0,00 0,00 0,00 0,00 0,00 0,00 0,00 0,00 0,00 0,00 0,00 0,00 0,00 0,00 
ROGAŠKA 
SLATINA 0,00 0,00 0,00 0,00 0,00 0,00 0,00 0,00 0,00 0,00 0,00 0,00 0,00 0,00 0,00 
ROGAŠOVCI 0,00 0,00 0,00 0,00 0,00 0,00 0,00 0,00 0,00 0,00 0,00 0,00 0,00 0,00 0,00 
ROGATEC 0,00 0,00 0,00 0,00 0,00 0,00 0,00 0,00 0,00 0,00 0,00 0,00 0,00 0,00 0,00 
SELNICA OB 
DRAVI 0,00 0,00 0,00 0,00 0,00 0,00 0,00 0,00 0,00 0,00 0,00 0,00 0,00 0,00 0,00 
SLOVENSKA 
BISTRICA 0,00 0,00 0,00 0,00 0,00 0,00 0,00 0,00 0,00 0,00 0,00 0,00 0,00 0,00 0,00 
SODRAŽICA 0,00 0,00 0,00 0,00 0,00 0,00 0,00 0,00 0,00 0,00 0,00 0,00 0,00 0,00 0,00 
STRAŽA 0,00 0,00 0,01 0,00 0,00 0,00 0,00 0,00 0,00 0,00 0,00 0,00 0,00 0,00 0,00 
SV. TROJICA V 
SLOVENSKIH 
GORICAH 0,00 0,00 0,00 0,00 0,00 0,00 0,00 0,00 0,00 0,00 0,00 0,00 0,00 0,00 0,00 

SV. JURIJ V 
SLOVENSKIH 
GORICAH 0,00 0,00 0,00 0,00 0,00 0,00 0,00 0,00 0,00 0,00 0,00 0,00 0,00 0,00 0,00 
SVETI TOMAŽ 0,00 0,00 0,00 0,00 0,00 0,00 0,00 0,00 0,00 0,00 0,00 0,00 0,00 0,00 0,00 
ŠALOVCI 0,00 0,00 0,00 0,00 0,00 0,00 0,00 0,00 0,00 0,00 0,00 0,00 0,00 0,00 0,00 
ŠENČUR 0,00 0,00 0,00 0,00 0,00 0,00 0,00 0,00 0,00 0,00 0,00 0,00 0,00 0,00 0,00 
ŠENTILJ 0,00 0,00 0,00 0,00 0,00 0,00 0,00 0,00 0,00 0,00 0,00 0,00 0,00 0,00 0,00 
ŠENTRUPERT 0,00 0,00 0,00 0,00 0,00 0,00 0,00 0,00 0,00 0,00 0,00 0,00 0,00 0,00 0,00 
ŠKOCJAN 0,00 0,00 0,00 0,00 0,00 0,00 0,00 0,00 0,00 0,00 0,00 0,00 0,00 0,00 0,00 
ŠMARJE PRI 
JELŠAH 0,00 0,00 0,00 0,00 0,00 0,00 0,00 0,00 0,00 0,00 0,00 0,00 0,00 0,00 0,00 
ŠMARJEŠKE 
TOPLICE 0,00 0,01 0,00 0,00 0,00 0,00 0,00 0,00 0,00 0,00 0,00 0,03 0,00 0,00 0,00 
ŠMARTNO OB 
PAKI 0,00 0,00 0,00 0,00 0,00 0,00 0,00 0,00 0,00 0,00 0,00 0,00 0,00 0,00 0,00 
ŠOŠTANJ 0,00 0,00 0,00 0,00 0,00 0,00 0,00 0,00 0,00 0,00 0,00 0,00 0,00 0,00 0,00 
ŠTORE 0,00 0,00 0,00 0,00 0,00 0,00 0,00 0,00 0,00 0,00 0,00 0,00 0,00 0,00 0,00 
TABOR 0,00 0,00 0,00 0,00 0,00 0,00 0,00 0,00 0,00 0,00 0,00 0,00 0,00 0,00 0,00 
TOLMIN 0,00 0,00 0,00 0,00 0,00 0,00 0,00 0,00 0,00 0,00 0,00 0,00 0,00 0,00 0,00 
TREBNJE 0,00 0,00 0,00 0,00 0,00 0,00 0,00 0,00 0,00 0,00 0,00 0,00 0,00 0,00 0,00 
TRNOVSKA VAS 0,02 0,00 0,00 0,00 0,00 0,00 0,00 0,00 0,00 0,00 0,00 0,00 0,00 0,00 0,00 
TRZIN 0,00 0,00 0,00 0,00 0,00 0,00 0,00 0,00 0,00 0,00 0,00 0,00 0,00 0,00 0,00 
TRŽIČ 0,00 0,01 0,00 0,00 0,00 0,00 0,00 0,00 0,00 0,00 0,00 0,00 0,00 0,00 0,00 
VELIKA POLANA 0,00 0,00 0,00 0,00 0,00 0,00 0,00 0,00 0,00 0,00 0,00 0,00 0,00 0,00 0,00 
VELIKE LAŠČE 0,00 0,00 0,00 0,00 0,00 0,00 0,00 0,00 0,00 0,00 0,00 0,00 0,00 0,00 0,00 
VERŽEJ 0,00 0,00 0,00 0,00 0,00 0,00 0,00 0,00 0,00 0,00 0,00 0,00 0,00 0,00 0,00 
VIDEM 0,00 0,00 0,00 0,00 0,00 0,00 0,00 0,00 0,00 0,00 0,00 0,00 0,00 0,00 0,00 
VIPAVA 0,00 0,00 0,00 0,00 0,00 0,00 0,00 0,00 0,00 0,00 0,00 0,00 0,00 0,00 0,00 
VITANJE 0,00 0,00 0,00 0,00 0,00 0,00 0,00 0,00 0,00 0,00 0,00 0,00 0,00 0,00 0,00 
VODICE 0,00 0,00 0,00 0,00 0,00 0,00 0,00 0,00 0,00 0,00 0,00 0,00 0,00 0,00 0,00 
VRANSKO 0,00 0,00 0,00 0,00 0,00 0,00 0,00 0,00 0,00 0,00 0,00 0,00 0,00 0,00 0,00 
VRHNIKA 0,00 0,00 0,00 0,00 0,00 0,00 0,00 0,00 0,00 0,00 0,00 0,00 0,00 0,00 0,00 
ZAVRČ 0,00 0,00 0,00 0,00 0,00 0,00 0,00 0,00 0,00 0,00 0,00 0,00 0,00 0,00 0,00 
ZREČE 0,00 0,00 0,00 0,00 0,00 0,00 0,00 0,00 0,00 0,00 0,00 0,00 0,00 0,00 0,00 
ŽETALE 0,00 0,00 0,00 0,00 0,00 0,00 0,00 0,00 0,00 0,00 0,00 0,00 0,00 0,00 0,00 
ŽIRI 0,00 0,00 0,00 0,00 0,00 0,00 0,00 0,00 0,00 0,00 0,00 0,00 0,00 0,00 0,00 
ŽIROVNICA 0,00 0,00 0,00 0,00 0,00 0,00 0,00 0,00 0,00 0,00 0,00 0,00 0,00 0,00 0,00 

ŽUŽEMBERK 0,00 0,00 0,00 0,00 0,00 0,00 0,00 0,00 0,00 0,00 0,00 0,00 0,00 0,00 0,00 
 
 
Tabela 13: Prihodek iz naslova Prihodki od drugih najemnin (urejeno padajoče glede na povprečje 2007-2020) v absolutnih zneskih (v EUR) 
OBČINA 2007 2008 2009 2010 2011 2012 2013 2014 2015 2016 2017 2018 2019 2020 x̄ 
Skupaj občine  
6737795 7544717 11451487 47435548 64639451 83815558 74957277 82584907 88941827 99882092 
11385217
5,2 
11782730
1,2 
12211124
8,6 
11807219
7,2 74275256 
LJUBLJANA 
2799 2277,37 2355,25 5941676 7197705 11151644 11251351 12828322 12304422 14065693 
18280823
,74 
17078066
,35 
19277527
,61 
12807707
,67 10156598 
MARIBOR 
1904387 2160610 2229560 4478109 5463360 17769215 6238628 4423841 4280927 4966253 
6003713,
32 
7504586,
31 
7269465,
66 
7155029,
29 5846263 
CELJE 
60721 51652 59094 1013773 4294648 6682862 4754139 5776404 8045847 6337485 
7186904,
24 
6744155,
41 
8126786,
19 
8015742,
1 4796444 
VELENJE 
46867,97 100476 1263022 2833015 2813550 3179419 4190235 4739217 5166576 6404161 
6366729,
65 
6638146,
89 
6050049,
86 
5972238,
59 3983122 
KRANJ 
128523,2 113957,5 619153,3 2620634 2855801 2787162 2710594 2593344 2499940 3508896 
4147606,
89 
3886673,
84 
3881916,
39 
4327599,
04 2620129 
NOVO MESTO 
286525 331324 311964 2026752 2422571 2319926 2334637 2473928 3279617 3466872 
3870784,
37 
3755408,
67 
4497599,
25 
3737704,
43 2508258 
DOMŽALE 
8289 10729,13 13631,85 1773516 1791209 1797780 1933166 2701905 2666742 2666125 
2759850,
2 
3031258,
49 
3116846,
4 
3051736,
63 1951627 
NOVA GORICA 
382363,1 239410,3 180091,6 771815,3 1745939 1494324 1361858 1049371 1557565 2089658 
2874080,
21 
2888115,
54 
3231521,
09 
4497118,
43 1740231 
PTUJ 
0 662,88 341,59 466,23 1683413 1809168 460653,3 2416310 1814062 1719884 
1535118,
78 
2178598,
06 
2040878,
37 
2060506,
23 1265719 
JESENICE 
29246,72 16403,45 910768,2 2135186 1564019 1556931 1298756 1235760 980778,4 1345463 
1464766,
76 
1464833,
27 
1475807,
51 
1516089,
71 1213915 
LOGATEC 
1391242 919743,9 1747172 1437760 2043147 1449443 793454,5 404054,1 542064,4 363393,6 
821630,6
2 
888939,3
2 
959454,0
3 
962292,4
3 1051699 
PIRAN 
186684,5 46813,33 53831,16 1011628 802916 826454,9 796365,2 1118419 1487545 1713362 
1451412,
33 
1687947,
46 
1470150,
51 
1649018,
59 1021611 
GROSUPLJE 
10003 20156,64 15203 925612 1292102 1298745 1281122 981374,9 788457,2 865886 
1696683,
21 
1356840,
12 
1334917,
37 
1304806,
2 940850,6 
MURSKA 
SOBOTA 7695,14 2343,53 3714,96 530446,8 1005326 1131192 1008634 1035786 1303245 1262481 
1507019,
03 
1453294,
53 
1413429,
62 
1290424,
85 925359,5 
AJDOVŠČINA 
22791,84 29759,01 32775,12 762133,2 1081321 955665,1 1154396 1143296 897625,5 1119745 
1247169,
08 
1436119,
79 
1522295,
86 
1534643,
87 924266,9 
ŠOŠTANJ 
30507,26 26447,87 28301,8 471382 379477,9 571747,7 924618,4 1034458 1300471 1631342 
1351840,
12 
1509717,
73 
1524574,
61 
1438750,
11 873116,8 
SLOVENJ 
GRADEC 116392,7 518066,5 278731,8 719194,2 794694,2 963685,5 1094359 1032839 993244,4 917507 
971011,3
4 
970970,8
4 
979010,5
5 
897865,6
1 803398 
IZOLA 
32733,22 6547 5050 43142 1489307 927705,9 922435,7 801333,9 968699 817688,1 
1140187,
29 
1398806,
81 
1146284,
72 
1141920,
59 774417,2 
KOČEVJE 
2899,55 1291,74 0 533827,4 735239 978518 856528,3 1248913 1028203 1034077 
981280,5
4 
1119242,
89 
933490,6
1 
1328885,
81 770171,2 

TRŽIČ 
4365 3137,93 6911,37 1939576 879598,9 582702,8 207092,3 760163,9 1422298 1346230 
869855,4
5 
964014,9
5 
874214,7
2 
806366,4
3 761894,8 
BREŽICE 
9894 12392,12 8178,16 431900,2 112674,9 936456,2 1063208 1243857 1138918 1117817 
1044790,
02 
1138835,
72 
1123364,
38 
1227595,
6 757848,7 
ŠKOFJA LOKA 
98967,95 252455,5 228680,1 193908 90266,63 131776,8 132424,5 149614 142620 1587262 
1791712,
46 
1853308,
31 
1816560,
49 
1875144,
06 738907,2 
KAMNIK 
106989,4 129150,9 130171,1 631198 803882,1 796756 815012,3 798602,9 814682,1 805811,9 
830871,8
8 
1208352,
77 
1171105,
54 
1119506,
18 725863,8 
KRŠKO 
13305,14 11617,18 148761,7 162866,6 230130,1 614260,7 663573,6 862945,3 1038563 1149685 
1063747,
13 
1277902,
25 
1355305,
36 
1324343,
34 708357,6 
SLOVENSKA 
BISTRICA 42783,23 53566,78 47356 49434,09 367763,4 843552,6 749604,2 1343444 779809,3 991413,4 
1282129,
19 
931708,7
8 1098506 
1183070,
12 697438,7 
CERKNICA 
54634 183332,8 52516,37 44143,85 464877,7 370359,6 676374,6 749749,1 791245,5 1223879 
1257208,
3 
1284395,
11 
1143212,
83 
1339687,
29 688258,3 
TRBOVLJE 
13299,02 13872,76 7031,09 445073,6 806345,9 717847,1 771790,2 905334 846491,8 942892,7 
962543,2
7 
911006,0
9 
1010565,
93 
1202612,
41 682621,8 
IDRIJA 
17783 16122,05 15373,63 626274,7 779899,9 688105 682379,8 684611 749850,7 806234,5 
929718,6
6 
1144278,
73 
938782,5
3 
1147331,
21 659053,3 
VRHNIKA 
48367 82348,77 73162,27 367765,6 470752,4 693879,3 701443,7 677746,1 692497,3 903484,7 
1066681,
82 
1086533,
33 
1114762,
62 
1092542,
83 647997,7 
IVANČNA 
GORICA 2891 6116,5 55821,49 473318,6 578381,6 704491,1 695180,4 744528,5 703931,4 891824,7 
967064,7
5 
898149,8
3 
930439,5
1 
984128,3
1 616876,3 
ORMOŽ 
87138,17 99572,65 282273,1 712291,2 664136 634460,1 595886,6 671134,4 749090 702454,1 
750264,8
8 774391,3 
788724,9
8 
661374,6
8 583799,4 
ŽALEC 
11137,78 20898,72 23208,22 35665,37 668697,1 373543,4 396182,4 458847,7 798095 871698,5 
900127,8
2 
909466,5
3 
1052530,
99 
1059015,
87 541365,4 
RADOVLJICA 
20946,26 27405,05 61471,18 474054,6 427969,9 529324,8 605753,8 636437,2 648865,6 690485,4 
936297,6
5 
802607,5
8 
803359,6
9 
738850,2
7 528844,9 
ČRNOMELJ 
600 600 600 188734,3 433822,4 263371,1 433194,8 523631,7 930255,4 484148,5 
865043,2
3 
1045672,
63 
1085703,
09 
884901,5
7 510019,9 
ŠENTJUR 
27372 69777,07 86238,96 56192,85 422516,5 323994,2 514521 877784,5 739825,8 654436,1 
757297,6
1 
741115,2
7 
722172,0
8 519677,2 465208,7 
SEVNICA 
7869,46 12601,68 10868,49 10130 12145 10734,05 10020,6 765400,2 818830,8 846071,7 
845854,1
3 
871955,2
8 
869150,2
6 
1031920,
5 437396,6 
LJUTOMER 
40134 45325,92 282450,7 249688,2 383761,1 316962,2 590062,8 586150,6 451975,8 543197,5 
453959,7
4 95388,79 
1134815,
92 
705225,1
1 419935,6 
KOPER 
124592 205078 155409 129750,6 116429,9 124374,2 129169,5 134048,6 943942,8 812863,6 
828701,1
8 
890890,8
7 
612015,3
3 
647278,8
1 418181,7 
RAVNE NA 
KOROŠKEM 2607 2568,66 4225,79 151898,7 334353,7 262619,3 364139,7 450348,4 438775,1 739397,2 
738087,8
7 
782447,4
4 
813767,7
2 
718375,5
8 414543,7 
HRASTNIK 
11049,63 7877,72 74298,9 173269,2 439332,9 533175,1 497674,7 505371,3 494858,9 548054,1 
657778,8
3 
561777,6
5 
575771,9
6 575345,6 403974 
ROGAŠKA 
SLATINA 0 0 0 510648 503778 511599,9 674035,5 565716,3 538667,5 514968,4 
406546,9
5 
433623,2
4 
495540,0
8 
472244,4
8 401954,9 
MENGEŠ 
0 1500 1500 223931,3 234655,5 243238,3 368408,2 505897,2 501097,6 681007 
541210,6
5 
652542,5
9 
663528,6
1 
676751,3
7 378233,4 

SEŽANA 
41578 38973,58 45250,1 222567,3 311244,2 314742,9 302319,4 280926 285770,3 441769 
699625,4
5 
697246,7
5 
716271,3
1 
734685,9
7 366640,7 
MEDVODE 
44464 31293,54 61870,79 157108,6 377662,5 356764,6 304573,8 360364 383280,5 540920 
697484,1
6 
597396,0
3 
543281,9
3 
601603,4
7 361290,6 
POSTOJNA 
9110,24 1010 653,46 260352 430836,2 421195,4 416373,5 324880,9 521937,2 437947,6 
468758,7
5 
427227,8
7 
579316,3
1 
681375,7
5 355783,9 
TOLMIN 
3083 3073,6 3234,67 358928,9 493255,8 463777,1 463406,5 378313,1 396410 429562,9 
473557,6
5 
478401,5
6 
513030,1
9 
504825,5
9 354490 
SLOVENSKE 
KONJICE 0 3965,01 2082,5 275934,4 319116,9 339804 348754,2 350566,6 450917,2 489212 
514735,7
4 
537030,2
9 
559598,8
2 
587278,7
6 341356,9 
BREZOVICA 
27215,83 27688,8 27099,5 30477,9 267705,1 192085,8 171342,1 301548,4 273535,1 472490,4 
738076,6
7 
768850,6
2 
688974,9
9 
787874,0
8 341068,9 
TREBNJE 
0 795,84 1360 182831 48307,1 198037,6 287708,4 360674 382977,3 487538,7 
666564,1
6 
591996,3
7 627390,9 
692161,7
5 323453,1 
KIDRIČEVO 
41666 46808,88 51555,61 49354,21 57302,44 154970,6 221830,2 363806,7 590319,5 574783,8 
592696,8
3 
559931,9
4 
630851,9
5 
582560,4
1 322745,7 
LAŠKO 
2289 1374,4 603,7 224756,7 415308,4 550739,6 701110,7 756717 851844,8 512267,3 81828,68 97538,22 
118340,2
2 77457,93 313726,9 
LENDAVA 
108 271,03 803,32 202384,4 142723,2 178197 196752 145184,5 191831,4 479335,2 
547041,0
4 
663951,7
5 
760632,7
8 
765303,5
8 305322,8 
ZAGORJE OB 
SAVI 38163 44304,14 38336,09 186951 206497,2 196233,3 288483 324231,1 289415,2 452528,2 
494257,5
8 
530042,1
7 
505778,5
6 639398,3 302472,8 
VOJNIK 
17030 21011,86 27844,88 50693,62 240341,4 260257,5 411667,5 249770,4 278095,6 476474,4 366001,5 
718638,9
1 
467917,8
6 
547229,2
3 295212,5 
BLED 
12,52 0 16683,48 214948,8 344740,8 391804 341477,1 350407,9 366703,2 366778,2 382092,2 
464817,8
3 
463520,9
9 
407904,6
4 293706,6 
TRZIN 
3561 0 0 254261,8 299904,7 237096,4 731535,2 339131,8 343944,3 370839,8 
361028,4
5 
379821,8
6 
378989,4
5 
375832,3
7 291139,1 
BELTINCI 
105 105 931 24798,29 44164,4 48750,36 180397 261739,9 278063,1 506574,3 
711091,4
9 
702203,4
2 
684168,1
5 
577717,0
6 287200,6 
PUCONCI 
2034,59 2634,59 2634,59 71656,94 61539,71 24648,61 465444,3 300382,4 401681,6 331183,5 
511831,2
9 
589400,6
7 
547882,2
1 
637742,6
6 282192,7 
KRANJSKA 
GORA 15640,97 16926,1 10138,65 122874,1 443612,9 392423,9 333044,7 311004,8 321334,6 363291,9 
338018,9
9 478131,7 
389754,4
9 
400169,5
6 281169,1 
MORAVSKE 
TOPLICE 0 0 0 179921,5 210044,8 170836,3 158963,7 163609 279262,2 300201,6 
492308,0
3 
629511,7
8 
592184,5
7 
599034,0
4 269705,5 
ŠMARJE PRI 
JELŠAH 1234,58 4622,83 4428,76 212419,7 209039,1 220990,1 239091,6 288971,9 323807,3 316160,4 
457498,9
4 
472237,9
4 
492197,2
3 468996 265121,2 
RUŠE 
33359 115700,6 119085,9 209245,1 189981,7 207443 285272,5 337492 282931,3 338309,9 
275905,0
8 
315280,1
4 
421714,6
9 
406028,3
8 252696,4 
LUKOVICA 
0 14808,67 18397,15 103207,9 95344,08 99091,05 238668 414159,5 398316,8 402191,8 
415660,6
4 
422408,2
3 430090,8 
447181,0
8 249966,1 
NAKLO 
15432,96 16879,53 65926,73 190108,4 215147,1 223340,7 223594,5 206350,1 231004,5 303752 507622,7 
424286,4
1 
421811,6
8 
430490,0
2 248267,7 
ŠENČUR 
31752,72 39680,49 44680,7 197947,5 244978,3 265213,3 231882,6 225957,1 222732,4 335903,3 
402792,1
8 
402223,7
7 
392524,4
8 
375589,4
2 243847 

CERKLJE NA 
GORENJSKEM 24434 45263 56314 149052 264757 170559,9 167167,8 194645,1 204380 287061,8 
367719,8
3 
484495,2
9 
472270,4
9 
462254,2
7 239312,5 
BOVEC 
0 0 0 357373,8 401960,6 449684,1 500732,1 247505,1 201344,9 199599,1 
220828,6
9 
189910,9
6 188320,5 
195731,0
1 225213,6 
MORAVČE 
18342 13511 14448 185282 195144 193060,4 231913,3 340979,8 327539,6 317614,7 
320752,1
9 
324980,9
9 
325757,7
8 
320616,8
3 223567,3 
ILIRSKA 
BISTRICA 24025 31919,4 12602,54 140404 339429,8 308515,9 298509 241366 217323,3 303714,5 
260651,4
9 
257707,3
5 
243033,8
2 
444060,9
8 223090,2 
KOMEN 
6412 22490,39 21132,71 106033,8 215327 221542,9 243468,1 237911 234354,9 379687,8 
309935,0
6 
327924,9
2 
293174,4
9 
419561,3
6 217068,3 
PESNICA 
26127,07 32834,7 38356,65 37165,29 39949 39588,7 158879,6 356268,5 322574,5 360939,4 
340963,4
6 
376376,2
3 314676,1 
371330,8
1 201145 
PREBOLD 
0 0 0 10954,76 227854,1 95896,21 132950,3 140510,8 250577,1 371183 
377733,9
8 382665,2 
401646,0
1 
406950,3
6 199923 
STRAŽA 
964,75 10632 12216,94 169727,6 193336,7 209974 238549,8 244870,4 269107,6 229184,6 
266108,8
4 
259213,3
4 
284345,9
2 
283035,0
7 190804,8 
ŠEMPETER-
VRTOJBA 979 5988 66613,21 300200 48961,12 139087,6 153665,8 236302,6 274536,5 273357,3 
279384,4
3 
265978,0
3 
296530,6
3 
319853,3
6 190102,7 
ŠMARTNO PRI 
LITIJI 15340,09 17576,06 41438,65 68192,07 89633,89 167457,2 252141,4 224937 218615,1 231895 
363562,5
2 
285936,7
1 
334193,5
9 
281095,8
9 185143,9 
BOROVNICA 
9510,96 10919,49 10777,59 63215,16 82181,95 86089 102279,5 110212,1 113215,5 137110,6 
445498,6
4 
433295,9
8 
508614,3
9 474205,7 184794,8 
BRDA 
2400 2716 0 46599,95 103712,6 90075,91 80788,02 75327,31 146297,2 186239,8 
493284,5
5 
589994,6
6 
338810,4
7 
348056,0
8 178878,8 
MIREN-
KOSTANJEVICA 43705 36635,04 33917,77 38994,15 128320,7 91765,47 91154,52 91366,81 90996,76 136975,3 
209643,8
1 
468715,4
8 
433679,3
4 
588196,3
5 177433,3 
ŠMARJEŠKE 
TOPLICE 0 0 0 158909,6 200134,4 216602,7 210770 209894,6 215778,6 248537,1 
268641,1
4 
232113,1
4 
234497,6
4 
229045,4
1 173208,9 
MISLINJA 
16707 13843 14991 125519 120890 215493,9 185569,8 172461,6 316573,3 205738,5 
261684,8
1 
268311,1
1 220158,8 
273983,4
2 172280,4 
SEMIČ 
0 0 0 73377,79 183241,4 149709 193344,5 205605,2 145859,2 321426,9 
313389,2
1 
277939,5
2 
264149,3
9 
262472,1
4 170751 
HOČE-SLIVNICA 
52553 54328 59639 64440 121908 165827,5 154784,2 192273,7 202804,7 358646,7 
246582,5
7 
193770,1
3 
231023,0
2 
215881,6
8 165318,7 
KRIŽEVCI 
4819,9 11632,81 10994,96 45379,96 49461,56 41557,44 198280,3 241887,9 279820 282068,2 
296618,7
6 
295129,8
3 
271837,5
7 
281052,8
6 165038,7 
ŠENTJERNEJ 
383 1712,18 416,95 228677,7 139437,2 169960,4 186081,9 206255,8 180908,7 179061,9 222696,3 
241058,7
5 
218055,5
7 
249877,4
9 158898,8 
HRPELJE-
KOZINA 5562 1847,01 3363,39 45006,53 85751,81 46972,54 106228,1 129343,9 116531,6 349323,5 
204144,6
9 
293386,8
8 
299133,9
3 
498469,2
9 156076,1 
BRASLOVČE 
23235 33381,39 35576,95 73284,15 105778 87792,6 116955,3 132457,3 162994,5 210366,7 
257250,1
1 
257147,2
6 
311780,4
6 
309998,6
6 151285,6 
PREVALJE 
0 0 0 116328,3 136266,2 137872,3 221182,1 218324,7 207908,3 211665,5 
208103,6
2 
219616,4
2 
214088,0
9 
209445,2
6 150057,2 
ŽUŽEMBERK 
0 0 0 132817,8 181571,7 195835,5 177057 183563 216133,7 191880,8 
221445,5
7 
198778,8
6 
192004,3
6 
147480,5
9 145612,1 

ŠKOFLJICA 
2763,55 4449,02 6285,73 12096 187122 82068,04 129862 156254,3 195034,7 142782,2 
256101,5
8 
294217,5
6 
255735,4
8 
306479,8
4 145089,4 
DOLENJSKE 
TOPLICE 240 0 0 110078,4 158799,2 190224,1 168800,5 159545,7 219472,2 191647,4 
197100,3
5 
201599,2
1 
201518,3
1 
198608,9
8 142688,2 
DUPLEK 
29345 34281,81 33530,8 42420,35 42944,24 103578,6 105624,5 174506,6 177675,2 105307,1 
295308,5
5 
228299,5
6 
243735,9
7 
271058,7
2 134829,8 
MARKOVCI 
9977 10992,18 23671,97 17427,17 17499,95 22990,58 9861,87 83061,9 174047,1 244289,1 
270715,2
9 
329949,6
9 
337329,5
7 
321035,8
6 133774,9 
ROGATEC 
46 49,92 10675,77 116891,2 102607,9 100524,1 142872 194172,1 174582,9 173439,1 
173326,7
8 
181553,7
9 
216689,0
1 
184692,7
7 126580,2 
DOL PRI 
LJUBLJANI 16714 17104,81 17984,85 18195,5 134856,1 89846,71 141708,9 184324,1 88734,09 211708,8 
186844,2
4 
256699,5
7 
153124,2
5 
164081,0
1 120137,6 
DOBREPOLJE 
17691,8 17252,34 18679,38 90892,29 89549,94 120560,3 128187,1 143102,5 141488,8 149442,9 
186696,9
3 
183862,8
7 
178026,0
7 213975,5 119957,8 
ŠMARTNO OB 
PAKI 898 1225 2284,03 29743,1 57888,66 19616 73586,37 68006,92 96489,73 213159,6 
210224,2
7 
263909,7
7 
282406,2
1 347299,7 119052,7 
DIVAČA 
199,4 199,4 349,4 6845,48 72022,17 64819,33 89736,9 94970,54 116427,4 208428,4 
306976,7
7 
262243,5
6 
261720,7
7 
181298,6
3 119017 
MIKLAVŽ NA 
DRAVSKEM 
POLJU 11481,45 21264,03 20351,06 26019,04 99744,51 59194,27 82508,96 51450,14 171324,4 206000,9 
145590,9
8 
174107,8
1 
236788,7
5 
360076,7
1 118993,1 
DOBRNA 
0 0 0 0 0 13128,68 0 0 0 202801,2 
364966,9
7 
291051,7
3 
357550,2
5 
359955,0
5 113532,4 
ŠTORE 
7167 7827 10238,76 16345,81 50163,95 92242,43 181365,3 97193,47 67124,59 257751,8 
105529,8
3 
247555,1
7 
201018,8
8 
241450,5
4 113069,6 
HAJDINA 
1347 21849,71 1213,19 2234,09 3383,61 3267,83 1203 123238,5 127457,6 213513,6 
193133,6
7 
249838,8
7 
314918,4
4 
311435,4
9 112002,5 
MIRNA PEČ 
120 180 120 70808,96 105156,1 96103,14 94819,73 145377,9 166213 147940,6 
168834,9
4 
177539,4
6 
185479,7
7 
179849,1
7 109895,9 
LOŠKA DOLINA 
1071,03 0 0 22882,84 70991,28 93926,71 132013,9 150029,2 163488,2 168929,9 
169694,7
2 
171396,5
2 
170144,3
8 
171618,6
8 106156,2 
PREDDVOR 
900 740,64 584,77 27374,02 29841,05 23744,23 21099,9 50567,93 50978,32 155065,7 
239671,7
3 
266997,7
4 
268100,2
6 
307813,3
2 103105,7 
RADEČE 
4447 4401 4191 85669 96528 105687,3 103866 97752,75 94479,6 152731,6 
196008,6
9 
170219,0
6 
143095,6
3 
168675,1
5 101982,3 
POLJČANE 
19573 18205 24365,73 23290,07 39581,02 23513,88 32094,7 121078,4 105216,8 108428 
176888,7
6 
232475,3
1 
221093,0
6 
252254,3
6 99861,29 
APAČE 
0 0 0 26985,59 39897,8 30112,53 66131,26 75837,43 73963,01 110940,3 
244953,0
9 
238439,4
7 
235740,8
7 
246968,3
3 99283,55 
KUNGOTA 
16640 16113,08 16678,88 19861,84 44443,88 22293,01 21420,17 113006,7 193213,8 141826,6 
130717,5
7 
159715,3
5 
241532,7
4 
144423,5
2 91563,36 
REČICA OB 
SAVINJI 10405 11596 9659 81156,96 38709,8 70723,61 112340,4 192236,6 129616,3 108222,6 
117269,9
9 
115115,3
1 
122459,4
5 
122846,2
7 88739,81 
SELNICA OB 
DRAVI 4766 6744 10997 10953,74 10748,97 10575,08 139656,8 12201,56 150758,3 118315,1 
123995,6
3 
167384,0
5 
231399,1
7 
230994,3
7 87820,7 

NAZARJE 
0 0 0 41798,35 82187 0 43756,66 113260,2 151111,8 129409,2 
175467,8
9 
139137,0
8 
148801,8
7 
147767,5
4 83764,12 
MEŽICA 
525 970,72 933,33 34224 79318,01 65772,54 124292,3 91314,5 111578,8 135179,6 99404,73 75193,15 146107,4 
121819,0
4 77616,65 
DOBROVA-
POLHOV 
GRADEC 28358,02 37709,46 28216,99 24211,31 46049,57 114573,5 96155,99 99937,7 115038,5 104370,4 99675,15 
114317,6
6 101544 63724,44 76705,91 
VRANSKO 
8801,82 9665,51 23817,15 30280,84 127833,5 77183,67 75385,98 57997,5 92671,42 104910,5 
116405,3
1 
122775,5
2 
121168,5
6 94679,63 75969,78 
ŠKOCJAN 
0 0 0 67279,03 99553,51 96470,8 92792,89 89827,36 92783,64 94226,76 99090,77 95916,37 
107729,0
5 
107601,7
5 74519,42 
RAČE-FRAM 
10859 11451 10870,91 10889,83 13215,99 13155,74 13068,13 13502,75 13293,07 174304,6 
189203,9
9 
190100,6
1 
189980,7
3 
185895,9
7 74270,88 
LOŠKI POTOK 
1335,36 333,84 375,57 0 0 266,64 13904,39 96637,57 125652,9 134004,1 
146233,7
5 
167400,2
3 165079 
170317,0
7 72967,17 
ANKARAN 
        27100 200 0 0 0 
409040,7
1 72723,45 
VIDEM 589 500 375 83 937,49 388,33 373358,2 132354,8 76134,17 89194,78 79178,57 67924,52 86821,1 85971,53 70986,46 
GORIŠNICA 
0 0 0 0 0 0 0 28343,28 47540,96 73080,99 154464,6 
210112,2
3 
222117,2
1 
239857,7
7 69679,79 
VODICE 
10053,61 7347,59 29052,62 16714,42 25043,47 16807,59 94237,02 110502 105792,6 116256,8 
103769,8
4 
105038,6
6 
112413,2
2 
108685,6
2 68693,93 
KOSTANJEVICA 
NA KRKI 28,5 36,95 0 0 0 6172,1 72892,89 103672,6 104463,8 113518,3 
113609,1
9 
156264,2
9 
146283,8
4 
144365,5
7 68664,85 
RENČE-
VOGRSKO 0 0 22926,76 51655 71974 67790,64 65305,28 74612,5 60886,29 100424,6 
104319,1
3 
104592,2
8 
100964,4
7 
106938,3
7 66599,24 
SVETI TOMAŽ 
18476 23613,68 20512,26 71705,6 62694,55 56888,62 58274,92 57293,75 83863,99 87260,26 87798,31 
100704,7
8 
102535,4
3 91226,74 65917,78 
RAZKRIŽJE 
0 0 0 0 22299 12916 121458 120628,3 144364,5 161303 
131901,8
2 80288,48 65280,17 57535,42 65569,62 
LOG-
DRAGOMER 4688 4650,55 3668,74 44452,74 50842,72 85705,46 73729,11 76045,88 75229,31 86910,46 82493,49 92243,68 
104230,7
3 
102041,7
2 63352,33 
KOMENDA 
20237 20962,21 21417,01 32826,1 52386,02 46018,79 80534,56 64216,24 53363,4 87908,33 60565,14 
106912,2
5 
107411,0
3 117072,6 62273,62 
GORENJA VAS-
POLJANE 52583 64371,76 45838,26 66831,74 56504,13 56034,06 62395,08 63964,58 55813,28 61177,12 70527,44 71749,9 68516,52 65251,29 61539,87 
ŠALOVCI 
0 0 0 0 0 0 0 0 7960,83 15025,59 
198487,3
4 
194904,8
8 
206285,8
2 
234533,0
7 61228,4 
MIRNA 
    7807,14 14533 39279,88 71202,71 57185,38 73204,4 90713,4 
158547,3
4 25006,81 73993,87 61147,39 
SODRAŽICA 
0 0 0 3259,73 2437,34 45735,95 70334,67 101287 89411,05 91389,48 92986,36 
101201,2
7 
108764,7
1 
112498,1
4 58521,83 
DRAVOGRAD 
1246,97 2569,95 2826,76 2571,86 2764,21 6082,34 94449,83 102225 101570 104330,8 
109428,8
3 89397,78 
108308,1
7 86525,77 58164,16 
MOZIRJE 
0 0 0 89572,42 24159,58 1784,36 20725,81 95922,19 99223,95 89366,14 82369,45 94831,41 97439,83 
110439,3
8 57559,61 

VERŽEJ 
0 801,6 878 3251,4 21596,68 22199,1 75168,15 83880,16 80645,64 88881,55 90223,07 
102411,6
8 105316,2 
118350,1
1 56685,95 
ROGAŠOVCI 
0 0 8817,65 20986,2 11718,63 33013,46 26363,45 28802,33 27868,71 41994,49 
130556,8
1 
157806,0
8 
151821,4
5 
146080,3
2 56130,68 
BENEDIKT 
5607 11529,22 20245,65 20812,43 36101,55 23032,45 41540,35 44053,99 47047,92 95326,34 91312,71 
106875,4
8 
125020,7
4 
116271,7
8 56055,54 
GRAD 
0 0 0 0 25820,55 29789,27 25648,91 26809,65 27413,13 33611,42 87012,37 
158862,9
9 
153141,1
5 
157521,3
5 51830,77 
MAJŠPERK 
0 1476,75 31636,15 35102,93 4086,88 4292,15 1909,76 26797,72 90425,68 90609,19 94076,77 
115341,9
2 
110421,0
1 
114747,6
4 51494,61 
VUZENICA 
0 0 0 0 771,72 305,86 40521,8 41723,84 60797,71 85340,62 
127903,4
9 
133757,7
6 
115432,5
9 
102440,3
8 50642,56 
TURNIŠČE 0 4320 5220 50489,15 74663,03 25703,9 76630,37 49971,3 47852,23 63946,91 72766,55 69458,31 77921,14 86444,41 50384,81 
PIVKA 55447,9 55422,06 56552,06 51404,64 54620,83 45873,2 46667 43661,63 48837,09 45698,85 46419,8 51543,75 56141,33 34720,7 49500,77 
ZAVRČ 2819,52 2074,92 2151,84 1842,92 1512,67 5846,37 118817,5 82931,06 84504,43 79654,71 64309,93 85414,14 81873,31 78747,47 49464,34 
HORJUL 
3160 3086,2 1492,85 4906,54 45951,26 44087,53 48801,32 63342,58 29190,47 77884,14 
106566,5
9 83353,88 86941,98 90284,93 49217,88 
POLZELA 16667,81 17558,78 17629,98 68873,92 151997,4 51844,6 95495,7 32800,53 34177,54 29484,26 31886,97 42225,49 39803,85 41939,13 48027,57 
CANKOVA 
0 0 0 0 7917,71 0 29282,63 32267,95 51019,59 28839,47 129884,7 
119988,0
1 
113897,9
2 
147750,0
1 47203,43 
MAKOLE 
5570 6283,44 7503,11 7112,62 30597,23 33254,41 32548,04 54379,99 34248,55 38437,39 83297,79 
106024,8
9 
101720,1
7 
109467,2
9 46460,35 
LITIJA 28265,29 41238,29 18239,62 34269,63 8206,63 57378,58 58611,4 60350,08 53606,36 57889,57 55232,41 55781,71 55952,31 52296,39 45522,73 
TIŠINA 
0 4680 4905,72 4261,05 25952,89 30975,16 22889,26 34019,45 17102,91 42162,46 
106834,9
5 
100918,2
4 
112040,0
7 
110720,5
4 44104,48 
ŠENTILJ 50855,46 45982,45 38048,59 34802 39179,93 30239,72 38273,17 50435,7 56622,95 36566,2 38447,59 34485,79 51695,57 41998,88 41973,86 
ČRENŠOVCI 0 0 6547,72 65612,87 54475,56 43197,22 24237,86 17330,89 11983,09 48096,49 41993,24 89306,52 88931,53 85232,86 41210,42 
GORNJI GRAD 1188,46 339,96 582,31 712,29 19747,51 10350,27 20301,15 52178 88780,97 81484,14 72805,64 73058,88 68297,03 75912,27 40409,92 
TABOR 6263,13 7025,36 7746,25 17719,43 35990,89 31084,29 38250,66 13284,6 48600,54 64475,22 71146,06 73344,69 75414,88 74749,39 40363,96 
LJUBNO 
12546 12643,06 13563 13085,91 13800,15 12779,77 14931,49 13800,36 25889,07 23381,12 22855,96 24619,67 
165542,5
1 
124544,4
1 35284,46 
PODLEHNIK 
255 374,11 243 7433,18 6539,1 3492,67 17422,31 23755,94 44230,92 52569,04 50139,49 
101268,6
9 72257,46 78395,24 32741,15 
IG 19461 21398,99 23994,9 25012,44 30623,25 32934,52 37062,62 32886,44 35961,14 40189,71 40317,4 43831,76 41895,27 26398,05 32283,39 
BOHINJ 9048 18996,49 47364,7 37277,36 45135,51 30397,16 38177,2 30916,12 34229 31550 35597,16 30531,8 20570,15 37222,92 31929,54 
SV. TROJICA V 
SLOVENSKIH 
GORICAH 36 0 0 0 36904 55327,98 54082,63 49926,76 42952,09 31786,05 32800,7 34530,41 45681,56 45126,92 30653,94 
DESTRNIK 27477 25979,24 26823,59 24457,84 29954,12 36293,74 34960,39 33843,87 34370,47 38963,69 30779,21 28091,67 26746,01 29095,8 30559,76 
BISTRICA OB 
SOTLI 2642,32 3701,21 3654,62 20251,87 25991,61 26010,32 28698,78 36025,46 37085,56 36123,88 33316,65 38257,57 58465,46 65119,24 29667,47 

SREDIŠČE OB 
DRAVI 16898 23225,19 21559,27 60195,21 24367 29090,64 26048,65 27844,61 28487,68 28651,45 29461,89 28422,17 28729,08 27514,01 28606,78 
KOSTEL 0 0 10050 852 3432 18276,42 24163,5 18428,15 13500,64 48267,86 57932,2 59882,32 59678,29 62174,33 26902,69 
RADLJE OB 
DRAVI 0 720,83 0 0 0 15691,67 58084,86 90608,75 15306,68 51650,47 44746,4 44868,1 36685,39 17764,62 26866,27 
DORNAVA 1367,37 2522,44 1871,83 1840,37 4326,75 25649,79 9616,6 26411,46 45934,36 50800,68 48753,36 46244,87 47965,54 51917,75 26087,37 
CERKNO 29105 30938 30050,5 32567 31833,55 28960,67 33686,2 25264,11 21655,79 20390 22951,35 21913,81 18740,5 9916,03 25569,47 
KUZMA 0 0 0 0 0 0 0 0 0 0 54939,43 94181,88 86333,39 102689,5 24153,16 
OPLOTNICA 8553 9015,52 9575,62 8719,02 18568,46 25422,3 24519,38 36579,27 26654,62 28874,99 28564,48 38956,5 34081,59 38241,82 24023,33 
JURŠINCI 6234,6 8657,68 11381,45 10672,95 8067,35 6242,34 10165,99 26294,73 39250,98 38823,65 32794,86 42954,33 41450,4 42752,2 23267,39 
CIRKULANE 0 0 117 1087,82 1290,82 1322,69 1163,31 27514,78 42716,94 40553,34 43114,99 60719,26 55644,91 50408,64 23261,04 
ZREČE 0 400,56 3800,21 8799,56 32829,28 20415,33 11570,83 31510,65 13359,04 16430,7 36820,05 39714,52 42893,15 44381,35 21637,52 
ČRNA NA 
KOROŠKEM 0 0 0 0 34372 587,29 37186,2 39796,89 31052,88 26557,26 38345,37 40325,31 28595,16 14421,14 20802,82 
TRNOVSKA VAS 6584 6844 7013 8168 7972 7873 7737,73 24800,31 22789,76 24643,92 24248,66 28089,18 27748,03 68192,18 19478,84 
CERKVENJAK 29 29,19 16,68 16,68 25,02 75,97 58494,76 30727,71 27402,45 22442,91 15719,71 36733,33 41679,6 34393,79 19127,63 
ODRANCI 68,16 475,16 444,76 27834,71 19492,37 33061,13 14538,22 8997,37 8754,21 21192,63 19244,42 29992,3 30651,63 30113,72 17490,06 
KOZJE 10129 7624,42 9380,46 43936,84 10296,5 9423 11717,83 12750,65 15647,73 15166,2 18737,69 18658,87 19765,55 20986,46 16015,8 
SOLČAVA 17868 26481 24892,6 19777,67 16627,97 21994,63 25364,29 9405,71 7993,66 7140,31 7117,51 7516,58 8323,98 6686,7 14799,33 
DOBROVNIK 8187,26 0 0 0 14377,24 17777,53 9025,82 5550,96 3453,92 14013,88 15531,25 33365,74 53883,46 31738,85 14778,99 
STARŠE 0 0 0 39353,78 0 2645,45 6371,02 2874,66 21536,94 20136,46 31815,3 19379,93 21573,58 19679,76 13240,49 
VELIKA POLANA 0 0 0 14107,19 25100,14 8692,29 3686,06 0 3126,2 12443,67 22459,36 44708,9 21324,2 29615,38 13233,1 
SV. JURIJ V 
SLOVENSKIH 
GORICAH 0 0 0 0 0 0 0 15463,58 55343,49 27329,7 9691,15 18266,36 21457,4 33325,37 12919,79 
ŽELEZNIKI 1040,28 620,56 1979,19 911,64 1443,23 3502,47 8070,88 20083,34 19843,02 20260,51 21175,25 20608,25 31135,83 29220,72 12849,66 
ŽETALE 2238,9 1815,92 2948,65 3194,86 9476,44 27165,58 4576,94 9208,5 17612,91 15553,56 16548,54 21978,34 19444,88 19040,99 12200,36 
ŽIROVNICA 0 2197 3584 4202,93 25278,39 18890,7 20607,91 14964 13087 14001 13034 16626,87 15058,5 8349 12134,38 
LUČE 15296 1028,38 1281,1 42822,43 13994,47 1261,1 12360,86 1512,47 19729,98 6187,56 17583,79 8320,07 19192,98 6809,39 11955,76 
PODVELKA 7368 8026,74 9873,61 7237,54 13651,67 12442,98 11087,55 9508,92 16290,33 12182,41 12813,25 12844,48 22462,34 11378,24 11940,58 
GORNJA 
RADGONA 17622,64 0 0 0 56618,69 6567,54 6372,13 5331,18 8300,77 10931,51 7600,14 9417,82 10024,47 6443,24 10373,58 
VITANJE 0 0 0 0 83,33 1074,72 9882,9 3516,25 9739,42 8309 12447,1 31971,83 32358,88 34025,09 10243,47 
LENART 0 0 0 0 32427,36 15896,56 25981,76 20004,91 15788,44 14798,62 0 0 0 0 8921,261 
KOBARID 2565 4139 8721 8167 6104 8150 8021,63 9004,28 11209,9 11910,54 7717,16 11718,8 14617,52 10418,6 8747,459 
MOKRONOG-
TREBELNO 2154,18 81267 10535,82 13919,19 701,86 248 0 3180,42 5041,97 0 0 0 0 366,48 8386,78 

LOVRENC NA 
POHORJU 2914,32 3436,36 5144,22 4436,68 7455,23 8406,89 10980,99 8414,24 8731,18 12315,76 8260,53 8887,43 9980,22 9504,98 7776,359 
KOBILJE 0 0 0 12078,34 6458,46 3680,15 1380,6 386,45 2314,67 12069,8 6515,34 8945,15 10908,96 10817,34 5396,804 
VIPAVA 7071 8323,83 10085,96 3581,49 2357,17 6727,14 2918,81 2876,87 4522,68 4351,62 262,13 6742,12 4682,74 1702,58 4729,01 
JEZERSKO 2742,81 1741,03 583,46 273,11 3051,99 3497,54 3322,59 2927,2 10862,88 5293,78 5428,95 5232,07 4830,7 5258,32 3931,888 
SVETA ANA 0 0 0 0 9125,93 9882 9943,29 9967,02 10054 850 960 1050 1052,6 780 3833,203 
ŠENTRUPERT 782 1805,76 0 2510 4944,59 0 0 0 0 0 0 0 0 38476 3465,596 
RIBNICA 1826 7810 5710,71 2715,31 3990,6 1982,89 1369,98 3777,55 1249,42 1251,01 1687,67 1248,44 1124,61 943,71 2620,564 
ŽIRI 0 0,17 0 2241,31 1362,39 1021,08 3080,18 2760,26 2522,46 2657,35 3789,96 3934,16 3751,97 9112,8 2588,149 
BLOKE 420 690 575,87 1779,4 1181,19 1759,2 4059,2 4399,2 4036,61 4027,61 3916,71 2820,71 2436,71 2411,79 2465,3 
SV. ANDRAŽ V 
SLOVENSKIH 
GORICAH 2693,84 1736,77 2445 2640 2750 2670 2489 2036,49 2439,14 2661,16 3061,95 2803,01 2158,69 1662,26 2446,236 
METLIKA 0 0 0 0 0 0 31556,98 0 0 0 0 0 0 0 2254,07 
MUTA 2952 2349,08 2094,3 2074,56 2487,33 2690,8 1669,48 1735,71 1735,54 1888,02 2928,14 1697,12 2293,25 2036,47 2187,986 
GORNJI 
PETROVCI 0 0 0 12912 13554 144 0 0 0 0 20 0 0 0 1902,143 
SVETI JURIJ 504 794,99 540,99 0 266,12 2321 1240 1650,8 1085,23 932,51 952,52 402,63 668,3 327,24 834,7379 
KANAL 555 620,76 554,76 554,65 714,64 554,64 508,42 735,48 554,64 744,88 1058,64 436,46 1030,13 1064,37 691,9621 
RADENCI 0 0 25 0 0 0 0 25 0 1461,66 2601,68 1566,5 1550 1668 635,56 
HODOŠ 0 0 0 0 0 0 307,4 737,76 685,74 942,73 708,58 1173,14 1560,89 1670,8 556,2171 
DOBJE 0 0 0 0 108,33 288,52 634,34 743,64 1077,17 802,86 657,49 784,21 1135,28 759,89 499,4093 
GORJE 0 0 0 0 0 0 116 875,54 572 858,18 938,75 1099,15 1046 258 411,6871 
RIBNICA NA 
POHORJU 405,6 470,87 384,73 534,24 636,72 30,32 0 0 0 0 0 0 0 0 175,8914 
OSILNICA 0 190 60 180 180 240 0 180 0 180 180 170 284 60 136 
PODČETRTEK 0 0 0 0 0 0 0 0 0 0 0 0 0 0 0 
VELIKE LAŠČE 0 0 0 0 0 0 0 0 0 0 0 0 0 0 0 
 
 
Tabela 14: Prihodek iz naslova prihodki od drugih najemnin (urejeno padajoče glede na povprečje 2007-2020) na prebivalca (v EUR) 
OBČINA 2007 2008 2009 2010 2011 2012 2013 2014 2015 2016 2017 2018 2019 2020 x̄ 
VELENJE 1,42 3,05 38,38 86,09 85,50 96,62 127,34 144,02 157,01 194,62 193,48 201,73 183,86 181,49 121,05 
ŠOŠTANJ 3,53 3,06 3,28 54,56 43,93 66,18 107,03 119,74 150,53 188,83 156,48 174,76 176,48 166,54 101,07 
CELJE 1,25 1,06 1,21 20,84 88,28 137,37 97,73 118,74 165,39 130,27 147,74 138,63 167,06 164,77 98,60 
TRZIN 0,93 0,00 0,00 66,60 78,55 62,10 191,60 88,82 90,08 97,13 94,56 99,48 99,26 98,44 76,25 
LOGATEC 99,57 65,82 125,04 102,90 146,22 103,73 56,78 28,92 38,79 26,01 58,80 63,62 68,66 68,87 75,27 

BOVEC 0,00 0,00 0,00 113,31 127,44 142,58 158,76 78,47 63,84 63,28 70,02 60,21 59,71 62,06 71,41 
NOVO MESTO 7,83 9,06 8,53 55,42 66,24 63,44 63,84 67,65 89,68 94,80 105,85 102,69 122,99 102,21 68,59 
KOMEN 1,78 6,25 5,88 29,49 59,88 61,61 67,71 66,16 65,17 105,59 86,19 91,19 81,53 116,67 60,36 
CERKNICA 4,76 15,97 4,57 3,84 40,49 32,26 58,91 65,30 68,92 106,60 109,50 111,87 99,57 116,69 59,95 
PIRAN 10,81 2,71 3,12 58,58 46,50 47,86 46,12 64,77 86,14 99,22 84,05 97,75 85,14 95,50 59,16 
JESENICE 1,41 0,79 43,83 102,75 75,27 74,92 62,50 59,47 47,20 64,75 70,49 70,49 71,02 72,96 58,42 
IDRIJA 1,53 1,38 1,32 53,79 66,99 59,11 58,61 58,81 64,41 69,25 79,86 98,29 80,64 98,55 56,61 
NOVA GORICA 12,20 7,64 5,75 24,63 55,72 47,69 43,46 33,49 49,71 66,69 91,72 92,17 103,13 143,52 55,54 
MARIBOR 18,05 20,48 21,14 42,45 51,79 168,45 59,14 41,94 40,58 47,08 56,91 71,14 68,91 67,83 55,42 
PTUJ 0,00 0,03 0,01 0,02 73,69 79,19 20,16 105,77 79,41 75,28 67,20 95,36 89,34 90,20 55,40 
DOMŽALE 0,23 0,30 0,38 49,28 49,77 49,95 53,72 75,08 74,10 74,08 76,69 84,23 86,61 84,80 54,23 
KRANJSKA 
GORA 3,00 3,25 1,95 23,60 85,21 75,38 63,97 59,74 61,72 69,78 64,93 91,84 74,87 76,87 54,01 
DOBRNA 0,00 0,00 0,00 0,00 0,00 5,97 0,00 0,00 0,00 92,18 165,89 132,30 162,52 163,62 51,61 
ŠMARJEŠKE 
TOPLICE 0,00 0,00 0,00 47,35 59,63 64,54 62,80 62,54 64,30 74,06 80,05 69,16 69,87 68,25 51,61 
RAZKRIŽJE 0,00 0,00 0,00 0,00 17,48 10,12 95,19 94,54 113,14 126,41 103,37 62,92 51,16 45,09 51,39 
TRŽIČ 0,29 0,21 0,46 129,25 58,62 38,83 13,80 50,66 94,78 89,71 57,97 64,24 58,26 53,74 50,77 
KIDRIČEVO 6,38 7,17 7,89 7,56 8,77 23,73 33,97 55,70 90,39 88,01 90,75 85,73 96,59 89,20 49,42 
IZOLA 2,06 0,41 0,32 2,72 93,74 58,39 58,06 50,44 60,97 51,47 71,77 88,05 72,15 71,88 48,75 
KOČEVJE 0,18 0,08 0,00 33,76 46,50 61,88 54,17 78,99 65,03 65,40 62,06 70,78 59,04 84,04 48,71 
STRAŽA 0,25 2,71 3,11 43,26 49,28 53,52 60,81 62,42 68,60 58,42 67,83 66,08 72,48 72,15 48,64 
MURSKA 
SOBOTA 0,40 0,12 0,19 27,84 52,76 59,36 52,93 54,36 68,39 66,25 79,09 76,27 74,18 67,72 48,56 
MENGEŠ 0,00 0,19 0,19 28,71 30,08 31,18 47,23 64,85 64,24 87,30 69,38 83,65 85,06 86,75 48,49 
KRIŽEVCI 1,41 3,40 3,21 13,25 14,45 12,14 57,91 70,64 81,72 82,38 86,63 86,19 79,39 82,08 48,20 
ORMOŽ 7,13 8,15 23,11 58,32 54,37 51,95 48,79 54,95 61,33 57,51 61,43 63,40 64,58 54,15 47,80 
AJDOVŠČINA 1,17 1,53 1,68 39,12 55,50 49,05 59,25 58,68 46,07 57,47 64,01 73,71 78,13 78,76 47,44 
SLOVENJ 
GRADEC 6,86 30,56 16,44 42,42 46,87 56,84 64,54 60,92 58,58 54,11 57,27 57,27 57,74 52,96 47,38 
KRANJ 2,31 2,05 11,14 47,13 51,36 50,13 48,75 46,64 44,96 63,11 74,60 69,91 69,82 77,84 47,13 
PUCONCI 0,34 0,43 0,43 11,80 10,14 4,06 76,67 49,48 66,16 54,55 84,31 97,08 90,25 105,05 46,48 
NAKLO 2,87 3,14 12,27 35,38 40,03 41,56 41,61 38,40 42,99 56,52 94,46 78,95 78,49 80,11 46,20 
GROSUPLJE 0,49 0,99 0,75 45,42 63,40 63,73 62,86 48,16 38,69 42,49 83,26 66,58 65,50 64,03 46,17 
MORAVSKE 
TOPLICE 0,00 0,00 0,00 29,76 34,74 28,26 26,29 27,06 46,19 49,65 81,43 104,12 97,95 99,08 44,61 
HRASTNIK 1,19 0,85 8,03 18,74 47,51 57,66 53,82 54,65 53,52 59,27 71,13 60,75 62,27 62,22 43,69 

VERŽEJ 0,00 0,61 0,67 2,49 16,52 16,98 57,51 64,18 61,70 68,00 69,03 78,36 80,58 90,55 43,37 
SEMIČ 0,00 0,00 0,00 18,59 46,43 37,93 48,99 52,09 36,95 81,44 79,40 70,42 66,92 66,50 43,26 
LUKOVICA 0,00 2,53 3,15 17,65 16,31 16,95 40,82 70,83 68,12 68,79 71,09 72,24 73,56 76,48 42,75 
ŠALOVCI 0,00 0,00 0,00 0,00 0,00 0,00 0,00 0,00 5,56 10,49 138,51 136,01 143,95 163,67 42,73 
TRBOVLJE 0,81 0,85 0,43 27,24 49,35 43,93 47,24 55,41 51,81 57,71 58,91 55,76 61,85 73,60 41,78 
BOROVNICA 2,11 2,42 2,39 14,01 18,21 19,08 22,66 24,42 25,09 30,38 98,71 96,01 112,70 105,08 40,95 
KOSTEL 0,00 0,00 15,30 1,30 5,22 27,82 36,78 28,05 20,55 73,47 88,18 91,15 90,83 94,63 40,95 
MORAVČE 3,36 2,47 2,64 33,92 35,72 35,34 42,45 62,42 59,96 58,14 58,71 59,49 59,63 58,69 40,92 
ROGATEC 0,01 0,02 3,42 37,47 32,89 32,22 45,79 62,23 55,96 55,59 55,55 58,19 69,45 59,20 40,57 
DOLENJSKE 
TOPLICE 0,07 0,00 0,00 30,96 44,67 53,51 47,48 44,88 61,74 53,91 55,44 56,71 56,69 55,87 40,14 
LOŠKI POTOK 0,73 0,18 0,21 0,00 0,00 0,15 7,61 52,89 68,78 73,35 80,04 91,63 90,36 93,22 39,94 
PREBOLD 0,00 0,00 0,00 2,16 45,03 18,95 26,27 27,77 49,52 73,36 74,65 75,63 79,38 80,42 39,51 
VRHNIKA 2,85 4,86 4,32 21,70 27,78 40,94 41,39 39,99 40,86 53,31 62,94 64,11 65,78 64,46 38,23 
REČICA OB 
SAVINJI 4,47 4,99 4,15 34,89 16,64 30,41 48,30 82,65 55,72 46,53 50,42 49,49 52,65 52,81 38,15 
LJUBLJANA 0,01 0,01 0,01 21,76 26,36 40,83 41,20 46,97 45,06 51,51 66,94 62,54 70,59 46,90 37,19 
BLED 0,00 0,00 2,11 27,18 43,60 49,55 43,19 44,32 46,38 46,39 48,32 58,79 58,62 51,59 37,15 
IVANČNA 
GORICA 0,17 0,37 3,33 28,27 34,55 42,08 41,53 44,48 42,05 53,28 57,77 53,65 55,58 58,79 36,85 
LJUTOMER 3,52 3,97 24,75 21,88 33,62 27,77 51,70 51,35 39,60 47,59 39,77 8,36 99,42 61,79 36,79 
MISLINJA 3,55 2,94 3,19 26,69 25,71 45,83 39,47 36,68 67,33 43,76 55,65 57,06 46,82 58,27 36,64 
RAVNE NA 
KOROŠKEM 0,23 0,22 0,37 13,26 29,18 22,92 31,78 39,31 38,30 64,54 64,42 68,29 71,03 62,70 36,18 
Skupaj občine  3,28 3,67 5,58 23,10 31,48 40,82 36,50 40,22 43,31 48,64 55,45 57,38 59,47 57,50 36,17 
ROGAŠKA 
SLATINA 0,00 0,00 0,00 45,63 45,02 45,72 60,23 50,55 48,13 46,02 36,33 38,75 44,28 42,20 35,92 
MIREN-
KOSTANJEVICA 8,85 7,41 6,86 7,89 25,97 18,57 18,45 18,49 18,42 27,72 42,43 94,86 87,77 119,04 35,91 
MIRNA PEČ 0,04 0,06 0,04 23,13 34,35 31,40 30,98 47,49 54,30 48,33 55,16 58,00 60,59 58,76 35,90 
ŠMARTNO OB 
PAKI 0,27 0,37 0,69 8,96 17,45 5,91 22,18 20,50 29,08 64,24 63,36 79,54 85,11 104,67 35,88 
ČRNOMELJ 0,04 0,04 0,04 13,15 30,22 18,35 30,18 36,48 64,80 33,73 60,26 72,84 75,63 61,64 35,53 
HRPELJE-
KOZINA 1,26 0,42 0,76 10,18 19,39 10,62 24,02 29,25 26,35 79,00 46,17 66,35 67,65 112,72 35,30 
RUŠE 4,60 15,95 16,42 28,85 26,20 28,60 39,34 46,54 39,01 46,65 38,05 43,47 58,15 55,99 34,85 
ZAVRČ 1,98 1,46 1,51 1,30 1,06 4,11 83,56 58,32 59,43 56,02 45,22 60,07 57,58 55,38 34,79 
BELTINCI 0,01 0,01 0,11 2,96 5,28 5,83 21,56 31,28 33,23 60,54 84,99 83,93 81,77 69,05 34,33 

ŠMARTNO PRI 
LITIJI 2,77 3,17 7,48 12,32 16,19 30,24 45,54 40,62 39,48 41,88 65,66 51,64 60,36 50,77 33,44 
MARKOVCI 2,44 2,69 5,80 4,27 4,29 5,63 2,42 20,34 42,63 59,83 66,30 80,81 82,62 78,63 32,76 
VOJNIK 1,88 2,32 3,08 5,61 26,59 28,80 45,55 27,64 30,77 52,72 40,50 79,51 51,77 60,55 32,66 
ŠKOFJA LOKA 4,30 10,97 9,94 8,43 3,92 5,73 5,76 6,50 6,20 68,98 77,87 80,55 78,95 81,50 32,11 
DOBREPOLJE 4,68 4,56 4,94 24,04 23,68 31,89 33,90 37,85 37,42 39,52 49,38 48,63 47,08 56,59 31,73 
TOLMIN 0,27 0,27 0,29 31,99 43,97 41,34 41,31 33,72 35,33 38,29 42,21 42,64 45,73 45,00 31,60 
CERKLJE NA 
GORENJSKEM 3,22 5,97 7,43 19,66 34,92 22,50 22,05 25,67 26,96 37,86 48,50 63,90 62,29 60,97 31,56 
SVETI TOMAŽ 8,84 11,29 9,81 34,29 29,98 27,21 27,87 27,40 40,11 41,73 41,99 48,16 49,04 43,63 31,52 
NAZARJE 0,00 0,00 0,00 15,67 30,82 0,00 16,41 42,47 56,66 48,52 65,79 52,17 55,79 55,41 31,41 
BRDA 0,42 0,48 0,00 8,16 18,17 15,78 14,15 13,19 25,63 32,62 86,40 103,34 59,35 60,97 31,33 
BREŽICE 0,41 0,51 0,34 17,78 4,64 38,56 43,78 51,21 46,89 46,02 43,02 46,89 46,25 50,54 31,20 
ŽUŽEMBERK 0,00 0,00 0,00 27,84 38,07 41,06 37,12 38,48 45,31 40,23 46,42 41,67 40,25 30,92 30,53 
ŠEMPETER-
VRTOJBA 0,16 0,96 10,69 48,17 7,86 22,32 24,66 37,92 44,05 43,86 44,83 42,68 47,58 51,32 30,50 
DIVAČA 0,05 0,05 0,09 1,68 17,72 15,95 22,08 23,36 28,64 51,27 75,52 64,51 64,38 44,60 29,28 
LENDAVA 0,01 0,03 0,08 19,34 13,64 17,03 18,80 13,88 18,33 45,81 52,28 63,46 72,70 73,14 29,18 
HAJDINA 0,35 5,68 0,32 0,58 0,88 0,85 0,31 32,05 33,15 55,53 50,23 64,98 81,90 81,00 29,13 
SEŽANA 3,29 3,09 3,59 17,64 24,66 24,94 23,96 22,26 22,64 35,01 55,44 55,25 56,76 58,22 29,05 
VRANSKO 3,35 3,68 9,07 11,54 48,70 29,40 28,72 22,09 35,30 39,97 44,34 46,77 46,16 36,07 28,94 
PREDDVOR 0,25 0,21 0,16 7,62 8,31 6,61 5,88 14,08 14,20 43,18 66,74 74,35 74,66 85,72 28,71 
LOŠKA DOLINA 0,29 0,00 0,00 6,17 19,13 25,31 35,57 40,43 44,06 45,52 45,73 46,19 45,85 46,25 28,61 
RADOVLJICA 1,11 1,46 3,26 25,18 22,73 28,11 32,17 33,80 34,46 36,67 49,72 42,62 42,66 39,24 28,09 
ŠENČUR 3,65 4,57 5,14 22,77 28,18 30,51 26,68 26,00 25,62 38,65 46,34 46,28 45,16 43,21 28,05 
APAČE 0,00 0,00 0,00 7,51 11,11 8,39 18,42 21,12 20,60 30,89 68,21 66,40 65,65 68,77 27,65 
BREZOVICA 2,21 2,24 2,20 2,47 21,70 15,57 13,89 24,45 22,18 38,30 59,84 62,33 55,86 63,87 27,65 
SOLČAVA 33,21 49,22 46,27 36,76 30,91 40,88 47,15 17,48 14,86 13,27 13,23 13,97 15,47 12,43 27,51 
PESNICA 3,57 4,48 5,23 5,07 5,45 5,40 21,68 48,62 44,03 49,26 46,54 51,37 42,95 50,68 27,45 
KOSTANJEVICA 
NA KRKI 0,01 0,01 0,00 0,00 0,00 2,44 28,81 40,98 41,29 44,87 44,90 61,76 57,82 57,06 27,14 
SLOVENSKA 
BISTRICA 1,66 2,08 1,84 1,92 14,27 32,74 29,09 52,13 30,26 38,47 49,75 36,16 42,63 45,91 27,07 
KRŠKO 0,51 0,44 5,65 6,19 8,74 23,33 25,20 32,78 39,45 43,67 40,40 48,54 51,48 50,30 26,91 
BRASLOVČE 4,04 5,80 6,18 12,73 18,38 15,25 20,32 23,01 28,32 36,55 44,69 44,67 54,17 53,86 26,28 
CANKOVA 0,00 0,00 0,00 0,00 4,36 0,00 16,13 17,78 28,11 15,89 71,56 66,11 62,75 81,40 26,01 
ŠTORE 1,64 1,79 2,34 3,74 11,47 21,09 41,47 22,23 15,35 58,94 24,13 56,61 45,97 55,21 25,86 

TREBNJE 0,00 0,06 0,11 14,55 3,84 15,76 22,90 28,71 30,48 38,80 53,05 47,12 49,94 55,09 25,74 
SODRAŽICA 0,00 0,00 0,00 1,43 1,07 20,10 30,92 44,52 39,30 40,17 40,87 44,48 47,81 49,45 25,72 
ŠMARJE PRI 
JELŠAH 0,12 0,44 0,43 20,40 20,07 21,22 22,96 27,75 31,10 30,36 43,94 45,35 47,27 45,04 25,46 
ŽALEC 0,52 0,97 1,08 1,66 31,05 17,35 18,40 21,31 37,06 40,48 41,80 42,23 48,88 49,18 25,14 
SEVNICA 0,45 0,72 0,62 0,58 0,70 0,62 0,58 43,95 47,02 48,58 48,57 50,07 49,91 59,25 25,12 
KAMNIK 3,65 4,41 4,44 21,55 27,45 27,21 27,83 27,27 27,82 27,51 28,37 41,26 39,99 38,23 24,78 
GRAD 0,00 0,00 0,00 0,00 12,00 13,84 11,92 12,46 12,74 15,62 40,43 73,82 71,16 73,20 24,08 
ŠENTJUR 1,40 3,56 4,40 2,87 21,56 16,53 26,26 44,79 37,75 33,39 38,64 37,82 36,85 26,52 23,74 
LAŠKO 0,17 0,10 0,05 16,99 31,40 41,63 53,00 57,21 64,40 38,73 6,19 7,37 8,95 5,86 23,72 
TABOR 3,63 4,07 4,49 10,27 20,86 18,02 22,17 7,70 28,17 37,38 41,24 42,52 43,72 43,33 23,40 
RADEČE 1,02 1,01 0,96 19,62 22,11 24,21 23,79 22,39 21,64 34,98 44,89 38,99 32,77 38,63 23,36 
POLJČANE 4,54 4,22 5,65 5,40 9,19 5,46 7,45 28,10 24,42 25,16 41,05 53,95 51,31 58,54 23,18 
SLOVENSKE 
KONJICE 0,00 0,27 0,14 18,68 21,60 23,00 23,60 23,73 30,52 33,11 34,84 36,35 37,87 39,75 23,10 
PREVALJE 0,00 0,00 0,00 17,34 20,32 20,56 32,98 32,55 31,00 31,56 31,03 32,74 31,92 31,23 22,37 
MAKOLE 2,67 3,01 3,60 3,41 14,67 15,95 15,61 26,08 16,43 18,44 39,95 50,85 48,79 52,50 22,28 
POSTOJNA 0,57 0,06 0,04 16,23 26,86 26,26 25,96 20,26 32,54 27,31 29,23 26,64 36,12 42,48 22,18 
MEDVODE 2,71 1,91 3,78 9,59 23,05 21,78 18,59 22,00 23,40 33,02 42,58 36,47 33,16 36,72 22,05 
ŠKOCJAN 0,00 0,00 0,00 19,91 29,46 28,55 27,46 26,58 27,46 27,89 29,33 28,39 31,88 31,84 22,05 
BENEDIKT 2,18 4,48 7,86 8,08 14,02 8,94 16,13 17,11 18,27 37,02 35,46 41,51 48,55 45,15 21,77 
MEŽICA 0,15 0,27 0,26 9,58 22,20 18,41 34,79 25,56 31,23 37,83 27,82 21,04 40,89 34,09 21,72 
ŠENTJERNEJ 0,05 0,23 0,06 31,18 19,02 23,18 25,38 28,13 24,67 24,42 30,37 32,87 29,74 34,08 21,67 
BISTRICA OB 
SOTLI 1,87 2,62 2,58 14,32 18,38 18,39 20,30 25,48 26,23 25,55 23,56 27,06 41,35 46,05 20,98 
DOL PRI 
LJUBLJANI 2,70 2,77 2,91 2,94 21,81 14,53 22,92 29,81 14,35 34,24 30,22 41,52 24,77 26,54 19,43 
DUPLEK 4,18 4,88 4,77 6,04 6,11 14,75 15,04 24,84 25,30 14,99 42,04 32,50 34,70 38,59 19,20 
SELNICA OB 
DRAVI 1,03 1,46 2,39 2,38 2,33 2,29 30,31 2,65 32,72 25,68 26,91 36,32 50,22 50,13 19,06 
KUNGOTA 3,43 3,32 3,44 4,10 9,17 4,60 4,42 23,31 39,85 29,25 26,96 32,94 49,81 29,78 18,88 
VUZENICA 0,00 0,00 0,00 0,00 0,28 0,11 14,89 15,33 22,34 31,35 46,99 49,14 42,41 37,63 18,60 
ZAGORJE OB 
SAVI 2,28 2,65 2,29 11,18 12,35 11,73 17,25 19,39 17,31 27,06 29,55 31,69 30,24 38,23 18,09 
PODLEHNIK 0,14 0,20 0,13 4,06 3,57 1,91 9,52 12,98 24,17 28,73 27,40 55,34 39,48 42,84 17,89 
MIKLAVŽ NA 
DRAVSKEM 
POLJU 1,69 3,13 3,00 3,83 14,68 8,71 12,15 7,57 25,22 30,33 21,43 25,63 34,86 53,01 17,52 

ROGAŠOVCI 0,00 0,00 2,74 6,53 3,65 10,27 8,21 8,96 8,67 13,07 40,63 49,11 47,25 45,47 17,47 
GORIŠNICA 0,00 0,00 0,00 0,00 0,00 0,00 0,00 7,08 11,87 18,24 38,56 52,45 55,45 59,87 17,39 
LOG-
DRAGOMER 1,29 1,28 1,01 12,19 13,94 23,50 20,22 20,85 20,63 23,83 22,62 25,29 28,58 27,98 17,37 
HORJUL 1,08 1,05 0,51 1,68 15,70 15,07 16,68 21,65 9,98 26,62 36,42 28,49 29,71 30,86 16,82 
ILIRSKA 
BISTRICA 1,79 2,38 0,94 10,48 25,35 23,04 22,29 18,02 16,23 22,68 19,46 19,24 18,15 33,16 16,66 
MIRNA     2,98 5,54 14,99 27,17 21,82 27,93 34,61 60,49 9,54 28,23 16,66 
GORNJI GRAD 0,48 0,14 0,24 0,29 7,99 4,19 8,21 21,10 35,90 32,95 29,44 29,54 27,62 30,70 16,34 
TURNIŠČE 0,00 1,32 1,59 15,38 22,75 7,83 23,35 15,23 14,58 19,48 22,17 21,16 23,74 26,34 15,35 
KUZMA 0,00 0,00 0,00 0,00 0,00 0,00 0,00 0,00 0,00 0,00 34,84 59,72 54,75 65,12 15,32 
RENČE-
VOGRSKO 0,00 0,00 5,26 11,85 16,51 15,55 14,98 17,12 13,97 23,04 23,93 23,99 23,16 24,53 15,28 
HOČE-SLIVNICA 4,59 4,74 5,20 5,62 10,64 14,47 13,51 16,78 17,70 31,29 21,51 16,91 20,16 18,84 14,42 
SV. TROJICA V 
SLOVENSKIH 
GORICAH 0,02 0,00 0,00 0,00 17,25 25,87 25,28 23,34 20,08 14,86 15,33 16,14 21,36 21,10 14,33 
TRNOVSKA VAS 4,78 4,97 5,10 5,94 5,79 5,72 5,62 18,02 16,56 17,91 17,62 20,41 20,17 49,56 14,16 
SREDIŠČE OB 
DRAVI 8,35 11,47 10,65 29,74 12,04 14,37 12,87 13,76 14,07 14,16 14,56 14,04 14,19 13,59 14,13 
VODICE 2,05 1,49 5,91 3,40 5,10 3,42 19,17 22,48 21,52 23,65 21,11 21,37 22,87 22,11 13,98 
MOZIRJE 0,00 0,00 0,00 21,31 5,75 0,42 4,93 22,82 23,60 21,26 19,59 22,56 23,18 26,27 13,69 
LJUBNO 4,75 4,79 5,14 4,96 5,23 4,84 5,66 5,23 9,81 8,86 8,66 9,33 62,73 47,19 13,37 
ŠKOFLJICA 0,25 0,40 0,57 1,10 17,03 7,47 11,82 14,22 17,75 12,99 23,31 26,78 23,27 27,89 13,20 
VIDEM 0,11 0,09 0,07 0,01 0,17 0,07 67,17 23,81 13,70 16,05 14,25 12,22 15,62 15,47 12,77 
MAJŠPERK 0,00 0,36 7,77 8,62 1,00 1,05 0,47 6,58 22,20 22,24 23,09 28,31 27,10 28,17 12,64 
DESTRNIK 10,41 9,84 10,16 9,27 11,35 13,75 13,25 12,82 13,02 14,76 11,66 10,64 10,13 11,03 11,58 
DOBROVNIK 6,12 0,00 0,00 0,00 10,75 13,30 6,75 4,15 2,58 10,48 11,62 24,96 40,30 23,74 11,05 
TIŠINA 0,00 1,14 1,19 1,03 6,29 7,51 5,55 8,25 4,15 10,23 25,91 24,48 27,17 26,85 10,70 
ODRANCI 0,04 0,28 0,27 16,68 11,68 19,81 8,71 5,39 5,25 12,70 11,53 17,97 18,37 18,04 10,48 
ČRENŠOVCI 0,00 0,00 1,61 16,16 13,41 10,64 5,97 4,27 2,95 11,84 10,34 21,99 21,90 20,99 10,15 
ANKARAN         8,65 0,06 0,00 0,00 0,00 130,56 9,95 
CIRKULANE 0,00 0,00 0,05 0,46 0,55 0,57 0,50 11,76 18,26 17,33 18,43 25,95 23,78 21,54 9,94 
KOMENDA 3,20 3,31 3,39 5,19 8,28 7,28 12,73 10,15 8,44 13,90 9,58 16,91 16,98 18,51 9,85 
DOBROVA-
POLHOV 
GRADEC 3,63 4,83 3,61 3,10 5,89 14,66 12,31 12,79 14,72 13,36 12,76 14,63 13,00 8,16 9,82 
RAČE-FRAM 1,43 1,51 1,43 1,43 1,74 1,73 1,72 1,78 1,75 22,93 24,89 25,01 24,99 24,45 9,77 

DORNAVA 0,51 0,94 0,70 0,69 1,62 9,59 3,59 9,87 17,17 18,99 18,23 17,29 17,93 19,41 9,75 
JURŠINCI 2,61 3,62 4,76 4,47 3,38 2,61 4,26 11,01 16,43 16,25 13,73 17,98 17,35 17,90 9,74 
KOBILJE 0,00 0,00 0,00 21,45 11,47 6,54 2,45 0,69 4,11 21,44 11,57 15,89 19,38 19,21 9,59 
VELIKA POLANA 0,00 0,00 0,00 10,04 17,86 6,19 2,62 0,00 2,23 8,86 15,99 31,82 15,18 21,08 9,42 
CERKVENJAK 0,01 0,01 0,01 0,01 0,01 0,04 28,62 15,03 13,41 10,98 7,69 17,97 20,39 16,83 9,36 
ŽETALE 1,71 1,39 2,25 2,44 7,24 20,75 3,50 7,03 13,46 11,88 12,64 16,79 14,85 14,55 9,32 
KOPER 2,47 4,07 3,08 2,57 2,31 2,47 2,56 2,66 18,71 16,11 16,43 17,66 12,13 12,83 8,29 
GORENJA VAS-
POLJANE 6,83 8,36 5,95 8,68 7,34 7,28 8,10 8,31 7,25 7,95 9,16 9,32 8,90 8,48 7,99 
PIVKA 8,89 8,88 9,06 8,24 8,75 7,35 7,48 7,00 7,83 7,32 7,44 8,26 9,00 5,57 7,93 
LUČE 10,06 0,68 0,84 28,15 9,20 0,83 8,13 0,99 12,97 4,07 11,56 5,47 12,62 4,48 7,86 
POLZELA 2,70 2,84 2,86 11,16 24,63 8,40 15,47 5,31 5,54 4,78 5,17 6,84 6,45 6,80 7,78 
DRAVOGRAD 0,14 0,29 0,32 0,29 0,32 0,70 10,82 11,71 11,64 11,96 12,54 10,24 12,41 9,92 6,67 
ČRNA NA 
KOROŠKEM 0,00 0,00 0,00 0,00 10,87 0,19 11,76 12,59 9,82 8,40 12,13 12,75 9,04 4,56 6,58 
BOHINJ 1,74 3,66 9,12 7,17 8,69 5,85 7,35 5,95 6,59 6,07 6,85 5,88 3,96 7,16 6,15 
JEZERSKO 4,27 2,71 0,91 0,42 4,75 5,44 5,17 4,55 16,89 8,23 8,44 8,14 7,51 8,18 6,11 
SV. JURIJ V 
SLOVENSKIH 
GORICAH 0,00 0,00 0,00 0,00 0,00 0,00 0,00 7,26 26,00 12,84 4,55 8,58 10,08 15,65 6,07 
OPLOTNICA 2,02 2,13 2,27 2,06 4,39 6,02 5,80 8,66 6,31 6,83 6,76 9,22 8,07 9,05 5,69 
CERKNO 6,09 6,47 6,28 6,81 6,66 6,05 7,04 5,28 4,53 4,26 4,80 4,58 3,92 2,07 5,35 
ŠENTILJ 6,07 5,49 4,54 4,16 4,68 3,61 4,57 6,02 6,76 4,37 4,59 4,12 6,17 5,01 5,01 
KOZJE 3,14 2,37 2,91 13,63 3,19 2,92 3,64 3,96 4,86 4,71 5,81 5,79 6,13 6,51 4,97 
PODVELKA 3,05 3,33 4,09 3,00 5,66 5,16 4,60 3,94 6,75 5,05 5,31 5,33 9,31 4,72 4,95 
VITANJE 0,00 0,00 0,00 0,00 0,04 0,48 4,38 1,56 4,32 3,68 5,52 14,17 14,34 15,08 4,54 
IG 2,68 2,95 3,31 3,45 4,22 4,54 5,11 4,53 4,96 5,54 5,56 6,04 5,77 3,64 4,45 
RADLJE OB 
DRAVI 0,00 0,12 0,00 0,00 0,00 2,56 9,47 14,77 2,50 8,42 7,30 7,32 5,98 2,90 4,38 
ZREČE 0,00 0,06 0,59 1,36 5,08 3,16 1,79 4,87 2,07 2,54 5,69 6,14 6,63 6,86 3,35 
STARŠE 0,00 0,00 0,00 9,57 0,00 0,64 1,55 0,70 5,24 4,90 7,74 4,71 5,25 4,79 3,22 
LITIJA 1,84 2,68 1,19 2,23 0,53 3,73 3,81 3,92 3,48 3,76 3,59 3,63 3,64 3,40 2,96 
ŽIROVNICA 0,00 0,48 0,79 0,93 5,57 4,16 4,54 3,30 2,88 3,08 2,87 3,66 3,32 1,84 2,67 
MOKRONOG-
TREBELNO 0,68 25,75 3,34 4,41 0,22 0,08 0,00 1,01 1,60 0,00 0,00 0,00 0,00 0,12 2,66 
LOVRENC NA 
POHORJU 0,95 1,12 1,68 1,45 2,43 2,74 3,58 2,74 2,84 4,01 2,69 2,90 3,25 3,10 2,53 
KOBARID 0,61 0,98 2,07 1,94 1,45 1,93 1,90 2,14 2,66 2,83 1,83 2,78 3,47 2,47 2,08 

SV. ANDRAŽ V 
SLOVENSKIH 
GORICAH 2,22 1,43 2,02 2,18 2,27 2,20 2,05 1,68 2,01 2,19 2,52 2,31 1,78 1,37 2,02 
ŽELEZNIKI 0,15 0,09 0,29 0,13 0,21 0,51 1,18 2,93 2,89 2,95 3,09 3,00 4,54 4,26 1,87 
HODOŠ 0,00 0,00 0,00 0,00 0,00 0,00 1,01 2,42 2,25 3,09 2,32 3,85 5,12 5,48 1,82 
SVETA ANA 0,00 0,00 0,00 0,00 4,01 4,34 4,37 4,38 4,42 0,37 0,42 0,46 0,46 0,34 1,68 
BLOKE 0,26 0,43 0,36 1,12 0,74 1,10 2,55 2,76 2,53 2,53 2,46 1,77 1,53 1,51 1,55 
ŠENTRUPERT 0,32 0,73 0,00 1,02 2,00 0,00 0,00 0,00 0,00 0,00 0,00 0,00 0,00 15,58 1,40 
GORNJA 
RADGONA 2,08 0,00 0,00 0,00 6,69 0,78 0,75 0,63 0,98 1,29 0,90 1,11 1,18 0,76 1,23 
LENART 0,00 0,00 0,00 0,00 4,10 2,01 3,29 2,53 2,00 1,87 0,00 0,00 0,00 0,00 1,13 
GORNJI 
PETROVCI 0,00 0,00 0,00 6,35 6,66 0,07 0,00 0,00 0,00 0,00 0,01 0,00 0,00 0,00 0,94 
VIPAVA 1,26 1,48 1,79 0,64 0,42 1,20 0,52 0,51 0,80 0,77 0,05 1,20 0,83 0,30 0,84 
MUTA 0,84 0,67 0,60 0,59 0,71 0,77 0,48 0,49 0,49 0,54 0,83 0,48 0,65 0,58 0,62 
ŽIRI 0,00 0,00 0,00 0,45 0,27 0,20 0,62 0,55 0,51 0,53 0,76 0,79 0,75 1,83 0,52 
DOBJE 0,00 0,00 0,00 0,00 0,11 0,28 0,63 0,73 1,06 0,79 0,65 0,77 1,12 0,75 0,49 
OSILNICA 0,00 0,48 0,15 0,45 0,45 0,61 0,00 0,45 0,00 0,45 0,45 0,43 0,72 0,15 0,34 
RIBNICA 0,19 0,83 0,61 0,29 0,42 0,21 0,15 0,40 0,13 0,13 0,18 0,13 0,12 0,10 0,28 
SVETI JURIJ 0,17 0,27 0,18 0,00 0,09 0,79 0,42 0,56 0,37 0,32 0,32 0,14 0,23 0,11 0,28 
METLIKA 0,00 0,00 0,00 0,00 0,00 0,00 3,79 0,00 0,00 0,00 0,00 0,00 0,00 0,00 0,27 
GORJE 0,00 0,00 0,00 0,00 0,00 0,00 0,04 0,31 0,20 0,30 0,33 0,39 0,37 0,09 0,15 
RIBNICA NA 
POHORJU 0,34 0,40 0,33 0,45 0,54 0,03 0,00 0,00 0,00 0,00 0,00 0,00 0,00 0,00 0,15 
KANAL 0,10 0,11 0,10 0,10 0,13 0,10 0,09 0,13 0,10 0,14 0,19 0,08 0,19 0,19 0,13 
RADENCI 0,00 0,00 0,00 0,00 0,00 0,00 0,00 0,00 0,00 0,29 0,51 0,31 0,30 0,33 0,12 
PODČETRTEK 0,00 0,00 0,00 0,00 0,00 0,00 0,00 0,00 0,00 0,00 0,00 0,00 0,00 0,00 0,00 
VELIKE LAŠČE 0,00 0,00 0,00 0,00 0,00 0,00 0,00 0,00 0,00 0,00 0,00 0,00 0,00 0,00 0,00 
 
 
 
Tabela 15: Prihodek iz naslova Prihodki od zakupnin (urejeno padajoče glede na povprečje 2007-2020) v absolutnih zneskih (v EUR) 
OBČINA 2007 2008 2009 2010 2011 2012 2013 2014 2015 2016 2017 2018 2019 2020 x̄ 
Skupaj občine  788880,5 1118384 890775,6 2136491 1343421 1435837 1539158 1315691 1491947 1548230 1908151 1926396 1874718 1984662 1521624 
VIPAVA 1284 2768,14 5020 293099,2 331410,4 335336,5 250227,2 261880,8 296345,7 267012,4 466453,9 485534 478340,9 476686,4 282242,8 
PIRAN 199121,3 201955 170172,3 145969,3 186465 244752,9 314141,7 167923,6 222068,6 165074,9 185760,5 228193,6 204076,1 327343,7 211644,2 
ŽIROVNICA 67555,19 108104,5 184287,5 294082 229967,5 210112,8 183612,9 206573,7 172103,4 204235,1 236336,8 252191,4 259082,4 280802,6 206360,6 

IZOLA 66681,44 111868 88132 116333 90301 192187,8 199255,5 179511,4 211880,5 178896,5 188106,9 174243 199386,5 125637,7 151601,5 
LJUBLJANA 139779 114891,5 78858,82 115335,5 105051,4 67701,16 88844,56 96807,03 106259,6 147118,8 157529,2 133661,5 149167,4 91744,77 113767,9 
ŠENTILJ 1640,8 1361,24 2640,08 29223 25946,36 18003,33 66938,11 81158,32 112167,2 136254,9 332035 244664,4 228424,6 236895,2 108382,3 
KOPER 26330 193544,5 19930,02 751306,1 16562,18 23535,53 20362,58 33923,46 13914,03 15362,75 16695,37 20833 1322,73 24828,77 84175,07 
TRZIN 26416 73057,65 65291,53 120318,5 54530,3 67499,96 77559,98 68841,99 80968,28 102298,4 87141,43 93486,33 90565,54 100704,5 79191,46 
DOMŽALE 65436 74844,23 57780,44 51586,35 40789 37906,85 38319,18 5538,68 23477,97 5451,51 2905,31 8873,13 9303,81 78506,96 35765,67 
BOVEC 2456 1388,44 2036 1971,52 910,62 19348,42 28770,43 19589,94 54538,96 81608,77 16114,39 11672,88 12041,8 9825,03 18733,8 
VELENJE 10937,05 9592,41 17131,21 14630,36 10700,97 52804,27 92260,52 4683,99 4293,44 4879,14 4415,06 4184,49 3984,56 3463,07 16997,18 
MURSKA 
SOBOTA 20029,62 16140,17 16192,1 17393,27 16234,56 18178,34 18497,86 0 17616,52 19505,62 19179,34 19666,16 19931,78 997,43 15683,06 
ŠKOFJA LOKA 8340,95 24370,22 16481,93 23394,39 12642,04 10653,71 10914,7 12115,46 13530,01 13684,05 18002,23 13723,11 16291,9 8397,87 14467,33 
PTUJ 5087,59 7099,51 13034,76 12775,23 14220,79 13859,9 19157,66 20647,87 16713,63 17499,11 14935,1 16408,48 15968,48 9644,9 14075,22 
ČRNOMELJ 13526,81 9535,62 6399,45 6188,47 4952,55 4006,18 13139,82 6731,01 6799,6 9088,42 5801,96 44748,03 19063,1 13370,02 11667,93 
KRANJ 16558,19 24809,15 11924,82 4188,92 3980,89 4767,4 4387,9 3393,5 3652,5 11718,1 11934,4 11680,9 10638,6 19560,63 10228,28 
RIBNICA 0 16995 9165,88 9463,47 9645,01 9930,91 10415,82 10515,48 9145,35 9271,77 9256,49 9368,17 9462,64 9576,46 9443,746 
KRŠKO 0 10002,23 12281,16 6631,81 12281,16 11819,34 1108,55 11854,34 11936,83 9288,29 9272,39 9180,79 9179,27 7894,84 8766,5 
RADLJE OB 
DRAVI 689,51 849,75 2985,89 8732,65 4268,92 1158,71 1179,61 13465,01 9239,77 12056,61 16997 12053,18 5087,04 10572,32 7095,426 
MEDVODE 1809 1182,7 1472,64 1768,28 1649,96 2167,58 2302,68 2280,38 5124,73 8669,17 14774,48 13593,71 13701,69 16427,38 6208,884 
RADOVLJICA 17894,66 6812,56 9821,11 10254,74 7412,36 4907,89 5293,73 3879,7 2823,78 3476,69 1981 5970,55 1143 0 5833,698 
LENDAVA 8778 7954,53 8540 8820 6640 6280 6840 5590 2388,85 5656,07 1768,74 6812,87 2400 2000 5747,79 
DRAVOGRAD 6076,13 9118 0 1240 60576,2 0 0 0 0 0 0 0 0 0 5500,738 
IDRIJA 929 1449,54 3799,69 3569,48 5066,57 5449,77 4728,96 4239,93 7202,83 7094,65 9254,76 9138,53 8195,82 6716,55 5488,291 
KOSTEL 0 4243,63 909,57 8677 6446 6290,72 5894,73 6278,47 6199,95 5297,35 1548,3 11222,9 4676,31 1676,95 4954,42 
MORAVSKE 
TOPLICE 1861,84 1976,67 656,08 2347,05 7302,58 2244,56 4457,86 8332,31 5928,93 6227,41 7835,51 3663,8 6110,3 5874,08 4629,927 
LUKOVICA 784,02 3010,89 1526,31 13084,23 7374,73 11685,24 2054,33 121,73 41,73 1841,73 3341,73 41,73 17829,6 41,73 4484,266 
SEVNICA 714,98 965,73 1128,58 816,64 629,43 644,93 2363,23 1889,88 3784,74 20775,33 4730,38 7744,89 5461,9 9730,21 4384,346 
KOMEN 0 6,56 76 150 3326 100 6687,41 7154,13 4464,75 5875,77 5737,19 6572,92 2413,37 12154,72 3908,487 
KRANJSKA 
GORA 0 0 0 500 4938,66 4156,39 6972,31 4371,06 7097,42 4869,29 5769,84 4974,64 6946,2 3486,08 3862,992 
ŠMARJEŠKE 
TOPLICE 4724 8070 26224 11552 3015,31 70,4 9,07 0 0 0 0 0 0 0 3833,199 
POSTOJNA 2674,86 2930,5 1360 1978,23 13381,97 4913,63 308,7 50 7496 381,83 1836,83 8605 1038,83 5688,35 3760,338 
POLJČANE 0 1235 5710 8452,5 3597,5 4740,01 1040 1750 2305 3070 3023,45 3916,54 5150 4980 3497,857 
BREŽICE 817 582,57 584,16 5235,91 4187,1 2606,92 3962,65 2477,82 2496,29 2363,51 2314,86 5622,16 4923,51 7237,02 3243,677 
CERKLJE NA 
GORENJSKEM 2080 1893 2642 2214 2192 3560 3630 3626,75 3427,21 3614,06 3644,63 3628,81 3525,58 3732,1 3100,724 

LJUTOMER 12789 10567,54 11448,15 3522,52 0 0 0 0 0 0 0 0 0 0 2737,658 
KOSTANJEVICA 
NA KRKI 0 100 0 0 0 4932,49 4530,89 2958,89 5008,89 4215,25 4295,25 4450,25 4817,2 0 2522,079 
ORMOŽ 0 0 0 0 0 1487,61 3342,18 3861,14 3600,52 5261,15 4376,61 4115,2 4417,02 333,87 2199,664 
RIBNICA NA 
POHORJU 5617,79 5965,15 6011,36 5993,57 6394,5 89,13 42,75 30,81 0 0 0 0 0 0 2153,219 
CELJE 179 7937 4671 2284 0 0 0 3600 7615,2 600 600 600 600 600 2091,871 
KOMENDA 0 0 2561,92 2561,92 2561,92 0 0 5123,84 2561,92 2651,77 2691,58 2691,58 5505,16 131,97 2074,541 
HRASTNIK 0 0 0 122,24 1494,81 1253,71 1449,87 1583,27 1045,87 8887,73 1130,27 1170,54 1185,75 9033,56 2025,544 
ŽUŽEMBERK 2202 2833 3118,46 2582,16 2716,01 3063,31 2457,7 3832,52 1470,62 417,31 513,66 687,71 858 237,5 1927,854 
ČRENŠOVCI 0 0 0 0 880,57 642,96 0 0 0 5132,79 5023,96 5053,83 3782,71 6359,73 1919,754 
MENGEŠ 1714,32 2822,66 2219,72 1891,42 2248,67 1200 1200 1464 1464 1464 1464 1464 1464 1464 1681,771 
ŽALEC 886,73 833,9 749,06 1137,63 1471,24 1503,03 1341,17 2010,06 2148,21 2042,8 1947,44 2446,82 2413,08 2292,4 1658,826 
LOGATEC 0 0 0 0 0 0 8013,84 0 0 12006,26 0 0 0 0 1430,007 
LOVRENC NA 
POHORJU 399,17 421,52 290,51 367,45 986,44 2131,31 1444,7 2267,47 2506,45 2301,51 2249,78 2053,77 1693 726,54 1417,116 
SEŽANA 0 0 76,03 465,2 465,2 465,2 1805,54 1885,2 1287,2 1291,2 2556,94 3233,88 3267,71 2957,95 1411,232 
BRDA 0 16704 0 0 735,18 2000 0 0 0 0 0 0 0 0 1388,513 
ŠKOCJAN 16057 1139,86 0 0 0 0 0 0 0 0 0 0 0 0 1228,347 
NAKLO 1094,7 1032,88 1286,08 1539,06 989,18 1298,72 1490,5 867,6 1629,08 122 2206,46 500,11 1616,03 650,46 1165,919 
VUZENICA 0 32 0 0 0 0 0 12923,48 329,91 0 0 0 0 0 948,9564 
GORNJI 
PETROVCI 4,8 4,4 1217,89 3054,13 2858,51 2011,47 1537,28 279,16 2,2 0 0 663,76 896,83 54,78 898,9436 
IVANČNA 
GORICA 660 4358,17 2743,06 148,25 0 450,01 1403,35 0 0 0 0 0 1648,51 1071,39 891,6243 
TREBNJE 2971,61 682,77 1801,5 595,4 121 0 85,11 254,17 1956,36 3413,98 0 0 0 0 848,7071 
GORENJA VAS-
POLJANE 654 1630,43 867,73 923,22 331,26 788,41 633,05 798,6 371,79 247,86 1066,37 666,66 1237,52 1360,63 826,9664 
VODICE 9864,8 0 0 96 196 132,7 83,33 288 62,35 0 270,5 208,15 208,15 109,44 822,8157 
VOJNIK 0 0 0 0 0 518 0 1500 1551 1620 1570 0 1570 1570 707,0714 
SEMIČ 0 0 0 0 0 1028,9 1095,16 76,5 1110,24 1110,79 1145,25 1101,41 1329,21 1424,61 673,005 
MEŽICA 525 879,84 1113,09 2724 670,37 275,6 848,87 212 336,37 603,47 500,3 254,4 212 212 669,0936 
DOBRNA 0 0 0 0 438,19 1097,41 853,68 713,31 1358,16 952,4 1202,54 869,43 869,43 846,96 657,2507 
MISLINJA 54 54 0 52 51 1101,79 1043,82 1065,25 1120,86 45,28 1085,51 1085,21 1037,38 1258,06 646,7257 
KOBILJE 0 0 0 0 1982,01 2209,34 2263,53 2239,03 193,21 0 0 0 0 0 634,7943 
KANAL 4467 89,85 91,3 0 33,6 0 206 111 207,65 206,61 364,14 505,85 722,94 735,93 552,9907 
SVETA ANA 592 215,85 1045,51 208,72 219,15 230,1 2536,28 249,98 274,72 288,47 258,46 0 886,77 611,2 544,0864 
RUŠE 0 0 0 0 0 0 0 0 0 0 0 0 0 7050 503,5714 

NOVA GORICA 0 0 0 0 0 0 0 3745 535 0 0 0 0 2675 496,7857 
ODRANCI 0 0 0 0 0 0 0 0 0 0 0 0 0 6926,22 494,73 
TRBOVLJE 2672,16 1464,98 1055,45 1214,53 197,66 0 50,33 0 0 0 0 0 0 0 475,365 
PESNICA 0 0 0 0 0 0 0 0 0 0 0 0 2000 4600 471,4286 
ŠENTJUR 0 0 924,48 504,26 504,26 504,26 504,26 504,26 504,26 504,64 504,64 504,64 504,64 504,64 462,3743 
ZREČE 0 0 0 0 0 0 0 0 1750,27 0 1166,87 2333,74 0 1166,87 458,4107 
SLOVENSKE 
KONJICE 0 0 0 0 0 0 0 0 0 0 0 0 0 5976,69 426,9064 
ILIRSKA 
BISTRICA 0 0 0 0 0 147,98 356,2 646,93 667,28 713,35 450,63 972,57 767,76 638,31 382,9293 
PREVALJE 2366 744,75 492,57 410,44 422,16 422,16 376,92 29,96 0 0 0 0 0 0 376,0686 
ŽELEZNIKI 0 0 0 0 0 0 0 900 225 450 1163,25 773,99 939,83 695,58 367,6893 
PODVELKA 0 0 0 0 5000 0 0 0 0 0 0 0 0 0 357,1429 
ŠTORE 0 0 0 0 104,98 538,34 1116,66 57,38 237,02 307,38 204,92 57,38 57,38 409,84 220,8057 
KAMNIK 378,19 2155,2 0 0 0 0 0 0 0 0 0 0 0 0 180,9564 
TRNOVSKA VAS 0 0 84 0 180 260 0 100 0 98,36 77,87 127,05 1344,26 49,18 165,7657 
ŠKOFLJICA 0 0 242,28 270,1 154,97 167,34 279,61 264,63 200,94 212,81 206,42 95,27 0 199,27 163,8314 
DOL PRI 
LJUBLJANI 0 400 0 0 0 0 100,2 139,8 0 0 0 0 0 1500 152,8571 
LOŠKA DOLINA 0 0 0 0 0 116,69 140 213,33 240 240 250 285 306,67 260 146,5493 
ŠENČUR 0 0 0 0 0 0 0 0 410 320 347,05 160,93 253,99 367,96 132,8521 
KUNGOTA 580,72 475,23 528,1 158,43 0 0 0 0 0 0 0 0 0 0 124,4629 
MUTA 224 0 74,82 0 0 0 0 80,27 321,34 0 332,01 391,86 143,06 104,02 119,3843 
MORAVČE 0 0 1554 0 0 0 0 0 0 0 0 0 0 0 111 
ČRNA NA 
KOROŠKEM 0 0 0 0 0 0 0 170 0 873,23 0 0 30,48 30,48 78,87071 
BENEDIKT 175 169,17 151,33 151,33 151,33 151,33 151,33 0 0 0 0 0 0 0 78,63 
DOBROVNIK 284,59 57,64 71,2 133,21 154,4 152,38 195,58 0 0 0 0 0 0 0 74,92857 
SLOVENSKA 
BISTRICA 0 0 0 0 0 0 0 1000 0 0 0 0 0 0 71,42857 
ROGAŠOVCI 0 0 0 0 0 0 0 0 0 0 231,17 157 316,8 244,09 67,79 
LOŠKI POTOK 0 0 0 0 0 0 136,49 63,23 136,49 36,63 63,23 463,23 0 0 64,23571 
DIVAČA 0 0 0 0 0 0 0 0 0 0 0 249,02 330,42 299,33 62,76929 
VRHNIKA 0 0 0 72,94 72,94 72,94 72,94 72,94 72,94 72,94 72,94 0 72,94 145,88 57,31 
SV. JURIJ V 
SLOVENSKIH 
GORICAH 0 0 0 0 0 0 0 0 0 0 126,35 126,35 126,35 132,86 36,565 
ŽIRI 0 0 0 0 0 0 0 0 0 0 0 0 347,14 131,6 34,19571 

ŠENTJERNEJ 0 0 0 0 0 0 0 0 0 0 0 0 102,51 222,51 23,21571 
ZAGORJE OB 
SAVI 0 0 0 0 0 0 278,47 0 0 0 0 0 0 0 19,89071 
JURŠINCI 41,65 0 89 24 30 10 50 0 0 0 0 0 0 0 17,475 
GROSUPLJE 0 0 0 0 0 0 0 170 0 0 0 0 0 0 12,14286 
RAVNE NA 
KOROŠKEM 167 0 0 0 0 0 0 0 0 0 0 0 0 0 11,92857 
POLZELA 0 0 0 0 0 0 0 140 0 0 0 0 0 0 10 
VELIKE LAŠČE 114,63 0 0 0 0 0 0 0 0 0 0 0 0 0 8,187857 
SODRAŽICA 0 0 0 0 0 0 0 0 0 0 0 0 0 90,17 6,440714 
JESENICE 66,06 2,62 0 0 0 0 0 0 0 0 0 0 0 0 4,905714 
MOKRONOG-
TREBELNO 43,63 0 0 0 0 0 0 0 0 0 0 0 0 0 3,116429 
CERKVENJAK 21 0 0 0 0 0 0 0 0 0 0 0 0 0 1,5 
PIVKA 0 0 0 0 6,47 0 0 0 0 0 0 0 0 0 0,462143 
AJDOVŠČINA 0 0 0 0 0 0 0 0 0 0 0 0 0 0 0 
ANKARAN         0 0 0 0 0 0 0 
APAČE 0 0 0 0 0 0 0 0 0 0 0 0 0 0 0 
BELTINCI 0 0 0 0 0 0 0 0 0 0 0 0 0 0 0 
BISTRICA OB 
SOTLI 0 0 0 0 0 0 0 0 0 0 0 0 0 0 0 
BLED 0 0 0 0 0 0 0 0 0 0 0 0 0 0 0 
BLOKE 0 0 0 0 0 0 0 0 0 0 0 0 0 0 0 
BOHINJ 0 0 0 0 0 0 0 0 0 0 0 0 0 0 0 
BOROVNICA 0 0 0 0 0 0 0 0 0 0 0 0 0 0 0 
BRASLOVČE 0 0 0 0 0 0 0 0 0 0 0 0 0 0 0 
BREZOVICA 0 0 0 0 0 0 0 0 0 0 0 0 0 0 0 
CANKOVA 0 0 0 0 0 0 0 0 0 0 0 0 0 0 0 
CERKNICA 0 0 0 0 0 0 0 0 0 0 0 0 0 0 0 
CERKNO 0 0 0 0 0 0 0 0 0 0 0 0 0 0 0 
CIRKULANE 0 0 0 0 0 0 0 0 0 0 0 0 0 0 0 
DESTRNIK 0 0 0 0 0 0 0 0 0 0 0 0 0 0 0 
DOBJE 0 0 0 0 0 0 0 0 0 0 0 0 0 0 0 
DOBREPOLJE 0 0 0 0 0 0 0 0 0 0 0 0 0 0 0 
DOBROVA-
POLHOV 
GRADEC 0 0 0 0 0 0 0 0 0 0 0 0 0 0 0 

DOLENJSKE 
TOPLICE 0 0 0 0 0 0 0 0 0 0 0 0 0 0 0 
DORNAVA 0 0 0 0 0 0 0 0 0 0 0 0 0 0 0 
DUPLEK 0 0 0 0 0 0 0 0 0 0 0 0 0 0 0 
GORIŠNICA 0 0 0 0 0 0 0 0 0 0 0 0 0 0 0 
GORJE 0 0 0 0 0 0 0 0 0 0 0 0 0 0 0 
GORNJA 
RADGONA 0 0 0 0 0 0 0 0 0 0 0 0 0 0 0 
GORNJI GRAD 0 0 0 0 0 0 0 0 0 0 0 0 0 0 0 
GRAD 0 0 0 0 0 0 0 0 0 0 0 0 0 0 0 
HAJDINA 0 0 0 0 0 0 0 0 0 0 0 0 0 0 0 
HOČE-SLIVNICA 0 0 0 0 0 0 0 0 0 0 0 0 0 0 0 
HODOŠ 0 0 0 0 0 0 0 0 0 0 0 0 0 0 0 
HORJUL 0 0 0 0 0 0 0 0 0 0 0 0 0 0 0 
HRPELJE-
KOZINA 0 0 0 0 0 0 0 0 0 0 0 0 0 0 0 
IG 0 0 0 0 0 0 0 0 0 0 0 0 0 0 0 
JEZERSKO 0 0 0 0 0 0 0 0 0 0 0 0 0 0 0 
KIDRIČEVO 0 0 0 0 0 0 0 0 0 0 0 0 0 0 0 
KOBARID 0 0 0 0 0 0 0 0 0 0 0 0 0 0 0 
KOČEVJE 0 0 0 0 0 0 0 0 0 0 0 0 0 0 0 
KOZJE 0 0 0 0 0 0 0 0 0 0 0 0 0 0 0 
KRIŽEVCI 0 0 0 0 0 0 0 0 0 0 0 0 0 0 0 
KUZMA 0 0 0 0 0 0 0 0 0 0 0 0 0 0 0 
LAŠKO 0 0 0 0 0 0 0 0 0 0 0 0 0 0 0 
LENART 0 0 0 0 0 0 0 0 0 0 0 0 0 0 0 
LITIJA 0 0 0 0 0 0 0 0 0 0 0 0 0 0 0 
LJUBNO 0 0 0 0 0 0 0 0 0 0 0 0 0 0 0 
LOG-
DRAGOMER 0 0 0 0 0 0 0 0 0 0 0 0 0 0 0 
LUČE 0 0 0 0 0 0 0 0 0 0 0 0 0 0 0 
MAJŠPERK 0 0 0 0 0 0 0 0 0 0 0 0 0 0 0 
MAKOLE 0 0 0 0 0 0 0 0 0 0 0 0 0 0 0 
MARIBOR 0 0 0 0 0 0 0 0 0 0 0 0 0 0 0 
MARKOVCI 0 0 0 0 0 0 0 0 0 0 0 0 0 0 0 
METLIKA 0 0 0 0 0 0 0 0 0 0 0 0 0 0 0 

MIKLAVŽ NA 
DRAVSKEM 
POLJU 0 0 0 0 0 0 0 0 0 0 0 0 0 0 0 
MIREN-
KOSTANJEVICA 0 0 0 0 0 0 0 0 0 0 0 0 0 0 0 
MIRNA     0 0 0 0 0 0 0 0 0 0 0 
MIRNA PEČ 0 0 0 0 0 0 0 0 0 0 0 0 0 0 0 
MOZIRJE 0 0 0 0 0 0 0 0 0 0 0 0 0 0 0 
NAZARJE 0 0 0 0 0 0 0 0 0 0 0 0 0 0 0 
NOVO MESTO 0 0 0 0 0 0 0 0 0 0 0 0 0 0 0 
OPLOTNICA 0 0 0 0 0 0 0 0 0 0 0 0 0 0 0 
OSILNICA 0 0 0 0 0 0 0 0 0 0 0 0 0 0 0 
PODČETRTEK 0 0 0 0 0 0 0 0 0 0 0 0 0 0 0 
PODLEHNIK 0 0 0 0 0 0 0 0 0 0 0 0 0 0 0 
PREBOLD 0 0 0 0 0 0 0 0 0 0 0 0 0 0 0 
PREDDVOR 0 0 0 0 0 0 0 0 0 0 0 0 0 0 0 
PUCONCI 0 0 0 0 0 0 0 0 0 0 0 0 0 0 0 
RAČE-FRAM 0 0 0 0 0 0 0 0 0 0 0 0 0 0 0 
RADEČE 0 0 0 0 0 0 0 0 0 0 0 0 0 0 0 
RADENCI 0 0 0 0 0 0 0 0 0 0 0 0 0 0 0 
RAZKRIŽJE 0 0 0 0 0 0 0 0 0 0 0 0 0 0 0 
REČICA OB 
SAVINJI 0 0 0 0 0 0 0 0 0 0 0 0 0 0 0 
RENČE-
VOGRSKO 0 0 0 0 0 0 0 0 0 0 0 0 0 0 0 
ROGAŠKA 
SLATINA 0 0 0 0 0 0 0 0 0 0 0 0 0 0 0 
ROGATEC 0 0 0 0 0 0 0 0 0 0 0 0 0 0 0 
SELNICA OB 
DRAVI 0 0 0 0 0 0 0 0 0 0 0 0 0 0 0 
SLOVENJ 
GRADEC 0 0 0 0 0 0 0 0 0 0 0 0 0 0 0 
SOLČAVA 0 0 0 0 0 0 0 0 0 0 0 0 0 0 0 
SREDIŠČE OB 
DRAVI 0 0 0 0 0 0 0 0 0 0 0 0 0 0 0 
STARŠE 0 0 0 0 0 0 0 0 0 0 0 0 0 0 0 
STRAŽA 0 0 0 0 0 0 0 0 0 0 0 0 0 0 0 
SV. TROJICA V 
SLOVENSKIH 
GORICAH 0 0 0 0 0 0 0 0 0 0 0 0 0 0 0 

SV. ANDRAŽ V 
SLOVENSKIH 
GORICAH 0 0 0 0 0 0 0 0 0 0 0 0 0 0 0 
SVETI JURIJ 0 0 0 0 0 0 0 0 0 0 0 0 0 0 0 
SVETI TOMAŽ 0 0 0 0 0 0 0 0 0 0 0 0 0 0 0 
ŠALOVCI 0 0 0 0 0 0 0 0 0 0 0 0 0 0 0 
ŠEMPETER-
VRTOJBA 0 0 0 0 0 0 0 0 0 0 0 0 0 0 0 
ŠENTRUPERT 0 0 0 0 0 0 0 0 0 0 0 0 0 0 0 
ŠMARJE PRI 
JELŠAH 0 0 0 0 0 0 0 0 0 0 0 0 0 0 0 
ŠMARTNO OB 
PAKI 0 0 0 0 0 0 0 0 0 0 0 0 0 0 0 
ŠMARTNO PRI 
LITIJI 0 0 0 0 0 0 0 0 0 0 0 0 0 0 0 
ŠOŠTANJ 0 0 0 0 0 0 0 0 0 0 0 0 0 0 0 
TABOR 0 0 0 0 0 0 0 0 0 0 0 0 0 0 0 
TIŠINA 0 0 0 0 0 0 0 0 0 0 0 0 0 0 0 
TOLMIN 0 0 0 0 0 0 0 0 0 0 0 0 0 0 0 
TRŽIČ 0 0 0 0 0 0 0 0 0 0 0 0 0 0 0 
TURNIŠČE 0 0 0 0 0 0 0 0 0 0 0 0 0 0 0 
VELIKA POLANA 0 0 0 0 0 0 0 0 0 0 0 0 0 0 0 
VERŽEJ 0 0 0 0 0 0 0 0 0 0 0 0 0 0 0 
VIDEM 0 0 0 0 0 0 0 0 0 0 0 0 0 0 0 
VITANJE 0 0 0 0 0 0 0 0 0 0 0 0 0 0 0 
VRANSKO 0 0 0 0 0 0 0 0 0 0 0 0 0 0 0 
ZAVRČ 0 0 0 0 0 0 0 0 0 0 0 0 0 0 0 
ŽETALE 0 0 0 0 0 0 0 0 0 0 0 0 0 0 0 
 
 
Tabela 16: Prihodek iz naslova Prihodki od zakupnin (urejeno padajoče glede na povprečje 2007-2020) na prebivalca (v EUR) 
OBČINA 2007 2008 2009 2010 2011 2012 2013 2014 2015 2016 2017 2018 2019 2020 x̄ 
VIPAVA 0,23 0,49 0,89 52,14 58,96 59,66 44,52 46,59 52,72 47,50 82,98 86,38 85,10 84,80 50,21 
ŽIROVNICA 14,88 23,81 40,59 64,78 50,65 46,28 40,44 45,50 37,91 44,99 52,06 55,55 57,07 61,85 45,45 
TRZIN 6,92 19,14 17,10 31,51 14,28 17,68 20,31 18,03 21,21 26,79 22,82 24,49 23,72 26,38 20,74 
ŠENTILJ 0,20 0,16 0,32 3,49 3,10 2,15 7,99 9,69 13,39 16,27 39,65 29,21 27,27 28,29 12,94 
PIRAN 11,53 11,70 9,85 8,45 10,80 14,17 18,19 9,72 12,86 9,56 10,76 13,21 11,82 18,96 12,26 
IZOLA 4,20 7,04 5,55 7,32 5,68 12,10 12,54 11,30 13,34 11,26 11,84 10,97 12,55 7,91 9,54 

KOSTEL 0,00 6,46 1,38 13,21 9,81 9,57 8,97 9,56 9,44 8,06 2,36 17,08 7,12 2,55 7,54 
BOVEC 0,78 0,44 0,65 0,63 0,29 6,13 9,12 6,21 17,29 25,87 5,11 3,70 3,82 3,12 5,94 
RIBNICA NA 
POHORJU 4,77 5,06 5,10 5,09 5,43 0,08 0,04 0,03 0,00 0,00 0,00 0,00 0,00 0,00 1,83 
KOPER 0,52 3,84 0,40 14,89 0,33 0,47 0,40 0,67 0,28 0,30 0,33 0,41 0,03 0,49 1,67 
RADLJE OB 
DRAVI 0,11 0,14 0,49 1,42 0,70 0,19 0,19 2,20 1,51 1,97 2,77 1,97 0,83 1,72 1,16 
ŠMARJEŠKE 
TOPLICE 1,41 2,40 7,81 3,44 0,90 0,02 0,00 0,00 0,00 0,00 0,00 0,00 0,00 0,00 1,14 
KOBILJE 0,00 0,00 0,00 0,00 3,52 3,92 4,02 3,98 0,34 0,00 0,00 0,00 0,00 0,00 1,13 
KOMEN 0,00 0,00 0,02 0,04 0,92 0,03 1,86 1,99 1,24 1,63 1,60 1,83 0,67 3,38 1,09 
KOSTANJEVICA 
NA KRKI 0,00 0,04 0,00 0,00 0,00 1,95 1,79 1,17 1,98 1,67 1,70 1,76 1,90 0,00 1,00 
RIBNICA 0,00 1,81 0,97 1,01 1,02 1,05 1,11 1,12 0,97 0,98 0,98 1,00 1,01 1,02 1,00 
DOMŽALE 1,82 2,08 1,61 1,43 1,13 1,05 1,06 0,15 0,65 0,15 0,08 0,25 0,26 2,18 0,99 
MURSKA 
SOBOTA 1,05 0,85 0,85 0,91 0,85 0,95 0,97 0,00 0,92 1,02 1,01 1,03 1,05 0,05 0,82 
ČRNOMELJ 0,94 0,66 0,45 0,43 0,35 0,28 0,92 0,47 0,47 0,63 0,40 3,12 1,33 0,93 0,81 
POLJČANE 0,00 0,29 1,33 1,96 0,83 1,10 0,24 0,41 0,53 0,71 0,70 0,91 1,20 1,16 0,81 
LUKOVICA 0,13 0,51 0,26 2,24 1,26 2,00 0,35 0,02 0,01 0,31 0,57 0,01 3,05 0,01 0,77 
MORAVSKE 
TOPLICE 0,31 0,33 0,11 0,39 1,21 0,37 0,74 1,38 0,98 1,03 1,30 0,61 1,01 0,97 0,77 
KRANJSKA 
GORA 0,00 0,00 0,00 0,10 0,95 0,80 1,34 0,84 1,36 0,94 1,11 0,96 1,33 0,67 0,74 
Skupaj občine  0,38 0,54 0,43 1,04 0,65 0,70 0,75 0,64 0,73 0,75 0,93 0,94 0,91 0,97 0,74 
DRAVOGRAD 0,70 1,04 0,00 0,14 6,94 0,00 0,00 0,00 0,00 0,00 0,00 0,00 0,00 0,00 0,63 
ŠKOFJA LOKA 0,36 1,06 0,72 1,02 0,55 0,46 0,47 0,53 0,59 0,59 0,78 0,60 0,71 0,36 0,63 
PTUJ 0,22 0,31 0,57 0,56 0,62 0,61 0,84 0,90 0,73 0,77 0,65 0,72 0,70 0,42 0,62 
LENDAVA 0,84 0,76 0,82 0,84 0,63 0,60 0,65 0,53 0,23 0,54 0,17 0,65 0,23 0,19 0,55 
VELENJE 0,33 0,29 0,52 0,44 0,33 1,60 2,80 0,14 0,13 0,15 0,13 0,13 0,12 0,11 0,52 
ČRENŠOVCI 0,00 0,00 0,00 0,00 0,22 0,16 0,00 0,00 0,00 1,26 1,24 1,24 0,93 1,57 0,47 
IDRIJA 0,08 0,12 0,33 0,31 0,44 0,47 0,41 0,36 0,62 0,61 0,79 0,78 0,70 0,58 0,47 
LOVRENC NA 
POHORJU 0,13 0,14 0,09 0,12 0,32 0,69 0,47 0,74 0,82 0,75 0,73 0,67 0,55 0,24 0,46 
GORNJI 
PETROVCI 0,00 0,00 0,60 1,50 1,41 0,99 0,76 0,14 0,00 0,00 0,00 0,33 0,44 0,03 0,44 
LJUBLJANA 0,51 0,42 0,29 0,42 0,38 0,25 0,33 0,35 0,39 0,54 0,58 0,49 0,55 0,34 0,42 
CERKLJE NA 
GORENJSKEM 0,27 0,25 0,35 0,29 0,29 0,47 0,48 0,48 0,45 0,48 0,48 0,48 0,46 0,49 0,41 
ŽUŽEMBERK 0,46 0,59 0,65 0,54 0,57 0,64 0,52 0,80 0,31 0,09 0,11 0,14 0,18 0,05 0,40 

MEDVODE 0,11 0,07 0,09 0,11 0,10 0,13 0,14 0,14 0,31 0,53 0,90 0,83 0,84 1,00 0,38 
ŠKOCJAN 4,75 0,34 0,00 0,00 0,00 0,00 0,00 0,00 0,00 0,00 0,00 0,00 0,00 0,00 0,36 
VUZENICA 0,00 0,01 0,00 0,00 0,00 0,00 0,00 4,75 0,12 0,00 0,00 0,00 0,00 0,00 0,35 
KOMENDA 0,00 0,00 0,41 0,41 0,41 0,00 0,00 0,81 0,41 0,42 0,43 0,43 0,87 0,02 0,33 
KRŠKO 0,00 0,38 0,47 0,25 0,47 0,45 0,04 0,45 0,45 0,35 0,35 0,35 0,35 0,30 0,33 
RADOVLJICA 0,95 0,36 0,52 0,54 0,39 0,26 0,28 0,21 0,15 0,18 0,11 0,32 0,06 0,00 0,31 
DOBRNA 0,00 0,00 0,00 0,00 0,20 0,50 0,39 0,32 0,62 0,43 0,55 0,40 0,40 0,38 0,30 
ODRANCI 0,00 0,00 0,00 0,00 0,00 0,00 0,00 0,00 0,00 0,00 0,00 0,00 0,00 4,15 0,30 
SEVNICA 0,04 0,06 0,06 0,05 0,04 0,04 0,14 0,11 0,22 1,19 0,27 0,44 0,31 0,56 0,25 
BRDA 0,00 2,93 0,00 0,00 0,13 0,35 0,00 0,00 0,00 0,00 0,00 0,00 0,00 0,00 0,24 
LJUTOMER 1,12 0,93 1,00 0,31 0,00 0,00 0,00 0,00 0,00 0,00 0,00 0,00 0,00 0,00 0,24 
SVETA ANA 0,26 0,09 0,46 0,09 0,10 0,10 1,11 0,11 0,12 0,13 0,11 0,00 0,39 0,27 0,24 
POSTOJNA 0,17 0,18 0,08 0,12 0,83 0,31 0,02 0,00 0,47 0,02 0,11 0,54 0,06 0,35 0,23 
HRASTNIK 0,00 0,00 0,00 0,01 0,16 0,14 0,16 0,17 0,11 0,96 0,12 0,13 0,13 0,98 0,22 
MENGEŠ 0,22 0,36 0,28 0,24 0,29 0,15 0,15 0,19 0,19 0,19 0,19 0,19 0,19 0,19 0,22 
NAKLO 0,20 0,19 0,24 0,29 0,18 0,24 0,28 0,16 0,30 0,02 0,41 0,09 0,30 0,12 0,22 
MEŽICA 0,15 0,25 0,31 0,76 0,19 0,08 0,24 0,06 0,09 0,17 0,14 0,07 0,06 0,06 0,19 
KRANJ 0,30 0,45 0,21 0,08 0,07 0,09 0,08 0,06 0,07 0,21 0,21 0,21 0,19 0,35 0,18 
ORMOŽ 0,00 0,00 0,00 0,00 0,00 0,12 0,27 0,32 0,29 0,43 0,36 0,34 0,36 0,03 0,18 
SEMIČ 0,00 0,00 0,00 0,00 0,00 0,26 0,28 0,02 0,28 0,28 0,29 0,28 0,34 0,36 0,17 
VODICE 2,01 0,00 0,00 0,02 0,04 0,03 0,02 0,06 0,01 0,00 0,06 0,04 0,04 0,02 0,17 
PODVELKA 0,00 0,00 0,00 0,00 2,07 0,00 0,00 0,00 0,00 0,00 0,00 0,00 0,00 0,00 0,15 
MISLINJA 0,01 0,01 0,00 0,01 0,01 0,23 0,22 0,23 0,24 0,01 0,23 0,23 0,22 0,27 0,14 
BREŽICE 0,03 0,02 0,02 0,22 0,17 0,11 0,16 0,10 0,10 0,10 0,10 0,23 0,20 0,30 0,13 
TRNOVSKA VAS 0,00 0,00 0,06 0,00 0,13 0,19 0,00 0,07 0,00 0,07 0,06 0,09 0,98 0,04 0,12 
GORENJA VAS-
POLJANE 0,08 0,21 0,11 0,12 0,04 0,10 0,08 0,10 0,05 0,03 0,14 0,09 0,16 0,18 0,11 
SEŽANA 0,00 0,00 0,01 0,04 0,04 0,04 0,14 0,15 0,10 0,10 0,20 0,26 0,26 0,23 0,11 
KANAL 0,82 0,02 0,02 0,00 0,01 0,00 0,04 0,02 0,04 0,04 0,07 0,09 0,13 0,13 0,10 
LOGATEC 0,00 0,00 0,00 0,00 0,00 0,00 0,57 0,00 0,00 0,86 0,00 0,00 0,00 0,00 0,10 
VOJNIK 0,00 0,00 0,00 0,00 0,00 0,06 0,00 0,17 0,17 0,18 0,17 0,00 0,17 0,17 0,08 
ŽALEC 0,04 0,04 0,03 0,05 0,07 0,07 0,06 0,09 0,10 0,09 0,09 0,11 0,11 0,11 0,08 
RUŠE 0,00 0,00 0,00 0,00 0,00 0,00 0,00 0,00 0,00 0,00 0,00 0,00 0,00 0,97 0,07 
TREBNJE 0,24 0,05 0,14 0,05 0,01 0,00 0,01 0,02 0,16 0,27 0,00 0,00 0,00 0,00 0,07 
ZREČE 0,00 0,00 0,00 0,00 0,00 0,00 0,00 0,00 0,27 0,00 0,18 0,36 0,00 0,18 0,07 

DOBROVNIK 0,21 0,04 0,05 0,10 0,12 0,11 0,15 0,00 0,00 0,00 0,00 0,00 0,00 0,00 0,06 
PESNICA 0,00 0,00 0,00 0,00 0,00 0,00 0,00 0,00 0,00 0,00 0,00 0,00 0,27 0,63 0,06 
PREVALJE 0,35 0,11 0,07 0,06 0,06 0,06 0,06 0,00 0,00 0,00 0,00 0,00 0,00 0,00 0,06 
IVANČNA 
GORICA 0,04 0,26 0,16 0,01 0,00 0,03 0,08 0,00 0,00 0,00 0,00 0,00 0,10 0,06 0,05 
ŠTORE 0,00 0,00 0,00 0,00 0,02 0,12 0,26 0,01 0,05 0,07 0,05 0,01 0,01 0,09 0,05 
ŽELEZNIKI 0,00 0,00 0,00 0,00 0,00 0,00 0,00 0,13 0,03 0,07 0,17 0,11 0,14 0,10 0,05 
CELJE 0,00 0,16 0,10 0,05 0,00 0,00 0,00 0,07 0,16 0,01 0,01 0,01 0,01 0,01 0,04 
LOŠKA DOLINA 0,00 0,00 0,00 0,00 0,00 0,03 0,04 0,06 0,06 0,06 0,07 0,08 0,08 0,07 0,04 
LOŠKI POTOK 0,00 0,00 0,00 0,00 0,00 0,00 0,07 0,03 0,07 0,02 0,03 0,25 0,00 0,00 0,04 
BENEDIKT 0,07 0,07 0,06 0,06 0,06 0,06 0,06 0,00 0,00 0,00 0,00 0,00 0,00 0,00 0,03 
ILIRSKA 
BISTRICA 0,00 0,00 0,00 0,00 0,00 0,01 0,03 0,05 0,05 0,05 0,03 0,07 0,06 0,05 0,03 
KUNGOTA 0,12 0,10 0,11 0,03 0,00 0,00 0,00 0,00 0,00 0,00 0,00 0,00 0,00 0,00 0,03 
MUTA 0,06 0,00 0,02 0,00 0,00 0,00 0,00 0,02 0,09 0,00 0,09 0,11 0,04 0,03 0,03 
SLOVENSKE 
KONJICE 0,00 0,00 0,00 0,00 0,00 0,00 0,00 0,00 0,00 0,00 0,00 0,00 0,00 0,40 0,03 
TRBOVLJE 0,16 0,09 0,06 0,07 0,01 0,00 0,00 0,00 0,00 0,00 0,00 0,00 0,00 0,00 0,03 
ČRNA NA 
KOROŠKEM 0,00 0,00 0,00 0,00 0,00 0,00 0,00 0,05 0,00 0,28 0,00 0,00 0,01 0,01 0,02 
DIVAČA 0,00 0,00 0,00 0,00 0,00 0,00 0,00 0,00 0,00 0,00 0,00 0,06 0,08 0,07 0,02 
DOL PRI 
LJUBLJANI 0,00 0,06 0,00 0,00 0,00 0,00 0,02 0,02 0,00 0,00 0,00 0,00 0,00 0,24 0,02 
MORAVČE 0,00 0,00 0,28 0,00 0,00 0,00 0,00 0,00 0,00 0,00 0,00 0,00 0,00 0,00 0,02 
NOVA GORICA 0,00 0,00 0,00 0,00 0,00 0,00 0,00 0,12 0,02 0,00 0,00 0,00 0,00 0,09 0,02 
ROGAŠOVCI 0,00 0,00 0,00 0,00 0,00 0,00 0,00 0,00 0,00 0,00 0,07 0,05 0,10 0,08 0,02 
SV. JURIJ V 
SLOVENSKIH 
GORICAH 0,00 0,00 0,00 0,00 0,00 0,00 0,00 0,00 0,00 0,00 0,06 0,06 0,06 0,06 0,02 
ŠENČUR 0,00 0,00 0,00 0,00 0,00 0,00 0,00 0,00 0,05 0,04 0,04 0,02 0,03 0,04 0,02 
ŠENTJUR 0,00 0,00 0,05 0,03 0,03 0,03 0,03 0,03 0,03 0,03 0,03 0,03 0,03 0,03 0,02 
JURŠINCI 0,02 0,00 0,04 0,01 0,01 0,00 0,02 0,00 0,00 0,00 0,00 0,00 0,00 0,00 0,01 
KAMNIK 0,01 0,07 0,00 0,00 0,00 0,00 0,00 0,00 0,00 0,00 0,00 0,00 0,00 0,00 0,01 
ŠKOFLJICA 0,00 0,00 0,02 0,02 0,01 0,02 0,03 0,02 0,02 0,02 0,02 0,01 0,00 0,02 0,01 
ŽIRI 0,00 0,00 0,00 0,00 0,00 0,00 0,00 0,00 0,00 0,00 0,00 0,00 0,07 0,03 0,01 
AJDOVŠČINA 0,00 0,00 0,00 0,00 0,00 0,00 0,00 0,00 0,00 0,00 0,00 0,00 0,00 0,00 0,00 
ANKARAN         0,00 0,00 0,00 0,00 0,00 0,00 0,00 
APAČE 0,00 0,00 0,00 0,00 0,00 0,00 0,00 0,00 0,00 0,00 0,00 0,00 0,00 0,00 0,00 

BELTINCI 0,00 0,00 0,00 0,00 0,00 0,00 0,00 0,00 0,00 0,00 0,00 0,00 0,00 0,00 0,00 
BISTRICA OB 
SOTLI 0,00 0,00 0,00 0,00 0,00 0,00 0,00 0,00 0,00 0,00 0,00 0,00 0,00 0,00 0,00 
BLED 0,00 0,00 0,00 0,00 0,00 0,00 0,00 0,00 0,00 0,00 0,00 0,00 0,00 0,00 0,00 
BLOKE 0,00 0,00 0,00 0,00 0,00 0,00 0,00 0,00 0,00 0,00 0,00 0,00 0,00 0,00 0,00 
BOHINJ 0,00 0,00 0,00 0,00 0,00 0,00 0,00 0,00 0,00 0,00 0,00 0,00 0,00 0,00 0,00 
BOROVNICA 0,00 0,00 0,00 0,00 0,00 0,00 0,00 0,00 0,00 0,00 0,00 0,00 0,00 0,00 0,00 
BRASLOVČE 0,00 0,00 0,00 0,00 0,00 0,00 0,00 0,00 0,00 0,00 0,00 0,00 0,00 0,00 0,00 
BREZOVICA 0,00 0,00 0,00 0,00 0,00 0,00 0,00 0,00 0,00 0,00 0,00 0,00 0,00 0,00 0,00 
CANKOVA 0,00 0,00 0,00 0,00 0,00 0,00 0,00 0,00 0,00 0,00 0,00 0,00 0,00 0,00 0,00 
CERKNICA 0,00 0,00 0,00 0,00 0,00 0,00 0,00 0,00 0,00 0,00 0,00 0,00 0,00 0,00 0,00 
CERKNO 0,00 0,00 0,00 0,00 0,00 0,00 0,00 0,00 0,00 0,00 0,00 0,00 0,00 0,00 0,00 
CERKVENJAK 0,01 0,00 0,00 0,00 0,00 0,00 0,00 0,00 0,00 0,00 0,00 0,00 0,00 0,00 0,00 
CIRKULANE 0,00 0,00 0,00 0,00 0,00 0,00 0,00 0,00 0,00 0,00 0,00 0,00 0,00 0,00 0,00 
DESTRNIK 0,00 0,00 0,00 0,00 0,00 0,00 0,00 0,00 0,00 0,00 0,00 0,00 0,00 0,00 0,00 
DOBJE 0,00 0,00 0,00 0,00 0,00 0,00 0,00 0,00 0,00 0,00 0,00 0,00 0,00 0,00 0,00 
DOBREPOLJE 0,00 0,00 0,00 0,00 0,00 0,00 0,00 0,00 0,00 0,00 0,00 0,00 0,00 0,00 0,00 
DOBROVA-
POLHOV 
GRADEC 0,00 0,00 0,00 0,00 0,00 0,00 0,00 0,00 0,00 0,00 0,00 0,00 0,00 0,00 0,00 
DOLENJSKE 
TOPLICE 0,00 0,00 0,00 0,00 0,00 0,00 0,00 0,00 0,00 0,00 0,00 0,00 0,00 0,00 0,00 
DORNAVA 0,00 0,00 0,00 0,00 0,00 0,00 0,00 0,00 0,00 0,00 0,00 0,00 0,00 0,00 0,00 
DUPLEK 0,00 0,00 0,00 0,00 0,00 0,00 0,00 0,00 0,00 0,00 0,00 0,00 0,00 0,00 0,00 
GORIŠNICA 0,00 0,00 0,00 0,00 0,00 0,00 0,00 0,00 0,00 0,00 0,00 0,00 0,00 0,00 0,00 
GORJE 0,00 0,00 0,00 0,00 0,00 0,00 0,00 0,00 0,00 0,00 0,00 0,00 0,00 0,00 0,00 
GORNJA 
RADGONA 0,00 0,00 0,00 0,00 0,00 0,00 0,00 0,00 0,00 0,00 0,00 0,00 0,00 0,00 0,00 
GORNJI GRAD 0,00 0,00 0,00 0,00 0,00 0,00 0,00 0,00 0,00 0,00 0,00 0,00 0,00 0,00 0,00 
GRAD 0,00 0,00 0,00 0,00 0,00 0,00 0,00 0,00 0,00 0,00 0,00 0,00 0,00 0,00 0,00 
GROSUPLJE 0,00 0,00 0,00 0,00 0,00 0,00 0,00 0,01 0,00 0,00 0,00 0,00 0,00 0,00 0,00 
HAJDINA 0,00 0,00 0,00 0,00 0,00 0,00 0,00 0,00 0,00 0,00 0,00 0,00 0,00 0,00 0,00 
HOČE-SLIVNICA 0,00 0,00 0,00 0,00 0,00 0,00 0,00 0,00 0,00 0,00 0,00 0,00 0,00 0,00 0,00 
HODOŠ 0,00 0,00 0,00 0,00 0,00 0,00 0,00 0,00 0,00 0,00 0,00 0,00 0,00 0,00 0,00 
HORJUL 0,00 0,00 0,00 0,00 0,00 0,00 0,00 0,00 0,00 0,00 0,00 0,00 0,00 0,00 0,00 
HRPELJE-
KOZINA 0,00 0,00 0,00 0,00 0,00 0,00 0,00 0,00 0,00 0,00 0,00 0,00 0,00 0,00 0,00 

IG 0,00 0,00 0,00 0,00 0,00 0,00 0,00 0,00 0,00 0,00 0,00 0,00 0,00 0,00 0,00 
JESENICE 0,00 0,00 0,00 0,00 0,00 0,00 0,00 0,00 0,00 0,00 0,00 0,00 0,00 0,00 0,00 
JEZERSKO 0,00 0,00 0,00 0,00 0,00 0,00 0,00 0,00 0,00 0,00 0,00 0,00 0,00 0,00 0,00 
KIDRIČEVO 0,00 0,00 0,00 0,00 0,00 0,00 0,00 0,00 0,00 0,00 0,00 0,00 0,00 0,00 0,00 
KOBARID 0,00 0,00 0,00 0,00 0,00 0,00 0,00 0,00 0,00 0,00 0,00 0,00 0,00 0,00 0,00 
KOČEVJE 0,00 0,00 0,00 0,00 0,00 0,00 0,00 0,00 0,00 0,00 0,00 0,00 0,00 0,00 0,00 
KOZJE 0,00 0,00 0,00 0,00 0,00 0,00 0,00 0,00 0,00 0,00 0,00 0,00 0,00 0,00 0,00 
KRIŽEVCI 0,00 0,00 0,00 0,00 0,00 0,00 0,00 0,00 0,00 0,00 0,00 0,00 0,00 0,00 0,00 
KUZMA 0,00 0,00 0,00 0,00 0,00 0,00 0,00 0,00 0,00 0,00 0,00 0,00 0,00 0,00 0,00 
LAŠKO 0,00 0,00 0,00 0,00 0,00 0,00 0,00 0,00 0,00 0,00 0,00 0,00 0,00 0,00 0,00 
LENART 0,00 0,00 0,00 0,00 0,00 0,00 0,00 0,00 0,00 0,00 0,00 0,00 0,00 0,00 0,00 
LITIJA 0,00 0,00 0,00 0,00 0,00 0,00 0,00 0,00 0,00 0,00 0,00 0,00 0,00 0,00 0,00 
LJUBNO 0,00 0,00 0,00 0,00 0,00 0,00 0,00 0,00 0,00 0,00 0,00 0,00 0,00 0,00 0,00 
LOG-
DRAGOMER 0,00 0,00 0,00 0,00 0,00 0,00 0,00 0,00 0,00 0,00 0,00 0,00 0,00 0,00 0,00 
LUČE 0,00 0,00 0,00 0,00 0,00 0,00 0,00 0,00 0,00 0,00 0,00 0,00 0,00 0,00 0,00 
MAJŠPERK 0,00 0,00 0,00 0,00 0,00 0,00 0,00 0,00 0,00 0,00 0,00 0,00 0,00 0,00 0,00 
MAKOLE 0,00 0,00 0,00 0,00 0,00 0,00 0,00 0,00 0,00 0,00 0,00 0,00 0,00 0,00 0,00 
MARIBOR 0,00 0,00 0,00 0,00 0,00 0,00 0,00 0,00 0,00 0,00 0,00 0,00 0,00 0,00 0,00 
MARKOVCI 0,00 0,00 0,00 0,00 0,00 0,00 0,00 0,00 0,00 0,00 0,00 0,00 0,00 0,00 0,00 
METLIKA 0,00 0,00 0,00 0,00 0,00 0,00 0,00 0,00 0,00 0,00 0,00 0,00 0,00 0,00 0,00 
MIKLAVŽ NA 
DRAVSKEM 
POLJU 0,00 0,00 0,00 0,00 0,00 0,00 0,00 0,00 0,00 0,00 0,00 0,00 0,00 0,00 0,00 
MIREN-
KOSTANJEVICA 0,00 0,00 0,00 0,00 0,00 0,00 0,00 0,00 0,00 0,00 0,00 0,00 0,00 0,00 0,00 
MIRNA     0,00 0,00 0,00 0,00 0,00 0,00 0,00 0,00 0,00 0,00 0,00 
MIRNA PEČ 0,00 0,00 0,00 0,00 0,00 0,00 0,00 0,00 0,00 0,00 0,00 0,00 0,00 0,00 0,00 
MOKRONOG-
TREBELNO 0,01 0,00 0,00 0,00 0,00 0,00 0,00 0,00 0,00 0,00 0,00 0,00 0,00 0,00 0,00 
MOZIRJE 0,00 0,00 0,00 0,00 0,00 0,00 0,00 0,00 0,00 0,00 0,00 0,00 0,00 0,00 0,00 
NAZARJE 0,00 0,00 0,00 0,00 0,00 0,00 0,00 0,00 0,00 0,00 0,00 0,00 0,00 0,00 0,00 
NOVO MESTO 0,00 0,00 0,00 0,00 0,00 0,00 0,00 0,00 0,00 0,00 0,00 0,00 0,00 0,00 0,00 
OPLOTNICA 0,00 0,00 0,00 0,00 0,00 0,00 0,00 0,00 0,00 0,00 0,00 0,00 0,00 0,00 0,00 
OSILNICA 0,00 0,00 0,00 0,00 0,00 0,00 0,00 0,00 0,00 0,00 0,00 0,00 0,00 0,00 0,00 
PIVKA 0,00 0,00 0,00 0,00 0,00 0,00 0,00 0,00 0,00 0,00 0,00 0,00 0,00 0,00 0,00 
PODČETRTEK 0,00 0,00 0,00 0,00 0,00 0,00 0,00 0,00 0,00 0,00 0,00 0,00 0,00 0,00 0,00 

PODLEHNIK 0,00 0,00 0,00 0,00 0,00 0,00 0,00 0,00 0,00 0,00 0,00 0,00 0,00 0,00 0,00 
POLZELA 0,00 0,00 0,00 0,00 0,00 0,00 0,00 0,02 0,00 0,00 0,00 0,00 0,00 0,00 0,00 
PREBOLD 0,00 0,00 0,00 0,00 0,00 0,00 0,00 0,00 0,00 0,00 0,00 0,00 0,00 0,00 0,00 
PREDDVOR 0,00 0,00 0,00 0,00 0,00 0,00 0,00 0,00 0,00 0,00 0,00 0,00 0,00 0,00 0,00 
PUCONCI 0,00 0,00 0,00 0,00 0,00 0,00 0,00 0,00 0,00 0,00 0,00 0,00 0,00 0,00 0,00 
RAČE-FRAM 0,00 0,00 0,00 0,00 0,00 0,00 0,00 0,00 0,00 0,00 0,00 0,00 0,00 0,00 0,00 
RADEČE 0,00 0,00 0,00 0,00 0,00 0,00 0,00 0,00 0,00 0,00 0,00 0,00 0,00 0,00 0,00 
RADENCI 0,00 0,00 0,00 0,00 0,00 0,00 0,00 0,00 0,00 0,00 0,00 0,00 0,00 0,00 0,00 
RAVNE NA 
KOROŠKEM 0,01 0,00 0,00 0,00 0,00 0,00 0,00 0,00 0,00 0,00 0,00 0,00 0,00 0,00 0,00 
RAZKRIŽJE 0,00 0,00 0,00 0,00 0,00 0,00 0,00 0,00 0,00 0,00 0,00 0,00 0,00 0,00 0,00 
REČICA OB 
SAVINJI 0,00 0,00 0,00 0,00 0,00 0,00 0,00 0,00 0,00 0,00 0,00 0,00 0,00 0,00 0,00 
RENČE-
VOGRSKO 0,00 0,00 0,00 0,00 0,00 0,00 0,00 0,00 0,00 0,00 0,00 0,00 0,00 0,00 0,00 
ROGAŠKA 
SLATINA 0,00 0,00 0,00 0,00 0,00 0,00 0,00 0,00 0,00 0,00 0,00 0,00 0,00 0,00 0,00 
ROGATEC 0,00 0,00 0,00 0,00 0,00 0,00 0,00 0,00 0,00 0,00 0,00 0,00 0,00 0,00 0,00 
SELNICA OB 
DRAVI 0,00 0,00 0,00 0,00 0,00 0,00 0,00 0,00 0,00 0,00 0,00 0,00 0,00 0,00 0,00 
SLOVENJ 
GRADEC 0,00 0,00 0,00 0,00 0,00 0,00 0,00 0,00 0,00 0,00 0,00 0,00 0,00 0,00 0,00 
SLOVENSKA 
BISTRICA 0,00 0,00 0,00 0,00 0,00 0,00 0,00 0,04 0,00 0,00 0,00 0,00 0,00 0,00 0,00 
SODRAŽICA 0,00 0,00 0,00 0,00 0,00 0,00 0,00 0,00 0,00 0,00 0,00 0,00 0,00 0,04 0,00 
SOLČAVA 0,00 0,00 0,00 0,00 0,00 0,00 0,00 0,00 0,00 0,00 0,00 0,00 0,00 0,00 0,00 
SREDIŠČE OB 
DRAVI 0,00 0,00 0,00 0,00 0,00 0,00 0,00 0,00 0,00 0,00 0,00 0,00 0,00 0,00 0,00 
STARŠE 0,00 0,00 0,00 0,00 0,00 0,00 0,00 0,00 0,00 0,00 0,00 0,00 0,00 0,00 0,00 
STRAŽA 0,00 0,00 0,00 0,00 0,00 0,00 0,00 0,00 0,00 0,00 0,00 0,00 0,00 0,00 0,00 
SV. TROJICA V 
SLOVENSKIH 
GORICAH 0,00 0,00 0,00 0,00 0,00 0,00 0,00 0,00 0,00 0,00 0,00 0,00 0,00 0,00 0,00 
SV. ANDRAŽ V 
SLOVENSKIH 
GORICAH 0,00 0,00 0,00 0,00 0,00 0,00 0,00 0,00 0,00 0,00 0,00 0,00 0,00 0,00 0,00 
SVETI JURIJ 0,00 0,00 0,00 0,00 0,00 0,00 0,00 0,00 0,00 0,00 0,00 0,00 0,00 0,00 0,00 
SVETI TOMAŽ 0,00 0,00 0,00 0,00 0,00 0,00 0,00 0,00 0,00 0,00 0,00 0,00 0,00 0,00 0,00 
ŠALOVCI 0,00 0,00 0,00 0,00 0,00 0,00 0,00 0,00 0,00 0,00 0,00 0,00 0,00 0,00 0,00 
ŠEMPETER-
VRTOJBA 0,00 0,00 0,00 0,00 0,00 0,00 0,00 0,00 0,00 0,00 0,00 0,00 0,00 0,00 0,00 

ŠENTJERNEJ 0,00 0,00 0,00 0,00 0,00 0,00 0,00 0,00 0,00 0,00 0,00 0,00 0,01 0,03 0,00 
ŠENTRUPERT 0,00 0,00 0,00 0,00 0,00 0,00 0,00 0,00 0,00 0,00 0,00 0,00 0,00 0,00 0,00 
ŠMARJE PRI 
JELŠAH 0,00 0,00 0,00 0,00 0,00 0,00 0,00 0,00 0,00 0,00 0,00 0,00 0,00 0,00 0,00 
ŠMARTNO OB 
PAKI 0,00 0,00 0,00 0,00 0,00 0,00 0,00 0,00 0,00 0,00 0,00 0,00 0,00 0,00 0,00 
ŠMARTNO PRI 
LITIJI 0,00 0,00 0,00 0,00 0,00 0,00 0,00 0,00 0,00 0,00 0,00 0,00 0,00 0,00 0,00 
ŠOŠTANJ 0,00 0,00 0,00 0,00 0,00 0,00 0,00 0,00 0,00 0,00 0,00 0,00 0,00 0,00 0,00 
TABOR 0,00 0,00 0,00 0,00 0,00 0,00 0,00 0,00 0,00 0,00 0,00 0,00 0,00 0,00 0,00 
TIŠINA 0,00 0,00 0,00 0,00 0,00 0,00 0,00 0,00 0,00 0,00 0,00 0,00 0,00 0,00 0,00 
TOLMIN 0,00 0,00 0,00 0,00 0,00 0,00 0,00 0,00 0,00 0,00 0,00 0,00 0,00 0,00 0,00 
TRŽIČ 0,00 0,00 0,00 0,00 0,00 0,00 0,00 0,00 0,00 0,00 0,00 0,00 0,00 0,00 0,00 
TURNIŠČE 0,00 0,00 0,00 0,00 0,00 0,00 0,00 0,00 0,00 0,00 0,00 0,00 0,00 0,00 0,00 
VELIKA POLANA 0,00 0,00 0,00 0,00 0,00 0,00 0,00 0,00 0,00 0,00 0,00 0,00 0,00 0,00 0,00 
VELIKE LAŠČE 0,03 0,00 0,00 0,00 0,00 0,00 0,00 0,00 0,00 0,00 0,00 0,00 0,00 0,00 0,00 
VERŽEJ 0,00 0,00 0,00 0,00 0,00 0,00 0,00 0,00 0,00 0,00 0,00 0,00 0,00 0,00 0,00 
VIDEM 0,00 0,00 0,00 0,00 0,00 0,00 0,00 0,00 0,00 0,00 0,00 0,00 0,00 0,00 0,00 
VITANJE 0,00 0,00 0,00 0,00 0,00 0,00 0,00 0,00 0,00 0,00 0,00 0,00 0,00 0,00 0,00 
VRANSKO 0,00 0,00 0,00 0,00 0,00 0,00 0,00 0,00 0,00 0,00 0,00 0,00 0,00 0,00 0,00 
VRHNIKA 0,00 0,00 0,00 0,00 0,00 0,00 0,00 0,00 0,00 0,00 0,00 0,00 0,00 0,01 0,00 
ZAGORJE OB 
SAVI 0,00 0,00 0,00 0,00 0,00 0,00 0,02 0,00 0,00 0,00 0,00 0,00 0,00 0,00 0,00 
ZAVRČ 0,00 0,00 0,00 0,00 0,00 0,00 0,00 0,00 0,00 0,00 0,00 0,00 0,00 0,00 0,00 
ŽETALE 0,00 0,00 0,00 0,00 0,00 0,00 0,00 0,00 0,00 0,00 0,00 0,00 0,00 0,00 0,00 
 
 
Tabela 17: Prihodek iz naslova podeljenih koncesij (urejeno padajoče glede na povprečje 2007-2020) v absolutnih zneskih (v EUR) 
OBČINA 2007 2008 2009 2010 2011 2012 2013 2014 2015 2016 2017 2018 2019 2020 x̄ 
Skupaj občine  3980959 5035432 6854491 5920277 9886656 9888764 10795823 11964351 11780317 12857067 11618043 9443097 9982263 8395228 9171626 
KOPER 113109 468582,2 1940290 1684251 1944199 2087835 2171433 2155034 1578277 1764044 2401254 2030830 2888212 2751687 1855646 
POSTOJNA 662449,7 813147,1 1096443 998428,3 1222939 1305982 1401858 1722208 2031648 2121809 1666922 1396111 1526540 687532,6 1332430 
ANKARAN         1017697 1392748 1558182 1664451 1180613 998956,1 1302108 
MARIBOR 515458,6 486618,5 521961,9 508563,8 1929783 791571,6 426450,5 524422 216970,8 77564,05 878349,7 1304436 1052000 1437906 762289,7 
PIVKA 145628,9 323576,3 435906,1 382851,2 513705,7 579846,8 608867,1 753542,7 733676,1 774151,5 620900,5 566291 620079,6 297957,6 525498,6 
KOČEVJE 13851,84 7384,8 6856,03 9386,31 511447,1 584121,5 624998,6 677762,3 690637 872605,4 630378 226656,5 437646,3 296817,6 399325 
CELJE 11643 11157 31382 9432 3599,44 334984,7 546026,4 580558,5 521271,5 449619,6 313716,7 381160,3 440284,4 261646,5 278320,1 

DOMŽALE 46788 166813,4 103106,1 107593,8 280865,1 134336,8 167701,1 146552,7 154013,7 197890,4 192176,9 213897,6 205344,5 180273,8 164096,7 
KAMNIK 187330,7 173383,1 165126,5 176123,7 161514,2 166462,1 158281,3 154620,9 168638,2 158975,3 158952,1 145164,5 144311,5 142974,8 161561,3 
ZREČE 17358,15 15444,84 14113,35 11703,8 967,28 8608,77 273177,2 1213244 90782,55 6836,65 9290,59 1177,53 1266,78 1218,96 118942,2 
TRZIN 123734 150323,8 184603,1 158157,9 146331,9 138771,5 126567,2 104010,6 92762,31 97824,34 93332,3 89365,66 90337,36 65786,08 118707,7 
LAŠKO 42321 47572,65 59064,46 173318,6 213461,4 223585,6 239476,4 201394 194409,1 100997,4 16676,11 2335,48 2166,21 2418,64 108514,1 
LOŠKA DOLINA 3,04 0 0 455 145478,7 128361,7 148608,5 140280,3 447136,2 360510,8 54791,84 927,88 864,82 881,19 102021,4 
DOLENJSKE 
TOPLICE 3530 4206,22 2605,79 4311,1 200770,8 128228,8 212950,5 209620,2 186965 221112,1 139658,3 251,29 254,81 183,79 93903,47 
IZOLA 0 0 0 95 197 183,43 188,38 163756,6 172204,2 174180 177886,2 181343,9 190269,9 195348,5 89689,5 
SLOVENSKA 
BISTRICA 12710,41 3913,09 89223,98 51313,04 124814,3 151426,7 134881,4 57238,98 90466,55 105217,3 92911,13 79025,62 82991,18 71178,13 81950,83 
IDRIJA 1807 2281,44 3446,69 4509,49 60618,63 128174 107427,3 111202,4 246323,1 284365,9 181636,2 1967,76 1995,3 2033,05 81270,59 
NOVA GORICA 19481,04 4812,57 4014,93 30115,81 149630,7 146539,1 115637,2 162542 76854,43 127144,6 66727,34 49902,98 49976,61 4790,23 72012,11 
SEŽANA 366617 328002,7 223632,4 30165,47 3937,32 20755,27 2822,4 2842,15 2849,23 3188,57 2911,71 3015,48 2936,73 2992,31 71190,62 
BLED 5703,16 7146,44 5248,54 237 69975,31 235970,1 39539,99 43381,76 71328,85 65036,73 85194,99 85326,72 85127,06 89539,22 63482,56 
ILIRSKA 
BISTRICA 1000 0 7340,35 1791 116143,3 162313,9 138745,6 169622,5 141214,9 88233,4 10240,95 2421,25 2475,72 2522,57 60290,39 
CERKNICA 19002 16554,51 19204,52 7955,44 25013,34 17262,06 285705,1 16333,51 239088,9 118461,8 35641,1 2421 2459,91 2506,47 57686,4 
SEMIČ 6207,63 8533 6902,8 3452,52 85689,07 131265,3 86245,49 190264 111578,3 98749,67 72043,45 1477,39 577,76 587,74 57398,14 
LOŠKI POTOK 0 0 0 382 98749,62 91649,23 120017,8 127794,1 92265,42 171605,7 61627,74 638,63 790,08 805,03 54737,52 
LOGATEC 20362,39 26200,93 2316,64 14965,94 48523,81 36089,62 42167,52 59714,62 136884,8 187913,6 163007,1 4706,35 4589,01 4838,38 53734,34 
NOVO MESTO 1032 43,64 30403,93 33316,78 84181,93 84301,29 95931,66 72405,14 95528,82 122488,7 76926,28 12888,48 9802,9 21293,28 52896,06 
MURSKA 
SOBOTA 69605,94 125808,7 83847,57 69807,43 33654,38 34709,45 33826,18 30248,57 46181,43 34696,13 42459,45 40758,69 38123,59 39961,75 51692,09 
PTUJ 58096,52 59046,43 54838,85 37475,32 25510 64851,15 49329,09 47381,58 61491,55 65380,74 47536,94 42079,25 25328,02 32901,53 47946,21 
RADEČE 138206 159117 204587 337 14666 20806,42 3293,53 28381,74 13296,04 25452,56 19977,43 4128,97 4138,56 4772,54 45797,2 
RADOVLJICA 66831,7 71607,84 74745,5 77129,35 49741,03 33412,21 29443,51 34313,82 36896,77 33974,1 32518,61 30219,13 30237,39 29654,01 45051,78 
ČRNA NA 
KOROŠKEM 788 4243 4914 9931 86015 76248,18 87997,8 107623 76337,29 114352,3 39801,85 2473,03 2808,45 2555,11 44006,29 
RAVNE NA 
KOROŠKEM 48638 45525,95 51218,09 64152,16 62319,16 73956,23 69948,19 55463,73 73182,83 37224,61 12353,46 4776,8 5075,7 3237,11 43362,29 
KRANJ 0 0 0 609 63748,88 59253,39 61086,31 58436,67 51599,07 56277,82 57366,07 60599,08 60579,51 48325,43 41277,23 
MENGEŠ 0 0 0 62 115,79 611,84 698,48 2020,45 31543,88 89660,96 99731,99 98331,36 113718,7 79408,56 36850,28 
DIVAČA 66680,93 88042,55 82369,81 79028,17 6979,53 2518,26 2972,08 26456,79 12435,55 57605,08 22339,15 18642,78 20172,02 18583,99 36059,05 
KRŠKO 35886,05 40794,93 47605,43 52256,27 21617,76 30790,69 33081,79 50111,82 38563,35 39644,52 31571,45 27107,81 27310,5 26958 35950,03 
ŽUŽEMBERK 4857 205 175,82 1051,82 45263,55 75023,1 55783,36 68191,6 64408,44 92609,98 69892,84 1783,52 1808,49 1842,72 34492,66 
AJDOVŠČINA 0 0 0 1180 76903,01 53530,9 87615,15 72245,48 92376,35 54703,2 30858,9 2407,22 2445,95 2492,25 34054,17 
RUŠE 15690 27067,4 21863,17 16462,91 43244,11 46696,84 81848,59 53324,44 41972,49 50463,12 22902,15 10421,73 9765,12 10916,48 32331,33 

ŠMARTNO PRI 
LITIJI 51884,36 60619,42 81090,72 99817,65 1035,43 13008,28 27913,03 18876,01 38297,31 26618,46 14889,41 1113 1836,04 1149,94 31296,36 
SLOVENSKE 
KONJICE 6717,75 8127,82 9127,55 8873,46 38937,42 33429,46 38930,18 51892,99 47970,38 47950,36 43250,14 34559,4 34880,94 32897,79 31253,26 
JEZERSKO 405,89 50,52 69,8 376,77 55530,51 59079,84 57776,66 70326,37 24983,91 92872,42 51577,37 734,87 745,16 759,26 29663,53 
LOVRENC NA 
POHORJU 0 0 0 468 40979,05 44637,55 57882,96 128369,1 38881,93 67569,41 32969,19 954,27 967,62 985,93 29618,93 
BREŽICE 15792 18287,72 33847,81 15426,54 29195,1 32944,82 60181,44 29290,26 59370,47 49186,34 36782,78 8819,37 8989,63 9188,77 29093,08 
RIBNICA 11382 10286 8063,71 7817,38 31337,46 44471,06 26642,27 34927,77 48722,08 71411,05 24578,57 18677,41 20195,98 18270,93 26913,12 
LJUTOMER 68943 95959,79 60248,69 31988,54 6453,45 9112,79 9762,09 13006,13 14918,3 15254,81 14234,35 11835,93 11907,81 11774,27 26814,28 
JESENICE 7705,74 3652 5851,89 3670,38 13143,71 19805,36 32685,86 9997,59 2241,16 74119,98 56199,76 49365,8 55914,74 40704,82 26789,91 
HOČE-SLIVNICA 25170 18912 19207 11543 6882 113850,3 18835,73 23287,47 34381,21 19066,26 17416,42 21298,16 24105,63 17792,24 26553,39 
VRHNIKA 0 49709,81 46145,96 33286,26 14399,35 14656,71 22350,03 19829,42 31272,49 126194,4 4073,09 730,92 741,24 755,27 26010,36 
LENDAVA 23784 36437,01 29711,83 28976,99 19752 22708,23 21968,3 24139,04 29113,58 53416,75 29822,4 10109,51 10776,87 10467,42 25084,57 
ČRNOMELJ 16748,97 13643,32 12255,53 10708,26 12340,72 65274,15 43254,03 44641,74 52474,98 36441,49 26597,27 2704,77 2824,43 3175,86 24506,11 
VELENJE 66426,56 95500,62 71445,96 49628,12 4262,07 9227,79 5075,53 7269,21 17880,69 9224,66 1018,12 735,47 745,76 759,86 24228,6 
LITIJA 0 0 0 1303 51190,65 35682,02 39615,91 47535,11 62283,41 46806,93 41633 2657,98 2704,6 2755,78 23869,17 
ŠENTJUR 5046 7616,36 8181,48 10627,45 33690,61 45981,91 38997 41650,52 41430,84 53534,77 34712,59 2863,06 2825,78 2879,69 23574,15 
TRŽIČ 1477 9020,78 5391,38 8766,05 27184,1 24212,55 41418,56 38159,88 31289,86 30506,78 22956,12 24985,18 29789,23 30029,56 23227,65 
GORNJA 
RADGONA 54857,93 55118,78 51783,6 4148,24 20059,88 15271,22 11999,72 16042,86 22499,15 22399,7 16048,04 5934,04 6303,59 6715,3 22084,43 
BRDA 0 0 0 764 1450 2013,14 175804,5 31833,43 1534,03 1523,97 1531,59 86558,65 1580,47 1610,38 21871,73 
VELIKE LAŠČE 0 0 0 426 1319,24 821,35 925,55 849,37 922,83 3382,45 68116,97 74081,43 74093,57 68008,98 20924,84 
VOJNIK 844 6478,01 12452,85 13283,66 24671,82 14222,66 18509,93 33540,75 27871,84 30809,7 27030,31 27262,98 27644,63 28169,81 20913,78 
KOMENDA 5192 8591,1 12374,1 14833,69 16308,56 19953,97 20687,28 19403,95 18589,09 24340,09 24663,76 31511,62 35376,14 34332,07 20439,82 
BOHINJ 458 713,01 575,01 1544,34 29693,57 38527,87 51784,12 54969,06 36898,27 37285,05 27871,32 1873,68 1899,89 1935,84 20430,65 
SLOVENJ 
GRADEC 11418,44 11483,64 23607,24 17932,66 17538,1 35143,29 27015,69 35618,7 33584,54 44008,58 16344,41 1905,29 1931,99 1968,55 19964,37 
DRAVOGRAD 3729,62 10629,04 16164,35 21381,89 22218,3 25921,73 27225,76 26047,47 21158,92 17268,13 50705,92 1130,59 31910,82 1168,13 19761,48 
MISLINJA 3536 3168 3077 2655 39967 22094,97 50958,36 23602,35 32208,66 48555,83 38399,74 388,33 393,81 401,25 19243,31 
MIREN-
KOSTANJEVICA 0 0 0 784 1487,78 1517,53 254448,1 1569,41 1573,95 1563,69 1571,51 1599,25 1621,65 1621,08 19239,85 
DOBROVNIK 46302,18 97220,19 20464,51 13172,49 7066,35 6244,49 9184,97 5743,59 10166,04 13224,94 7391,58 471,16 477,73 486,78 16972,64 
SEVNICA 43189 43527,7 55557,39 9476,39 10843,14 13344,74 8646,74 5949,65 10932,26 13090,73 7000,88 2732,06 2770,33 2822,77 16420,27 
PODVELKA 0 0 0 695 19543,2 17559,65 33434,51 51632,17 27099,97 38179,26 21230,32 1418,45 1443,35 1470,67 15264,75 
ORMOŽ 44533,59 29807,53 30277,11 26968,73 20934,88 6746,54 9116,32 2878,71 11815,13 15002,75 7683,82 2335,22 2639,22 2689,17 15244,91 
POLJČANE 43194 45586 48440,59 39703,63 4150,57 5430,89 1408,3 1415,12 7928,67 6945,03 3690,74 1442,04 1467,26 1495 15164,13 
GORJE 0 0 0 38 71,42 68986,52 35618,38 63951,23 11766,16 18889,69 9671,52 167,13 150,51 179,83 14963,6 

ŠOŠTANJ 32852,92 33426,06 32415,76 42551,9 17935,51 7734,2 7673,22 6661,92 3964,98 5145,63 8567,82 1083,56 1098,73 1119,52 14445,12 
TRBOVLJE 8996,21 8190,19 8231,93 6790,92 4178,34 23313,65 19595,45 19461,26 13877,71 22024,08 12101,19 17553,88 13127,35 21093,72 14181,13 
KOZJE 3733 281,53 2505,11 9248,08 31055,17 9990 39008,91 11259,37 23659,53 36373,38 25961,47 1404,69 979,33 997,88 14032,68 
KIDRIČEVO 90373 18395,43 17149,4 11496,62 3560,89 2082,06 8759,93 1040,16 15966,79 7592,43 1688,25 2013,4 1074,82 1095,16 13020,6 
HRASTNIK 43450,9 44330,06 51446,85 25663,52 839,83 1421,24 4049,51 1495,2 4681,43 1321,88 991,66 731,52 728,11 742,32 12992,43 
ROGAŠKA 
SLATINA 18760 23919 30112 12988 14758 4784 14772,14 15336,41 14114,03 11011 9154,73 1040,92 952,98 682,79 12313,29 
ŠENTJERNEJ 48309 47668,03 330,07 31370,05 1783,08 2949,89 5858,22 2647,63 7886,34 3844,94 5668,68 1860,11 2426,59 375,55 11641,3 
TREBNJE 12005,23 14062,37 23161,72 13133,14 23450,11 7080,1 2011,56 2323,79 10318,04 18359,52 17452,99 1827,9 1853,5 1888,58 10637,75 
MORAVSKE 
TOPLICE 5012,5 26151,23 13186,35 13771,42 7774,91 9645,58 9325,16 11908,26 14983,74 11614,08 7778,24 4075,72 4145,18 4250 10258,74 
GROSUPLJE 23614 14298,59 6615 17092 1074,84 9396,48 6978,8 7518,24 6894,41 14374,98 6660,94 5693,02 4867,67 12178,78 9804,125 
VITANJE 739,75 748,9 779,03 933,99 23704,64 21037,99 23567,82 16660,91 21794,42 17528,41 7118,45 494,24 501,16 776,95 9741,904 
MORAVČE 29305 28390 32118 28076 910 1622,87 854,12 2241,79 2239,69 892,35 985,59 5572,32 792,45 807,45 9629,116 
ROGATEC 563 2818,56 2309,83 2842,21 24632,22 14617,03 15210,06 13197,18 17296,77 23838,22 9307,17 1469,78 2285,6 3094,53 9534,44 
IVANČNA 
GORICA 18315 12576,37 14283,23 14577,45 1974,5 12626,82 17634,89 5821,19 11225,8 13316,05 4295,59 1927,55 1954,54 1991,53 9465,751 
ZAGORJE OB 
SAVI 14157 16687,16 15800,13 11686,25 6300,19 8766,83 9452,82 9460,46 13701,38 9545,75 9735,32 1670,59 1694 1726,06 9313,139 
TOLMIN 0 0 0 3607 8367,91 13709,87 23900,79 21796,79 7354,88 13070,6 9730,77 7358,37 7461,4 7602,6 8854,356 
MOKRONOG-
TREBELNO 4812,57 6228 11534,68 52137,75 470,34 2562 8638,96 13451,55 6589,01 4374,69 10603,88 505,59 512,67 522,37 8781,719 
HAJDINA 307 15260,04 85792,94 10683,17 380,39 366,23 240,86 378,75 1985,44 2994,98 379,5 385,96 391,36 398,77 8567,528 
LJUBLJANA 14444 17592,36 17610,69 18667,88 21264,64 3505,31 361,84 3402,57 92,14 8642,59 8414,64 1929,33 1956,34 1993,36 8562,692 
RADLJE OB 
DRAVI 924,72 899,9 0 498 6991,44 12692,73 8517,67 20837,8 22632,63 27539,3 14850,86 1016,05 1030,27 1049,76 8534,366 
DOBREPOLJE 13140,63 10331,68 11010,9 12570,3 19270,29 4791,43 10989,48 17729,72 4658,69 9608,44 1986,32 912,58 925,35 942,86 8490,619 
ŽELEZNIKI 945,45 0 2467,35 886 11500,35 21720,67 20153,53 16468,76 10940,92 19545,8 3973,36 1807,45 1832,76 1867,45 8150,704 
MIRNA     404,08 19423,74 18438,31 5049,93 11287,96 14633,91 5403,99 428,57 434,57 442,8 7594,786 
VUZENICA 1611 1443,45 1777,27 2898,06 14907,02 11142,04 9605,29 17938,51 10557,05 15064,6 17168,94 387,58 393,01 400,44 7521,019 
POLZELA 22760,74 12078,54 10000 162 38656,74 2373,99 3343,5 1567,03 8552,8 3875,5 324,28 329,78 334,4 340,73 7478,574 
APAČE 13218,86 14478,19 13699,13 1077,7 1171,33 9812,91 8807,18 7921,64 7881,69 12871,98 8328 1259,09 1276,72 1300,88 7364,664 
KOSTEL 0 0 0 1178 10567 13427,56 8246,38 12360,22 32680,91 14987,46 6323,4 812 688,65 701,68 7283,804 
MAJŠPERK 1936,04 1087,91 1086,33 1661,7 17166,74 18392,61 9120,54 5469,34 10249,26 9774,09 10640,73 4808,27 3874,3 5865,69 7223,825 
BELTINCI 2396,3 28011,12 15695,85 8864,38 3551,85 3107,88 2920,25 4178,14 3909,79 5748,34 6228,71 4145,79 4551,16 5801,99 7079,396 
KANAL 7744 8683,87 9628,06 10119,51 6420,59 8843,03 5507,76 11471,63 5360,72 5376,55 3334,11 4588,09 4652,33 4718,5 6889,196 
PUCONCI 7859,16 15490,21 15373,07 15466,53 3564,47 4274,41 3778,55 5459,24 4962,53 4950,6 3751,48 2152,09 2182,2 2223,5 6534,86 

SELNICA OB 
DRAVI 9889 18626 10341 2260,64 4531 4619,79 3246,41 14101,04 3782,56 9249,29 5831,26 878,1 890,4 907,24 6368,124 
LUKOVICA 20255,61 20195,26 13840,89 10962,41 1182,04 1204,71 6274,29 2425,72 2100,04 1330,35 1753,08 985,52 999,33 1018,25 6037,679 
PODČETRTEK 713 630 807 1376 1202 10285,03 14409,65 17398,19 11862,3 8999,18 12656,83 964,23 523,24 533,15 5882,843 
KOBILJE 279 1691,42 1691,42 2015,42 9802,15 9355,58 7074,05 11716,41 17622,49 12751,95 5181,91 660,14 669,39 682,05 5799,527 
ŽALEC 2301,25 7970,21 4099,38 10058,31 5575,58 5764,43 10567,17 7195,27 11336,92 3668,9 6770,1 1147,89 1152,27 1186,01 5628,121 
MIRNA PEČ 3061,74 5318,26 2083,67 5083,23 7562,77 1861,3 5870,89 17424,08 6354,84 12091,04 7604,98 1125,82 476,57 1017,86 5495,504 
MEŽICA 0 0 0 233 7287,18 12305,8 12693,94 6119,43 14890,18 11658,92 8380,98 475,44 482,1 491,23 5358,443 
ŠMARJE PRI 
JELŠAH 0 0 0 2596,32 3624,02 12586,26 9335,82 13584,07 5782,43 13666,72 7884,21 1386,29 1261,31 1285,17 5213,759 
ŠENTILJ 0 0 0 724 8050,39 6997,84 3386,09 16500,31 7252,66 13586,09 11794,39 1477,34 1498,03 1701,89 5212,074 
NAKLO 5411,56 2951,39 5882,67 6105,11 1164,2 3482,92 3287,23 3437,81 5471,74 7058,19 6608,43 8160,28 7907,43 3650,42 5041,384 
CERKLJE NA 
GORENJSKEM 0 0 0 153 245 763,95 699,83 911,43 380,72 492,13 259,21 18745,06 22848,23 21947,76 4817,594 
KUNGOTA 372,83 1686,82 352,66 1771,93 9902,19 7709,59 9475,5 3235,96 5656,87 7580,01 9913,85 2057,39 2420,13 1158,78 4521,036 
ŠENTRUPERT 0 0 2,64 35703,89 517,32 2412,42 8268,38 617,27 4290,62 6145,56 839,27 556,09 1327,37 1224,48 4421,808 
VODICE 1693,96 2280,33 3319,87 2399,54 3500,53 3733,59 4549,98 3870,74 3335,66 5906,86 7217,61 7110,96 6125,69 6695,6 4410,066 
ROGAŠOVCI 15496,12 13089,57 8124,58 4551,71 3886,19 2134,26 1796,09 2752,55 2329,53 2439,67 2276,34 895,8 908,34 925,53 4400,449 
KRIŽEVCI 2353,93 8259,56 3564,26 4480,56 3435,92 2916,76 3298,7 3681,54 4365,94 3042,77 5465,01 2800,29 5543,16 4275,22 4105,973 
DUPLEK 3035,66 0 1976,49 888,21 5102,34 9362,1 8925,49 820,88 10271,99 6971,37 7015,62 474,93 481,58 490,69 3986,954 
HRPELJE-
KOZINA 0 0 0 1618 4247,85 3129,69 9018,06 4888,8 6918,84 11418,78 5342,19 2636,03 2683,98 2734,8 3902,644 
VIDEM 2791 169 169 1184 6649,94 4632,83 5708,75 2068,23 3942,84 12536,67 7840,14 2107,44 2136,93 2177,4 3865,298 
METLIKA 2038,11 1897,45 3357,01 2792,88 389,47 5799,29 4322,74 7488,61 9594,29 9986,51 5068,44 419,16 425,05 433,09 3858,007 
SREDIŠČE OB 
DRAVI 0 2621,7 4686,8 5174,31 569,98 7620,72 7716,69 601,91 10791,93 6910,44 5265,38 319,19 328,55 334,77 3781,598 
BOVEC 44 43,98 43,98 2244,99 4670,67 4305,56 4421,82 6298,26 4463,09 4439,38 4461,57 4537,4 4600,89 4687,97 3518,826 
TABOR 0 0 0 287 5384,53 5930,77 5930,55 7363,61 4707,35 13373,12 3991,26 584,04 592,21 603,41 3481,989 
VIPAVA 303 284,35 295,66 768,79 4010,76 4560,97 4955,48 5241,69 6790,75 12886,03 2977,73 1387,45 1418,78 1432,02 3379,533 
OSILNICA 0 0 0 353 23022,65 15313,12 701,18 771,64 741,08 2525,95 1205,1 717,23 729,57 743,38 3344,564 
MIKLAVŽ NA 
DRAVSKEM 
POLJU 7040,3 4657,25 3745,6 3379,8 2600,11 3437,77 2604,23 2604,86 3120,2 2889,15 2605,04 2606,59 2614,79 2409,97 3308,261 
GORENJA VAS-
POLJANE 1097 3293,72 3429,58 5192,13 1634,69 2021,5 2973,78 4104,41 4144,46 6341,8 6208,81 1672,4 1695,82 1727,92 3252,716 
RAČE-FRAM 0 0 13679,49 20692,2 610,01 622,23 639,02 643,5 1221,47 1338,65 952,39 655,72 2928,85 677,5 3190,074 
ŠKOFLJICA 12346,94 10391,21 8487,92 8254,8 404,33 266 266,79 426,4 414,55 654,55 902,7 420,16 426,04 434,09 3149,749 
PODLEHNIK 641 0 0 398 5181,95 13861,15 10180,29 796,16 2976,99 6614,2 927,64 811,34 822,67 838,26 3146,404 

ŽETALE 529,89 0 0 286 4633,91 4659,75 6283,66 572,9 7217,18 11978,48 6126,86 583,73 296,03 603,72 3126,579 
PREBOLD 103,39 145,44 214,15 464,4 2848,21 836,41 1128,67 1855,51 6147,72 13477,28 14062,27 680,76 788,3 709,85 3104,454 
BISTRICA OB 
SOTLI 528,83 0 0 312 3774,57 787,63 8441,2 15874,65 3171,07 8590,36 573,65 316,16 323,41 329,53 3073,076 
KUZMA 321 0 0 287 3231,5 5516,03 4366,15 6829,82 7492,53 8186,31 4932,38 586,21 594,42 605,67 3067,787 
KOBARID 367 452 429 2121 3261 3254 3360,74 4539,98 3373,34 3355,08 3371,86 3429,19 3477,21 3543,03 2738,174 
RENČE-
VOGRSKO 0 14134 11387,94 5368 827 545,83 560,56 567,44 567,01 562,78 565,6 575,22 583,28 542,81 2627,676 
CERKNO 35 2119 1976,9 2821,21 1809,94 1826,39 8432,35 1922,59 1894,03 4081,8 3937,43 1924,72 1951,67 1988,61 2622,974 
STRAŽA 0 93 93,17 197,17 195,58 6166,49 2415,23 2027,13 5962,82 11413,05 7004,58 210,23 213,17 174,86 2583,32 
GORNJI GRAD 762,91 827,86 0 480 3568,64 4577,93 2698,3 2524,73 2383,53 4032,55 3625,51 3545,26 3542,79 3574,99 2581,786 
PREVALJE 0 0 0 226 1184,87 6971,04 7404,16 869,22 5640,44 7023,36 5184,41 460,23 466,66 475,49 2564,706 
IG 0 0 0 514 15209,81 3380,78 2514,3 2131,22 1647,98 3535,04 3461,48 1048,47 1063,16 1083,28 2542,109 
MAKOLE 0 0 0 376 717,35 9047,63 3950,45 752,94 7975,87 5253,4 4497,83 767,27 778,01 792,73 2493,534 
KOMEN 3309 3056,42 2705,71 3560,89 1974,79 2025,13 2051,71 2066,08 2071,61 3492,53 2070,16 2105,35 2134,83 2175,23 2485,674 
PREDDVOR 0 0 0 67 126,2 1332,12 1183,96 8934,22 9838,84 7777,56 4628,3 135,66 137,56 140,16 2450,113 
LJUBNO 4001 4537,61 5289 5013,83 1009,01 2748,56 2905,4 950,14 1031,13 2180,9 952,02 968,23 981,76 1000,34 2397,781 
ŠKOFJA LOKA 7193,9 1295,11 836,7 1155,01 1203,92 1922,5 2149,11 3520,04 2587,31 3694,99 1293,58 1297,39 1315,56 1340,45 2200,398 
DOBROVA-
POLHOV 
GRADEC 0 0 0 599 1133,85 6912,44 4213,91 3221,95 1233,33 3897,37 5812,31 1220,88 1242,95 1266,47 2196,747 
RIBNICA NA 
POHORJU 420,33 1450,54 1596,3 2099,02 6903,14 3933,46 2106,5 348,12 3128,54 4039,6 3559,21 354,72 359,69 366,5 2190,405 
LENART 1687,28 0 0 498 4950,74 3039,11 5079,51 997,45 3959,09 4401,9 2788,41 1016,41 1030,64 1050,15 2178,478 
ZAVRČ 264,94 1606,86 1606,86 1804,86 5096,41 2170,15 2330,04 397,52 2468,44 8765,64 2048,8 405,08 410,74 418,52 2128,204 
GORIŠNICA 850,61 8122,09 4059,42 4438,42 2007,7 3420,91 1095,35 759,56 1023,15 757,27 816,4 774,01 783,84 798,67 2121,957 
ŠKOCJAN 265 536,48 515,26 680,95 4149,84 6841,44 829,58 2761,55 6676,83 3910,31 553,47 562,89 570,75 581,55 2102,564 
RADENCI 2088,94 2402,13 2772,01 1534,64 2017,93 1142,4 4782,62 3014,21 3911,63 1065,21 1486,63 920,02 932,33 937,24 2071,996 
BLOKE 0 433,16 0 263 1363,14 1357,83 1375,8 1702,06 1346,17 3703,56 4926,63 3886,87 4170,47 4084,18 2043,776 
ŠMARTNO OB 
PAKI 6458 7015 0 7277,75 550,79 884 3370,66 638,83 1077,87 416,33 137,98 141,35 143,34 146,05 2018,425 
MUTA 0 0 0 175 1815,92 3052,55 3149,17 6216,72 2882,56 5692,34 3876,03 356,49 361,47 368,3 1996,182 
BOROVNICA 0 0 0 224 1644,96 5272 3379,73 3047,67 4205,14 5815,4 2201,57 455,5 461,87 470,62 1941,319 
PESNICA 0 0 0 710 2866 6362,04 3214,43 2735,27 2081,01 2384,5 1596,38 1446,03 1466,28 1494,04 1882,57 
ŠENČUR 0 0 0 207,49 156,01 159,13 460,09 334,58 1636,3 1891,08 2329,13 6558,53 5256,18 7267,29 1875,415 
STARŠE 2811 3590 2980 3491,29 945,98 964,92 988,81 997,96 2703,37 1655,01 1165,69 1016,86 1031,11 1050,63 1813,759 
GRAD 934,28 592 592 1035 1409,89 1778,31 3687,91 2519,47 2384,38 3099,55 3304,48 904,09 916,74 934,08 1720,87 

SVETA ANA 516 0 0 347 3412,69 2465,71 4594,2 694,42 3167,43 3806,41 2270,92 707,65 717,55 731,13 1673,651 
MOZIRJE 1781 0 0 472 1048,16 913,7 1089,29 944,94 10904,36 1607,54 946,81 962,89 976,36 994,83 1617,277 
GORNJI 
PETROVCI 934,28 3805,7 3805,7 4260,7 876,81 903,08 954,82 974,02 962,7 948,97 949,38 928,49 941,5 959,31 1586,104 
ŠMARJEŠKE 
TOPLICE 0 0 0 161 304,8 1313,49 1906,51 1242,74 7386,52 6023,96 2750,88 327,64 332,22 338,51 1577,734 
TURNIŠČE 553,34 1683,48 1911,3 1683,48 0 0,17 0,17 0,17 1797,43 2627,23 2126,67 2103,29 2551,84 2998,79 1431,24 
LUČE 999 1117,6 2664,59 2965,15 2123,02 1940,19 1697,73 743,34 746,23 741,1 744,81 757,47 768,07 782,61 1342,208 
SVETI JURIJ 711 0 0 485 2083,71 1988,75 2280,39 2436,46 1199,05 1924,48 2566,74 989,06 1002,86 1021,83 1334,952 
ŠALOVCI 809 3129,14 3129,14 3643,23 1038,71 629,77 1420,41 1350,8 770,7 632,55 823,95 507,64 108,32 597,46 1327,916 
NAZARJE 0 0 0 386 732 747,02 1053,82 5012,98 2012,74 1628,02 1662,23 1708,34 1690,2 1461,11 1292,461 
CANKOVA 872 2094,45 2341,91 2255,24 874,29 1013,83 1028,7 1168,44 982,02 1200,64 1242,31 1017,88 897,73 685,85 1262,521 
VRANSKO 0 0 0 385 2579,48 2216,03 1205,81 1875,01 4334,22 1159,6 843,34 784,88 795,87 810,92 1213,583 
TIŠINA 530 2393,36 2393,36 2877,36 699,03 691,48 916,93 709,04 1116,8 812,56 1197,05 680,95 690,48 703,55 1172,282 
KRANJSKA 
GORA 0 0 0 361 2246,77 1778,8 885,6 3107,41 1432,24 1708,44 2158,19 736,85 747,17 761,32 1137,414 
DOBRNA 0 0 0 211 2071,49 2741,02 419,14 706,37 2209,29 5068,32 1037,77 430,09 436,1 444,37 1126,783 
DESTRNIK 488 0 1759,48 260 708,28 2604,88 528,54 523,57 4384,68 974,7 1687,49 533,57 541,06 551,3 1110,396 
BREZOVICA 0 0 0 584 1085,44 1349,62 1160,19 3295,83 1511,06 1238 1271,56 1190,52 1207,19 1230,03 1080,246 
OPLOTNICA 392 88,8 109,41 310,72 372,2 495,44 428,77 392,42 3084,83 7403,2 644,92 399,91 405,51 413,18 1067,236 
SVETI TOMAŽ 222 0 0 1818,52 609,16 1952,43 1662 642,59 738,94 4170,53 1041,26 653,55 663,97 676,53 1060,82 
SOLČAVA 0 0 387,8 464 880,07 937,28 921,91 1674,19 931,62 2830,59 930,19 946,02 959,25 977,4 917,1657 
HORJUL 0 1186,31 1144,27 1091,25 188,52 3865,03 279,57 1049,07 200,67 695,46 2335,1 202,65 205,49 209,38 903,7693 
RAZKRIŽJE 303,41 950,28 1202,24 1219,55 500,01 2140,54 533,23 789,43 517,37 1298,41 783,05 888,01 699,68 783,22 900,6021 
MARKOVCI 418 1691,42 1691,42 2027,42 642,96 655,82 421,3 678,23 619,56 920,94 679,57 691,14 700,82 714,08 896,62 
BRASLOVČE 0 0 0 240 1524,07 3937,29 517,57 769,32 957,48 2341,37 606,18 489,06 495,91 505,29 884,5386 
ŠTORE 0 0 0 131 655,35 2314,1 2298,5 1656,29 581,85 3241,34 530,93 266,83 270,56 275,68 873,0307 
KOSTANJEVICA 
NA KRKI 0 0 0 336 638,24 681,23 668,59 673,27 1982,88 782,28 4093,37 686,07 695,66 708,83 853,3157 
VERŽEJ 364,57 1268,82 1247 1470,15 1107,75 482,03 828,67 524,5 425,46 462,02 499,64 490,06 495,11 1707,08 812,3471 
REČICA OB 
SAVINJI 0 1876,47 2601,82 2272,3 367,94 375,3 385,44 714,2 539,09 504,09 388,9 395,52 401,05 408,64 802,1971 
BENEDIKT 335 0 0 218 1005,04 422,64 434,05 437,09 562,66 1609,92 1463,7 1452,89 1613,54 1625,67 798,5857 
DOL PRI 
LJUBLJANI 0 0 0 233 660,75 2070,71 3842,82 473,47 468,26 463,53 465,85 474,8 481,43 490,55 723,2264 
CIRKULANE 0 0 0 220 417,3 4472,27 671,99 440,23 885,56 558,19 530,26 448,58 454,86 463,46 683,05 
ODRANCI 276,9 574,83 615,74 678,72 335,64 424,58 483,64 577,98 464,08 159,52 719,59 922,05 1177,48 1374,68 627,5307 
MEDVODE 0 0 0 251 1161,25 1299,32 475,29 488,78 480,97 1143 1908,93 487,71 494,53 503,89 621,0479 

PIRAN 161,37 158,69 156,07 370,43 968,64 410,52 421,6 2574,86 806,06 423,27 494,61 800,01 332,25 338,54 601,2086 
JURŠINCI 502 0 0 178 2230,57 754,35 487,04 491,13 638,65 721,49 855,79 500,49 507,52 517,12 598,8679 
ŽIRI 0 0 0 190 361,53 368,75 2711,58 381,36 908,58 573,51 382,11 388,6 394,05 401,52 504,3993 
SODRAŽICA 0 0 1287,24 1552,38 371,31 378,74 388,96 391,69 393,87 390,51 392,46 399,14 404,7 412,36 483,0971 
SV. JURIJ V 
SLOVENSKIH 
GORICAH 0 0 0 258 489,08 1486,56 512,35 515,93 518,36 605,94 735,63 525,73 533,1 543,18 480,2757 
ŽIROVNICA 0 0 0 49 1276,1 670,91 199,56 165,64 2745,9 351,87 332,24 102,44 103,87 105,84 435,955 
ČRENŠOVCI 460,17 1792,9 1792,9 1792,9 13,76 0 0 0 0 0 92,93 0 0 0 424,6829 
SV. ANDRAŽ V 
SLOVENSKIH 
GORICAH 251 0 0 60 2594,43 568,17 240,36 242,04 243,92 241,31 242,52 246,63 250,08 254,8 388,2329 
HODOŠ 251 1530,74 1530,74 1530,74 0 0 0 136,07 0 257,37 0 0 0 0 374,0471 
CERKVENJAK 321 0 0 207 507,48 401,58 412,42 415,3 717,55 414,05 416,12 423,19 429,12 437,24 364,4321 
DORNAVA 390,44 0 0 90 331,19 401,47 344,17 349,38 351,48 348,33 1183,91 356,01 360,99 367,84 348,2293 
VELIKA POLANA 264,94 790,74 790,74 861,74 134,75 137,45 141,16 518,03 445,78 141,72 142,43 144,85 146,88 149,66 343,6336 
SV. TROJICA V 
SLOVENSKIH 
GORICAH 0 0 0 220 418,37 441,61 438,26 441,33 443,61 493,59 442,2 449,7 456,01 464,64 336,38 
TRNOVSKA VAS 320,72 0 0 168 380,55 325,85 421,28 337 379,93 335,99 337,67 343,4 348,21 354,79 289,5279 
LOG-
DRAGOMER 0 0 0 99 177,63 190,72 195,87 197,24 210,07 196,65 382,6 200,99 203,81 207,67 161,5893 
ŠEMPETER-
VRTOJBA 0 0 0 110 209,68 213,87 219,64 221,18 223,02 220,51 221,62 225,38 228,54 137,16 159,3286 
DOBJE 0 0 0 87 164,64 167,93 172,47 173,67 175,42 173,15 174,01 176,97 179,45 182,85 130,54 
 
 
Tabela 18: Prihodek iz naslova podeljenih koncesij (urejeno padajoče glede na povprečje 2007-2020) na prebivalca (v EUR) 
OBČINA 2007 2008 2009 2010 2011 2012 2013 2014 2015 2016 2017 2018 2019 2020 x̄ 
ANKARAN         324,83 444,54 497,35 531,26 376,83 318,85 178,12 
PIVKA 23,34 51,86 69,87 61,36 82,34 92,94 97,59 120,78 117,60 124,08 99,52 90,77 99,39 47,76 84,23 
POSTOJNA 41,30 50,70 68,36 62,25 76,25 81,43 87,40 107,38 126,67 132,29 103,93 87,04 95,18 42,87 83,07 
JEZERSKO 0,63 0,08 0,11 0,59 86,36 91,88 89,85 109,37 38,86 144,44 80,21 1,14 1,16 1,18 46,13 
KOPER 2,24 9,29 38,46 33,39 38,54 41,39 43,04 42,72 31,29 34,97 47,60 40,26 57,25 54,55 36,78 
TRZIN 32,41 39,37 48,35 41,42 38,33 36,35 33,15 27,24 24,30 25,62 24,45 23,41 23,66 17,23 31,09 
LOŠKI POTOK 0,00 0,00 0,00 0,21 54,05 50,16 65,69 69,95 50,50 93,93 33,73 0,35 0,43 0,44 29,96 
LOŠKA DOLINA 0,00 0,00 0,00 0,12 39,20 34,59 40,05 37,80 120,49 97,15 14,76 0,25 0,23 0,24 27,49 
DOLENJSKE 
TOPLICE 0,99 1,18 0,73 1,21 56,48 36,07 59,90 58,96 52,59 62,20 39,29 0,07 0,07 0,05 26,41 

KOČEVJE 0,88 0,47 0,43 0,59 32,35 36,94 39,53 42,86 43,68 55,19 39,87 14,33 27,68 18,77 25,25 
ZREČE 2,68 2,39 2,18 1,81 0,15 1,33 42,24 187,61 14,04 1,06 1,44 0,18 0,20 0,19 18,39 
SEMIČ 1,57 2,16 1,75 0,87 21,71 33,26 21,85 48,20 28,27 25,02 18,25 0,37 0,15 0,15 14,54 
ČRNA NA 
KOROŠKEM 0,25 1,34 1,55 3,14 27,20 24,11 27,83 34,04 24,14 36,16 12,59 0,78 0,89 0,81 13,92 
DOBROVNIK 34,63 72,72 15,31 9,85 5,29 4,67 6,87 4,30 7,60 9,89 5,53 0,35 0,36 0,36 12,69 
KOSTEL 0,00 0,00 0,00 1,79 16,08 20,44 12,55 18,81 49,74 22,81 9,62 1,24 1,05 1,07 11,09 
RADEČE 31,66 36,44 46,86 0,08 3,36 4,77 0,75 6,50 3,05 5,83 4,58 0,95 0,95 1,09 10,49 
KOBILJE 0,50 3,00 3,00 3,58 17,41 16,62 12,56 20,81 31,30 22,65 9,20 1,17 1,19 1,21 10,30 
LOVRENC NA 
POHORJU 0,00 0,00 0,00 0,15 13,35 14,54 18,86 41,83 12,67 22,02 10,74 0,31 0,32 0,32 9,65 
DIVAČA 16,40 21,66 20,26 19,44 1,72 0,62 0,73 6,51 3,06 14,17 5,50 4,59 4,96 4,57 8,87 
OSILNICA 0,00 0,00 0,00 0,89 58,14 38,67 1,77 1,95 1,87 6,38 3,04 1,81 1,84 1,88 8,45 
LAŠKO 3,20 3,60 4,47 13,10 16,14 16,90 18,10 15,22 14,70 7,64 1,26 0,18 0,16 0,18 8,20 
BLED 0,72 0,90 0,66 0,03 8,85 29,84 5,00 5,49 9,02 8,23 10,77 10,79 10,77 11,32 8,03 
MARIBOR 4,89 4,61 4,95 4,82 18,29 7,50 4,04 4,97 2,06 0,74 8,33 12,37 9,97 13,63 7,23 
ŽUŽEMBERK 1,02 0,04 0,04 0,22 9,49 15,73 11,69 14,30 13,50 19,42 14,65 0,37 0,38 0,39 7,23 
IDRIJA 0,16 0,20 0,30 0,39 5,21 11,01 9,23 9,55 21,16 24,43 15,60 0,17 0,17 0,17 6,98 
PODVELKA 0,00 0,00 0,00 0,29 8,10 7,28 13,86 21,41 11,24 15,83 8,80 0,59 0,60 0,61 6,33 
CELJE 0,24 0,23 0,65 0,19 0,07 6,89 11,22 11,93 10,72 9,24 6,45 7,84 9,05 5,38 5,72 
IZOLA 0,00 0,00 0,00 0,01 0,01 0,01 0,01 10,31 10,84 10,96 11,20 11,41 11,98 12,30 5,65 
ŠMARTNO PRI 
LITIJI 9,37 10,95 14,65 18,03 0,19 2,35 5,04 3,41 6,92 4,81 2,69 0,20 0,33 0,21 5,65 
SEŽANA 29,05 25,99 17,72 2,39 0,31 1,64 0,22 0,23 0,23 0,25 0,23 0,24 0,23 0,24 5,64 
KAMNIK 6,40 5,92 5,64 6,01 5,51 5,68 5,40 5,28 5,76 5,43 5,43 4,96 4,93 4,88 5,52 
GORJE 0,00 0,00 0,00 0,01 0,03 24,31 12,55 22,53 4,15 6,66 3,41 0,06 0,05 0,06 5,27 
CERKNICA 1,66 1,44 1,67 0,69 2,18 1,50 24,89 1,42 20,82 10,32 3,10 0,21 0,21 0,22 5,02 
MENGEŠ 0,00 0,00 0,00 0,01 0,01 0,08 0,09 0,26 4,04 11,49 12,78 12,60 14,58 10,18 4,72 
VELIKE LAŠČE 0,00 0,00 0,00 0,10 0,30 0,19 0,21 0,19 0,21 0,76 15,38 16,72 16,73 15,35 4,72 
DOMŽALE 1,30 4,64 2,87 2,99 7,80 3,73 4,66 4,07 4,28 5,50 5,34 5,94 5,71 5,01 4,56 
ILIRSKA 
BISTRICA 0,07 0,00 0,55 0,13 8,67 12,12 10,36 12,67 10,54 6,59 0,76 0,18 0,18 0,19 4,50 
Skupaj občine  1,94 2,45 3,34 2,88 4,81 4,82 5,26 5,83 5,74 6,26 5,66 4,60 4,86 4,09 4,47 
RUŠE 2,16 3,73 3,01 2,27 5,96 6,44 11,29 7,35 5,79 6,96 3,16 1,44 1,35 1,51 4,46 
KOZJE 1,16 0,09 0,78 2,87 9,64 3,10 12,10 3,49 7,34 11,29 8,06 0,44 0,30 0,31 4,35 
VITANJE 0,33 0,33 0,35 0,41 10,51 9,33 10,45 7,39 9,66 7,77 3,16 0,22 0,22 0,34 4,32 
MISLINJA 0,75 0,67 0,65 0,56 8,50 4,70 10,84 5,02 6,85 10,33 8,17 0,08 0,08 0,09 4,09 

BOHINJ 0,09 0,14 0,11 0,30 5,71 7,41 9,97 10,58 7,10 7,18 5,36 0,36 0,37 0,37 3,93 
MIREN-
KOSTANJEVICA 0,00 0,00 0,00 0,16 0,30 0,31 51,50 0,32 0,32 0,32 0,32 0,32 0,33 0,33 3,89 
LOGATEC 1,46 1,88 0,17 1,07 3,47 2,58 3,02 4,27 9,80 13,45 11,67 0,34 0,33 0,35 3,85 
BRDA 0,00 0,00 0,00 0,13 0,25 0,35 30,79 5,58 0,27 0,27 0,27 15,16 0,28 0,28 3,83 
RAVNE NA 
KOROŠKEM 4,25 3,97 4,47 5,60 5,44 6,46 6,11 4,84 6,39 3,25 1,08 0,42 0,44 0,28 3,78 
POLJČANE 10,02 10,58 11,24 9,21 0,96 1,26 0,33 0,33 1,84 1,61 0,86 0,33 0,34 0,35 3,52 
KOMENDA 0,82 1,36 1,96 2,35 2,58 3,16 3,27 3,07 2,94 3,85 3,90 4,98 5,59 5,43 3,23 
SLOVENSKA 
BISTRICA 0,49 0,15 3,46 1,99 4,84 5,88 5,23 2,22 3,51 4,08 3,61 3,07 3,22 2,76 3,18 
ROGATEC 0,18 0,90 0,74 0,91 7,89 4,68 4,88 4,23 5,54 7,64 2,98 0,47 0,73 0,99 3,06 
RIBNICA 1,21 1,09 0,86 0,83 3,33 4,72 2,83 3,71 5,18 7,59 2,61 1,98 2,15 1,94 2,86 
MOKRONOG-
TREBELNO 1,52 1,97 3,65 16,52 0,15 0,81 2,74 4,26 2,09 1,39 3,36 0,16 0,16 0,17 2,78 
VUZENICA 0,59 0,53 0,65 1,06 5,48 4,09 3,53 6,59 3,88 5,53 6,31 0,14 0,14 0,15 2,76 
MURSKA 
SOBOTA 3,65 6,60 4,40 3,66 1,77 1,82 1,78 1,59 2,42 1,82 2,23 2,14 2,00 2,10 2,71 
GORNJA 
RADGONA 6,48 6,51 6,12 0,49 2,37 1,80 1,42 1,89 2,66 2,65 1,90 0,70 0,74 0,79 2,61 
LENDAVA 2,27 3,48 2,84 2,77 1,89 2,17 2,10 2,31 2,78 5,11 2,85 0,97 1,03 1,00 2,40 
RADOVLJICA 3,55 3,80 3,97 4,10 2,64 1,77 1,56 1,82 1,96 1,80 1,73 1,60 1,61 1,57 2,39 
ŽETALE 0,40 0,00 0,00 0,22 3,54 3,56 4,80 0,44 5,51 9,15 4,68 0,45 0,23 0,46 2,39 
LJUTOMER 6,04 8,41 5,28 2,80 0,57 0,80 0,86 1,14 1,31 1,34 1,25 1,04 1,04 1,03 2,35 
HOČE-SLIVNICA 2,20 1,65 1,68 1,01 0,60 9,93 1,64 2,03 3,00 1,66 1,52 1,86 2,10 1,55 2,32 
VOJNIK 0,09 0,72 1,38 1,47 2,73 1,57 2,05 3,71 3,08 3,41 2,99 3,02 3,06 3,12 2,31 
NOVA GORICA 0,62 0,15 0,13 0,96 4,78 4,68 3,69 5,19 2,45 4,06 2,13 1,59 1,59 0,15 2,30 
DRAVOGRAD 0,43 1,22 1,85 2,45 2,55 2,97 3,12 2,99 2,42 1,98 5,81 0,13 3,66 0,13 2,26 
DOBREPOLJE 3,48 2,73 2,91 3,32 5,10 1,27 2,91 4,69 1,23 2,54 0,53 0,24 0,24 0,25 2,25 
HAJDINA 0,08 3,97 22,31 2,78 0,10 0,10 0,06 0,10 0,52 0,78 0,10 0,10 0,10 0,10 2,23 
BISTRICA OB 
SOTLI 0,37 0,00 0,00 0,22 2,67 0,56 5,97 11,23 2,24 6,08 0,41 0,22 0,23 0,23 2,17 
SLOVENSKE 
KONJICE 0,45 0,55 0,62 0,60 2,64 2,26 2,63 3,51 3,25 3,25 2,93 2,34 2,36 2,23 2,12 
PTUJ 2,54 2,58 2,40 1,64 1,12 2,84 2,16 2,07 2,69 2,86 2,08 1,84 1,11 1,44 2,10 
MIRNA     0,15 7,41 7,03 1,93 4,31 5,58 2,06 0,16 0,17 0,17 2,07 
APAČE 3,68 4,03 3,81 0,30 0,33 2,73 2,45 2,21 2,19 3,58 2,32 0,35 0,36 0,36 2,05 
TABOR 0,00 0,00 0,00 0,17 3,12 3,44 3,44 4,27 2,73 7,75 2,31 0,34 0,34 0,35 2,02 
KIDRIČEVO 13,84 2,82 2,63 1,76 0,55 0,32 1,34 0,16 2,44 1,16 0,26 0,31 0,16 0,17 1,99 

KUZMA 0,20 0,00 0,00 0,18 2,05 3,50 2,77 4,33 4,75 5,19 3,13 0,37 0,38 0,38 1,95 
SREDIŠČE OB 
DRAVI 0,00 1,30 2,32 2,56 0,28 3,77 3,81 0,30 5,33 3,41 2,60 0,16 0,16 0,17 1,87 
RIBNICA NA 
POHORJU 0,36 1,23 1,36 1,78 5,86 3,34 1,79 0,30 2,66 3,43 3,02 0,30 0,31 0,31 1,86 
MIRNA PEČ 1,00 1,74 0,68 1,66 2,47 0,61 1,92 5,69 2,08 3,95 2,48 0,37 0,16 0,33 1,80 
ŠENTRUPERT 0,00 0,00 0,00 14,46 0,21 0,98 3,35 0,25 1,74 2,49 0,34 0,23 0,54 0,50 1,79 
MAJŠPERK 0,48 0,27 0,27 0,41 4,21 4,51 2,24 1,34 2,52 2,40 2,61 1,18 0,95 1,44 1,77 
MORAVČE 5,36 5,20 5,88 5,14 0,17 0,30 0,16 0,41 0,41 0,16 0,18 1,02 0,15 0,15 1,76 
AJDOVŠČINA 0,00 0,00 0,00 0,06 3,95 2,75 4,50 3,71 4,74 2,81 1,58 0,12 0,13 0,13 1,75 
PODLEHNIK 0,35 0,00 0,00 0,22 2,83 7,57 5,56 0,44 1,63 3,61 0,51 0,44 0,45 0,46 1,72 
ČRNOMELJ 1,17 0,95 0,85 0,75 0,86 4,55 3,01 3,11 3,66 2,54 1,85 0,19 0,20 0,22 1,71 
MORAVSKE 
TOPLICE 0,83 4,33 2,18 2,28 1,29 1,60 1,54 1,97 2,48 1,92 1,29 0,67 0,69 0,70 1,70 
SOLČAVA 0,00 0,00 0,72 0,86 1,64 1,74 1,71 3,11 1,73 5,26 1,73 1,76 1,78 1,82 1,70 
ŠOŠTANJ 3,80 3,87 3,75 4,93 2,08 0,90 0,89 0,77 0,46 0,60 0,99 0,13 0,13 0,13 1,67 
PODČETRTEK 0,20 0,18 0,23 0,39 0,34 2,90 4,06 4,91 3,34 2,54 3,57 0,27 0,15 0,15 1,66 
ŠENTJERNEJ 6,59 6,50 0,05 4,28 0,24 0,40 0,80 0,36 1,08 0,52 0,77 0,25 0,33 0,05 1,59 
LITIJA 0,00 0,00 0,00 0,08 3,33 2,32 2,58 3,09 4,05 3,04 2,71 0,17 0,18 0,18 1,55 
TRŽIČ 0,10 0,60 0,36 0,58 1,81 1,61 2,76 2,54 2,09 2,03 1,53 1,67 1,99 2,00 1,55 
VRHNIKA 0,00 2,93 2,72 1,96 0,85 0,86 1,32 1,17 1,85 7,45 0,24 0,04 0,04 0,04 1,53 
MEŽICA 0,00 0,00 0,00 0,07 2,04 3,44 3,55 1,71 4,17 3,26 2,35 0,13 0,13 0,14 1,50 
ZAVRČ 0,19 1,13 1,13 1,27 3,58 1,53 1,64 0,28 1,74 6,16 1,44 0,28 0,29 0,29 1,50 
NOVO MESTO 0,03 0,00 0,83 0,91 2,30 2,31 2,62 1,98 2,61 3,35 2,10 0,35 0,27 0,58 1,45 
HRASTNIK 4,70 4,79 5,56 2,78 0,09 0,15 0,44 0,16 0,51 0,14 0,11 0,08 0,08 0,08 1,41 
RADLJE OB 
DRAVI 0,15 0,15 0,00 0,08 1,14 2,07 1,39 3,40 3,69 4,49 2,42 0,17 0,17 0,17 1,39 
SELNICA OB 
DRAVI 2,15 4,04 2,24 0,49 0,98 1,00 0,70 3,06 0,82 2,01 1,27 0,19 0,19 0,20 1,38 
KRŠKO 1,36 1,55 1,81 1,98 0,82 1,17 1,26 1,90 1,46 1,51 1,20 1,03 1,04 1,02 1,37 
ROGAŠOVCI 4,82 4,07 2,53 1,42 1,21 0,66 0,56 0,86 0,73 0,76 0,71 0,28 0,28 0,29 1,37 
JESENICE 0,37 0,18 0,28 0,18 0,63 0,95 1,57 0,48 0,11 3,57 2,70 2,38 2,69 1,96 1,29 
BLOKE 0,00 0,27 0,00 0,17 0,86 0,85 0,86 1,07 0,85 2,32 3,09 2,44 2,62 2,56 1,28 
KANAL 1,41 1,58 1,76 1,85 1,17 1,61 1,01 2,09 0,98 0,98 0,61 0,84 0,85 0,86 1,26 
ORMOŽ 3,65 2,44 2,48 2,21 1,71 0,55 0,75 0,24 0,97 1,23 0,63 0,19 0,22 0,22 1,25 
HODOŠ 0,82 5,02 5,02 5,02 0,00 0,00 0,00 0,45 0,00 0,84 0,00 0,00 0,00 0,00 1,23 
POLZELA 3,69 1,96 1,62 0,03 6,26 0,38 0,54 0,25 1,39 0,63 0,05 0,05 0,05 0,06 1,21 

BREŽICE 0,65 0,75 1,39 0,64 1,20 1,36 2,48 1,21 2,44 2,03 1,51 0,36 0,37 0,38 1,20 
KRIŽEVCI 0,69 2,41 1,04 1,31 1,00 0,85 0,96 1,08 1,28 0,89 1,60 0,82 1,62 1,25 1,20 
MAKOLE 0,00 0,00 0,00 0,18 0,34 4,34 1,89 0,36 3,83 2,52 2,16 0,37 0,37 0,38 1,20 
ŠENTJUR 0,26 0,39 0,42 0,54 1,72 2,35 1,99 2,13 2,11 2,73 1,77 0,15 0,14 0,15 1,20 
ŽELEZNIKI 0,14 0,00 0,36 0,13 1,68 3,17 2,94 2,40 1,59 2,85 0,58 0,26 0,27 0,27 1,19 
SLOVENJ 
GRADEC 0,67 0,68 1,39 1,06 1,03 2,07 1,59 2,10 1,98 2,60 0,96 0,11 0,11 0,12 1,18 
BOVEC 0,01 0,01 0,01 0,71 1,48 1,37 1,40 2,00 1,42 1,41 1,41 1,44 1,46 1,49 1,12 
ROGAŠKA 
SLATINA 1,68 2,14 2,69 1,16 1,32 0,43 1,32 1,37 1,26 0,98 0,82 0,09 0,09 0,06 1,10 
PUCONCI 1,29 2,55 2,53 2,55 0,59 0,70 0,62 0,90 0,82 0,82 0,62 0,35 0,36 0,37 1,08 
GORNJI GRAD 0,31 0,33 0,00 0,19 1,44 1,85 1,09 1,02 0,96 1,63 1,47 1,43 1,43 1,45 1,04 
LUKOVICA 3,46 3,45 2,37 1,87 0,20 0,21 1,07 0,41 0,36 0,23 0,30 0,17 0,17 0,17 1,03 
NAKLO 1,01 0,55 1,09 1,14 0,22 0,65 0,61 0,64 1,02 1,31 1,23 1,52 1,47 0,68 0,94 
SEVNICA 2,48 2,50 3,19 0,54 0,62 0,77 0,50 0,34 0,63 0,75 0,40 0,16 0,16 0,16 0,94 
KUNGOTA 0,08 0,35 0,07 0,37 2,04 1,59 1,95 0,67 1,17 1,56 2,04 0,42 0,50 0,24 0,93 
ŠALOVCI 0,56 2,18 2,18 2,54 0,72 0,44 0,99 0,94 0,54 0,44 0,57 0,35 0,08 0,42 0,93 
LJUBNO 1,52 1,72 2,00 1,90 0,38 1,04 1,10 0,36 0,39 0,83 0,36 0,37 0,37 0,38 0,91 
VODICE 0,34 0,46 0,68 0,49 0,71 0,76 0,93 0,79 0,68 1,20 1,47 1,45 1,25 1,36 0,90 
HRPELJE-
KOZINA 0,00 0,00 0,00 0,37 0,96 0,71 2,04 1,11 1,56 2,58 1,21 0,60 0,61 0,62 0,88 
LUČE 0,66 0,73 1,75 1,95 1,40 1,28 1,12 0,49 0,49 0,49 0,49 0,50 0,50 0,51 0,88 
TRBOVLJE 0,55 0,50 0,50 0,42 0,26 1,43 1,20 1,19 0,85 1,35 0,74 1,07 0,80 1,29 0,87 
BELTINCI 0,29 3,35 1,88 1,06 0,42 0,37 0,35 0,50 0,47 0,69 0,74 0,50 0,54 0,69 0,85 
TREBNJE 0,96 1,12 1,84 1,05 1,87 0,56 0,16 0,18 0,82 1,46 1,39 0,15 0,15 0,15 0,85 
GRAD 0,43 0,28 0,28 0,48 0,66 0,83 1,71 1,17 1,11 1,44 1,54 0,42 0,43 0,43 0,80 
TOLMIN 0,00 0,00 0,00 0,32 0,75 1,22 2,13 1,94 0,66 1,17 0,87 0,66 0,67 0,68 0,79 
GORNJI 
PETROVCI 0,46 1,87 1,87 2,09 0,43 0,44 0,47 0,48 0,47 0,47 0,47 0,46 0,46 0,47 0,78 
KRANJ 0,00 0,00 0,00 0,01 1,15 1,07 1,10 1,05 0,93 1,01 1,03 1,09 1,09 0,87 0,74 
SVETA ANA 0,23 0,00 0,00 0,15 1,50 1,08 2,02 0,31 1,39 1,67 1,00 0,31 0,32 0,32 0,74 
VELENJE 2,02 2,90 2,17 1,51 0,13 0,28 0,15 0,22 0,54 0,28 0,03 0,02 0,02 0,02 0,74 
RAZKRIŽJE 0,24 0,74 0,94 0,96 0,39 1,68 0,42 0,62 0,41 1,02 0,61 0,70 0,55 0,61 0,71 
CANKOVA 0,48 1,15 1,29 1,24 0,48 0,56 0,57 0,64 0,54 0,66 0,68 0,56 0,49 0,38 0,70 
VIDEM 0,50 0,03 0,03 0,21 1,20 0,83 1,03 0,37 0,71 2,26 1,41 0,38 0,38 0,39 0,70 
KOMEN 0,92 0,85 0,75 0,99 0,55 0,56 0,57 0,57 0,58 0,97 0,58 0,59 0,59 0,60 0,69 
PREDDVOR 0,00 0,00 0,00 0,02 0,04 0,37 0,33 2,49 2,74 2,17 1,29 0,04 0,04 0,04 0,68 

STRAŽA 0,00 0,02 0,02 0,05 0,05 1,57 0,62 0,52 1,52 2,91 1,79 0,05 0,05 0,04 0,66 
KOBARID 0,09 0,11 0,10 0,50 0,77 0,77 0,80 1,08 0,80 0,80 0,80 0,81 0,82 0,84 0,65 
CERKLJE NA 
GORENJSKEM 0,00 0,00 0,00 0,02 0,03 0,10 0,09 0,12 0,05 0,06 0,03 2,47 3,01 2,89 0,64 
ŠENTILJ 0,00 0,00 0,00 0,09 0,96 0,84 0,40 1,97 0,87 1,62 1,41 0,18 0,18 0,20 0,62 
ŠKOCJAN 0,08 0,16 0,15 0,20 1,23 2,02 0,25 0,82 1,98 1,16 0,16 0,17 0,17 0,17 0,62 
VERŽEJ 0,28 0,97 0,95 1,12 0,85 0,37 0,63 0,40 0,33 0,35 0,38 0,37 0,38 1,31 0,62 
PREBOLD 0,02 0,03 0,04 0,09 0,56 0,17 0,22 0,37 1,21 2,66 2,78 0,13 0,16 0,14 0,61 
ŠMARTNO OB 
PAKI 1,95 2,11 0,00 2,19 0,17 0,27 1,02 0,19 0,32 0,13 0,04 0,04 0,04 0,04 0,61 
RENČE-
VOGRSKO 0,00 3,24 2,61 1,23 0,19 0,13 0,13 0,13 0,13 0,13 0,13 0,13 0,13 0,12 0,60 
VIPAVA 0,05 0,05 0,05 0,14 0,71 0,81 0,88 0,93 1,21 2,29 0,53 0,25 0,25 0,25 0,60 
DUPLEK 0,43 0,00 0,28 0,13 0,73 1,33 1,27 0,12 1,46 0,99 1,00 0,07 0,07 0,07 0,57 
IVANČNA 
GORICA 1,09 0,75 0,85 0,87 0,12 0,75 1,05 0,35 0,67 0,80 0,26 0,12 0,12 0,12 0,57 
MUTA 0,00 0,00 0,00 0,05 0,52 0,87 0,90 1,77 0,82 1,62 1,10 0,10 0,10 0,10 0,57 
ZAGORJE OB 
SAVI 0,85 1,00 0,94 0,70 0,38 0,52 0,57 0,57 0,82 0,57 0,58 0,10 0,10 0,10 0,56 
CERKNO 0,01 0,44 0,41 0,59 0,38 0,38 1,76 0,40 0,40 0,85 0,82 0,40 0,41 0,42 0,55 
GORIŠNICA 0,21 2,03 1,01 1,11 0,50 0,85 0,27 0,19 0,26 0,19 0,20 0,19 0,20 0,20 0,53 
DOBRNA 0,00 0,00 0,00 0,10 0,94 1,25 0,19 0,32 1,00 2,30 0,47 0,20 0,20 0,20 0,51 
SVETI TOMAŽ 0,11 0,00 0,00 0,87 0,29 0,93 0,79 0,31 0,35 1,99 0,50 0,31 0,32 0,32 0,51 
ŠMARJE PRI 
JELŠAH 0,00 0,00 0,00 0,25 0,35 1,21 0,90 1,30 0,56 1,31 0,76 0,13 0,12 0,12 0,50 
MIKLAVŽ NA 
DRAVSKEM 
POLJU 1,04 0,69 0,55 0,50 0,38 0,51 0,38 0,38 0,46 0,43 0,38 0,38 0,38 0,35 0,49 
GROSUPLJE 1,16 0,70 0,32 0,84 0,05 0,46 0,34 0,37 0,34 0,71 0,33 0,28 0,24 0,60 0,48 
NAZARJE 0,00 0,00 0,00 0,14 0,27 0,28 0,40 1,88 0,75 0,61 0,62 0,64 0,63 0,55 0,48 
ŠMARJEŠKE 
TOPLICE 0,00 0,00 0,00 0,05 0,09 0,39 0,57 0,37 2,20 1,79 0,82 0,10 0,10 0,10 0,47 
METLIKA 0,24 0,23 0,40 0,34 0,05 0,70 0,52 0,90 1,15 1,20 0,61 0,05 0,05 0,05 0,46 
VRANSKO 0,00 0,00 0,00 0,15 0,98 0,84 0,46 0,71 1,65 0,44 0,32 0,30 0,30 0,31 0,46 
SVETI JURIJ 0,24 0,00 0,00 0,17 0,71 0,68 0,78 0,83 0,41 0,66 0,87 0,34 0,34 0,35 0,45 
STARŠE 0,68 0,87 0,72 0,85 0,23 0,23 0,24 0,24 0,66 0,40 0,28 0,25 0,25 0,26 0,44 
TURNIŠČE 0,17 0,51 0,58 0,51 0,00 0,00 0,00 0,00 0,55 0,80 0,65 0,64 0,78 0,91 0,44 
BOROVNICA 0,00 0,00 0,00 0,05 0,36 1,17 0,75 0,68 0,93 1,29 0,49 0,10 0,10 0,10 0,43 
DESTRNIK 0,18 0,00 0,67 0,10 0,27 0,99 0,20 0,20 1,66 0,37 0,64 0,20 0,21 0,21 0,42 

GORENJA VAS-
POLJANE 0,14 0,43 0,45 0,67 0,21 0,26 0,39 0,53 0,54 0,82 0,81 0,22 0,22 0,22 0,42 
RAČE-FRAM 0,00 0,00 1,80 2,72 0,08 0,08 0,08 0,08 0,16 0,18 0,13 0,09 0,39 0,09 0,42 
RADENCI 0,41 0,47 0,54 0,30 0,39 0,22 0,94 0,59 0,77 0,21 0,29 0,18 0,18 0,18 0,41 
MOZIRJE 0,42 0,00 0,00 0,11 0,25 0,22 0,26 0,22 2,59 0,38 0,23 0,23 0,23 0,24 0,38 
ODRANCI 0,17 0,34 0,37 0,41 0,20 0,25 0,29 0,35 0,28 0,10 0,43 0,55 0,71 0,82 0,38 
PREVALJE 0,00 0,00 0,00 0,03 0,18 1,04 1,10 0,13 0,84 1,05 0,77 0,07 0,07 0,07 0,38 
IG 0,00 0,00 0,00 0,07 2,10 0,47 0,35 0,29 0,23 0,49 0,48 0,14 0,15 0,15 0,35 
KOSTANJEVICA 
NA KRKI 0,00 0,00 0,00 0,13 0,25 0,27 0,26 0,27 0,78 0,31 1,62 0,27 0,27 0,28 0,34 
REČICA OB 
SAVINJI 0,00 0,81 1,12 0,98 0,16 0,16 0,17 0,31 0,23 0,22 0,17 0,17 0,17 0,18 0,34 
SV. ANDRAŽ V 
SLOVENSKIH 
GORICAH 0,21 0,00 0,00 0,05 2,14 0,47 0,20 0,20 0,20 0,20 0,20 0,20 0,21 0,21 0,32 
BENEDIKT 0,13 0,00 0,00 0,08 0,39 0,16 0,17 0,17 0,22 0,63 0,57 0,56 0,63 0,63 0,31 
HORJUL 0,00 0,41 0,39 0,37 0,06 1,32 0,10 0,36 0,07 0,24 0,80 0,07 0,07 0,07 0,31 
CIRKULANE 0,00 0,00 0,00 0,09 0,18 1,91 0,29 0,19 0,38 0,24 0,23 0,19 0,19 0,20 0,29 
ŠKOFLJICA 1,12 0,95 0,77 0,75 0,04 0,02 0,02 0,04 0,04 0,06 0,08 0,04 0,04 0,04 0,29 
DOBROVA-
POLHOV 
GRADEC 0,00 0,00 0,00 0,08 0,15 0,88 0,54 0,41 0,16 0,50 0,74 0,16 0,16 0,16 0,28 
LENART 0,21 0,00 0,00 0,06 0,63 0,38 0,64 0,13 0,50 0,56 0,35 0,13 0,13 0,13 0,28 
TIŠINA 0,13 0,58 0,58 0,70 0,17 0,17 0,22 0,17 0,27 0,20 0,29 0,17 0,17 0,17 0,28 
PESNICA 0,00 0,00 0,00 0,10 0,39 0,87 0,44 0,37 0,28 0,33 0,22 0,20 0,20 0,20 0,26 
ŽALEC 0,11 0,37 0,19 0,47 0,26 0,27 0,49 0,33 0,53 0,17 0,31 0,05 0,05 0,06 0,26 
JURŠINCI 0,21 0,00 0,00 0,07 0,93 0,32 0,20 0,21 0,27 0,30 0,36 0,21 0,21 0,22 0,25 
OPLOTNICA 0,09 0,02 0,03 0,07 0,09 0,12 0,10 0,09 0,73 1,75 0,15 0,09 0,10 0,10 0,25 
VELIKA POLANA 0,19 0,56 0,56 0,61 0,10 0,10 0,10 0,37 0,32 0,10 0,10 0,10 0,10 0,11 0,24 
SV. JURIJ V 
SLOVENSKIH 
GORICAH 0,00 0,00 0,00 0,12 0,23 0,70 0,24 0,24 0,24 0,28 0,35 0,25 0,25 0,26 0,23 
KRANJSKA 
GORA 0,00 0,00 0,00 0,07 0,43 0,34 0,17 0,60 0,28 0,33 0,41 0,14 0,14 0,15 0,22 
MARKOVCI 0,10 0,41 0,41 0,50 0,16 0,16 0,10 0,17 0,15 0,23 0,17 0,17 0,17 0,17 0,22 
ŠENČUR 0,00 0,00 0,00 0,02 0,02 0,02 0,05 0,04 0,19 0,22 0,27 0,75 0,60 0,84 0,22 
SODRAŽICA 0,00 0,00 0,57 0,68 0,16 0,17 0,17 0,17 0,17 0,17 0,17 0,18 0,18 0,18 0,21 
TRNOVSKA VAS 0,23 0,00 0,00 0,12 0,28 0,24 0,31 0,24 0,28 0,24 0,25 0,25 0,25 0,26 0,21 
ŠTORE 0,00 0,00 0,00 0,03 0,15 0,53 0,53 0,38 0,13 0,74 0,12 0,06 0,06 0,06 0,20 

CERKVENJAK 0,16 0,00 0,00 0,10 0,25 0,20 0,20 0,20 0,35 0,20 0,20 0,21 0,21 0,21 0,18 
SV. TROJICA V 
SLOVENSKIH 
GORICAH 0,00 0,00 0,00 0,10 0,20 0,21 0,20 0,21 0,21 0,23 0,21 0,21 0,21 0,22 0,16 
BRASLOVČE 0,00 0,00 0,00 0,04 0,26 0,68 0,09 0,13 0,17 0,41 0,11 0,08 0,09 0,09 0,15 
DOBJE 0,00 0,00 0,00 0,09 0,16 0,17 0,17 0,17 0,17 0,17 0,17 0,17 0,18 0,18 0,13 
DORNAVA 0,15 0,00 0,00 0,03 0,12 0,15 0,13 0,13 0,13 0,13 0,44 0,13 0,13 0,14 0,13 
DOL PRI 
LJUBLJANI 0,00 0,00 0,00 0,04 0,11 0,33 0,62 0,08 0,08 0,07 0,08 0,08 0,08 0,08 0,12 
ČRENŠOVCI 0,11 0,44 0,44 0,44 0,00 0,00 0,00 0,00 0,00 0,00 0,02 0,00 0,00 0,00 0,10 
ŠKOFJA LOKA 0,31 0,06 0,04 0,05 0,05 0,08 0,09 0,15 0,11 0,16 0,06 0,06 0,06 0,06 0,10 
ŽIRI 0,00 0,00 0,00 0,04 0,07 0,07 0,54 0,08 0,18 0,11 0,08 0,08 0,08 0,08 0,10 
ŽIROVNICA 0,00 0,00 0,00 0,01 0,28 0,15 0,04 0,04 0,60 0,08 0,07 0,02 0,02 0,02 0,10 
BREZOVICA 0,00 0,00 0,00 0,05 0,09 0,11 0,09 0,27 0,12 0,10 0,10 0,10 0,10 0,10 0,09 
LOG-
DRAGOMER 0,00 0,00 0,00 0,03 0,05 0,05 0,05 0,05 0,06 0,05 0,10 0,06 0,06 0,06 0,04 
MEDVODE 0,00 0,00 0,00 0,02 0,07 0,08 0,03 0,03 0,03 0,07 0,12 0,03 0,03 0,03 0,04 
LJUBLJANA 0,05 0,06 0,06 0,07 0,08 0,01 0,00 0,01 0,00 0,03 0,03 0,01 0,01 0,01 0,03 
PIRAN 0,01 0,01 0,01 0,02 0,06 0,02 0,02 0,15 0,05 0,02 0,03 0,05 0,02 0,02 0,03 
ŠEMPETER-
VRTOJBA 0,00 0,00 0,00 0,02 0,03 0,03 0,04 0,04 0,04 0,04 0,04 0,04 0,04 0,02 0,03 
 
 
Tabela 19: Prihodek iz naslo va Prihodki od koncesijskih dajatev od posebnih iger na srečo (urejeno padajoče glede na povprečje  2007-2020) v absolutnih 
zneskih (v EUR) 
OBČINA 2007 2008 2009 2010 2011 2012 2013 2014 2015 2016 2017 2018 2019 2020 x̄ 
Skupaj občine  27679390 25870803 24544975 23271702 22322118 20421583 18810787 18431606 18297235 18827204 18876269 19017120 19543158 11673100 20541932 
NOVA GORICA 7915288 7055861 6624316 6189372 5962216 5380048 4796230 4655729 4565146 4617139 4506327 4434969 4319435 2511122 5252371 
KRANJSKA 
GORA 1856393 1592494 1490313 1367256 1319441 1277411 1309793 1365049 1386152 1459656 1424315 1399699 1499011 978801,2 1408985 
SEŽANA 1750553 1655810 1633493 1658698 1608948 1392219 1263534 1208604 1249681 1258082 1272908 1240516 1229175 709034,5 1366518 
LJUBLJANA 1162585 1430728 1401088 1350054 1222219 1209098 1187722 1112761 1115533 1171563 1201886 1210211 1348935 764794,3 1206370 
ŠENTILJ 0 431753,6 542443,5 597227 620417,6 700889,3 717788 986774,4 1084542 1347411 1622429 1886830 2164720 1298858 1000149 
ŠEMPETER-
VRTOJBA 1462041 1303295 1223584 1143245 1101287 993753,9 885916,6 859964,3 843232,5 852836,3 832368,2 819187,4 797847,1 463831,9 970170,7 
PIRAN 1125839 1206878 1259043 1254487 1183458 995717 1027484 961963,1 823131,3 774297,1 738588 719788,1 778022,6 457946,2 950474,4 
KOPER 614094 658296,8 686750,8 684265,3 645522,6 543118,4 560446 524707,1 448980,7 422343,9 402866,2 392611,7 424375,9 249788,8 518440,6 
HRPELJE-
KOZINA 583518 551936,5 544511,5 552899,5 536315,9 464073,1 421178,2 402868,1 416560,2 419360,7 424302,5 413505,3 409725,1 236344,9 455507,1 

DIVAČA 583517,6 551936,5 544497,8 552899,5 536315,9 464073,1 421178,2 402868,1 416560,2 419360,7 424302,5 413505,3 409725,1 236344,9 455506,1 
MIREN-
KOSTANJEVICA 614029 547358,8 513880,3 480139,6 462518 417356,5 372066,8 361167,5 354140,5 358173,8 349577,6 344042 335079,5 194799,9 407452,1 
BRDA 614027 547357 513880,3 480139,6 462518 417356,4 372066,9 361167,5 354140,5 358173,8 349577,6 344042 335079,5 194799,9 407451,9 
KANAL 614027 547357,3 513880,3 480139,6 462518 417356,4 372066,9 361167,5 354140,5 358173,8 349577,6 344042 335079,5 194799,9 407451,9 
RENČE-
VOGRSKO 699884 667650 621645,9 573420 529064 425290 333098,2 285511,4 252901,9 239947,9 242135,1 253246,1 253552,7 65983,75 388809,4 
GROSUPLJE 515415 553931,2 402425 329993 320892,7 295530,2 247219,6 221881,2 211451,1 247744,8 211923,5 233215,4 282264,5 210791,5 306048,5 
AJDOVŠČINA 460520,4 410518 385410,2 360104,7 346888,5 313017,3 279050,2 270875,6 265605,3 268630,4 262183,2 258031,5 251309,7 146099,9 305588,9 
BOVEC 460520 410518 385410,2 360104,7 346888,5 313017,3 279050,2 270875,6 265605,3 268630,4 262183,2 258031,5 251309,7 146099,9 305588,9 
CERKNO 460520 410518 385410,2 360104,7 346888,5 313017,3 279050,2 270875,6 265605,3 268630,4 262183,2 258031,5 251309,7 146099,9 305588,9 
IDRIJA 460520 410518 385410,2 360104,7 346888,5 313017,3 279050,2 270875,6 265605,3 268630,4 262183,2 258031,5 251309,7 146099,9 305588,9 
KOMEN 460520 410518 385410,3 360104,7 346888,5 313017,3 279050,2 270875,6 265605,3 268630,4 262183,2 258031,5 251309,7 146099,9 305588,9 
POSTOJNA 460520,4 410518 385410,2 360104,7 346888,5 313017,3 279050,2 270875,6 265605,3 268630,4 262183,2 258031,5 251309,7 146099,9 305588,9 
TOLMIN 460520 410518 385410,2 360104,7 346888,5 313017,3 279050,2 270875,6 265605,3 268630,4 262183,2 258031,5 251309,7 146099,9 305588,9 
VIPAVA 460520 410518 385410,2 360104,7 346888,5 313017,3 279050,2 270875,6 265605,3 268630,4 262183,2 258031,5 251309,7 146099,9 305588,9 
IZOLA 307046,9 329148 343375 342133 322761 271559,2 280223 262353,6 224490,3 211171,9 201433,1 196305,8 212188 124894,5 259220,2 
JESENICE 337525,9 289544,3 270966 248592 239898,4 232256,6 238144,3 248190,7 252027,7 265392 258966,4 254490,8 272547,4 177963,9 256179 
KOBARID 548847 388344 337327 346966 328048 285874 212360,5 185109,4 149378,5 142815 127684 116614,3 127839 68627,84 240416,7 
MARIBOR 282061,1 209646,3 202106,9 158612,8 167107,8 277180,5 237119,7 215691,1 212089,4 181006,3 187096,9 216531,4 235517,6 164703,9 210462,3 
BLED 336410,5 353111 323538,2 138532,4 122425 112547,4 182698,6 178275,7 173252,1 158828,2 159859,2 165206,4 177982,7 101559,4 191730,5 
RADOVLJICA 129388,7 135811,9 124437,8 302849,1 318305,1 292623,3 197525,4 178275,7 173252,1 158828,2 159859,2 165206,4 177982,7 101559,4 186850,4 
ANKARAN         170442,3 198916,1 197612,7 181648,4 176225,4 111050,9 172649,3 
CELJE 260088 195629 177835 165782 148335,5 151444,4 149605,4 137049,1 143892,8 158969,9 170436,3 176878,5 170024 136208,3 167298,4 
BOHINJ 216981 186135,6 174192,4 159809,1 154220,4 149307,8 153092,7 159551,1 162017,8 170609,2 166478,4 163601,2 175209,1 114405,4 164686,5 
RADENCI 146315,4 118749,1 134906,4 115664,5 99157,14 114644,7 95235,76 106670,3 116452,5 143896,7 202975,9 216575,6 200182,3 199531,9 143639,9 
KRANJ 273252,3 178019,5 142026,5 135920,6 121487,7 111253 85902,43 94724,77 93779,93 100035 140744 130918,2 137591,5 84473,53 130723,5 
ŽALEC 136925,8 160695,2 158262,4 116603,6 108952,1 109579,8 87407,05 77859,07 69495,68 73335,16 78155,95 86232,23 80302,35 61912,14 100408,5 
PTUJ 71779,24 50508,11 51683,71 48919,74 30273,09 33424,81 67594,32 83201,26 108308,6 144042,8 132405 170435,1 177763 104041,1 91027,13 
IVANČNA 
GORICA 120846 129876,5 94353,87 77371,2 75237,54 69290,97 57963,93 52023,03 49577,51 58087,05 49688,3 54680,45 66180,64 49422,88 71757,14 
ŽIROVNICA 51755,47 54324,77 49775,11 49042,39 48970 45018,97 42247,12 39616,84 38500,47 35295,15 35524,26 36712,56 39551,7 22568,76 42064,54 
ROGAŠKA 
SLATINA 66058 42961 45855 46080 43536 36780,27 34751,37 40504,42 35424,94 41856,28 38570,77 42141,66 43254,25 13412,59 40799,04 
ŠKOFLJICA 64139,48 68932,59 50078,75 41065,13 39932,68 36776,48 30764,63 27611,45 26313,48 30829,99 26372,3 29021,91 35125,67 26231,42 38085,43 
KOČEVJE 91384,03 85929,27 72611,02 71265,14 68157,27 54212,29 16865,51 0 0 0 0 0 0 0 32887,47 
BREŽICE 30333 29695,75 26299,52 0 55429,22 50813,82 46500,04 38581,34 33718,03 34123,37 28940,41 29856,7 27749,6 16602,75 32045,97 

VELIKE LAŠČE 33870,57 36401,65 26445,43 21685,54 21087,51 19420,8 16246,09 14580,95 13895,52 16280,62 13926,59 15325,79 18549,04 13852,19 20112,02 
DOBREPOLJE 32031,44 34425,11 25009,47 20508,03 19942,47 18366,27 15363,93 13789,21 13141,04 15396,59 13170,37 14493,6 17541,86 13100,04 19019,96 
GORNJA 
RADGONA 171537,1 72665,23 0 0 0 0 0 0 0 0 0 0 0 31,18 17445,25 
PREVALJE 64106 63865,57 60877,59 48440,8 0 0 0 0 0 0 0 0 0 0 16949,28 
VELENJE 21237,13 24923,75 24546,42 18085,18 16898,41 16995,79 13556,79 12075,91 10778,73 11374,26 12121,97 13374,57 12454,87 9602,55 15573,31 
PESNICA 18450,82 13713,86 13220,68 10375,57 10931 18131,6 15511,04 14109,29 13873,7 11840,42 12238,83 14164,25 15406,22 10774,01 13767,24 
KUNGOTA 11157,77 8293,19 7994,94 6274,42 6610,45 10964,72 9379,98 8532,31 8389,82 7160,26 7401,16 8565,53 9316,6 6515,36 8325,465 
ŠOŠTANJ 5247,31 6158,2 6064,96 4468,5 4175,28 4199,34 3349,63 2983,74 2663,26 2810,38 2995,11 3304,6 3077,36 2372,62 3847,878 
NOVO MESTO 30124 14326,77 0 0 0 0 0 0 0 0 0 0 0 0 3175,055 
DOBRNA 23260 0 0 0 0 0 0 0 0 0 0 0 0 0 1661,429 
ŠMARTNO OB 
PAKI 1859 2182 2148,99 1583,31 1479,43 1488 1186,89 1057,22 943,64 995,81 1061,25 1170,93 1090,43 840,67 1363,398 
APAČE 0 0 0 0 0 0 0 0 0 0 0 0 0 0 0 
BELTINCI 0 0 0 0 0 0 0 0 0 0 0 0 0 0 0 
BENEDIKT 0 0 0 0 0 0 0 0 0 0 0 0 0 0 0 
BISTRICA OB 
SOTLI 0 0 0 0 0 0 0 0 0 0 0 0 0 0 0 
BLOKE 0 0 0 0 0 0 0 0 0 0 0 0 0 0 0 
BOROVNICA 0 0 0 0 0 0 0 0 0 0 0 0 0 0 0 
BRASLOVČE 0 0 0 0 0 0 0 0 0 0 0 0 0 0 0 
BREZOVICA 0 0 0 0 0 0 0 0 0 0 0 0 0 0 0 
CANKOVA 0 0 0 0 0 0 0 0 0 0 0 0 0 0 0 
CERKLJE NA 
GORENJSKEM 0 0 0 0 0 0 0 0 0 0 0 0 0 0 0 
CERKNICA 0 0 0 0 0 0 0 0 0 0 0 0 0 0 0 
CERKVENJAK 0 0 0 0 0 0 0 0 0 0 0 0 0 0 0 
CIRKULANE 0 0 0 0 0 0 0 0 0 0 0 0 0 0 0 
ČRENŠOVCI 0 0 0 0 0 0 0 0 0 0 0 0 0 0 0 
ČRNA NA 
KOROŠKEM 0 0 0 0 0 0 0 0 0 0 0 0 0 0 0 
ČRNOMELJ 0 0 0 0 0 0 0 0 0 0 0 0 0 0 0 
DESTRNIK 0 0 0 0 0 0 0 0 0 0 0 0 0 0 0 
DOBJE 0 0 0 0 0 0 0 0 0 0 0 0 0 0 0 
DOBROVA-
POLHOV 
GRADEC 0 0 0 0 0 0 0 0 0 0 0 0 0 0 0 
DOBROVNIK 0 0 0 0 0 0 0 0 0 0 0 0 0 0 0 

DOL PRI 
LJUBLJANI 0 0 0 0 0 0 0 0 0 0 0 0 0 0 0 
DOLENJSKE 
TOPLICE 0 0 0 0 0 0 0 0 0 0 0 0 0 0 0 
DOMŽALE 0 0 0 0 0 0 0 0 0 0 0 0 0 0 0 
DORNAVA 0 0 0 0 0 0 0 0 0 0 0 0 0 0 0 
DRAVOGRAD 0 0 0 0 0 0 0 0 0 0 0 0 0 0 0 
DUPLEK 0 0 0 0 0 0 0 0 0 0 0 0 0 0 0 
GORENJA VAS-
POLJANE 0 0 0 0 0 0 0 0 0 0 0 0 0 0 0 
GORIŠNICA 0 0 0 0 0 0 0 0 0 0 0 0 0 0 0 
GORJE 0 0 0 0 0 0 0 0 0 0 0 0 0 0 0 
GORNJI GRAD 0 0 0 0 0 0 0 0 0 0 0 0 0 0 0 
GORNJI 
PETROVCI 0 0 0 0 0 0 0 0 0 0 0 0 0 0 0 
GRAD 0 0 0 0 0 0 0 0 0 0 0 0 0 0 0 
HAJDINA 0 0 0 0 0 0 0 0 0 0 0 0 0 0 0 
HOČE-SLIVNICA 0 0 0 0 0 0 0 0 0 0 0 0 0 0 0 
HODOŠ 0 0 0 0 0 0 0 0 0 0 0 0 0 0 0 
HORJUL 0 0 0 0 0 0 0 0 0 0 0 0 0 0 0 
HRASTNIK 0 0 0 0 0 0 0 0 0 0 0 0 0 0 0 
IG 0 0 0 0 0 0 0 0 0 0 0 0 0 0 0 
ILIRSKA 
BISTRICA 0 0 0 0 0 0 0 0 0 0 0 0 0 0 0 
JEZERSKO 0 0 0 0 0 0 0 0 0 0 0 0 0 0 0 
JURŠINCI 0 0 0 0 0 0 0 0 0 0 0 0 0 0 0 
KAMNIK 0 0 0 0 0 0 0 0 0 0 0 0 0 0 0 
KIDRIČEVO 0 0 0 0 0 0 0 0 0 0 0 0 0 0 0 
KOBILJE 0 0 0 0 0 0 0 0 0 0 0 0 0 0 0 
KOMENDA 0 0 0 0 0 0 0 0 0 0 0 0 0 0 0 
KOSTANJEVICA 
NA KRKI 0 0 0 0 0 0 0 0 0 0 0 0 0 0 0 
KOSTEL 0 0 0 0 0 0 0 0 0 0 0 0 0 0 0 
KOZJE 0 0 0 0 0 0 0 0 0 0 0 0 0 0 0 
KRIŽEVCI 0 0 0 0 0 0 0 0 0 0 0 0 0 0 0 
KRŠKO 0 0 0 0 0 0 0 0 0 0 0 0 0 0 0 
KUZMA 0 0 0 0 0 0 0 0 0 0 0 0 0 0 0 
LAŠKO 0 0 0 0 0 0 0 0 0 0 0 0 0 0 0 

LENART 0 0 0 0 0 0 0 0 0 0 0 0 0 0 0 
LENDAVA 0 0 0 0 0 0 0 0 0 0 0 0 0 0 0 
LITIJA 0 0 0 0 0 0 0 0 0 0 0 0 0 0 0 
LJUBNO 0 0 0 0 0 0 0 0 0 0 0 0 0 0 0 
LJUTOMER 0 0 0 0 0 0 0 0 0 0 0 0 0 0 0 
LOGATEC 0 0 0 0 0 0 0 0 0 0 0 0 0 0 0 
LOG-
DRAGOMER 0 0 0 0 0 0 0 0 0 0 0 0 0 0 0 
LOŠKA DOLINA 0 0 0 0 0 0 0 0 0 0 0 0 0 0 0 
LOŠKI POTOK 0 0 0 0 0 0 0 0 0 0 0 0 0 0 0 
LOVRENC NA 
POHORJU 0 0 0 0 0 0 0 0 0 0 0 0 0 0 0 
LUČE 0 0 0 0 0 0 0 0 0 0 0 0 0 0 0 
LUKOVICA 0 0 0 0 0 0 0 0 0 0 0 0 0 0 0 
MAJŠPERK 0 0 0 0 0 0 0 0 0 0 0 0 0 0 0 
MAKOLE 0 0 0 0 0 0 0 0 0 0 0 0 0 0 0 
MARKOVCI 0 0 0 0 0 0 0 0 0 0 0 0 0 0 0 
MEDVODE 0 0 0 0 0 0 0 0 0 0 0 0 0 0 0 
MENGEŠ 0 0 0 0 0 0 0 0 0 0 0 0 0 0 0 
METLIKA 0 0 0 0 0 0 0 0 0 0 0 0 0 0 0 
MEŽICA 0 0 0 0 0 0 0 0 0 0 0 0 0 0 0 
MIKLAVŽ NA 
DRAVSKEM 
POLJU 0 0 0 0 0 0 0 0 0 0 0 0 0 0 0 
MIRNA     0 0 0 0 0 0 0 0 0 0 0 
MIRNA PEČ 0 0 0 0 0 0 0 0 0 0 0 0 0 0 0 
MISLINJA 0 0 0 0 0 0 0 0 0 0 0 0 0 0 0 
MOKRONOG-
TREBELNO 0 0 0 0 0 0 0 0 0 0 0 0 0 0 0 
MORAVČE 0 0 0 0 0 0 0 0 0 0 0 0 0 0 0 
MORAVSKE 
TOPLICE 0 0 0 0 0 0 0 0 0 0 0 0 0 0 0 
MOZIRJE 0 0 0 0 0 0 0 0 0 0 0 0 0 0 0 
MURSKA 
SOBOTA 0 0 0 0 0 0 0 0 0 0 0 0 0 0 0 
MUTA 0 0 0 0 0 0 0 0 0 0 0 0 0 0 0 
NAKLO 0 0 0 0 0 0 0 0 0 0 0 0 0 0 0 
NAZARJE 0 0 0 0 0 0 0 0 0 0 0 0 0 0 0 

ODRANCI 0 0 0 0 0 0 0 0 0 0 0 0 0 0 0 
OPLOTNICA 0 0 0 0 0 0 0 0 0 0 0 0 0 0 0 
ORMOŽ 0 0 0 0 0 0 0 0 0 0 0 0 0 0 0 
OSILNICA 0 0 0 0 0 0 0 0 0 0 0 0 0 0 0 
PIVKA 0 0 0 0 0 0 0 0 0 0 0 0 0 0 0 
PODČETRTEK 0 0 0 0 0 0 0 0 0 0 0 0 0 0 0 
PODLEHNIK 0 0 0 0 0 0 0 0 0 0 0 0 0 0 0 
PODVELKA 0 0 0 0 0 0 0 0 0 0 0 0 0 0 0 
POLJČANE 0 0 0 0 0 0 0 0 0 0 0 0 0 0 0 
POLZELA 0 0 0 0 0 0 0 0 0 0 0 0 0 0 0 
PREBOLD 0 0 0 0 0 0 0 0 0 0 0 0 0 0 0 
PREDDVOR 0 0 0 0 0 0 0 0 0 0 0 0 0 0 0 
PUCONCI 0 0 0 0 0 0 0 0 0 0 0 0 0 0 0 
RAČE-FRAM 0 0 0 0 0 0 0 0 0 0 0 0 0 0 0 
RADEČE 0 0 0 0 0 0 0 0 0 0 0 0 0 0 0 
RADLJE OB 
DRAVI 0 0 0 0 0 0 0 0 0 0 0 0 0 0 0 
RAVNE NA 
KOROŠKEM 0 0 0 0 0 0 0 0 0 0 0 0 0 0 0 
RAZKRIŽJE 0 0 0 0 0 0 0 0 0 0 0 0 0 0 0 
REČICA OB 
SAVINJI 0 0 0 0 0 0 0 0 0 0 0 0 0 0 0 
RIBNICA 0 0 0 0 0 0 0 0 0 0 0 0 0 0 0 
RIBNICA NA 
POHORJU 0 0 0 0 0 0 0 0 0 0 0 0 0 0 0 
ROGAŠOVCI 0 0 0 0 0 0 0 0 0 0 0 0 0 0 0 
ROGATEC 0 0 0 0 0 0 0 0 0 0 0 0 0 0 0 
RUŠE 0 0 0 0 0 0 0 0 0 0 0 0 0 0 0 
SELNICA OB 
DRAVI 0 0 0 0 0 0 0 0 0 0 0 0 0 0 0 
SEMIČ 0 0 0 0 0 0 0 0 0 0 0 0 0 0 0 
SEVNICA 0 0 0 0 0 0 0 0 0 0 0 0 0 0 0 
SLOVENJ 
GRADEC 0 0 0 0 0 0 0 0 0 0 0 0 0 0 0 
SLOVENSKA 
BISTRICA 0 0 0 0 0 0 0 0 0 0 0 0 0 0 0 
SLOVENSKE 
KONJICE 0 0 0 0 0 0 0 0 0 0 0 0 0 0 0 
SODRAŽICA 0 0 0 0 0 0 0 0 0 0 0 0 0 0 0 

SOLČAVA 0 0 0 0 0 0 0 0 0 0 0 0 0 0 0 
SREDIŠČE OB 
DRAVI 0 0 0 0 0 0 0 0 0 0 0 0 0 0 0 
STARŠE 0 0 0 0 0 0 0 0 0 0 0 0 0 0 0 
STRAŽA 0 0 0 0 0 0 0 0 0 0 0 0 0 0 0 
SVETA ANA 0 0 0 0 0 0 0 0 0 0 0 0 0 0 0 
SV. TROJICA V 
SLOVENSKIH 
GORICAH 0 0 0 0 0 0 0 0 0 0 0 0 0 0 0 
SV. ANDRAŽ V 
SLOVENSKIH 
GORICAH 0 0 0 0 0 0 0 0 0 0 0 0 0 0 0 
SVETI JURIJ 0 0 0 0 0 0 0 0 0 0 0 0 0 0 0 
SV. JURIJ V 
SLOVENSKIH 
GORICAH 0 0 0 0 0 0 0 0 0 0 0 0 0 0 0 
SVETI TOMAŽ 0 0 0 0 0 0 0 0 0 0 0 0 0 0 0 
ŠALOVCI 0 0 0 0 0 0 0 0 0 0 0 0 0 0 0 
ŠENČUR 0 0 0 0 0 0 0 0 0 0 0 0 0 0 0 
ŠENTJERNEJ 0 0 0 0 0 0 0 0 0 0 0 0 0 0 0 
ŠENTJUR 0 0 0 0 0 0 0 0 0 0 0 0 0 0 0 
ŠENTRUPERT 0 0 0 0 0 0 0 0 0 0 0 0 0 0 0 
ŠKOCJAN 0 0 0 0 0 0 0 0 0 0 0 0 0 0 0 
ŠKOFJA LOKA 0 0 0 0 0 0 0 0 0 0 0 0 0 0 0 
ŠMARJE PRI 
JELŠAH 0 0 0 0 0 0 0 0 0 0 0 0 0 0 0 
ŠMARJEŠKE 
TOPLICE 0 0 0 0 0 0 0 0 0 0 0 0 0 0 0 
ŠMARTNO PRI 
LITIJI 0 0 0 0 0 0 0 0 0 0 0 0 0 0 0 
ŠTORE 0 0 0 0 0 0 0 0 0 0 0 0 0 0 0 
TABOR 0 0 0 0 0 0 0 0 0 0 0 0 0 0 0 
TIŠINA 0 0 0 0 0 0 0 0 0 0 0 0 0 0 0 
TRBOVLJE 0 0 0 0 0 0 0 0 0 0 0 0 0 0 0 
TREBNJE 0 0 0 0 0 0 0 0 0 0 0 0 0 0 0 
TRNOVSKA VAS 0 0 0 0 0 0 0 0 0 0 0 0 0 0 0 
TRZIN 0 0 0 0 0 0 0 0 0 0 0 0 0 0 0 
TRŽIČ 0 0 0 0 0 0 0 0 0 0 0 0 0 0 0 
TURNIŠČE 0 0 0 0 0 0 0 0 0 0 0 0 0 0 0 

VELIKA POLANA 0 0 0 0 0 0 0 0 0 0 0 0 0 0 0 
VERŽEJ 0 0 0 0 0 0 0 0 0 0 0 0 0 0 0 
VIDEM 0 0 0 0 0 0 0 0 0 0 0 0 0 0 0 
VITANJE 0 0 0 0 0 0 0 0 0 0 0 0 0 0 0 
VODICE 0 0 0 0 0 0 0 0 0 0 0 0 0 0 0 
VOJNIK 0 0 0 0 0 0 0 0 0 0 0 0 0 0 0 
VRANSKO 0 0 0 0 0 0 0 0 0 0 0 0 0 0 0 
VRHNIKA 0 0 0 0 0 0 0 0 0 0 0 0 0 0 0 
VUZENICA 0 0 0 0 0 0 0 0 0 0 0 0 0 0 0 
ZAGORJE OB 
SAVI 0 0 0 0 0 0 0 0 0 0 0 0 0 0 0 
ZAVRČ 0 0 0 0 0 0 0 0 0 0 0 0 0 0 0 
ZREČE 0 0 0 0 0 0 0 0 0 0 0 0 0 0 0 
ŽELEZNIKI 0 0 0 0 0 0 0 0 0 0 0 0 0 0 0 
ŽETALE 0 0 0 0 0 0 0 0 0 0 0 0 0 0 0 
ŽIRI 0 0 0 0 0 0 0 0 0 0 0 0 0 0 0 
ŽUŽEMBERK 0 0 0 0 0 0 0 0 0 0 0 0 0 0 0 
 
 
Tabela 20: Prihodek iz naslova Prihodki od koncesijskih dajatev od posebnih iger na srečo (urejeno padajoče glede na povprečje  2007-2020) na prebivalca 
(v EUR) 
OBČINA 2007 2008 2009 2010 2011 2012 2013 2014 2015 2016 2017 2018 2019 2020 x̄ 
KRANJSKA 
GORA 356,59 305,90 286,27 262,63 253,45 245,37 251,59 262,21 266,26 280,38 273,59 268,86 287,94 188,01 270,65 
NOVA GORICA 252,60 225,18 211,40 197,52 190,27 171,69 153,06 148,58 145,69 147,35 143,81 141,53 137,85 80,14 167,62 
ŠEMPETER-
VRTOJBA 234,60 209,13 196,34 183,45 176,71 159,46 142,16 137,99 135,31 136,85 133,56 131,45 128,02 74,43 155,68 
ŠENTILJ 0,00 51,55 64,77 71,31 74,08 83,69 85,71 117,82 129,50 160,88 193,72 225,29 258,47 155,09 119,42 
DIVAČA 143,55 135,78 133,95 136,01 131,94 114,16 103,61 99,11 102,47 103,16 104,38 101,72 100,79 58,14 112,06 
SEŽANA 138,71 131,21 129,44 131,43 127,49 110,32 100,12 95,77 99,02 99,69 100,86 98,30 97,40 56,18 108,28 
HRPELJE-
KOZINA 131,96 124,82 123,14 125,03 121,28 104,95 95,25 91,11 94,20 94,84 95,95 93,51 92,66 53,45 103,01 
BOVEC 146,01 130,16 122,20 114,17 109,98 99,24 88,48 85,88 84,21 85,17 83,13 81,81 79,68 46,32 96,89 
RENČE-
VOGRSKO 160,56 153,17 142,61 131,55 121,37 97,57 76,42 65,50 58,02 55,05 55,55 58,10 58,17 15,14 89,20 
KOMEN 128,06 114,16 107,18 100,14 96,47 87,05 77,60 75,33 73,86 74,70 72,91 71,76 69,89 40,63 84,98 
MIREN-
KOSTANJEVICA 124,27 110,78 104,00 97,17 93,61 84,47 75,30 73,10 71,67 72,49 70,75 69,63 67,82 39,43 82,46 

KANAL 112,07 99,90 93,79 87,63 84,42 76,17 67,91 65,92 64,64 65,37 63,80 62,79 61,16 35,55 74,37 
BRDA 107,55 95,88 90,01 84,10 81,02 73,10 65,17 63,26 62,03 62,74 61,23 60,26 58,69 34,12 71,37 
CERKNO 96,28 85,83 80,58 75,29 72,53 65,44 58,34 56,63 55,53 56,16 54,82 53,95 52,54 30,55 63,89 
KOBARID 130,21 92,13 80,03 82,32 77,83 67,82 50,38 43,92 35,44 33,88 30,29 27,67 30,33 16,28 57,04 
PIRAN 65,20 69,89 72,91 72,65 68,53 57,66 59,50 55,71 47,67 44,84 42,77 41,68 45,06 26,52 55,04 
VIPAVA 81,93 73,03 68,57 64,06 61,71 55,69 49,64 48,19 47,25 47,79 46,64 45,90 44,71 25,99 54,37 
BOHINJ 41,76 35,82 33,52 30,76 29,68 28,74 29,46 30,71 31,18 32,83 32,04 31,49 33,72 22,02 31,69 
RADENCI 28,62 23,23 26,39 22,63 19,40 22,43 18,63 20,87 22,78 28,15 39,71 42,37 39,16 39,03 28,10 
TOLMIN 41,05 36,59 34,35 32,10 30,92 27,90 24,87 24,14 23,67 23,94 23,37 23,00 22,40 13,02 27,24 
IDRIJA 39,56 35,26 33,11 30,93 29,80 26,89 23,97 23,27 22,81 23,07 22,52 22,16 21,59 12,55 26,25 
BLED 42,55 44,66 40,92 17,52 15,48 14,23 23,11 22,55 21,91 20,09 20,22 20,89 22,51 12,84 24,25 
ANKARAN         54,40 63,49 63,07 57,98 56,25 35,45 23,62 
POSTOJNA 28,71 25,59 24,03 22,45 21,63 19,52 17,40 16,89 16,56 16,75 16,35 16,09 15,67 9,11 19,05 
IZOLA 19,33 20,72 21,61 21,54 20,32 17,09 17,64 16,51 14,13 13,29 12,68 12,36 13,36 7,86 16,32 
AJDOVŠČINA 23,64 21,07 19,78 18,48 17,80 16,07 14,32 13,90 13,63 13,79 13,46 13,24 12,90 7,50 15,68 
GROSUPLJE 25,29 27,18 19,75 16,19 15,75 14,50 12,13 10,89 10,38 12,16 10,40 11,44 13,85 10,34 15,02 
JESENICE 16,24 13,93 13,04 11,96 11,54 11,18 11,46 11,94 12,13 12,77 12,46 12,25 13,12 8,56 12,33 
KOPER 12,17 13,05 13,61 13,56 12,80 10,77 11,11 10,40 8,90 8,37 7,99 7,78 8,41 4,95 10,28 
Skupaj občine  13,48 12,60 11,95 11,33 10,87 9,95 9,16 8,98 8,91 9,17 9,19 9,26 9,52 5,68 10,00 
RADOVLJICA 6,87 7,21 6,61 16,08 16,90 15,54 10,49 9,47 9,20 8,43 8,49 8,77 9,45 5,39 9,92 
ŽIROVNICA 11,40 11,97 10,96 10,80 10,79 9,92 9,31 8,73 8,48 7,77 7,82 8,09 8,71 4,97 9,27 
DOBREPOLJE 8,47 9,10 6,61 5,42 5,27 4,86 4,06 3,65 3,48 4,07 3,48 3,83 4,64 3,46 5,03 
ŽALEC 6,36 7,46 7,35 5,41 5,06 5,09 4,06 3,62 3,23 3,41 3,63 4,00 3,73 2,87 4,66 
VELIKE LAŠČE 7,65 8,22 5,97 4,90 4,76 4,38 3,67 3,29 3,14 3,68 3,14 3,46 4,19 3,13 4,54 
LJUBLJANA 4,26 5,24 5,13 4,94 4,48 4,43 4,35 4,07 4,08 4,29 4,40 4,43 4,94 2,80 4,42 
IVANČNA 
GORICA 7,22 7,76 5,64 4,62 4,49 4,14 3,46 3,11 2,96 3,47 2,97 3,27 3,95 2,95 4,29 
PTUJ 3,14 2,21 2,26 2,14 1,33 1,46 2,96 3,64 4,74 6,31 5,80 7,46 7,78 4,55 3,98 
ROGAŠKA 
SLATINA 5,90 3,84 4,10 4,12 3,89 3,29 3,11 3,62 3,17 3,74 3,45 3,77 3,87 1,20 3,65 
ŠKOFLJICA 5,84 6,27 4,56 3,74 3,63 3,35 2,80 2,51 2,39 2,81 2,40 2,64 3,20 2,39 3,47 
CELJE 5,35 4,02 3,66 3,41 3,05 3,11 3,08 2,82 2,96 3,27 3,50 3,64 3,50 2,80 3,44 
PREVALJE 9,56 9,52 9,08 7,22 0,00 0,00 0,00 0,00 0,00 0,00 0,00 0,00 0,00 0,00 2,53 
KRANJ 4,91 3,20 2,55 2,44 2,19 2,00 1,55 1,70 1,69 1,80 2,53 2,35 2,47 1,52 2,35 
KOČEVJE 5,78 5,43 4,59 4,51 4,31 3,43 1,07 0,00 0,00 0,00 0,00 0,00 0,00 0,00 2,08 

GORNJA 
RADGONA 20,26 8,58 0,00 0,00 0,00 0,00 0,00 0,00 0,00 0,00 0,00 0,00 0,00 0,00 2,06 
MARIBOR 2,67 1,99 1,92 1,50 1,58 2,63 2,25 2,04 2,01 1,72 1,77 2,05 2,23 1,56 2,00 
PESNICA 2,52 1,87 1,80 1,42 1,49 2,47 2,12 1,93 1,89 1,62 1,67 1,93 2,10 1,47 1,88 
KUNGOTA 2,30 1,71 1,65 1,29 1,36 2,26 1,93 1,76 1,73 1,48 1,53 1,77 1,92 1,34 1,72 
BREŽICE 1,25 1,22 1,08 0,00 2,28 2,09 1,91 1,59 1,39 1,40 1,19 1,23 1,14 0,68 1,32 
DOBRNA 10,57 0,00 0,00 0,00 0,00 0,00 0,00 0,00 0,00 0,00 0,00 0,00 0,00 0,00 0,76 
VELENJE 0,65 0,76 0,75 0,55 0,51 0,52 0,41 0,37 0,33 0,35 0,37 0,41 0,38 0,29 0,47 
ŠOŠTANJ 0,61 0,71 0,70 0,52 0,48 0,49 0,39 0,35 0,31 0,33 0,35 0,38 0,36 0,27 0,45 
ŠMARTNO OB 
PAKI 0,56 0,66 0,65 0,48 0,45 0,45 0,36 0,32 0,28 0,30 0,32 0,35 0,33 0,25 0,41 
NOVO MESTO 0,82 0,39 0,00 0,00 0,00 0,00 0,00 0,00 0,00 0,00 0,00 0,00 0,00 0,00 0,09 
APAČE 0,00 0,00 0,00 0,00 0,00 0,00 0,00 0,00 0,00 0,00 0,00 0,00 0,00 0,00 0,00 
BELTINCI 0,00 0,00 0,00 0,00 0,00 0,00 0,00 0,00 0,00 0,00 0,00 0,00 0,00 0,00 0,00 
BENEDIKT 0,00 0,00 0,00 0,00 0,00 0,00 0,00 0,00 0,00 0,00 0,00 0,00 0,00 0,00 0,00 
BISTRICA OB 
SOTLI 0,00 0,00 0,00 0,00 0,00 0,00 0,00 0,00 0,00 0,00 0,00 0,00 0,00 0,00 0,00 
BLOKE 0,00 0,00 0,00 0,00 0,00 0,00 0,00 0,00 0,00 0,00 0,00 0,00 0,00 0,00 0,00 
BOROVNICA 0,00 0,00 0,00 0,00 0,00 0,00 0,00 0,00 0,00 0,00 0,00 0,00 0,00 0,00 0,00 
BRASLOVČE 0,00 0,00 0,00 0,00 0,00 0,00 0,00 0,00 0,00 0,00 0,00 0,00 0,00 0,00 0,00 
BREZOVICA 0,00 0,00 0,00 0,00 0,00 0,00 0,00 0,00 0,00 0,00 0,00 0,00 0,00 0,00 0,00 
CANKOVA 0,00 0,00 0,00 0,00 0,00 0,00 0,00 0,00 0,00 0,00 0,00 0,00 0,00 0,00 0,00 
CERKLJE NA 
GORENJSKEM 0,00 0,00 0,00 0,00 0,00 0,00 0,00 0,00 0,00 0,00 0,00 0,00 0,00 0,00 0,00 
CERKNICA 0,00 0,00 0,00 0,00 0,00 0,00 0,00 0,00 0,00 0,00 0,00 0,00 0,00 0,00 0,00 
CERKVENJAK 0,00 0,00 0,00 0,00 0,00 0,00 0,00 0,00 0,00 0,00 0,00 0,00 0,00 0,00 0,00 
CIRKULANE 0,00 0,00 0,00 0,00 0,00 0,00 0,00 0,00 0,00 0,00 0,00 0,00 0,00 0,00 0,00 
ČRENŠOVCI 0,00 0,00 0,00 0,00 0,00 0,00 0,00 0,00 0,00 0,00 0,00 0,00 0,00 0,00 0,00 
ČRNA NA 
KOROŠKEM 0,00 0,00 0,00 0,00 0,00 0,00 0,00 0,00 0,00 0,00 0,00 0,00 0,00 0,00 0,00 
ČRNOMELJ 0,00 0,00 0,00 0,00 0,00 0,00 0,00 0,00 0,00 0,00 0,00 0,00 0,00 0,00 0,00 
DESTRNIK 0,00 0,00 0,00 0,00 0,00 0,00 0,00 0,00 0,00 0,00 0,00 0,00 0,00 0,00 0,00 
DOBJE 0,00 0,00 0,00 0,00 0,00 0,00 0,00 0,00 0,00 0,00 0,00 0,00 0,00 0,00 0,00 
DOBROVA-
POLHOV 
GRADEC 0,00 0,00 0,00 0,00 0,00 0,00 0,00 0,00 0,00 0,00 0,00 0,00 0,00 0,00 0,00 
DOBROVNIK 0,00 0,00 0,00 0,00 0,00 0,00 0,00 0,00 0,00 0,00 0,00 0,00 0,00 0,00 0,00 

DOL PRI 
LJUBLJANI 0,00 0,00 0,00 0,00 0,00 0,00 0,00 0,00 0,00 0,00 0,00 0,00 0,00 0,00 0,00 
DOLENJSKE 
TOPLICE 0,00 0,00 0,00 0,00 0,00 0,00 0,00 0,00 0,00 0,00 0,00 0,00 0,00 0,00 0,00 
DOMŽALE 0,00 0,00 0,00 0,00 0,00 0,00 0,00 0,00 0,00 0,00 0,00 0,00 0,00 0,00 0,00 
DORNAVA 0,00 0,00 0,00 0,00 0,00 0,00 0,00 0,00 0,00 0,00 0,00 0,00 0,00 0,00 0,00 
DRAVOGRAD 0,00 0,00 0,00 0,00 0,00 0,00 0,00 0,00 0,00 0,00 0,00 0,00 0,00 0,00 0,00 
DUPLEK 0,00 0,00 0,00 0,00 0,00 0,00 0,00 0,00 0,00 0,00 0,00 0,00 0,00 0,00 0,00 
GORENJA VAS-
POLJANE 0,00 0,00 0,00 0,00 0,00 0,00 0,00 0,00 0,00 0,00 0,00 0,00 0,00 0,00 0,00 
GORIŠNICA 0,00 0,00 0,00 0,00 0,00 0,00 0,00 0,00 0,00 0,00 0,00 0,00 0,00 0,00 0,00 
GORJE 0,00 0,00 0,00 0,00 0,00 0,00 0,00 0,00 0,00 0,00 0,00 0,00 0,00 0,00 0,00 
GORNJI GRAD 0,00 0,00 0,00 0,00 0,00 0,00 0,00 0,00 0,00 0,00 0,00 0,00 0,00 0,00 0,00 
GORNJI 
PETROVCI 0,00 0,00 0,00 0,00 0,00 0,00 0,00 0,00 0,00 0,00 0,00 0,00 0,00 0,00 0,00 
GRAD 0,00 0,00 0,00 0,00 0,00 0,00 0,00 0,00 0,00 0,00 0,00 0,00 0,00 0,00 0,00 
HAJDINA 0,00 0,00 0,00 0,00 0,00 0,00 0,00 0,00 0,00 0,00 0,00 0,00 0,00 0,00 0,00 
HOČE-SLIVNICA 0,00 0,00 0,00 0,00 0,00 0,00 0,00 0,00 0,00 0,00 0,00 0,00 0,00 0,00 0,00 
HODOŠ 0,00 0,00 0,00 0,00 0,00 0,00 0,00 0,00 0,00 0,00 0,00 0,00 0,00 0,00 0,00 
HORJUL 0,00 0,00 0,00 0,00 0,00 0,00 0,00 0,00 0,00 0,00 0,00 0,00 0,00 0,00 0,00 
HRASTNIK 0,00 0,00 0,00 0,00 0,00 0,00 0,00 0,00 0,00 0,00 0,00 0,00 0,00 0,00 0,00 
IG 0,00 0,00 0,00 0,00 0,00 0,00 0,00 0,00 0,00 0,00 0,00 0,00 0,00 0,00 0,00 
ILIRSKA 
BISTRICA 0,00 0,00 0,00 0,00 0,00 0,00 0,00 0,00 0,00 0,00 0,00 0,00 0,00 0,00 0,00 
JEZERSKO 0,00 0,00 0,00 0,00 0,00 0,00 0,00 0,00 0,00 0,00 0,00 0,00 0,00 0,00 0,00 
JURŠINCI 0,00 0,00 0,00 0,00 0,00 0,00 0,00 0,00 0,00 0,00 0,00 0,00 0,00 0,00 0,00 
KAMNIK 0,00 0,00 0,00 0,00 0,00 0,00 0,00 0,00 0,00 0,00 0,00 0,00 0,00 0,00 0,00 
KIDRIČEVO 0,00 0,00 0,00 0,00 0,00 0,00 0,00 0,00 0,00 0,00 0,00 0,00 0,00 0,00 0,00 
KOBILJE 0,00 0,00 0,00 0,00 0,00 0,00 0,00 0,00 0,00 0,00 0,00 0,00 0,00 0,00 0,00 
KOMENDA 0,00 0,00 0,00 0,00 0,00 0,00 0,00 0,00 0,00 0,00 0,00 0,00 0,00 0,00 0,00 
KOSTANJEVICA 
NA KRKI 0,00 0,00 0,00 0,00 0,00 0,00 0,00 0,00 0,00 0,00 0,00 0,00 0,00 0,00 0,00 
KOSTEL 0,00 0,00 0,00 0,00 0,00 0,00 0,00 0,00 0,00 0,00 0,00 0,00 0,00 0,00 0,00 
KOZJE 0,00 0,00 0,00 0,00 0,00 0,00 0,00 0,00 0,00 0,00 0,00 0,00 0,00 0,00 0,00 
KRIŽEVCI 0,00 0,00 0,00 0,00 0,00 0,00 0,00 0,00 0,00 0,00 0,00 0,00 0,00 0,00 0,00 
KRŠKO 0,00 0,00 0,00 0,00 0,00 0,00 0,00 0,00 0,00 0,00 0,00 0,00 0,00 0,00 0,00 
KUZMA 0,00 0,00 0,00 0,00 0,00 0,00 0,00 0,00 0,00 0,00 0,00 0,00 0,00 0,00 0,00 
LAŠKO 0,00 0,00 0,00 0,00 0,00 0,00 0,00 0,00 0,00 0,00 0,00 0,00 0,00 0,00 0,00 

LENART 0,00 0,00 0,00 0,00 0,00 0,00 0,00 0,00 0,00 0,00 0,00 0,00 0,00 0,00 0,00 
LENDAVA 0,00 0,00 0,00 0,00 0,00 0,00 0,00 0,00 0,00 0,00 0,00 0,00 0,00 0,00 0,00 
LITIJA 0,00 0,00 0,00 0,00 0,00 0,00 0,00 0,00 0,00 0,00 0,00 0,00 0,00 0,00 0,00 
LJUBNO 0,00 0,00 0,00 0,00 0,00 0,00 0,00 0,00 0,00 0,00 0,00 0,00 0,00 0,00 0,00 
LJUTOMER 0,00 0,00 0,00 0,00 0,00 0,00 0,00 0,00 0,00 0,00 0,00 0,00 0,00 0,00 0,00 
LOGATEC 0,00 0,00 0,00 0,00 0,00 0,00 0,00 0,00 0,00 0,00 0,00 0,00 0,00 0,00 0,00 
LOG-
DRAGOMER 0,00 0,00 0,00 0,00 0,00 0,00 0,00 0,00 0,00 0,00 0,00 0,00 0,00 0,00 0,00 
LOŠKA DOLINA 0,00 0,00 0,00 0,00 0,00 0,00 0,00 0,00 0,00 0,00 0,00 0,00 0,00 0,00 0,00 
LOŠKI POTOK 0,00 0,00 0,00 0,00 0,00 0,00 0,00 0,00 0,00 0,00 0,00 0,00 0,00 0,00 0,00 
LOVRENC NA 
POHORJU 0,00 0,00 0,00 0,00 0,00 0,00 0,00 0,00 0,00 0,00 0,00 0,00 0,00 0,00 0,00 
LUČE 0,00 0,00 0,00 0,00 0,00 0,00 0,00 0,00 0,00 0,00 0,00 0,00 0,00 0,00 0,00 
LUKOVICA 0,00 0,00 0,00 0,00 0,00 0,00 0,00 0,00 0,00 0,00 0,00 0,00 0,00 0,00 0,00 
MAJŠPERK 0,00 0,00 0,00 0,00 0,00 0,00 0,00 0,00 0,00 0,00 0,00 0,00 0,00 0,00 0,00 
MAKOLE 0,00 0,00 0,00 0,00 0,00 0,00 0,00 0,00 0,00 0,00 0,00 0,00 0,00 0,00 0,00 
MARKOVCI 0,00 0,00 0,00 0,00 0,00 0,00 0,00 0,00 0,00 0,00 0,00 0,00 0,00 0,00 0,00 
MEDVODE 0,00 0,00 0,00 0,00 0,00 0,00 0,00 0,00 0,00 0,00 0,00 0,00 0,00 0,00 0,00 
MENGEŠ 0,00 0,00 0,00 0,00 0,00 0,00 0,00 0,00 0,00 0,00 0,00 0,00 0,00 0,00 0,00 
METLIKA 0,00 0,00 0,00 0,00 0,00 0,00 0,00 0,00 0,00 0,00 0,00 0,00 0,00 0,00 0,00 
MEŽICA 0,00 0,00 0,00 0,00 0,00 0,00 0,00 0,00 0,00 0,00 0,00 0,00 0,00 0,00 0,00 
MIKLAVŽ NA 
DRAVSKEM 
POLJU 0,00 0,00 0,00 0,00 0,00 0,00 0,00 0,00 0,00 0,00 0,00 0,00 0,00 0,00 0,00 
MIRNA     0,00 0,00 0,00 0,00 0,00 0,00 0,00 0,00 0,00 0,00 0,00 
MIRNA PEČ 0,00 0,00 0,00 0,00 0,00 0,00 0,00 0,00 0,00 0,00 0,00 0,00 0,00 0,00 0,00 
MISLINJA 0,00 0,00 0,00 0,00 0,00 0,00 0,00 0,00 0,00 0,00 0,00 0,00 0,00 0,00 0,00 
MOKRONOG-
TREBELNO 0,00 0,00 0,00 0,00 0,00 0,00 0,00 0,00 0,00 0,00 0,00 0,00 0,00 0,00 0,00 
MORAVČE 0,00 0,00 0,00 0,00 0,00 0,00 0,00 0,00 0,00 0,00 0,00 0,00 0,00 0,00 0,00 
MORAVSKE 
TOPLICE 0,00 0,00 0,00 0,00 0,00 0,00 0,00 0,00 0,00 0,00 0,00 0,00 0,00 0,00 0,00 
MOZIRJE 0,00 0,00 0,00 0,00 0,00 0,00 0,00 0,00 0,00 0,00 0,00 0,00 0,00 0,00 0,00 
MURSKA 
SOBOTA 0,00 0,00 0,00 0,00 0,00 0,00 0,00 0,00 0,00 0,00 0,00 0,00 0,00 0,00 0,00 
MUTA 0,00 0,00 0,00 0,00 0,00 0,00 0,00 0,00 0,00 0,00 0,00 0,00 0,00 0,00 0,00 
NAKLO 0,00 0,00 0,00 0,00 0,00 0,00 0,00 0,00 0,00 0,00 0,00 0,00 0,00 0,00 0,00 
NAZARJE 0,00 0,00 0,00 0,00 0,00 0,00 0,00 0,00 0,00 0,00 0,00 0,00 0,00 0,00 0,00 

ODRANCI 0,00 0,00 0,00 0,00 0,00 0,00 0,00 0,00 0,00 0,00 0,00 0,00 0,00 0,00 0,00 
OPLOTNICA 0,00 0,00 0,00 0,00 0,00 0,00 0,00 0,00 0,00 0,00 0,00 0,00 0,00 0,00 0,00 
ORMOŽ 0,00 0,00 0,00 0,00 0,00 0,00 0,00 0,00 0,00 0,00 0,00 0,00 0,00 0,00 0,00 
OSILNICA 0,00 0,00 0,00 0,00 0,00 0,00 0,00 0,00 0,00 0,00 0,00 0,00 0,00 0,00 0,00 
PIVKA 0,00 0,00 0,00 0,00 0,00 0,00 0,00 0,00 0,00 0,00 0,00 0,00 0,00 0,00 0,00 
PODČETRTEK 0,00 0,00 0,00 0,00 0,00 0,00 0,00 0,00 0,00 0,00 0,00 0,00 0,00 0,00 0,00 
PODLEHNIK 0,00 0,00 0,00 0,00 0,00 0,00 0,00 0,00 0,00 0,00 0,00 0,00 0,00 0,00 0,00 
PODVELKA 0,00 0,00 0,00 0,00 0,00 0,00 0,00 0,00 0,00 0,00 0,00 0,00 0,00 0,00 0,00 
POLJČANE 0,00 0,00 0,00 0,00 0,00 0,00 0,00 0,00 0,00 0,00 0,00 0,00 0,00 0,00 0,00 
POLZELA 0,00 0,00 0,00 0,00 0,00 0,00 0,00 0,00 0,00 0,00 0,00 0,00 0,00 0,00 0,00 
PREBOLD 0,00 0,00 0,00 0,00 0,00 0,00 0,00 0,00 0,00 0,00 0,00 0,00 0,00 0,00 0,00 
PREDDVOR 0,00 0,00 0,00 0,00 0,00 0,00 0,00 0,00 0,00 0,00 0,00 0,00 0,00 0,00 0,00 
PUCONCI 0,00 0,00 0,00 0,00 0,00 0,00 0,00 0,00 0,00 0,00 0,00 0,00 0,00 0,00 0,00 
RAČE-FRAM 0,00 0,00 0,00 0,00 0,00 0,00 0,00 0,00 0,00 0,00 0,00 0,00 0,00 0,00 0,00 
RADEČE 0,00 0,00 0,00 0,00 0,00 0,00 0,00 0,00 0,00 0,00 0,00 0,00 0,00 0,00 0,00 
RADLJE OB 
DRAVI 0,00 0,00 0,00 0,00 0,00 0,00 0,00 0,00 0,00 0,00 0,00 0,00 0,00 0,00 0,00 
RAVNE NA 
KOROŠKEM 0,00 0,00 0,00 0,00 0,00 0,00 0,00 0,00 0,00 0,00 0,00 0,00 0,00 0,00 0,00 
RAZKRIŽJE 0,00 0,00 0,00 0,00 0,00 0,00 0,00 0,00 0,00 0,00 0,00 0,00 0,00 0,00 0,00 
REČICA OB 
SAVINJI 0,00 0,00 0,00 0,00 0,00 0,00 0,00 0,00 0,00 0,00 0,00 0,00 0,00 0,00 0,00 
RIBNICA 0,00 0,00 0,00 0,00 0,00 0,00 0,00 0,00 0,00 0,00 0,00 0,00 0,00 0,00 0,00 
RIBNICA NA 
POHORJU 0,00 0,00 0,00 0,00 0,00 0,00 0,00 0,00 0,00 0,00 0,00 0,00 0,00 0,00 0,00 
ROGAŠOVCI 0,00 0,00 0,00 0,00 0,00 0,00 0,00 0,00 0,00 0,00 0,00 0,00 0,00 0,00 0,00 
ROGATEC 0,00 0,00 0,00 0,00 0,00 0,00 0,00 0,00 0,00 0,00 0,00 0,00 0,00 0,00 0,00 
RUŠE 0,00 0,00 0,00 0,00 0,00 0,00 0,00 0,00 0,00 0,00 0,00 0,00 0,00 0,00 0,00 
SELNICA OB 
DRAVI 0,00 0,00 0,00 0,00 0,00 0,00 0,00 0,00 0,00 0,00 0,00 0,00 0,00 0,00 0,00 
SEMIČ 0,00 0,00 0,00 0,00 0,00 0,00 0,00 0,00 0,00 0,00 0,00 0,00 0,00 0,00 0,00 
SEVNICA 0,00 0,00 0,00 0,00 0,00 0,00 0,00 0,00 0,00 0,00 0,00 0,00 0,00 0,00 0,00 
SLOVENJ 
GRADEC 0,00 0,00 0,00 0,00 0,00 0,00 0,00 0,00 0,00 0,00 0,00 0,00 0,00 0,00 0,00 
SLOVENSKA 
BISTRICA 0,00 0,00 0,00 0,00 0,00 0,00 0,00 0,00 0,00 0,00 0,00 0,00 0,00 0,00 0,00 
SLOVENSKE 
KONJICE 0,00 0,00 0,00 0,00 0,00 0,00 0,00 0,00 0,00 0,00 0,00 0,00 0,00 0,00 0,00 
SODRAŽICA 0,00 0,00 0,00 0,00 0,00 0,00 0,00 0,00 0,00 0,00 0,00 0,00 0,00 0,00 0,00 

SOLČAVA 0,00 0,00 0,00 0,00 0,00 0,00 0,00 0,00 0,00 0,00 0,00 0,00 0,00 0,00 0,00 
SREDIŠČE OB 
DRAVI 0,00 0,00 0,00 0,00 0,00 0,00 0,00 0,00 0,00 0,00 0,00 0,00 0,00 0,00 0,00 
STARŠE 0,00 0,00 0,00 0,00 0,00 0,00 0,00 0,00 0,00 0,00 0,00 0,00 0,00 0,00 0,00 
STRAŽA 0,00 0,00 0,00 0,00 0,00 0,00 0,00 0,00 0,00 0,00 0,00 0,00 0,00 0,00 0,00 
SVETA ANA 0,00 0,00 0,00 0,00 0,00 0,00 0,00 0,00 0,00 0,00 0,00 0,00 0,00 0,00 0,00 
SV. TROJICA V 
SLOVENSKIH 
GORICAH 0,00 0,00 0,00 0,00 0,00 0,00 0,00 0,00 0,00 0,00 0,00 0,00 0,00 0,00 0,00 
SV. ANDRAŽ V 
SLOVENSKIH 
GORICAH 0,00 0,00 0,00 0,00 0,00 0,00 0,00 0,00 0,00 0,00 0,00 0,00 0,00 0,00 0,00 
SVETI JURIJ 0,00 0,00 0,00 0,00 0,00 0,00 0,00 0,00 0,00 0,00 0,00 0,00 0,00 0,00 0,00 
SV. JURIJ V 
SLOVENSKIH 
GORICAH 0,00 0,00 0,00 0,00 0,00 0,00 0,00 0,00 0,00 0,00 0,00 0,00 0,00 0,00 0,00 
SVETI TOMAŽ 0,00 0,00 0,00 0,00 0,00 0,00 0,00 0,00 0,00 0,00 0,00 0,00 0,00 0,00 0,00 
ŠALOVCI 0,00 0,00 0,00 0,00 0,00 0,00 0,00 0,00 0,00 0,00 0,00 0,00 0,00 0,00 0,00 
ŠENČUR 0,00 0,00 0,00 0,00 0,00 0,00 0,00 0,00 0,00 0,00 0,00 0,00 0,00 0,00 0,00 
ŠENTJERNEJ 0,00 0,00 0,00 0,00 0,00 0,00 0,00 0,00 0,00 0,00 0,00 0,00 0,00 0,00 0,00 
ŠENTJUR 0,00 0,00 0,00 0,00 0,00 0,00 0,00 0,00 0,00 0,00 0,00 0,00 0,00 0,00 0,00 
ŠENTRUPERT 0,00 0,00 0,00 0,00 0,00 0,00 0,00 0,00 0,00 0,00 0,00 0,00 0,00 0,00 0,00 
ŠKOCJAN 0,00 0,00 0,00 0,00 0,00 0,00 0,00 0,00 0,00 0,00 0,00 0,00 0,00 0,00 0,00 
ŠKOFJA LOKA 0,00 0,00 0,00 0,00 0,00 0,00 0,00 0,00 0,00 0,00 0,00 0,00 0,00 0,00 0,00 
ŠMARJE PRI 
JELŠAH 0,00 0,00 0,00 0,00 0,00 0,00 0,00 0,00 0,00 0,00 0,00 0,00 0,00 0,00 0,00 
ŠMARJEŠKE 
TOPLICE 0,00 0,00 0,00 0,00 0,00 0,00 0,00 0,00 0,00 0,00 0,00 0,00 0,00 0,00 0,00 
ŠMARTNO PRI 
LITIJI 0,00 0,00 0,00 0,00 0,00 0,00 0,00 0,00 0,00 0,00 0,00 0,00 0,00 0,00 0,00 
ŠTORE 0,00 0,00 0,00 0,00 0,00 0,00 0,00 0,00 0,00 0,00 0,00 0,00 0,00 0,00 0,00 
TABOR 0,00 0,00 0,00 0,00 0,00 0,00 0,00 0,00 0,00 0,00 0,00 0,00 0,00 0,00 0,00 
TIŠINA 0,00 0,00 0,00 0,00 0,00 0,00 0,00 0,00 0,00 0,00 0,00 0,00 0,00 0,00 0,00 
TRBOVLJE 0,00 0,00 0,00 0,00 0,00 0,00 0,00 0,00 0,00 0,00 0,00 0,00 0,00 0,00 0,00 
TREBNJE 0,00 0,00 0,00 0,00 0,00 0,00 0,00 0,00 0,00 0,00 0,00 0,00 0,00 0,00 0,00 
TRNOVSKA VAS 0,00 0,00 0,00 0,00 0,00 0,00 0,00 0,00 0,00 0,00 0,00 0,00 0,00 0,00 0,00 
TRZIN 0,00 0,00 0,00 0,00 0,00 0,00 0,00 0,00 0,00 0,00 0,00 0,00 0,00 0,00 0,00 
TRŽIČ 0,00 0,00 0,00 0,00 0,00 0,00 0,00 0,00 0,00 0,00 0,00 0,00 0,00 0,00 0,00 
TURNIŠČE 0,00 0,00 0,00 0,00 0,00 0,00 0,00 0,00 0,00 0,00 0,00 0,00 0,00 0,00 0,00 

VELIKA POLANA 0,00 0,00 0,00 0,00 0,00 0,00 0,00 0,00 0,00 0,00 0,00 0,00 0,00 0,00 0,00 
VERŽEJ 0,00 0,00 0,00 0,00 0,00 0,00 0,00 0,00 0,00 0,00 0,00 0,00 0,00 0,00 0,00 
VIDEM 0,00 0,00 0,00 0,00 0,00 0,00 0,00 0,00 0,00 0,00 0,00 0,00 0,00 0,00 0,00 
VITANJE 0,00 0,00 0,00 0,00 0,00 0,00 0,00 0,00 0,00 0,00 0,00 0,00 0,00 0,00 0,00 
VODICE 0,00 0,00 0,00 0,00 0,00 0,00 0,00 0,00 0,00 0,00 0,00 0,00 0,00 0,00 0,00 
VOJNIK 0,00 0,00 0,00 0,00 0,00 0,00 0,00 0,00 0,00 0,00 0,00 0,00 0,00 0,00 0,00 
VRANSKO 0,00 0,00 0,00 0,00 0,00 0,00 0,00 0,00 0,00 0,00 0,00 0,00 0,00 0,00 0,00 
VRHNIKA 0,00 0,00 0,00 0,00 0,00 0,00 0,00 0,00 0,00 0,00 0,00 0,00 0,00 0,00 0,00 
VUZENICA 0,00 0,00 0,00 0,00 0,00 0,00 0,00 0,00 0,00 0,00 0,00 0,00 0,00 0,00 0,00 
ZAGORJE OB 
SAVI 0,00 0,00 0,00 0,00 0,00 0,00 0,00 0,00 0,00 0,00 0,00 0,00 0,00 0,00 0,00 
ZAVRČ 0,00 0,00 0,00 0,00 0,00 0,00 0,00 0,00 0,00 0,00 0,00 0,00 0,00 0,00 0,00 
ZREČE 0,00 0,00 0,00 0,00 0,00 0,00 0,00 0,00 0,00 0,00 0,00 0,00 0,00 0,00 0,00 
ŽELEZNIKI 0,00 0,00 0,00 0,00 0,00 0,00 0,00 0,00 0,00 0,00 0,00 0,00 0,00 0,00 0,00 
ŽETALE 0,00 0,00 0,00 0,00 0,00 0,00 0,00 0,00 0,00 0,00 0,00 0,00 0,00 0,00 0,00 
ŽIRI 0,00 0,00 0,00 0,00 0,00 0,00 0,00 0,00 0,00 0,00 0,00 0,00 0,00 0,00 0,00 
ŽUŽEMBERK 0,00 0,00 0,00 0,00 0,00 0,00 0,00 0,00 0,00 0,00 0,00 0,00 0,00 0,00 0,00 
 
 
Tabela 21: Prihodek iz naslova Prihodki od podeljenih koncesij za rudarsko pravico (urejeno padajoče glede na povprečje  2007-2020) v absolutnih zneskih 
(v EUR) 
OBČINA 2007 2008 2009 2010 2011 2012 2013 2014 2015 2016 2017 2018 2019 2020 x̄ 
Skupaj občine  167160,8 142632,6 196225,4 74941,11 1218453 1153882 921402,5 1363734 1357978 1732312 1342143 1664903 2097921 1852490 1091870 
ŠMARTNO PRI 
LITIJI 0 0 0 0 82541,1 66246,65 35332,64 118074 101577,7 134150,2 94554,14 96373,26 155996,2 85374,59 69301,46 
ŽALEC 106483,3 96396,05 109714,6 74671,16 61486,05 64096,16 2389,79 67694,59 51654,47 38453,63 50262,14 34193,82 94734,73 39657,01 63706,26 
DIVAČA 0 0 0 0 11556,75 61212,09 48997,74 51791,06 48837,75 157456,6 76992,5 73383,77 109890,8 183859,8 58855,63 
RADOVLJICA 0 0 0 0 52861,04 44993,01 48073,8 61822,91 88235,37 76704,16 67273,91 80186,45 93381,01 118211 52267,33 
VELENJE 0 0 0 0 46474,88 69595,55 48342,85 47728,15 95567,18 56956,33 59017,18 59738,54 63304,53 81249,79 44855,36 
VRHNIKA 50041 0 0 0 48287,85 35460,76 39255,22 40291,12 3200,34 4711,76 2689,91 178986 67274,37 97065,93 40518,88 
KOPER 0 0 0 0 65083,61 31311,98 46394,43 32229,16 34498,89 63615,73 64420,63 14598,96 128834,8 69673,24 39332,96 
KAMNIK 0 0 0 0 47474,59 41052,12 5471,8 67033,68 86950,52 52290,09 51254,82 63508,03 67309,92 63231,06 38969,76 
KRŠKO 0 0 0 0 51655,51 46043,79 55343,93 63643 57587,42 121286,9 48134,56 60601,31 21279,21 14031,59 38543,37 
MORAVČE 0 0 0 0 37924 28881,47 30603,93 43237,35 59133,55 9217,01 109637,6 60615,19 58556,35 49348,37 34796,77 
ŠOŠTANJ 0 0 0 0 52112,48 36811,35 51745,87 50985,71 43655,4 44210,16 46324,49 46724,26 44039,71 46453,33 33075,91 
POLJČANE 0 0 0 0 45655,19 20663,8 15182,98 27286,13 57842,75 67051,16 39389,53 60457,82 39340,53 42633,17 29678,79 

KIDRIČEVO 0 0 0 0 17978,35 20096,95 23404,4 22186,62 36817,94 61205,97 59538,86 55856,57 40717,57 31528,21 26380,82 
LENDAVA 0 0 0 0 28315,05 21752,83 26846,32 28785,07 28738,64 30086,19 107,13 72887,27 54277,76 36540,33 23452,61 
LJUTOMER 0 0 0 0 21869,14 25640,91 22373,02 44489,61 45598,87 34912,84 23890,46 32855,74 28611,15 27932,09 22012,42 
POLZELA 0 0 0 0 0 6307,08 6669,38 0 44491,85 13045,39 0 39206,77 105172 56520,3 19386,63 
CERKNICA 0 0 0 0 17012,54 14400,39 11938,51 14882,03 15671,72 55254,3 21523,92 25575,77 39272,19 46688,76 18730,01 
MURSKA 
SOBOTA 0 0 0 0 26361,58 23088,96 26384 33394,55 46316,22 37207,04 23913,3 30016,54 11972,3 1774 18602,04 
LUKOVICA 0 0 0 0 34332,38 12590,65 11276,08 18085,61 26956,33 24054,6 27477,54 32526,31 23706,08 24483,66 16820,66 
HRASTNIK 0 0 0 0 26643,7 22241,81 14451,9 28735,95 11712,74 37784,18 23215,3 22279,27 25946,78 10461,74 15962,38 
SEŽANA 0 28289,25 33735,17 0 7935,31 3956,14 4903,88 51533,73 7761,9 13417,86 11677,79 30584,54 12680,03 10655,96 15509,4 
LOGATEC 0 0 0 0 25428,83 64,71 154,97 8111,88 10465,49 14120,11 12007,71 28803,69 61245,75 39414,3 14272,67 
ŠENTJERNEJ 0 0 46395,74 0 24663,79 10399,57 27605,63 13155,92 8381,57 10239,82 590,62 8449,09 19511,96 23774,59 13797,74 
IVANČNA 
GORICA 0 0 0 0 13065,19 16755,9 24814,9 20177,72 22414,09 20199,65 17540,45 21222,96 23764,54 11527,9 13677,38 
ROGAŠKA 
SLATINA 0 0 0 0 13093 13150,06 1720,52 24419,14 9754,44 24970,54 17789,03 37638,23 16604,58 30223,03 13525,9 
ŠENTJUR 0 0 0 0 11946,26 8931,26 5212,77 8380,38 351,13 29222,54 8810,25 29270,21 33837,48 47678,02 13117,16 
HOČE-SLIVNICA 0 0 0 0 0 0 19142,35 19251,63 11281,9 3000 0 0 127528,6 0 12871,75 
BREŽICE 0 0 0 0 18986,83 26001,48 3216,62 2718,38 2761,87 2761,87 45035,69 24887,53 13332,48 20729,04 11459,41 
TREBNJE 0 0 0 0 13649,96 7017,7 13394,68 12108,94 8035,79 19192,24 18587,52 20689,92 24524,6 22169,74 11383,65 
KANAL 0 0 0 0 7934,66 8440,49 13333,12 13087,83 16396,88 16592,47 16306,36 18097,83 19012,58 21378,23 10755,75 
DOBROVNIK 0 0 0 0 0 8874,86 3995,34 6445,08 28055,1 15323,27 10136,3 14835,25 30991,74 27843,01 10464,28 
LJUBLJANA 0 0 0 0 0 17591,06 0 22773,74 0 21191,38 1659,43 6913,98 29337,47 46807,72 10448,2 
SEVNICA 0 0 0 0 7229,32 5165,43 11109,89 10501,89 13135,33 2390,93 15195,53 21004,39 25173,81 29695,9 10043,03 
KOČEVJE 0 0 0 0 3852,97 4899,29 468,9 13364,97 6284,37 10364,44 4357,85 14992,34 43924,61 37811,24 10022,93 
NOVA GORICA 0 0 0 0 3266,6 3080,7 4759,31 4270,2 14207,58 11638,76 14424,29 18490,14 28141,41 32111,55 9599,324 
LAŠKO 0 0 0 0 9440,4 8900,96 11996,19 12053,56 14323,32 16431,76 16915,1 17195,99 14144,44 12417,28 9558,5 
MOKRONOG-
TREBELNO 0 0 0 0 32308,08 13197 10810,28 13008,66 0 7267,46 11539,26 1725,9 33717,28 4022,09 9114,001 
DOBREPOLJE 0 0 0 0 0 12763,73 0 11643,93 0 34836,9 14938,67 18577,83 24621,07 0 8384,438 
ORMOŽ 0 0 0 0 11526,11 18613,11 6048,84 12382,31 9954,17 23702,51 23257,96 850,78 0 7538,45 8133,874 
RAČE-FRAM 0 0 0 0 11360,75 4963,81 0 0 0 61160,43 164,59 329,19 13597,24 18707,68 7877,406 
ILIRSKA 
BISTRICA 0 0 0 0 18107,2 13449,74 8134,87 4555,58 10187,41 11808,69 8164,54 2888,81 11607,96 12855,88 7268,62 
PUCONCI 0 0 0 0 8860,69 8521,58 11681,34 10434,49 0 0 0 13071,26 37064,14 11546,93 7227,174 
SLOVENJ 
GRADEC 0 0 0 0 0 38517,71 21227,11 13768,21 8144,13 0,05 0 0 0 6574,11 6302,237 
RIBNICA 0 0 0 0 9357,54 8186,23 10172,08 12433,72 7571,86 6606,23 14060,71 2969,13 0 13797,49 6082,499 

GORENJA VAS-
POLJANE 0 0 0 0 4484,97 3340,56 4453,94 8484,53 4320,55 5548,62 10904,2 12989,51 9804,62 20337,32 6047,773 
MIRNA     0 4938,18 3918,54 4497,69 6005,67 8162,35 7914,93 6157 8001,8 8485,47 5808,163 
BELTINCI 0 0 0 0 4551,84 7783,21 11411,5 16650,61 18011,96 1355,69 12871,32 2674,36 2856,49 1933,04 5721,43 
RENČE-
VOGRSKO 0 0 0 0 8550 10385,58 8504 6677,63 3925,58 1718,51 5782,81 6691,28 10773,98 14627,31 5545,477 
ŠENTRUPERT 0 0 3535,4 0 11305,08 8017,65 6426,66 14074,13 8037,18 0 16930,37 1713,88 1465,29 0 5107,546 
ČRNA NA 
KOROŠKEM 0 0 0 0 6913 4394,65 6435,05 5294,95 5397,9 5193,7 0 12476,91 13324,56 8323,67 4839,599 
SEMIČ 0 0 0 0 9260,44 5948,92 7217,42 4540,26 5041,69 5556,31 2101,3 10639,06 9034,21 5698,14 4645,554 
ŠMARTNO OB 
PAKI 0 0 0 0 0 8424 1008,54 12090,73 9002,8 7274,53 0 13212,24 6393,53 4231,94 4402,736 
ZAGORJE OB 
SAVI 0 0 0 0 12372,82 6683,95 6878,24 5524,02 6176,48 5925,53 6018,05 584,21 5497 5758,28 4387,041 
SELNICA OB 
DRAVI 0 0 0 0 1729,19 1105,5 1624,47 2072,73 0 0 12802,89 5612,84 12974,37 23109,3 4359,378 
HAJDINA 0 0 0 0 22277,47 7658,61 0 0 0 27188,9 2706,11 0 0 0 4273,649 
POSTOJNA 0 0 0 0 3370,33 3668,88 0 0 0 26263,01 0 0 4961,63 16883,05 3939,064 
ZREČE 0 0 0 0 346,82 9056,43 338,7 355,19 17136,19 12436,17 13444,27 56,78 27,3 14,85 3800,907 
DOLENJSKE 
TOPLICE 0 0 0 0 4145,28 2977,71 4789,69 4551,66 4733,27 12764,98 4639,35 4767,7 4222,52 5229,57 3772,981 
STARŠE 0 0 0 0 3770,14 1364,9 1572,3 9313,79 7805,62 0 5372,87 4810,61 0 14979,74 3499,284 
KOZJE 0 0 0 0 9154,68 6739 7336,89 0 9208,66 14961,2 0 0 0 0 3385,745 
RUŠE 0 0 0 0 3296,24 6797 2357,85 5204,37 5273,79 6111,05 11744,46 4513,29 1309,34 714 3380,099 
TRBOVLJE 0 0 0 0 6691,61 6175,32 737,95 5780,09 0 11710,1 5915,81 3549,21 3577,63 1889,98 3287,693 
LJUBNO 0 0 0 0 3641,76 4871,84 4485,87 3120,27 4539,03 4094,4 4033,18 4484,29 5857,37 6232,86 3240,062 
IDRIJA 0 0 0 0 2190,03 3047,06 3927,63 3775,41 7236,99 1964,13 567,1 10943,52 3989,11 3043,86 2906,06 
ČRNOMELJ 0 0 0 0 8120,75 6251,21 14002,91 477,66 393,22 620,82 544,37 2319,95 5104,39 2253,81 2863,506 
KOMEN 0 0 0 0 2324,61 2992,54 4231,92 3700,46 3456,35 3623,64 3827,33 3452,35 6520,52 5305,27 2816,785 
SLOVENSKE 
KONJICE 0 0 0 0 5542,31 1587,96 0 0 0 0 0 14186,22 5828,77 11433,94 2755,657 
REČICA OB 
SAVINJI 0 0 0 0 3305,01 3210,44 3454,74 4029,3 4121,22 5961,78 3503,07 3909,84 2669,37 3001,35 2654,723 
MARIBOR 10636,46 17947,33 2844,43 269,95 988,88 2320,14 57,6 297,13 0 0 0 0 0 1712,32 2648,16 
NOVO MESTO 0 0 0 0 17,91 17,91 9 9 9,14 17349,95 5151,74 3567,27 3205,89 3016,19 2311 
KRIŽEVCI 0 0 0 0 37,33 3552,81 113,4 9131,63 180,37 6435,62 233,36 8203,54 3819,91 0 2264,855 
NAKLO 0 0 0 0 3579,3 3472,47 548,11 504,37 512,45 1376,05 0 0 0 19268,22 2090,069 
VUZENICA 0 0 0 0 5072,66 0 0 4647,44 303,5 1125,97 2134,21 4578,09 3145,86 8039,32 2074,789 
MISLINJA 0 0 0 0 3566 3767,45 1978,15 2272,83 2382,57 1951,7 370,63 4785,06 3310,23 4254,67 2045,664 

METLIKA 0 0 0 0 4336,65 4319,66 4804,37 4117,39 3195,05 3485,09 1408,25 1240,08 955,49 607,79 2033,559 
SODRAŽICA 0 0 0 0 1611,31 0 1346,71 3871,98 2093,75 0 1704,58 3703,17 4270,38 7574,57 1869,746 
MIRNA PEČ 0 0 0 0 1752,88 9002,74 1344,9 0 0 4359,86 8961,43 0 0 0 1815,844 
GROSUPLJE 0 0 0 0 5817,37 10050,76 1508,84 3469,78 3688,99 288,99 0 0 0 0 1773,195 
RADLJE OB 
DRAVI 0 0 0 0 0 0 0 163,95 3851,78 3052,52 2799,71 2789,51 5792,44 5469,55 1708,533 
ROGAŠOVCI 0 0 0 0 6436,19 6113,03 2837,05 1700,25 1242,03 5241,43 0 0 0 0 1683,57 
CERKNO 0 0 0 0 2149,37 2168,15 2988,54 3101,4 0 3129,25 2688,24 0 0 6347,97 1612,351 
HORJUL 0 0 0 0 1162,01 1273,06 1157,78 1484,76 49,98 3444,17 1603,27 2081,2 3573,59 3766,14 1399,711 
ŽELEZNIKI 0 0 0 0 562,01 1826,8 911,25 5319,29 853,56 1564,49 2288,27 654,11 3439,1 284,94 1264,559 
ŠKOFLJICA 0 0 0 0 5700 3095,63 1136,62 3552,93 1058,21 1170,68 0 0 0 0 1122,434 
ŠKOCJAN 0 0 0 0 642,72 831,65 1093,03 1192,77 1252,87 1413,75 1472,02 1872,66 1652,71 4131,08 1111,09 
SLOVENSKA 
BISTRICA 0 0 0 0 277,49 6447,33 39,42 3458,91 4715,97 54,29 0 0 0 0 1070,958 
GORNJI 
PETROVCI 0 0 0 0 0 0 2599,03 2290,5 0 0 0 1980,86 5616,81 1749,86 1016,933 
MORAVSKE 
TOPLICE 0 0 0 0 1464,14 1444,73 1608,66 1592,46 1616,3 4609,4 0 0 0 0 881,1207 
DRAVOGRAD 0 0 0 0 2040,89 3966,97 0 0 0 0 0 0 5020,16 0 787,7157 
ŠKOFJA LOKA 0 0 0 0 569,95 1089,76 0 2257,5 415,14 1739,06 1900,49 1030,35 593,36 663,61 732,8014 
ŠMARJE PRI 
JELŠAH 0 0 0 0 2685,37 1507,24 2169,57 2294,77 1067,47 0 0 0 0 0 694,6014 
PODLEHNIK 0 0 0 0 0 0 0 0 0 0 0 0 7173,54 1214,7 599,16 
VITANJE 0 0 0 0 744,19 684,08 822,49 1141,84 1041,4 860,28 1139,14 950,06 558,78 283,55 587,5579 
CELJE 0 0 0 0 498,59 756,03 644,85 126,41 840,22 800,6 842,66 1120,45 998,1 1142,85 555,0543 
BOHINJ 0 0 0 0 704,11 1155,65 572,59 977,08 79,29 921,18 1023,88 651,01 83,86 704,32 490,9264 
RIBNICA NA 
POHORJU 0 0 0 0 0 1852,19 0 0 1978,05 1930,48 0 0 0 0 411,48 
ŽUŽEMBERK 0 0 0 0 20,38 0 0 0 0 0 0 854,95 1819,84 1962,46 332,6879 
GORNJI GRAD 0 0 0 0 29,47 320,96 575,18 369,44 325,26 432,63 438,51 443,02 348,51 451 266,7129 
PIRAN 0 0 0 0 183,97 197,05 293,43 283,05 272,22 282,24 283,28 282,9 281,45 289,95 189,2529 
KOBARID 0 0 0 0 476 359 456,93 396,82 345,57 324,44 0 0 0 0 168,4829 
OPLOTNICA 0 0 0 0 183,81 147,84 207,32 329,16 160,02 220,98 232,85 235,85 22,56 0 124,3136 
IZOLA 0 0 0 0 0 0 0 0 0 0 978,49 0 0 0 69,89214 
LUČE 0 0 0 0 0 583,31 0 0 0 0 0 0 0 0 41,665 
BOVEC 0 0 0 0 25,55 25,55 37,24 37,24 37,83 37,83 37,83 37,83 37,83 39,35 25,29143 
SOLČAVA 0 0 0 0 5,83 14,93 32,15 36,8 59,5 45,44 37,19 35,01 24,64 31,05 23,03857 
BLED 0 0 0 0 0 41,38 0 120,6 0 122,53 0 0 0 0 20,32214 

TURNIŠČE 0 0 0 0 93,26 93,26 0 0 0 0 0 0 0 0 13,32286 
APAČE 0 0 0 0 7,72 7,72 11,25 11,25 11,43 11,43 11,43 0 0 0 5,159286 
JEZERSKO 0 0 0 0 20,41 20,42 0 0 0 0 0 0 0 0 2,916429 
STRAŽA 0 0 0 0 5,67 0 0 0 0 0 0 0 0 0 0,405 
DUPLEK 0 0 0 0 0 2,72 0 0 0 0 0 0 0 0 0,194286 
AJDOVŠČINA 0 0 0 0 0 0 0 0 0 0 0 0 0 0 0 
ANKARAN         0 0 0 0 0 0 0 
BENEDIKT 0 0 0 0 0 0 0 0 0 0 0 0 0 0 0 
BISTRICA OB 
SOTLI 0 0 0 0 0 0 0 0 0 0 0 0 0 0 0 
BLOKE 0 0 0 0 0 0 0 0 0 0 0 0 0 0 0 
BOROVNICA 0 0 0 0 0 0 0 0 0 0 0 0 0 0 0 
BRASLOVČE 0 0 0 0 0 0 0 0 0 0 0 0 0 0 0 
BRDA 0 0 0 0 0 0 0 0 0 0 0 0 0 0 0 
BREZOVICA 0 0 0 0 0 0 0 0 0 0 0 0 0 0 0 
CANKOVA 0 0 0 0 0 0 0 0 0 0 0 0 0 0 0 
CERKLJE NA 
GORENJSKEM 0 0 0 0 0 0 0 0 0 0 0 0 0 0 0 
CERKVENJAK 0 0 0 0 0 0 0 0 0 0 0 0 0 0 0 
CIRKULANE 0 0 0 0 0 0 0 0 0 0 0 0 0 0 0 
ČRENŠOVCI 0 0 0 0 0 0 0 0 0 0 0 0 0 0 0 
DESTRNIK 0 0 0 0 0 0 0 0 0 0 0 0 0 0 0 
DOBJE 0 0 0 0 0 0 0 0 0 0 0 0 0 0 0 
DOBRNA 0 0 0 0 0 0 0 0 0 0 0 0 0 0 0 
DOBROVA-
POLHOV 
GRADEC 0 0 0 0 0 0 0 0 0 0 0 0 0 0 0 
DOL PRI 
LJUBLJANI 0 0 0 0 0 0 0 0 0 0 0 0 0 0 0 
DOMŽALE 0 0 0 0 0 0 0 0 0 0 0 0 0 0 0 
DORNAVA 0 0 0 0 0 0 0 0 0 0 0 0 0 0 0 
GORIŠNICA 0 0 0 0 0 0 0 0 0 0 0 0 0 0 0 
GORJE 0 0 0 0 0 0 0 0 0 0 0 0 0 0 0 
GORNJA 
RADGONA 0 0 0 0 0 0 0 0 0 0 0 0 0 0 0 
GRAD 0 0 0 0 0 0 0 0 0 0 0 0 0 0 0 
HODOŠ 0 0 0 0 0 0 0 0 0 0 0 0 0 0 0 

HRPELJE-
KOZINA 0 0 0 0 0 0 0 0 0 0 0 0 0 0 0 
IG 0 0 0 0 0 0 0 0 0 0 0 0 0 0 0 
JESENICE 0 0 0 0 0 0 0 0 0 0 0 0 0 0 0 
JURŠINCI 0 0 0 0 0 0 0 0 0 0 0 0 0 0 0 
KOBILJE 0 0 0 0 0 0 0 0 0 0 0 0 0 0 0 
KOMENDA 0 0 0 0 0 0 0 0 0 0 0 0 0 0 0 
KOSTANJEVICA 
NA KRKI 0 0 0 0 0 0 0 0 0 0 0 0 0 0 0 
KOSTEL 0 0 0 0 0 0 0 0 0 0 0 0 0 0 0 
KRANJ 0 0 0 0 0 0 0 0 0 0 0 0 0 0 0 
KRANJSKA 
GORA 0 0 0 0 0 0 0 0 0 0 0 0 0 0 0 
KUNGOTA 0 0 0 0 0 0 0 0 0 0 0 0 0 0 0 
KUZMA 0 0 0 0 0 0 0 0 0 0 0 0 0 0 0 
LENART 0 0 0 0 0 0 0 0 0 0 0 0 0 0 0 
LITIJA 0 0 0 0 0 0 0 0 0 0 0 0 0 0 0 
LOG-
DRAGOMER 0 0 0 0 0 0 0 0 0 0 0 0 0 0 0 
LOŠKA DOLINA 0 0 0 0 0 0 0 0 0 0 0 0 0 0 0 
LOŠKI POTOK 0 0 0 0 0 0 0 0 0 0 0 0 0 0 0 
LOVRENC NA 
POHORJU 0 0 0 0 0 0 0 0 0 0 0 0 0 0 0 
MAJŠPERK 0 0 0 0 0 0 0 0 0 0 0 0 0 0 0 
MAKOLE 0 0 0 0 0 0 0 0 0 0 0 0 0 0 0 
MARKOVCI 0 0 0 0 0 0 0 0 0 0 0 0 0 0 0 
MEDVODE 0 0 0 0 0 0 0 0 0 0 0 0 0 0 0 
MENGEŠ 0 0 0 0 0 0 0 0 0 0 0 0 0 0 0 
MEŽICA 0 0 0 0 0 0 0 0 0 0 0 0 0 0 0 
MIKLAVŽ NA 
DRAVSKEM 
POLJU 0 0 0 0 0 0 0 0 0 0 0 0 0 0 0 
MIREN-
KOSTANJEVICA 0 0 0 0 0 0 0 0 0 0 0 0 0 0 0 
MOZIRJE 0 0 0 0 0 0 0 0 0 0 0 0 0 0 0 
MUTA 0 0 0 0 0 0 0 0 0 0 0 0 0 0 0 
NAZARJE 0 0 0 0 0 0 0 0 0 0 0 0 0 0 0 
ODRANCI 0 0 0 0 0 0 0 0 0 0 0 0 0 0 0 

OSILNICA 0 0 0 0 0 0 0 0 0 0 0 0 0 0 0 
PESNICA 0 0 0 0 0 0 0 0 0 0 0 0 0 0 0 
PIVKA 0 0 0 0 0 0 0 0 0 0 0 0 0 0 0 
PODČETRTEK 0 0 0 0 0 0 0 0 0 0 0 0 0 0 0 
PODVELKA 0 0 0 0 0 0 0 0 0 0 0 0 0 0 0 
PREBOLD 0 0 0 0 0 0 0 0 0 0 0 0 0 0 0 
PREDDVOR 0 0 0 0 0 0 0 0 0 0 0 0 0 0 0 
PREVALJE 0 0 0 0 0 0 0 0 0 0 0 0 0 0 0 
PTUJ 0 0 0 0 0 0 0 0 0 0 0 0 0 0 0 
RADEČE 0 0 0 0 0 0 0 0 0 0 0 0 0 0 0 
RADENCI 0 0 0 0 0 0 0 0 0 0 0 0 0 0 0 
RAVNE NA 
KOROŠKEM 0 0 0 0 0 0 0 0 0 0 0 0 0 0 0 
RAZKRIŽJE 0 0 0 0 0 0 0 0 0 0 0 0 0 0 0 
ROGATEC 0 0 0 0 0 0 0 0 0 0 0 0 0 0 0 
SREDIŠČE OB 
DRAVI 0 0 0 0 0 0 0 0 0 0 0 0 0 0 0 
SVETA ANA 0 0 0 0 0 0 0 0 0 0 0 0 0 0 0 
SV. TROJICA V 
SLOVENSKIH 
GORICAH 0 0 0 0 0 0 0 0 0 0 0 0 0 0 0 
SV. ANDRAŽ V 
SLOVENSKIH 
GORICAH 0 0 0 0 0 0 0 0 0 0 0 0 0 0 0 
SVETI JURIJ 0 0 0 0 0 0 0 0 0 0 0 0 0 0 0 
SV. JURIJ V 
SLOVENSKIH 
GORICAH 0 0 0 0 0 0 0 0 0 0 0 0 0 0 0 
SVETI TOMAŽ 0 0 0 0 0 0 0 0 0 0 0 0 0 0 0 
ŠALOVCI 0 0 0 0 0 0 0 0 0 0 0 0 0 0 0 
ŠEMPETER-
VRTOJBA 0 0 0 0 0 0 0 0 0 0 0 0 0 0 0 
ŠENČUR 0 0 0 0 0 0 0 0 0 0 0 0 0 0 0 
ŠENTILJ 0 0 0 0 0 0 0 0 0 0 0 0 0 0 0 
ŠMARJEŠKE 
TOPLICE 0 0 0 0 0 0 0 0 0 0 0 0 0 0 0 
ŠTORE 0 0 0 0 0 0 0 0 0 0 0 0 0 0 0 
TABOR 0 0 0 0 0 0 0 0 0 0 0 0 0 0 0 
TIŠINA 0 0 0 0 0 0 0 0 0 0 0 0 0 0 0 

TOLMIN 0 0 0 0 0 0 0 0 0 0 0 0 0 0 0 
TRNOVSKA VAS 0 0 0 0 0 0 0 0 0 0 0 0 0 0 0 
TRZIN 0 0 0 0 0 0 0 0 0 0 0 0 0 0 0 
TRŽIČ 0 0 0 0 0 0 0 0 0 0 0 0 0 0 0 
VELIKA POLANA 0 0 0 0 0 0 0 0 0 0 0 0 0 0 0 
VELIKE LAŠČE 0 0 0 0 0 0 0 0 0 0 0 0 0 0 0 
VERŽEJ 0 0 0 0 0 0 0 0 0 0 0 0 0 0 0 
VIDEM 0 0 0 0 0 0 0 0 0 0 0 0 0 0 0 
VIPAVA 0 0 0 0 0 0 0 0 0 0 0 0 0 0 0 
VODICE 0 0 0 0 0 0 0 0 0 0 0 0 0 0 0 
VOJNIK 0 0 0 0 0 0 0 0 0 0 0 0 0 0 0 
VRANSKO 0 0 0 0 0 0 0 0 0 0 0 0 0 0 0 
ZAVRČ 0 0 0 0 0 0 0 0 0 0 0 0 0 0 0 
ŽETALE 0 0 0 0 0 0 0 0 0 0 0 0 0 0 0 
ŽIRI 0 0 0 0 0 0 0 0 0 0 0 0 0 0 0 
ŽIROVNICA 0 0 0 0 0 0 0 0 0 0 0 0 0 0 0 
 
 
Tabela 22: Prihodek iz naslova Prihodki od podeljenih koncesij za rudarsko pravico (urejeno padajoče glede na povprečje 2007-2020) na prebivalca (v EUR) 
OBČINA 2007 2008 2009 2010 2011 2012 2013 2014 2015 2016 2017 2018 2019 2020 x̄ 
DIVAČA 0,00 0,00 0,00 0,00 2,84 15,06 12,05 12,74 12,01 38,73 18,94 18,05 27,03 45,23 14,48 
ŠMARTNO PRI 
LITIJI 0,00 0,00 0,00 0,00 14,91 11,96 6,38 21,32 18,35 24,23 17,08 17,41 28,17 15,42 12,52 
DOBROVNIK 0,00 0,00 0,00 0,00 0,00 6,64 2,99 4,82 20,98 11,46 7,58 11,10 23,18 20,82 7,83 
POLJČANE 0,00 0,00 0,00 0,00 10,60 4,80 3,52 6,33 13,42 15,56 9,14 14,03 9,13 9,89 6,89 
MORAVČE 0,00 0,00 0,00 0,00 6,94 5,29 5,60 7,91 10,82 1,69 20,07 11,10 10,72 9,03 6,37 
KIDRIČEVO 0,00 0,00 0,00 0,00 2,75 3,08 3,58 3,40 5,64 9,37 9,12 8,55 6,23 4,83 4,04 
ŠOŠTANJ 0,00 0,00 0,00 0,00 6,03 4,26 5,99 5,90 5,05 5,12 5,36 5,41 5,10 5,38 3,83 
POLZELA 0,00 0,00 0,00 0,00 0,00 1,02 1,08 0,00 7,21 2,11 0,00 6,35 17,04 9,16 3,14 
ŽALEC 4,94 4,48 5,09 3,47 2,86 2,98 0,11 3,14 2,40 1,79 2,33 1,59 4,40 1,84 2,96 
MOKRONOG-
TREBELNO 0,00 0,00 0,00 0,00 10,24 4,18 3,43 4,12 0,00 2,30 3,66 0,55 10,68 1,27 2,89 
LUKOVICA 0,00 0,00 0,00 0,00 5,87 2,15 1,93 3,09 4,61 4,11 4,70 5,56 4,05 4,19 2,88 
RADOVLJICA 0,00 0,00 0,00 0,00 2,81 2,39 2,55 3,28 4,69 4,07 3,57 4,26 4,96 6,28 2,78 
VRHNIKA 2,95 0,00 0,00 0,00 2,85 2,09 2,32 2,38 0,19 0,28 0,16 10,56 3,97 5,73 2,39 
LENDAVA 0,00 0,00 0,00 0,00 2,71 2,08 2,57 2,75 2,75 2,88 0,01 6,97 5,19 3,49 2,24 

DOBREPOLJE 0,00 0,00 0,00 0,00 0,00 3,38 0,00 3,08 0,00 9,21 3,95 4,91 6,51 0,00 2,22 
ŠENTRUPERT 0,00 0,00 1,43 0,00 4,58 3,25 2,60 5,70 3,25 0,00 6,85 0,69 0,59 0,00 2,07 
KANAL 0,00 0,00 0,00 0,00 1,45 1,54 2,43 2,39 2,99 3,03 2,98 3,30 3,47 3,90 1,96 
LJUTOMER 0,00 0,00 0,00 0,00 1,92 2,25 1,96 3,90 3,99 3,06 2,09 2,88 2,51 2,45 1,93 
ŠENTJERNEJ 0,00 0,00 6,33 0,00 3,36 1,42 3,76 1,79 1,14 1,40 0,08 1,15 2,66 3,24 1,88 
HRASTNIK 0,00 0,00 0,00 0,00 2,88 2,41 1,56 3,11 1,27 4,09 2,51 2,41 2,81 1,13 1,73 
CERKNICA 0,00 0,00 0,00 0,00 1,48 1,25 1,04 1,30 1,37 4,81 1,87 2,23 3,42 4,07 1,63 
MIRNA     0,00 1,88 1,50 1,72 2,29 3,11 3,02 2,35 3,05 3,24 1,58 
ČRNA NA 
KOROŠKEM 0,00 0,00 0,00 0,00 2,19 1,39 2,04 1,67 1,71 1,64 0,00 3,95 4,21 2,63 1,53 
KRŠKO 0,00 0,00 0,00 0,00 1,96 1,75 2,10 2,42 2,19 4,61 1,83 2,30 0,81 0,53 1,46 
VELENJE 0,00 0,00 0,00 0,00 1,41 2,11 1,47 1,45 2,90 1,73 1,79 1,82 1,92 2,47 1,36 
KAMNIK 0,00 0,00 0,00 0,00 1,62 1,40 0,19 2,29 2,97 1,79 1,75 2,17 2,30 2,16 1,33 
ŠMARTNO OB 
PAKI 0,00 0,00 0,00 0,00 0,00 2,54 0,30 3,64 2,71 2,19 0,00 3,98 1,93 1,28 1,33 
RENČE-
VOGRSKO 0,00 0,00 0,00 0,00 1,96 2,38 1,95 1,53 0,90 0,39 1,33 1,54 2,47 3,36 1,27 
LJUBNO 0,00 0,00 0,00 0,00 1,38 1,85 1,70 1,18 1,72 1,55 1,53 1,70 2,22 2,36 1,23 
SEŽANA 0,00 2,24 2,67 0,00 0,63 0,31 0,39 4,08 0,62 1,06 0,93 2,42 1,00 0,84 1,23 
ROGAŠKA 
SLATINA 0,00 0,00 0,00 0,00 1,17 1,18 0,15 2,18 0,87 2,23 1,59 3,36 1,48 2,70 1,21 
PUCONCI 0,00 0,00 0,00 0,00 1,46 1,40 1,92 1,72 0,00 0,00 0,00 2,15 6,11 1,90 1,19 
SEMIČ 0,00 0,00 0,00 0,00 2,35 1,51 1,83 1,15 1,28 1,41 0,53 2,70 2,29 1,44 1,18 
REČICA OB 
SAVINJI 0,00 0,00 0,00 0,00 1,42 1,38 1,49 1,73 1,77 2,56 1,51 1,68 1,15 1,29 1,14 
HOČE-SLIVNICA 0,00 0,00 0,00 0,00 0,00 0,00 1,67 1,68 0,98 0,26 0,00 0,00 11,13 0,00 1,12 
HAJDINA 0,00 0,00 0,00 0,00 5,79 1,99 0,00 0,00 0,00 7,07 0,70 0,00 0,00 0,00 1,11 
DOLENJSKE 
TOPLICE 0,00 0,00 0,00 0,00 1,17 0,84 1,35 1,28 1,33 3,59 1,31 1,34 1,19 1,47 1,06 
KOZJE 0,00 0,00 0,00 0,00 2,84 2,09 2,28 0,00 2,86 4,64 0,00 0,00 0,00 0,00 1,05 
RAČE-FRAM 0,00 0,00 0,00 0,00 1,49 0,65 0,00 0,00 0,00 8,05 0,02 0,04 1,79 2,46 1,04 
LOGATEC 0,00 0,00 0,00 0,00 1,82 0,00 0,01 0,58 0,75 1,01 0,86 2,06 4,38 2,82 1,02 
MURSKA 
SOBOTA 0,00 0,00 0,00 0,00 1,38 1,21 1,38 1,75 2,43 1,95 1,25 1,58 0,63 0,09 0,98 
SELNICA OB 
DRAVI 0,00 0,00 0,00 0,00 0,38 0,24 0,35 0,45 0,00 0,00 2,78 1,22 2,82 5,02 0,95 
TREBNJE 0,00 0,00 0,00 0,00 1,09 0,56 1,07 0,96 0,64 1,53 1,48 1,65 1,95 1,76 0,91 
STARŠE 0,00 0,00 0,00 0,00 0,92 0,33 0,38 2,27 1,90 0,00 1,31 1,17 0,00 3,64 0,85 

IVANČNA 
GORICA 0,00 0,00 0,00 0,00 0,78 1,00 1,48 1,21 1,34 1,21 1,05 1,27 1,42 0,69 0,82 
SODRAŽICA 0,00 0,00 0,00 0,00 0,71 0,00 0,59 1,70 0,92 0,00 0,75 1,63 1,88 3,33 0,82 
GORENJA VAS-
POLJANE 0,00 0,00 0,00 0,00 0,58 0,43 0,58 1,10 0,56 0,72 1,42 1,69 1,27 2,64 0,79 
KOMEN 0,00 0,00 0,00 0,00 0,65 0,83 1,18 1,03 0,96 1,01 1,06 0,96 1,81 1,48 0,78 
KOPER 0,00 0,00 0,00 0,00 1,29 0,62 0,92 0,64 0,68 1,26 1,28 0,29 2,55 1,38 0,78 
VUZENICA 0,00 0,00 0,00 0,00 1,86 0,00 0,00 1,71 0,11 0,41 0,78 1,68 1,16 2,95 0,76 
LAŠKO 0,00 0,00 0,00 0,00 0,71 0,67 0,91 0,91 1,08 1,24 1,28 1,30 1,07 0,94 0,72 
BELTINCI 0,00 0,00 0,00 0,00 0,54 0,93 1,36 1,99 2,15 0,16 1,54 0,32 0,34 0,23 0,68 
ORMOŽ 0,00 0,00 0,00 0,00 0,94 1,52 0,50 1,01 0,81 1,94 1,90 0,07 0,00 0,62 0,67 
ŠENTJUR 0,00 0,00 0,00 0,00 0,61 0,46 0,27 0,43 0,02 1,49 0,45 1,49 1,73 2,43 0,67 
KRIŽEVCI 0,00 0,00 0,00 0,00 0,01 1,04 0,03 2,67 0,05 1,88 0,07 2,40 1,12 0,00 0,66 
RIBNICA 0,00 0,00 0,00 0,00 0,99 0,87 1,08 1,32 0,80 0,70 1,49 0,32 0,00 1,47 0,65 
KOČEVJE 0,00 0,00 0,00 0,00 0,24 0,31 0,03 0,85 0,40 0,66 0,28 0,95 2,78 2,39 0,63 
MIRNA PEČ 0,00 0,00 0,00 0,00 0,57 2,94 0,44 0,00 0,00 1,42 2,93 0,00 0,00 0,00 0,59 
ZREČE 0,00 0,00 0,00 0,00 0,05 1,40 0,05 0,05 2,65 1,92 2,08 0,01 0,00 0,00 0,59 
SEVNICA 0,00 0,00 0,00 0,00 0,42 0,30 0,64 0,60 0,75 0,14 0,87 1,21 1,45 1,71 0,58 
ILIRSKA 
BISTRICA 0,00 0,00 0,00 0,00 1,35 1,00 0,61 0,34 0,76 0,88 0,61 0,22 0,87 0,96 0,54 
Skupaj občine  0,08 0,07 0,10 0,04 0,59 0,56 0,45 0,66 0,66 0,84 0,65 0,81 1,02 0,90 0,53 
ROGAŠOVCI 0,00 0,00 0,00 0,00 2,00 1,90 0,88 0,53 0,39 1,63 0,00 0,00 0,00 0,00 0,52 
GORNJI 
PETROVCI 0,00 0,00 0,00 0,00 0,00 0,00 1,28 1,13 0,00 0,00 0,00 0,97 2,76 0,86 0,50 
HORJUL 0,00 0,00 0,00 0,00 0,40 0,44 0,40 0,51 0,02 1,18 0,55 0,71 1,22 1,29 0,48 
BREŽICE 0,00 0,00 0,00 0,00 0,78 1,07 0,13 0,11 0,11 0,11 1,85 1,02 0,55 0,85 0,47 
RUŠE 0,00 0,00 0,00 0,00 0,45 0,94 0,33 0,72 0,73 0,84 1,62 0,62 0,18 0,10 0,47 
MISLINJA 0,00 0,00 0,00 0,00 0,76 0,80 0,42 0,48 0,51 0,42 0,08 1,02 0,70 0,90 0,44 
NAKLO 0,00 0,00 0,00 0,00 0,67 0,65 0,10 0,09 0,10 0,26 0,00 0,00 0,00 3,59 0,39 
SLOVENJ 
GRADEC 0,00 0,00 0,00 0,00 0,00 2,27 1,25 0,81 0,48 0,00 0,00 0,00 0,00 0,39 0,37 
RIBNICA NA 
POHORJU 0,00 0,00 0,00 0,00 0,00 1,57 0,00 0,00 1,68 1,64 0,00 0,00 0,00 0,00 0,35 
CERKNO 0,00 0,00 0,00 0,00 0,45 0,45 0,62 0,65 0,00 0,65 0,56 0,00 0,00 1,33 0,34 
PODLEHNIK 0,00 0,00 0,00 0,00 0,00 0,00 0,00 0,00 0,00 0,00 0,00 0,00 3,92 0,66 0,33 
ŠKOCJAN 0,00 0,00 0,00 0,00 0,19 0,25 0,32 0,35 0,37 0,42 0,44 0,55 0,49 1,22 0,33 
NOVA GORICA 0,00 0,00 0,00 0,00 0,10 0,10 0,15 0,14 0,45 0,37 0,46 0,59 0,90 1,02 0,31 

RADLJE OB 
DRAVI 0,00 0,00 0,00 0,00 0,00 0,00 0,00 0,03 0,63 0,50 0,46 0,45 0,94 0,89 0,28 
VITANJE 0,00 0,00 0,00 0,00 0,33 0,30 0,36 0,51 0,46 0,38 0,50 0,42 0,25 0,13 0,26 
ZAGORJE OB 
SAVI 0,00 0,00 0,00 0,00 0,74 0,40 0,41 0,33 0,37 0,35 0,36 0,03 0,33 0,34 0,26 
IDRIJA 0,00 0,00 0,00 0,00 0,19 0,26 0,34 0,32 0,62 0,17 0,05 0,94 0,34 0,26 0,25 
POSTOJNA 0,00 0,00 0,00 0,00 0,21 0,23 0,00 0,00 0,00 1,64 0,00 0,00 0,31 1,05 0,25 
METLIKA 0,00 0,00 0,00 0,00 0,52 0,52 0,58 0,49 0,38 0,42 0,17 0,15 0,11 0,07 0,24 
ČRNOMELJ 0,00 0,00 0,00 0,00 0,57 0,44 0,98 0,03 0,03 0,04 0,04 0,16 0,36 0,16 0,20 
TRBOVLJE 0,00 0,00 0,00 0,00 0,41 0,38 0,05 0,35 0,00 0,72 0,36 0,22 0,22 0,12 0,20 
SLOVENSKE 
KONJICE 0,00 0,00 0,00 0,00 0,38 0,11 0,00 0,00 0,00 0,00 0,00 0,96 0,39 0,77 0,19 
ŽELEZNIKI 0,00 0,00 0,00 0,00 0,08 0,27 0,13 0,78 0,12 0,23 0,33 0,10 0,50 0,04 0,18 
MORAVSKE 
TOPLICE 0,00 0,00 0,00 0,00 0,24 0,24 0,27 0,26 0,27 0,76 0,00 0,00 0,00 0,00 0,15 
GORNJI GRAD 0,00 0,00 0,00 0,00 0,01 0,13 0,23 0,15 0,13 0,17 0,18 0,18 0,14 0,18 0,11 
ŠKOFLJICA 0,00 0,00 0,00 0,00 0,52 0,28 0,10 0,32 0,10 0,11 0,00 0,00 0,00 0,00 0,10 
BOHINJ 0,00 0,00 0,00 0,00 0,14 0,22 0,11 0,19 0,02 0,18 0,20 0,13 0,02 0,14 0,09 
DRAVOGRAD 0,00 0,00 0,00 0,00 0,23 0,45 0,00 0,00 0,00 0,00 0,00 0,00 0,58 0,00 0,09 
GROSUPLJE 0,00 0,00 0,00 0,00 0,29 0,49 0,07 0,17 0,18 0,01 0,00 0,00 0,00 0,00 0,09 
ŠMARJE PRI 
JELŠAH 0,00 0,00 0,00 0,00 0,26 0,14 0,21 0,22 0,10 0,00 0,00 0,00 0,00 0,00 0,07 
ŽUŽEMBERK 0,00 0,00 0,00 0,00 0,00 0,00 0,00 0,00 0,00 0,00 0,00 0,18 0,38 0,41 0,07 
NOVO MESTO 0,00 0,00 0,00 0,00 0,00 0,00 0,00 0,00 0,00 0,47 0,14 0,10 0,09 0,08 0,06 
KOBARID 0,00 0,00 0,00 0,00 0,11 0,09 0,11 0,09 0,08 0,08 0,00 0,00 0,00 0,00 0,04 
LJUBLJANA 0,00 0,00 0,00 0,00 0,00 0,06 0,00 0,08 0,00 0,08 0,01 0,03 0,11 0,17 0,04 
SLOVENSKA 
BISTRICA 0,00 0,00 0,00 0,00 0,01 0,25 0,00 0,13 0,18 0,00 0,00 0,00 0,00 0,00 0,04 
SOLČAVA 0,00 0,00 0,00 0,00 0,01 0,03 0,06 0,07 0,11 0,08 0,07 0,07 0,05 0,06 0,04 
LUČE 0,00 0,00 0,00 0,00 0,00 0,38 0,00 0,00 0,00 0,00 0,00 0,00 0,00 0,00 0,03 
MARIBOR 0,10 0,17 0,03 0,00 0,01 0,02 0,00 0,00 0,00 0,00 0,00 0,00 0,00 0,02 0,03 
OPLOTNICA 0,00 0,00 0,00 0,00 0,04 0,03 0,05 0,08 0,04 0,05 0,06 0,06 0,01 0,00 0,03 
ŠKOFJA LOKA 0,00 0,00 0,00 0,00 0,02 0,05 0,00 0,10 0,02 0,08 0,08 0,04 0,03 0,03 0,03 
BOVEC 0,00 0,00 0,00 0,00 0,01 0,01 0,01 0,01 0,01 0,01 0,01 0,01 0,01 0,01 0,01 
CELJE 0,00 0,00 0,00 0,00 0,01 0,02 0,01 0,00 0,02 0,02 0,02 0,02 0,02 0,02 0,01 
PIRAN 0,00 0,00 0,00 0,00 0,01 0,01 0,02 0,02 0,02 0,02 0,02 0,02 0,02 0,02 0,01 
AJDOVŠČINA 0,00 0,00 0,00 0,00 0,00 0,00 0,00 0,00 0,00 0,00 0,00 0,00 0,00 0,00 0,00 
ANKARAN         0,00 0,00 0,00 0,00 0,00 0,00 0,00 

APAČE 0,00 0,00 0,00 0,00 0,00 0,00 0,00 0,00 0,00 0,00 0,00 0,00 0,00 0,00 0,00 
BENEDIKT 0,00 0,00 0,00 0,00 0,00 0,00 0,00 0,00 0,00 0,00 0,00 0,00 0,00 0,00 0,00 
BISTRICA OB 
SOTLI 0,00 0,00 0,00 0,00 0,00 0,00 0,00 0,00 0,00 0,00 0,00 0,00 0,00 0,00 0,00 
BLED 0,00 0,00 0,00 0,00 0,00 0,01 0,00 0,02 0,00 0,02 0,00 0,00 0,00 0,00 0,00 
BLOKE 0,00 0,00 0,00 0,00 0,00 0,00 0,00 0,00 0,00 0,00 0,00 0,00 0,00 0,00 0,00 
BOROVNICA 0,00 0,00 0,00 0,00 0,00 0,00 0,00 0,00 0,00 0,00 0,00 0,00 0,00 0,00 0,00 
BRASLOVČE 0,00 0,00 0,00 0,00 0,00 0,00 0,00 0,00 0,00 0,00 0,00 0,00 0,00 0,00 0,00 
BRDA 0,00 0,00 0,00 0,00 0,00 0,00 0,00 0,00 0,00 0,00 0,00 0,00 0,00 0,00 0,00 
BREZOVICA 0,00 0,00 0,00 0,00 0,00 0,00 0,00 0,00 0,00 0,00 0,00 0,00 0,00 0,00 0,00 
CANKOVA 0,00 0,00 0,00 0,00 0,00 0,00 0,00 0,00 0,00 0,00 0,00 0,00 0,00 0,00 0,00 
CERKLJE NA 
GORENJSKEM 0,00 0,00 0,00 0,00 0,00 0,00 0,00 0,00 0,00 0,00 0,00 0,00 0,00 0,00 0,00 
CERKVENJAK 0,00 0,00 0,00 0,00 0,00 0,00 0,00 0,00 0,00 0,00 0,00 0,00 0,00 0,00 0,00 
CIRKULANE 0,00 0,00 0,00 0,00 0,00 0,00 0,00 0,00 0,00 0,00 0,00 0,00 0,00 0,00 0,00 
ČRENŠOVCI 0,00 0,00 0,00 0,00 0,00 0,00 0,00 0,00 0,00 0,00 0,00 0,00 0,00 0,00 0,00 
DESTRNIK 0,00 0,00 0,00 0,00 0,00 0,00 0,00 0,00 0,00 0,00 0,00 0,00 0,00 0,00 0,00 
DOBJE 0,00 0,00 0,00 0,00 0,00 0,00 0,00 0,00 0,00 0,00 0,00 0,00 0,00 0,00 0,00 
DOBRNA 0,00 0,00 0,00 0,00 0,00 0,00 0,00 0,00 0,00 0,00 0,00 0,00 0,00 0,00 0,00 
DOBROVA-
POLHOV 
GRADEC 0,00 0,00 0,00 0,00 0,00 0,00 0,00 0,00 0,00 0,00 0,00 0,00 0,00 0,00 0,00 
DOL PRI 
LJUBLJANI 0,00 0,00 0,00 0,00 0,00 0,00 0,00 0,00 0,00 0,00 0,00 0,00 0,00 0,00 0,00 
DOMŽALE 0,00 0,00 0,00 0,00 0,00 0,00 0,00 0,00 0,00 0,00 0,00 0,00 0,00 0,00 0,00 
DORNAVA 0,00 0,00 0,00 0,00 0,00 0,00 0,00 0,00 0,00 0,00 0,00 0,00 0,00 0,00 0,00 
DUPLEK 0,00 0,00 0,00 0,00 0,00 0,00 0,00 0,00 0,00 0,00 0,00 0,00 0,00 0,00 0,00 
GORIŠNICA 0,00 0,00 0,00 0,00 0,00 0,00 0,00 0,00 0,00 0,00 0,00 0,00 0,00 0,00 0,00 
GORJE 0,00 0,00 0,00 0,00 0,00 0,00 0,00 0,00 0,00 0,00 0,00 0,00 0,00 0,00 0,00 
GORNJA 
RADGONA 0,00 0,00 0,00 0,00 0,00 0,00 0,00 0,00 0,00 0,00 0,00 0,00 0,00 0,00 0,00 
GRAD 0,00 0,00 0,00 0,00 0,00 0,00 0,00 0,00 0,00 0,00 0,00 0,00 0,00 0,00 0,00 
HODOŠ 0,00 0,00 0,00 0,00 0,00 0,00 0,00 0,00 0,00 0,00 0,00 0,00 0,00 0,00 0,00 
HRPELJE-
KOZINA 0,00 0,00 0,00 0,00 0,00 0,00 0,00 0,00 0,00 0,00 0,00 0,00 0,00 0,00 0,00 
IG 0,00 0,00 0,00 0,00 0,00 0,00 0,00 0,00 0,00 0,00 0,00 0,00 0,00 0,00 0,00 
IZOLA 0,00 0,00 0,00 0,00 0,00 0,00 0,00 0,00 0,00 0,00 0,06 0,00 0,00 0,00 0,00 
JESENICE 0,00 0,00 0,00 0,00 0,00 0,00 0,00 0,00 0,00 0,00 0,00 0,00 0,00 0,00 0,00 

JEZERSKO 0,00 0,00 0,00 0,00 0,03 0,03 0,00 0,00 0,00 0,00 0,00 0,00 0,00 0,00 0,00 
JURŠINCI 0,00 0,00 0,00 0,00 0,00 0,00 0,00 0,00 0,00 0,00 0,00 0,00 0,00 0,00 0,00 
KOBILJE 0,00 0,00 0,00 0,00 0,00 0,00 0,00 0,00 0,00 0,00 0,00 0,00 0,00 0,00 0,00 
KOMENDA 0,00 0,00 0,00 0,00 0,00 0,00 0,00 0,00 0,00 0,00 0,00 0,00 0,00 0,00 0,00 
KOSTANJEVICA 
NA KRKI 0,00 0,00 0,00 0,00 0,00 0,00 0,00 0,00 0,00 0,00 0,00 0,00 0,00 0,00 0,00 
KOSTEL 0,00 0,00 0,00 0,00 0,00 0,00 0,00 0,00 0,00 0,00 0,00 0,00 0,00 0,00 0,00 
KRANJ 0,00 0,00 0,00 0,00 0,00 0,00 0,00 0,00 0,00 0,00 0,00 0,00 0,00 0,00 0,00 
KRANJSKA 
GORA 0,00 0,00 0,00 0,00 0,00 0,00 0,00 0,00 0,00 0,00 0,00 0,00 0,00 0,00 0,00 
KUNGOTA 0,00 0,00 0,00 0,00 0,00 0,00 0,00 0,00 0,00 0,00 0,00 0,00 0,00 0,00 0,00 
KUZMA 0,00 0,00 0,00 0,00 0,00 0,00 0,00 0,00 0,00 0,00 0,00 0,00 0,00 0,00 0,00 
LENART 0,00 0,00 0,00 0,00 0,00 0,00 0,00 0,00 0,00 0,00 0,00 0,00 0,00 0,00 0,00 
LITIJA 0,00 0,00 0,00 0,00 0,00 0,00 0,00 0,00 0,00 0,00 0,00 0,00 0,00 0,00 0,00 
LOG-
DRAGOMER 0,00 0,00 0,00 0,00 0,00 0,00 0,00 0,00 0,00 0,00 0,00 0,00 0,00 0,00 0,00 
LOŠKA DOLINA 0,00 0,00 0,00 0,00 0,00 0,00 0,00 0,00 0,00 0,00 0,00 0,00 0,00 0,00 0,00 
LOŠKI POTOK 0,00 0,00 0,00 0,00 0,00 0,00 0,00 0,00 0,00 0,00 0,00 0,00 0,00 0,00 0,00 
LOVRENC NA 
POHORJU 0,00 0,00 0,00 0,00 0,00 0,00 0,00 0,00 0,00 0,00 0,00 0,00 0,00 0,00 0,00 
MAJŠPERK 0,00 0,00 0,00 0,00 0,00 0,00 0,00 0,00 0,00 0,00 0,00 0,00 0,00 0,00 0,00 
MAKOLE 0,00 0,00 0,00 0,00 0,00 0,00 0,00 0,00 0,00 0,00 0,00 0,00 0,00 0,00 0,00 
MARKOVCI 0,00 0,00 0,00 0,00 0,00 0,00 0,00 0,00 0,00 0,00 0,00 0,00 0,00 0,00 0,00 
MEDVODE 0,00 0,00 0,00 0,00 0,00 0,00 0,00 0,00 0,00 0,00 0,00 0,00 0,00 0,00 0,00 
MENGEŠ 0,00 0,00 0,00 0,00 0,00 0,00 0,00 0,00 0,00 0,00 0,00 0,00 0,00 0,00 0,00 
MEŽICA 0,00 0,00 0,00 0,00 0,00 0,00 0,00 0,00 0,00 0,00 0,00 0,00 0,00 0,00 0,00 
MIKLAVŽ NA 
DRAVSKEM 
POLJU 0,00 0,00 0,00 0,00 0,00 0,00 0,00 0,00 0,00 0,00 0,00 0,00 0,00 0,00 0,00 
MIREN-
KOSTANJEVICA 0,00 0,00 0,00 0,00 0,00 0,00 0,00 0,00 0,00 0,00 0,00 0,00 0,00 0,00 0,00 
MOZIRJE 0,00 0,00 0,00 0,00 0,00 0,00 0,00 0,00 0,00 0,00 0,00 0,00 0,00 0,00 0,00 
MUTA 0,00 0,00 0,00 0,00 0,00 0,00 0,00 0,00 0,00 0,00 0,00 0,00 0,00 0,00 0,00 
NAZARJE 0,00 0,00 0,00 0,00 0,00 0,00 0,00 0,00 0,00 0,00 0,00 0,00 0,00 0,00 0,00 
ODRANCI 0,00 0,00 0,00 0,00 0,00 0,00 0,00 0,00 0,00 0,00 0,00 0,00 0,00 0,00 0,00 
OSILNICA 0,00 0,00 0,00 0,00 0,00 0,00 0,00 0,00 0,00 0,00 0,00 0,00 0,00 0,00 0,00 
PESNICA 0,00 0,00 0,00 0,00 0,00 0,00 0,00 0,00 0,00 0,00 0,00 0,00 0,00 0,00 0,00 
PIVKA 0,00 0,00 0,00 0,00 0,00 0,00 0,00 0,00 0,00 0,00 0,00 0,00 0,00 0,00 0,00 

PODČETRTEK 0,00 0,00 0,00 0,00 0,00 0,00 0,00 0,00 0,00 0,00 0,00 0,00 0,00 0,00 0,00 
PODVELKA 0,00 0,00 0,00 0,00 0,00 0,00 0,00 0,00 0,00 0,00 0,00 0,00 0,00 0,00 0,00 
PREBOLD 0,00 0,00 0,00 0,00 0,00 0,00 0,00 0,00 0,00 0,00 0,00 0,00 0,00 0,00 0,00 
PREDDVOR 0,00 0,00 0,00 0,00 0,00 0,00 0,00 0,00 0,00 0,00 0,00 0,00 0,00 0,00 0,00 
PREVALJE 0,00 0,00 0,00 0,00 0,00 0,00 0,00 0,00 0,00 0,00 0,00 0,00 0,00 0,00 0,00 
PTUJ 0,00 0,00 0,00 0,00 0,00 0,00 0,00 0,00 0,00 0,00 0,00 0,00 0,00 0,00 0,00 
RADEČE 0,00 0,00 0,00 0,00 0,00 0,00 0,00 0,00 0,00 0,00 0,00 0,00 0,00 0,00 0,00 
RADENCI 0,00 0,00 0,00 0,00 0,00 0,00 0,00 0,00 0,00 0,00 0,00 0,00 0,00 0,00 0,00 
RAVNE NA 
KOROŠKEM 0,00 0,00 0,00 0,00 0,00 0,00 0,00 0,00 0,00 0,00 0,00 0,00 0,00 0,00 0,00 
RAZKRIŽJE 0,00 0,00 0,00 0,00 0,00 0,00 0,00 0,00 0,00 0,00 0,00 0,00 0,00 0,00 0,00 
ROGATEC 0,00 0,00 0,00 0,00 0,00 0,00 0,00 0,00 0,00 0,00 0,00 0,00 0,00 0,00 0,00 
SREDIŠČE OB 
DRAVI 0,00 0,00 0,00 0,00 0,00 0,00 0,00 0,00 0,00 0,00 0,00 0,00 0,00 0,00 0,00 
STRAŽA 0,00 0,00 0,00 0,00 0,00 0,00 0,00 0,00 0,00 0,00 0,00 0,00 0,00 0,00 0,00 
SVETA ANA 0,00 0,00 0,00 0,00 0,00 0,00 0,00 0,00 0,00 0,00 0,00 0,00 0,00 0,00 0,00 
SV. TROJICA V 
SLOVENSKIH 
GORICAH 0,00 0,00 0,00 0,00 0,00 0,00 0,00 0,00 0,00 0,00 0,00 0,00 0,00 0,00 0,00 
SV. ANDRAŽ V 
SLOVENSKIH 
GORICAH 0,00 0,00 0,00 0,00 0,00 0,00 0,00 0,00 0,00 0,00 0,00 0,00 0,00 0,00 0,00 
SVETI JURIJ 0,00 0,00 0,00 0,00 0,00 0,00 0,00 0,00 0,00 0,00 0,00 0,00 0,00 0,00 0,00 
SV. JURIJ V 
SLOVENSKIH 
GORICAH 0,00 0,00 0,00 0,00 0,00 0,00 0,00 0,00 0,00 0,00 0,00 0,00 0,00 0,00 0,00 
SVETI TOMAŽ 0,00 0,00 0,00 0,00 0,00 0,00 0,00 0,00 0,00 0,00 0,00 0,00 0,00 0,00 0,00 
ŠALOVCI 0,00 0,00 0,00 0,00 0,00 0,00 0,00 0,00 0,00 0,00 0,00 0,00 0,00 0,00 0,00 
ŠEMPETER-
VRTOJBA 0,00 0,00 0,00 0,00 0,00 0,00 0,00 0,00 0,00 0,00 0,00 0,00 0,00 0,00 0,00 
ŠENČUR 0,00 0,00 0,00 0,00 0,00 0,00 0,00 0,00 0,00 0,00 0,00 0,00 0,00 0,00 0,00 
ŠENTILJ 0,00 0,00 0,00 0,00 0,00 0,00 0,00 0,00 0,00 0,00 0,00 0,00 0,00 0,00 0,00 
ŠMARJEŠKE 
TOPLICE 0,00 0,00 0,00 0,00 0,00 0,00 0,00 0,00 0,00 0,00 0,00 0,00 0,00 0,00 0,00 
ŠTORE 0,00 0,00 0,00 0,00 0,00 0,00 0,00 0,00 0,00 0,00 0,00 0,00 0,00 0,00 0,00 
TABOR 0,00 0,00 0,00 0,00 0,00 0,00 0,00 0,00 0,00 0,00 0,00 0,00 0,00 0,00 0,00 
TIŠINA 0,00 0,00 0,00 0,00 0,00 0,00 0,00 0,00 0,00 0,00 0,00 0,00 0,00 0,00 0,00 
TOLMIN 0,00 0,00 0,00 0,00 0,00 0,00 0,00 0,00 0,00 0,00 0,00 0,00 0,00 0,00 0,00 
TRNOVSKA VAS 0,00 0,00 0,00 0,00 0,00 0,00 0,00 0,00 0,00 0,00 0,00 0,00 0,00 0,00 0,00 

TRZIN 0,00 0,00 0,00 0,00 0,00 0,00 0,00 0,00 0,00 0,00 0,00 0,00 0,00 0,00 0,00 
TRŽIČ 0,00 0,00 0,00 0,00 0,00 0,00 0,00 0,00 0,00 0,00 0,00 0,00 0,00 0,00 0,00 
TURNIŠČE 0,00 0,00 0,00 0,00 0,03 0,03 0,00 0,00 0,00 0,00 0,00 0,00 0,00 0,00 0,00 
VELIKA POLANA 0,00 0,00 0,00 0,00 0,00 0,00 0,00 0,00 0,00 0,00 0,00 0,00 0,00 0,00 0,00 
VELIKE LAŠČE 0,00 0,00 0,00 0,00 0,00 0,00 0,00 0,00 0,00 0,00 0,00 0,00 0,00 0,00 0,00 
VERŽEJ 0,00 0,00 0,00 0,00 0,00 0,00 0,00 0,00 0,00 0,00 0,00 0,00 0,00 0,00 0,00 
VIDEM 0,00 0,00 0,00 0,00 0,00 0,00 0,00 0,00 0,00 0,00 0,00 0,00 0,00 0,00 0,00 
VIPAVA 0,00 0,00 0,00 0,00 0,00 0,00 0,00 0,00 0,00 0,00 0,00 0,00 0,00 0,00 0,00 
VODICE 0,00 0,00 0,00 0,00 0,00 0,00 0,00 0,00 0,00 0,00 0,00 0,00 0,00 0,00 0,00 
VOJNIK 0,00 0,00 0,00 0,00 0,00 0,00 0,00 0,00 0,00 0,00 0,00 0,00 0,00 0,00 0,00 
VRANSKO 0,00 0,00 0,00 0,00 0,00 0,00 0,00 0,00 0,00 0,00 0,00 0,00 0,00 0,00 0,00 
ZAVRČ 0,00 0,00 0,00 0,00 0,00 0,00 0,00 0,00 0,00 0,00 0,00 0,00 0,00 0,00 0,00 
ŽETALE 0,00 0,00 0,00 0,00 0,00 0,00 0,00 0,00 0,00 0,00 0,00 0,00 0,00 0,00 0,00 
ŽIRI 0,00 0,00 0,00 0,00 0,00 0,00 0,00 0,00 0,00 0,00 0,00 0,00 0,00 0,00 0,00 
ŽIROVNICA 0,00 0,00 0,00 0,00 0,00 0,00 0,00 0,00 0,00 0,00 0,00 0,00 0,00 0,00 0,00 
 
 
Tabela 23: Prihodek iz naslova Prihodki od podeljenih koncesij za vodno pravico (urejeno padajoče glede na povprečje  2007-2020) v absolutnih zneskih (v 
EUR) 
OBČINA 2007 2008 2009 2010 2011 2012 2013 2014 2015 2016 2017 2018 2019 2020 x̄ 
Skupaj občine  9848214 9180154 13242036 15071752 12430148 11996720 15135557 11915450 15014294 8675544 9436496 9779469 13857040 12112659 11978252 
MARKOVCI 1075381 956510,3 1329636 1527936 1138037 1188669 1554774 1020752 1476175 836245,7 872836,9 918636,9 1444594 1149767 1177854 
MARIBOR 925520,6 818445,4 1136552 1335737 990001,5 1036074 1352013 880854,1 1274483 721340,4 752240,6 794097,6 1240471 980473,7 1017022 
PTUJ 708402,2 630096,6 881603,6 1014779 752432,4 792379,2 1041402 686713 976551,2 554603,3 578753,5 608222,2 954944,4 760724,4 781543,4 
DRAVOGRAD 664134,4 590868,8 821199 943861,4 702847,2 733900,8 960126,2 630344,3 911480,1 516236,8 538844,6 567114,4 891886,6 709834,2 727334,2 
KANAL 600222 493536,2 873163,3 755103,3 874087,2 609565 710722,1 971149,5 840098,7 260432,5 418331,2 453891,8 557877 704532,7 651622,3 
LJUBLJANA 390077 535056,8 754306,7 685990,8 647448,3 857490,3 703855,3 697798,5 697291,2 638912,1 490506,4 561625,5 643260 574957,8 634184 
PODVELKA 562292 500105,6 695017,6 798834,4 594733,6 620906 812511,4 533715,2 772138,6 436771,9 456021,2 480335,8 754487,1 601313,1 615656 
TOLMIN 582008 446195,7 811203 745408,2 843256,8 576363,3 675162,7 892908,6 775934,9 240733,7 406974,9 398645,5 516830,9 618139,7 609269 
RADLJE OB 
DRAVI 491670,9 437633,3 607757,3 698852,3 520205,8 543062,9 710678,9 466436,6 674403,1 381843,7 398729,7 419466,3 659662 525011,4 538243,9 
SEVNICA 210945,1 311938 401514,5 656652,9 586829,5 637037,7 619171,5 561861,6 629558,5 513355,7 583096,9 466437,7 531993,8 532646,8 517360 
LOVRENC NA 
POHORJU 365870,9 327174,1 452883,2 523477,4 389539,3 403221,3 553419,5 369878,8 512394,6 286629,7 302646,8 315099,5 489049,7 387202,6 405606,2 
SELNICA OB 
DRAVI 355101 315866 438929 504378,9 375657 392307,9 513204,9 336903 487261 276000,2 288079,6 303221 476852,5 379517,1 388805,6 

STARŠE 339139 301651 420750 482958,9 359975,3 377084,4 492029,7 323561 467148,6 265181,2 276738,8 290908,2 456875,4 363895,2 372706,9 
GORIŠNICA 294806,1 260843,6 362774,9 416810,8 310481,3 324431,7 424205,5 278569 402759,7 228229,1 238210,3 250665,6 394108,1 313707,5 321471,6 
ORMOŽ 275981,6 245475 342474,9 393079,8 292998,2 306985,6 400494,6 263397,7 380242,9 215879 225285,1 236800,6 371865,2 296200,6 303368,6 
VUZENICA 249847 222236,2 308820,2 355018 264405,2 276008,4 361127,4 237090,5 342871 194182,7 202676,8 213291,4 335453,2 266980,3 273572 
RUŠE 242989 217593,1 300745 347900,6 259978,5 267446,8 350912,9 232252,6 332130,2 186531,9 195076,4 204847,4 322000,3 256269,9 265476,8 
MUTA 233607 207819,8 295841,2 333978,6 247166,5 258131,3 337504,2 221699 320478,9 181446,9 189443,6 199365,9 313483,5 249495,1 256390,1 
HAJDINA 198767 176796,1 246953,4 283332 211246,5 221557,3 288799,1 190046,6 274193,2 155782,7 162560,5 170798 268094,2 213598,7 218751,8 
ROGAŠKA 
SLATINA 60320 51393 213866 173624 187488 47529,93 240130,7 284980,4 129938,6 200528,6 280030,6 189882,5 197793,2 170799,5 173450,4 
KRŠKO 162,36 577,58 179,71 34,82 85,28 65,01 295920 151026,7 482840,4 285348,2 300260,9 257448,1 284401,5 288960,8 167665,1 
MIKLAVŽ NA 
DRAVSKEM 
POLJU 132332,2 117704,5 163589,6 187998,6 140019,6 146226 191288,2 125574,8 181618,1 102874,2 107377 113018,1 177738,5 141458,4 144915,6 
MEDVODE 127719 123352 160210,8 191866,7 160701,5 130882,4 129167,3 152998,4 179840,1 88615,73 108717,6 102913 139891,7 163083,9 139997,1 
KRANJ 120938,8 114054,8 161176,4 187142,3 170395,5 128872,1 158922,5 145932,8 183770,3 103616,6 92744,18 87768,8 118995,7 161345,6 138262,6 
RADEČE 77 1937 0 205534 179966 153054,4 175250,9 221182,5 191178,4 143439,7 179112,9 144472,6 159453,1 152814,6 136248,1 
JESENICE 53705,39 79982,99 90974,83 148919,6 139965 116119,7 107758,9 109645,4 130397,1 41080,21 65744,9 58797,94 78903,38 89083,79 93648,51 
BREŽICE 92 223,12 0 0 0 0 0 0 0 0 99369 367907,5 377030 387034,7 87975,45 
NOVA GORICA 77605,17 63960,19 112638,4 97456,47 113291,3 78323,88 91802,12 124827,5 108013,5 33693,18 53326,11 57769,83 71074,85 89758,87 83824,38 
DUPLEK 65778,43 58507,4 81824,97 93840,63 69983,72 73476,09 95692,51 63008,27 90852,41 51654,89 53900,21 56606,55 88812,05 70776,95 72479,65 
ŠENČUR 41568,33 37916,82 53937,81 64542,58 53798,88 40965,69 45333,79 52291,77 65596,13 28682,94 36902,28 35052,99 47507,35 58634,73 47338,01 
LAŠKO 7086 9265,86 14218,92 9885,52 55270,04 55621,1 58142,88 66936,51 77093,22 57530,19 65440,82 53229,41 42774,8 49979,57 44462,49 
MIRNA     42982,44 36598,1 25558,37 15558,49 51244,89 40427,97 44128,96 48531,17 74722,06 57203,01 43695,55 
ŽIROVNICA 26301,29 36927,58 44508,85 51665,79 54771,43 50729,9 47645,38 52136,19 61004,81 27419,13 33804,45 35266,48 42636,91 42339,67 43368,42 
TRŽIČ 32611 30794,7 34041,55 83374,33 64506,3 35790,74 54967,56 40583,31 53046,14 15589,06 21694,95 17917,31 23101,6 23752,61 37983,65 
CIRKULANE 32404,58 30085,38 41813,65 48052,62 35789,16 37375,55 48893,42 32097,09 46421,69 26294,8 27445,31 28887,93 45430,14 36156,92 36939,16 
BLED 11924,97 57529,65 49278,98 64964,09 54274,48 33893,76 41522,28 38650,89 39235,86 -1179,22 7925,23 7011,71 9448,47 10841,15 30380,16 
KOSTEL 290 12052,05 53843 62036 22124 52611,04 177,9 58,08 93,99 137860,4 4553,03 18738,53 20181,85 6135,75 27911,12 
BOHINJ 32685 34595,85 37235 50914,31 50492,53 27798,44 44077,21 28317,41 34349,05 3165,65 19556,75 6190,68 5122,6 0 26750,03 
VIDEM 22281 19135 26778 29350 21661,49 22471,01 29158,52 20379,57 28414,61 15778,62 17078,87 17273,51 26977,12 21144,19 22705,82 
GORNJA 
RADGONA 12938,96 7014,14 28676,94 2619,11 15206,81 19123,04 20507,79 19188,09 20810,25 23682,68 24123,38 44307,35 33715,95 34668,41 21898,78 
LITIJA 25805,37 24875,96 19641,55 14936,19 13818,75 32787,17 32996,43 18902,22 10887,01 11039,6 27298,59 31055,28 11118,72 22403,88 21254,77 
BOVEC 27604 26827,76 32574,68 39568 37633,29 26889,3 27217,25 21549,02 20057,53 2313,41 7141,03 5342,56 5035,7 10511,6 20733,22 
HRASTNIK 313,49 410,17 629,87 23545,77 22506,57 16823,29 21641,23 26521,13 22499,18 16936,24 21193 17080,55 18066,27 17570,37 16124,08 
ŠMARJE PRI 
JELŠAH 723,32 616,24 2564,25 26315,1 12627,62 16224,71 10967,15 26333,52 16506,36 18186,17 15343,81 10087,23 20603,75 15964,25 13790,25 

ROGATEC 4735 4033,57 16784,17 13343,62 14597,29 3545,34 18757,93 22097,14 10022,31 15562,68 21844,18 14816,04 15312,81 13244,8 13478,35 
PODČETRTEK 0 0 0 25352 10858 16377,65 8460,58 23968,28 15636,23 16512,46 12538,14 8170,26 19073,96 14558,18 12250,41 
KRANJSKA 
GORA 12083,15 10254,85 19006,85 25237,21 23434,99 12527,18 15795,39 14299,19 14177,46 2195,64 4867,61 1917,63 2903,5 3474,48 11583,94 
TREBNJE 24552,73 39389,29 55211,2 44524,35 -6862,82 -2427,42 6,04 0 0 0 0 0 0 0 11028,1 
TIŠINA 6460 3498,89 14316,97 1307,59 7843,71 9547,17 10238,53 9579,65 10389,53 11823,59 12043,61 22120,46 16815,39 17308,22 10949,52 
AJDOVŠČINA 11420,45 9184,45 16959,1 11847,8 25000,42 1696,07 14928,23 15334,91 11995,57 1885,23 7968,98 5892,44 6619,32 8477,25 10657,87 
SLOVENSKA 
BISTRICA 7625,13 11705,4 13158,95 18971,17 16428,34 8603,13 11598,79 10742,56 15742,48 3035,33 3632,24 3258,66 2034,89 1888,47 9173,253 
PIRAN 5806,82 10880,72 9347,06 16574,53 21888,25 17072,06 14635,81 12145,92 4507,54 270,04 2283,11 0 0 0 8243,704 
DOMŽALE 4690 11345,37 6411,88 9666,71 6276,32 9335,82 2375,32 11973,52 9153,05 3642,75 7725,47 9751,31 8985,23 7817,09 7796,417 
MISLINJA 7896 9536 12935 12965 13901 6814,84 11125,92 10917,36 10263,63 2782,06 4063,3 1270,32 -134,83 0 7452,543 
ČRNA NA 
KOROŠKEM 2132 15230 13309 20467 14340 3619,91 11629,23 10134,77 10594,14 1054,82 -1182,29 -93,18 0 0 7231,1 
MEŽICA 1654 14210,35 12474,63 18810 13678,98 3549,67 11160,22 9660,84 10038,62 1238,45 -1085,12 26,95 0 0 6815,542 
IDRIJA 7000 5776,57 12334,93 10163,2 16296,65 4058,63 8843,82 10550,92 5893,77 2531,55 2081,92 2939,52 1207,15 1365,43 6503,147 
KAMNIK 2275,04 3592,6 5469,86 15490 11793,07 6859,51 10073,67 9007,21 8946,08 725,9 6391,28 4647,76 2317,37 2673 6447,311 
ZAVRČ 5408,55 4810,64 6686,14 7683,72 5722,75 5976,36 7818,18 5132,33 7422,96 4204,6 4388,76 4618,98 7264,35 5781,54 5922,847 
LJUBNO 3751 3216,18 9199 13802,66 9997,7 1349,89 9591,31 6574,01 7846,86 81,75 4620,41 -526,1 852,57 0 5025,517 
ŽELEZNIKI 4526,77 3934,78 7813,21 9116,74 10156,4 3911,77 5429,71 7380,5 5554,4 1450,47 3161,85 1423,06 444,56 285,73 4613,568 
KOBARID 4445 5676 7200 8236 6040 3920 4639,24 2521,94 1018,54 2681,22 5220,41 3675,87 2305,6 1770,35 4239,298 
CERKNO 2657 2821 6479,01 8242,23 10902,27 1603,37 7076,07 7411,83 4827,27 2450,23 1690,09 1395,46 972,73 771,59 4235,725 
GORENJA VAS-
POLJANE 2880 2541,89 5829,36 7291,97 8600,64 3772,16 6698,47 5637,46 6238,06 3128,56 2412,13 1596,52 570,16 666,6 4133,141 
LUČE 2157 6659,01 6248,63 7416,12 7403,41 1066,16 8424,97 3493,37 4656,21 1505,27 2278,88 738,42 1636,13 2475,06 4011,331 
GORNJI GRAD 22,76 31,89 454,76 487,65 701,55 4849,78 2437,05 2906,71 5975,49 4431,65 9482,9 7451,25 7063,76 8365,87 3904,505 
GORJE 1757,29 8426,1 5760,02 8109,74 7258,77 5933,17 4195,69 4973,35 2581,45 630,67 716,77 551,39 -175,95 0 3622,747 
PREVALJE 857 7437,63 6428,64 10186,8 7242,76 1573,53 5822,89 4973,36 5321,02 473,35 -606,88 14,93 15,84 0 3552,919 
KIDRIČEVO 0 0 4010,89 3087,93 3024,46 6231,97 4793,83 4636,19 4530,89 4093,95 4144,27 3374,78 3649,63 3644,35 3515,939 
ŠENTILJ 1557,58 5369,47 5577,06 7277 6396,08 5420,95 5779,58 3200,29 198 3376,02 1151,83 2076,83 -351,92 0 3359,198 
ZREČE 2314,34 2569,14 5085,68 7275,57 4752,06 4833,68 3624,75 3564,83 4731,96 1210,22 1635,6 664,55 10,55 0 3019,495 
OPLOTNICA 2772 5317,17 4716,49 6848,19 6250,88 2021,45 4036,59 1783,71 5431,35 -704,74 -635,65 0 0 0 2702,674 
SVETI TOMAŽ 0 0 2178,43 1676,96 1642,52 3384,43 2603,41 2517,81 2460,6 2223,34 2250,65 1832,77 1982,02 1979,16 1909,436 
RADOVLJICA 2086,45 1869,87 2313,01 4290,59 2898,79 3230,11 2604,31 2165,91 1784,36 879,46 1445,37 407,94 -8,93 129,66 1864,064 
REČICA OB 
SAVINJI 1630 2802,26 3128,22 3405,42 3022,65 2699,24 2919,4 1617,84 1107,97 643,27 1631,26 553,91 851,37 0 1858,058 
JURŠINCI 0 0 2073,27 1596,2 1563,37 3221,35 2477,99 2396,5 2342,07 2116,21 2142,23 1744,47 1886,54 1883,81 1817,429 

ŽUŽEMBERK 5643 6443 231,32 6058,62 6144,47 165,4 314,07 167,21 147,82 69,14 70,08 -20,04 0 0 1816,721 
DESTRNIK 0 0 1986,25 1529,19 1497,76 3086,15 2373,98 2295,9 2243,76 2027,39 2052,28 1671,24 1807,36 1804,74 1741,143 
ŠENTJUR 236 80,2 331,38 3397,13 1445,77 2192,47 1157,22 3103,02 2109,94 2164,85 1630,97 1050,62 2469,4 1884,77 1660,981 
NAZARJE 2340,4 2064,58 2967 2172,1 5517 714,41 2842,49 3315,6 1239,68 -995,57 0 0 0 0 1584,121 
DORNAVA 0 0 1620,22 1247,4 1221,74 2844,05 1936,49 1872,82 1830,29 1653,78 1674,11 1363,26 1474,3 1472,16 1443,616 
ŠKOFJA LOKA 1792,83 1662,5 2521,67 2545,18 3266,46 1411,29 2260,91 2147,83 1342,19 482,3 160,3 -0,36 0 0 1399,507 
KOPER 2209 3006,51 1140,3 2732,37 2036 2988,54 2268,03 1654,24 966,34 0 0 0 0 0 1357,238 
RIBNICA NA 
POHORJU 1279,78 1050,34 1660,63 2767,66 2560,39 1092,08 1795,97 1369,36 1755,8 295,08 835,03 212,48 203,77 0 1205,598 
SOLČAVA 732 1573 2172,87 2470,58 2271,69 1083,03 1808,81 1714,8 1958,28 -70,24 874,13 -10,38 199,07 13,04 1199,334 
ZAGORJE OB 
SAVI 1379 518,52 1572,78 2215,71 2231,37 46,27 1665,04 2170,52 1512,35 392,13 -132,66 2,13 2,72 0 969,7057 
JEZERSKO 428,25 285,89 1047,77 2231,68 3474,77 357,62 1227,96 1823,69 1510,41 396,22 1016,11 -290,51 0 0 964,99 
IVANČNA 
GORICA 1856 1331,89 1916,43 1209,31 2370,24 899,83 1516,67 1061,57 436,27 317,42 269,09 94,25 0 0 948,4979 
PODLEHNIK 1027 870,12 1154,91 1492,77 1555,19 216,27 391,01 1369,29 1038,81 820,85 473,94 334,01 269,78 0 786,7107 
PREDDVOR 1157,77 1064,04 1162,6 1028,06 1295,83 1508,54 879,72 1073,41 598,94 559,8 495,37 -164,77 -10,78 0 760,6093 
NAKLO 571,65 394,08 1168,06 1018,59 1503,53 862,25 1200,2 810,46 737,17 263,38 464,99 16,28 0 0 643,6171 
TRNOVSKA VAS 0 0 662,93 510,39 499,9 1030,03 792,33 766,29 748,89 676,68 684,97 557,79 603,24 601,47 581,065 
DOLENJSKE 
TOPLICE 759 1057,9 960,86 913,36 1143,3 505,59 1062,22 514,8 542,52 450,32 195,04 -134,69 0 0 569,3014 
OSILNICA 862 656,51 727,16 755,16 1317,36 344,58 1495,8 317,25 594,84 336,52 241,74 66,05 0 0 551,0693 
RAČE-FRAM 325 411 630,27 672,16 441,69 694,44 616,36 876,96 560,17 418,99 429,72 343,76 369,36 369,25 511,3664 
LOŠKI POTOK 674,97 431,18 281,87 941,56 1689,29 268,54 1231,07 616,43 586,51 294,45 88,83 0 0 0 507,4786 
POSTOJNA 776,27 617,91 985,18 621,09 1548,73 -40,04 974,72 644,29 342,17 167,98 0 292,81 0 0 495,0793 
LENART 216 42,5 434,34 566,54 543,71 654,18 598,37 543,94 367,22 331,26 782,15 258,46 295,8 294,93 423,5286 
MOZIRJE 1204 647,15 765,33 971,54 556,15 444,33 166,78 506,28 339,35 21,05 130,2 120,46 52,07 0 423,1921 
RAVNE NA 
KOROŠKEM 108 220,45 1069,43 784,23 713,58 108,5 1084,79 389,29 435,88 242,39 261,4 100,79 -27,64 0 392,2207 
SLOVENJ 
GRADEC 498,37 603,56 609,81 818,72 701,94 256,81 384,15 596,19 411,59 1,46 53,3 -19,32 0 0 351,1843 
NOVO MESTO 42 347,01 823,79 440,95 991,48 0 681,95 840,99 596,7 -89,57 8,87 0,13 3,42 0 334,8371 
BOROVNICA 202,38 404,15 660,07 318,75 891,02 396 591,57 346,63 446,23 -77,5 124,54 329,73 -58,79 0 326,77 
PIVKA 0 0 492,04 558 1253,21 50,93 466,22 727,04 424,18 -44,3 343,9 239,67 0 0 322,2064 
LJUTOMER 0 0 366,03 281,79 276 568,71 437,48 423,08 413,47 373 378,2 307,98 333,06 332,08 320,7771 
MAJŠPERK 5,47 17,97 322,41 246,32 241,26 561,62 382,41 369,84 361,42 326,05 330,6 269,2 291,15 290,28 286,8571 
ŠOŠTANJ 433,47 453,18 492,13 872,25 667,42 64,93 484,01 256,21 204,96 -25,79 119,52 -36,38 0 0 284,7079 

MIREN-
KOSTANJEVICA 0 0 0 1030,96 408,74 364,1 719,17 471,49 383,76 255,66 199,78 -92,18 0 0 267,2486 
SV. ANDRAŽ V 
SLOVENSKIH 
GORICAH 0 0 302,03 232,53 227,75 469,29 360,99 349,12 341,19 307,78 312,08 254,14 274,82 274,03 264,6964 
DOL PRI 
LJUBLJANI 324,13 624,95 495,6 484,64 621,71 156,93 268,15 114,04 246,65 -42,8 75,67 21,08 2,72 0 242,3907 
ŽALEC 587,72 1393,45 701,12 167,78 250,83 -39,6 73,54 -43,69 1,14 0 9,42 6,84 -3,59 0 221,7829 
POLZELA 76,74 390,47 266,15 334,38 530,04 336,95 356,97 143,03 183,05 52,76 127,89 -24,32 59,3 68,11 207,2514 
CERKLJE NA 
GORENJSKEM 428 379 213 104 564 -32,05 229,1 339,98 361,43 -147 93,12 0 0 0 180,8986 
ŠMARTNO OB 
PAKI 198 198 241,11 302,64 257,79 196 176,04 202,78 153,05 65,94 -6,7 0 0 0 141,7607 
ČRNOMELJ 109,71 179,77 33,07 322,86 113,77 450,16 -92,98 218,92 339,5 43,44 -8,78 0 0 0 122,1029 
ŠENTJERNEJ 375 562,74 196,91 0 0 246,77 0 0 0 0 0 0 0 0 98,67286 
BREZOVICA 146,06 90,33 204,11 102,6 287,39 -35,21 108,74 178,67 122,13 21,24 -11,67 0 0 0 86,74214 
KOSTANJEVICA 
NA KRKI 273,44 312,7 0 290,16 294 0 0 0 0 0 0 0 0 0 83,59286 
CERKNICA 119 45,48 195,76 102,6 287,39 -35,21 108,74 178,67 122,13 21,24 -11,67 0 0 0 81,00929 
LOŠKA DOLINA 79,31 57,83 113,52 68,47 154,41 -21,69 129,37 102,35 101,81 1,53 41,79 14,33 0 0 60,21643 
SEMIČ 248,68 163 70,3 18,8 69,08 23,01 123,27 92,82 41,16 -1,47 -21,78 0 0 0 59,06214 
HOČE-SLIVNICA 33 130 53 261 121 0 91,74 56,92 35,08 26,3 -26,32 0 0 0 55,83714 
ŠMARTNO PRI 
LITIJI 157,89 122,68 79,31 90,73 90,86 -15,65 79,03 63,26 20,96 20,13 6,83 0 0 0 51,145 
BRASLOVČE 36 547,46 19,43 44,92 0 0 0 0 0 0 0 0 0 0 46,27214 
ILIRSKA 
BISTRICA 51 15,5 112,34 79,86 47 67,92 85,03 45,16 51,98 -2,47 39,89 11,59 -2,4 0 43,02857 
ŠKOFLJICA 218,74 250,16 0 122,11 0 0 0 0 0 0 0 0 0 0 42,215 
VRHNIKA 290 147,05 89,87 4,96 8,54 2,69 9,45 5,6 6,03 0,65 2,15 2,1 0 0 40,64929 
ŠENTRUPERT 10 23,99 78,29 13,57 27,4 86,75 6,77 67,4 83,24 38,23 24,88 -15,58 0 0 31,78143 
MORAVČE 123 132 121 0 0 0 0 0 0 0 0 0 0 0 26,85714 
MIRNA PEČ 60,27 -2,04 67,48 58,94 60,7 21,54 22,84 55,91 35,21 -9,28 0 0 0 0 26,54071 
ŠKOCJAN 109 179,77 27,03 0 0 0 0 0 0 0 0 0 0 0 22,55714 
LOGATEC 22,07 14,67 53,73 46,79 58,74 -8,55 33 52,25 33,62 -3,21 21,03 -8,51 0 0 22,545 
MORAVSKE 
TOPLICE 0 0 0 0 0 0 75,46 101,96 97,61 46,31 -18,41 0 0 0 21,63786 
VELENJE 2,04 30,59 34,42 23,37 38,13 0 18,81 37,36 22,7 6,94 7,47 -0,34 0 0 15,82071 
GROSUPLJE 67 69,32 19 0 0 0 0 0 0 0 0 0 0 0 11,09429 
VODICE 41,15 58,2 51,46 0 0 0 0 0 0 0 0 0 0 0 10,77214 

MOKRONOG-
TREBELNO 0 24 8,14 13,64 12,38 13 13,34 6,47 6 5,51 5,01 0 0 0 7,677857 
HORJUL 41 23,45 0 0 0 31 0 0 0 0 0 0 0 0 6,817857 
DOBROVA-
POLHOV 
GRADEC 3,44 3,54 7,06 9,72 8,28 5,03 11,14 10,22 4,25 0,78 3,74 1,62 0,92 0 4,981429 
CELJE 15 17 4 0 0 0 0 0 0 0 0 0 0 0 2,571429 
SLOVENSKE 
KONJICE 13,68 15,64 3,02 0 0 0 0 0 0 0 0 0 0 0 2,31 
SVETI JURIJ 0 0 2,56 1,98 1,03 4,87 3,01 2,95 2,89 2,62 2,63 2,16 2,33 2,32 2,239286 
IG 12 12,08 4,38 0 0 0 0 0 0 0 0 0 0 0 2,032857 
ANKARAN         0 0 0 0 0 0 0 
APAČE 0 0 0 0 0 0 0 0 0 0 0 0 0 0 0 
BELTINCI 0 0 0 0 0 0 0 0 0 0 0 0 0 0 0 
BENEDIKT 0 0 0 0 0 0 0 0 0 0 0 0 0 0 0 
BISTRICA OB 
SOTLI 0 0 0 0 0 0 0 0 0 0 0 0 0 0 0 
BLOKE 0 0 0 0 0 0 0 0 0 0 0 0 0 0 0 
BRDA 0 0 0 0 0 0 0 0 0 0 0 0 0 0 0 
CANKOVA 0 0 0 0 0 0 0 0 0 0 0 0 0 0 0 
CERKVENJAK 0 0 0 0 0 0 0 0 0 0 0 0 0 0 0 
ČRENŠOVCI 0 0 0 0 0 0 0 0 0 0 0 0 0 0 0 
DIVAČA 0 0 0 0 0 0 0 0 0 0 0 0 0 0 0 
DOBJE 0 0 0 0 0 0 0 0 0 0 0 0 0 0 0 
DOBREPOLJE 0 0 0 0 0 0 0 0 0 0 0 0 0 0 0 
DOBRNA 0 0 0 0 0 0 0 0 0 0 0 0 0 0 0 
DOBROVNIK 0 0 0 0 0 0 0 0 0 0 0 0 0 0 0 
GORNJI 
PETROVCI 0 0 0 0 0 0 0 0 0 0 0 0 0 0 0 
GRAD 0 0 0 0 0 0 0 0 0 0 0 0 0 0 0 
HODOŠ 0 0 0 0 0 0 0 0 0 0 0 0 0 0 0 
HRPELJE-
KOZINA 0 0 0 0 0 0 0 0 0 0 0 0 0 0 0 
IZOLA 0 0 0 0 0 0 0 0 0 0 0 0 0 0 0 
KOBILJE 0 0 0 0 0 0 0 0 0 0 0 0 0 0 0 
KOČEVJE 0 0 0 0 0 0 0 0 0 0 0 0 0 0 0 
KOMEN 0 0 0 0 0 0 0 0 0 0 0 0 0 0 0 
KOMENDA 0 0 0 0 0 0 0 0 0 0 0 0 0 0 0 

KOZJE 0 0 0 0 0 0 0 0 0 0 0 0 0 0 0 
KRIŽEVCI 0 0 0 0 0 0 0 0 0 0 0 0 0 0 0 
KUNGOTA 0 0 0 0 0 0 0 0 0 0 0 0 0 0 0 
KUZMA 0 0 0 0 0 0 0 0 0 0 0 0 0 0 0 
LENDAVA 0 0 0 0 0 0 0 0 0 0 0 0 0 0 0 
LOG-
DRAGOMER 0 0 0 0 0 0 0 0 0 0 0 0 0 0 0 
LUKOVICA 0 0 0 0 0 0 0 0 0 0 0 0 0 0 0 
MAKOLE 0 0 0 0 0 0 0 0 0 0 0 0 0 0 0 
MENGEŠ 0 0 0 0 0 0 0 0 0 0 0 0 0 0 0 
METLIKA 0 0 0 0 0 0 0 0 0 0 0 0 0 0 0 
MURSKA 
SOBOTA 0 0 0 0 0 0 0 0 0 0 0 0 0 0 0 
ODRANCI 0 0 0 0 0 0 0 0 0 0 0 0 0 0 0 
PESNICA 0 0 0 0 0 0 0 0 0 0 0 0 0 0 0 
POLJČANE 0 0 0 0 0 0 0 0 0 0 0 0 0 0 0 
PREBOLD 0 0 0 0 0 0 0 0 0 0 0 0 0 0 0 
PUCONCI 0 0 0 0 0 0 0 0 0 0 0 0 0 0 0 
RADENCI 0 0 0 0 0 0 0 0 0 0 0 0 0 0 0 
RAZKRIŽJE 0 0 0 0 0 0 0 0 0 0 0 0 0 0 0 
RENČE-
VOGRSKO 0 0 0 0 0 0 0 0 0 0 0 0 0 0 0 
RIBNICA 0 0 0 0 0 0 0 0 0 0 0 0 0 0 0 
ROGAŠOVCI 0 0 0 0 0 0 0 0 0 0 0 0 0 0 0 
SEŽANA 0 0 0 0 0 0 0 0 0 0 0 0 0 0 0 
SODRAŽICA 0 0 0 0 0 0 0 0 0 0 0 0 0 0 0 
SREDIŠČE OB 
DRAVI 0 0 0 0 0 0 0 0 0 0 0 0 0 0 0 
STRAŽA 0 0 0 0 0 0 0 0 0 0 0 0 0 0 0 
SVETA ANA 0 0 0 0 0 0 0 0 0 0 0 0 0 0 0 
SV. TROJICA V 
SLOVENSKIH 
GORICAH 0 0 0 0 0 0 0 0 0 0 0 0 0 0 0 
SV. JURIJ V 
SLOVENSKIH 
GORICAH 0 0 0 0 0 0 0 0 0 0 0 0 0 0 0 
ŠALOVCI 0 0 0 0 0 0 0 0 0 0 0 0 0 0 0 
ŠEMPETER-
VRTOJBA 0 0 0 0 0 0 0 0 0 0 0 0 0 0 0 

ŠMARJEŠKE 
TOPLICE 0 0 0 0 0 0 0 0 0 0 0 0 0 0 0 
ŠTORE 0 0 0 0 0 0 0 0 0 0 0 0 0 0 0 
TABOR 0 0 0 0 0 0 0 0 0 0 0 0 0 0 0 
TRBOVLJE 0 0 0 0 0 0 0 0 0 0 0 0 0 0 0 
TRZIN 0 0 0 0 0 0 0 0 0 0 0 0 0 0 0 
TURNIŠČE 0 0 0 0 0 0 0 0 0 0 0 0 0 0 0 
VELIKA POLANA 0 0 0 0 0 0 0 0 0 0 0 0 0 0 0 
VELIKE LAŠČE 0 0 0 0 0 0 0 0 0 0 0 0 0 0 0 
VERŽEJ 0 0 0 0 0 0 0 0 0 0 0 0 0 0 0 
VIPAVA 0 0 0 0 0 0 0 0 0 0 0 0 0 0 0 
VITANJE 0 0 0 0 0 0 0 0 0 0 0 0 0 0 0 
VOJNIK 0 0 0 0 0 0 0 0 0 0 0 0 0 0 0 
VRANSKO 0 0 0 0 0 0 0 0 0 0 0 0 0 0 0 
ŽETALE 0 0 0 0 0 0 0 0 0 0 0 0 0 0 0 
ŽIRI 0 -15,98 0 0 0 0 0 0 0 0 0 0 0 0 -1,14143 
 
 
Tabela 24: Prihodek iz naslova Prihodki od podeljenih koncesij za vodno pravico (urejeno padajoče glede na povprečje 2007-2020) na prebivalca (v EUR) 
OBČINA 2007 2008 2009 2010 2011 2012 2013 2014 2015 2016 2017 2018 2019 2020 x̄ 
MARKOVCI 263,38 234,27 325,65 374,22 278,73 291,13 380,79 250,00 361,54 204,81 213,77 224,99 353,81 281,60 288,48 
PODVELKA 233,12 207,34 288,15 331,19 246,57 257,42 336,86 221,27 320,12 181,08 189,06 199,14 312,81 249,30 255,25 
LOVRENC NA 
POHORJU 119,22 106,61 147,57 170,57 126,93 131,39 180,33 120,52 166,96 93,40 98,61 102,67 159,35 126,17 132,16 
KANAL 109,55 90,08 159,37 137,82 159,53 111,25 129,72 177,25 153,33 47,53 76,35 82,84 101,82 128,59 118,93 
VUZENICA 91,79 81,64 113,45 130,43 97,14 101,40 132,67 87,10 125,96 71,34 74,46 78,36 123,24 98,08 100,50 
STARŠE 82,50 73,38 102,35 117,48 87,56 91,73 119,69 78,71 113,63 64,51 67,32 70,76 111,13 88,52 90,66 
RADLJE OB 
DRAVI 80,17 71,36 99,10 113,95 84,82 88,55 115,88 76,05 109,96 62,26 65,01 68,39 107,56 85,60 87,76 
SELNICA OB 
DRAVI 77,06 68,55 95,25 109,46 81,52 85,14 111,37 73,11 105,74 59,90 62,52 65,80 103,48 82,36 84,38 
DRAVOGRAD 76,11 67,71 94,11 108,17 80,55 84,11 110,03 72,24 104,46 59,16 61,75 64,99 102,21 81,35 83,35 
GORIŠNICA 73,59 65,11 90,56 104,05 77,50 80,99 105,89 69,54 100,54 56,97 59,46 62,57 98,38 78,31 80,25 
MUTA 66,54 59,19 84,26 95,12 70,40 73,52 96,13 63,14 91,28 51,68 53,96 56,78 89,29 71,06 73,02 
HAJDINA 51,69 45,98 64,23 73,69 54,94 57,62 75,11 49,43 71,31 40,52 42,28 44,42 69,73 55,55 56,89 
TOLMIN 51,88 39,77 72,31 66,44 75,16 51,37 60,18 79,59 69,16 21,46 36,28 35,53 46,07 55,10 54,31 
KOSTEL 0,44 18,34 81,95 94,42 33,67 80,08 0,27 0,09 0,14 209,83 6,93 28,52 30,72 9,34 42,48 

RUŠE 33,51 30,00 41,47 47,97 35,85 36,88 48,39 32,03 45,80 25,72 26,90 28,25 44,40 35,34 36,61 
PTUJ 31,01 27,58 38,59 44,42 32,94 34,69 45,59 30,06 42,75 24,28 25,33 26,62 41,80 33,30 34,21 
RADEČE 0,02 0,44 0,00 47,08 41,22 35,06 40,14 50,66 43,79 32,85 41,02 33,09 36,52 35,00 31,21 
SEVNICA 12,11 17,91 23,06 37,71 33,70 36,58 35,55 32,26 36,15 29,48 33,48 26,78 30,55 30,59 29,71 
ORMOŽ 22,60 20,10 28,04 32,18 23,99 25,13 32,79 21,57 31,13 17,67 18,44 19,39 30,45 24,25 24,84 
MIKLAVŽ NA 
DRAVSKEM 
POLJU 19,48 17,33 24,08 27,68 20,61 21,53 28,16 18,49 26,74 15,14 15,81 16,64 26,16 20,82 21,33 
CIRKULANE 13,85 12,86 17,87 20,54 15,29 15,97 20,89 13,72 19,84 11,24 11,73 12,35 19,41 15,45 15,79 
ROGAŠKA 
SLATINA 5,39 4,59 19,11 15,51 16,75 4,25 21,46 25,47 11,61 17,92 25,02 16,97 17,67 15,26 15,50 
MIRNA     16,40 13,96 9,75 5,94 19,55 15,42 16,84 18,52 28,51 21,82 11,91 
DUPLEK 9,36 8,33 11,65 13,36 9,96 10,46 13,62 8,97 12,93 7,35 7,67 8,06 12,64 10,08 10,32 
MARIBOR 8,77 7,76 10,77 12,66 9,38 9,82 12,82 8,35 12,08 6,84 7,13 7,53 11,76 9,29 9,64 
ŽIROVNICA 5,79 8,13 9,80 11,38 12,06 11,17 10,49 11,48 13,44 6,04 7,45 7,77 9,39 9,33 9,55 
MEDVODE 7,80 7,53 9,78 11,71 9,81 7,99 7,88 9,34 10,98 5,41 6,64 6,28 8,54 9,96 8,55 
BOVEC 8,75 8,51 10,33 12,55 11,93 8,53 8,63 6,83 6,36 0,73 2,26 1,69 1,60 3,33 6,57 
KRŠKO 0,01 0,02 0,01 0,00 0,00 0,00 11,24 5,74 18,34 10,84 11,40 9,78 10,80 10,98 6,37 
Skupaj občine  4,80 4,47 6,45 7,34 6,05 5,84 7,37 5,80 7,31 4,23 4,60 4,76 6,75 5,90 5,83 
ŠENČUR 4,78 4,36 6,21 7,43 6,19 4,71 5,22 6,02 7,55 3,30 4,25 4,03 5,47 6,75 5,45 
BOHINJ 6,29 6,66 7,17 9,80 9,72 5,35 8,48 5,45 6,61 0,61 3,76 1,19 0,99 0,00 5,15 
JESENICE 2,58 3,85 4,38 7,17 6,74 5,59 5,19 5,28 6,28 1,98 3,16 2,83 3,80 4,29 4,51 
ROGATEC 1,52 1,29 5,38 4,28 4,68 1,14 6,01 7,08 3,21 4,99 7,00 4,75 4,91 4,25 4,32 
ZAVRČ 3,80 3,38 4,70 5,40 4,02 4,20 5,50 3,61 5,22 2,96 3,09 3,25 5,11 4,07 4,17 
VIDEM 4,01 3,44 4,82 5,28 3,90 4,04 5,25 3,67 5,11 2,84 3,07 3,11 4,85 3,80 4,09 
BLED 1,51 7,28 6,23 8,22 6,86 4,29 5,25 4,89 4,96 -0,15 1,00 0,89 1,19 1,37 3,84 
BREŽICE 0,00 0,01 0,00 0,00 0,00 0,00 0,00 0,00 0,00 0,00 4,09 15,15 15,52 15,94 3,62 
PODČETRTEK 0,00 0,00 0,00 7,15 3,06 4,62 2,39 6,76 4,41 4,66 3,53 2,30 5,38 4,10 3,45 
LAŠKO 0,54 0,70 1,07 0,75 4,18 4,20 4,40 5,06 5,83 4,35 4,95 4,02 3,23 3,78 3,36 
NOVA GORICA 2,48 2,04 3,59 3,11 3,62 2,50 2,93 3,98 3,45 1,08 1,70 1,84 2,27 2,86 2,68 
TIŠINA 1,57 0,85 3,47 0,32 1,90 2,32 2,48 2,32 2,52 2,87 2,92 5,37 4,08 4,20 2,66 
LUČE 1,42 4,38 4,11 4,88 4,87 0,70 5,54 2,30 3,06 0,99 1,50 0,49 1,08 1,63 2,64 
GORNJA 
RADGONA 1,53 0,83 3,39 0,31 1,80 2,26 2,42 2,27 2,46 2,80 2,85 5,23 3,98 4,09 2,59 
TRŽIČ 2,17 2,05 2,27 5,56 4,30 2,39 3,66 2,70 3,53 1,04 1,45 1,19 1,54 1,58 2,53 
KRANJ 2,18 2,05 2,90 3,37 3,06 2,32 2,86 2,62 3,31 1,86 1,67 1,58 2,14 2,90 2,49 

LJUBLJANA 1,43 1,96 2,76 2,51 2,37 3,14 2,58 2,56 2,55 2,34 1,80 2,06 2,36 2,11 2,32 
ČRNA NA 
KOROŠKEM 0,67 4,82 4,21 6,47 4,54 1,14 3,68 3,21 3,35 0,33 -0,37 -0,03 0,00 0,00 2,29 
KRANJSKA 
GORA 2,32 1,97 3,65 4,85 4,50 2,41 3,03 2,75 2,72 0,42 0,94 0,37 0,56 0,67 2,23 
SOLČAVA 1,36 2,92 4,04 4,59 4,22 2,01 3,36 3,19 3,64 -0,13 1,62 -0,02 0,37 0,02 2,23 
MEŽICA 0,46 3,98 3,49 5,26 3,83 0,99 3,12 2,70 2,81 0,35 -0,30 0,01 0,00 0,00 1,91 
LJUBNO 1,42 1,22 3,49 5,23 3,79 0,51 3,63 2,49 2,97 0,03 1,75 -0,20 0,32 0,00 1,90 
HRASTNIK 0,03 0,04 0,07 2,55 2,43 1,82 2,34 2,87 2,43 1,83 2,29 1,85 1,95 1,90 1,74 
GORNJI GRAD 0,01 0,01 0,18 0,20 0,28 1,96 0,99 1,18 2,42 1,79 3,83 3,01 2,86 3,38 1,58 
MISLINJA 1,68 2,03 2,75 2,76 2,96 1,45 2,37 2,32 2,18 0,59 0,86 0,27 -0,03 0,00 1,58 
JEZERSKO 0,67 0,44 1,63 3,47 5,40 0,56 1,91 2,84 2,35 0,62 1,58 -0,45 0,00 0,00 1,50 
OSILNICA 2,18 1,66 1,84 1,91 3,33 0,87 3,78 0,80 1,50 0,85 0,61 0,17 0,00 0,00 1,39 
LITIJA 1,68 1,62 1,28 0,97 0,90 2,13 2,14 1,23 0,71 0,72 1,77 2,02 0,72 1,46 1,38 
ŠMARJE PRI 
JELŠAH 0,07 0,06 0,25 2,53 1,21 1,56 1,05 2,53 1,59 1,75 1,47 0,97 1,98 1,53 1,32 
GORJE 0,62 2,97 2,03 2,86 2,56 2,09 1,48 1,75 0,91 0,22 0,25 0,19 -0,06 0,00 1,28 
RIBNICA NA 
POHORJU 1,09 0,89 1,41 2,35 2,17 0,93 1,52 1,16 1,49 0,25 0,71 0,18 0,17 0,00 1,02 
KOBARID 1,05 1,35 1,71 1,95 1,43 0,93 1,10 0,60 0,24 0,64 1,24 0,87 0,55 0,42 1,01 
SVETI TOMAŽ 0,00 0,00 1,04 0,80 0,79 1,62 1,25 1,20 1,18 1,06 1,08 0,88 0,95 0,95 0,91 
CERKNO 0,56 0,59 1,35 1,72 2,28 0,34 1,48 1,55 1,01 0,51 0,35 0,29 0,20 0,16 0,89 
TREBNJE 1,95 3,14 4,39 3,54 -0,55 -0,19 0,00 0,00 0,00 0,00 0,00 0,00 0,00 0,00 0,88 
REČICA OB 
SAVINJI 0,70 1,20 1,34 1,46 1,30 1,16 1,26 0,70 0,48 0,28 0,70 0,24 0,37 0,00 0,80 
JURŠINCI 0,00 0,00 0,87 0,67 0,65 1,35 1,04 1,00 0,98 0,89 0,90 0,73 0,79 0,79 0,76 
ŽELEZNIKI 0,66 0,57 1,14 1,33 1,48 0,57 0,79 1,08 0,81 0,21 0,46 0,21 0,06 0,04 0,67 
DESTRNIK 0,00 0,00 0,75 0,58 0,57 1,17 0,90 0,87 0,85 0,77 0,78 0,63 0,68 0,68 0,66 
OPLOTNICA 0,66 1,26 1,12 1,62 1,48 0,48 0,96 0,42 1,29 -0,17 -0,15 0,00 0,00 0,00 0,64 
NAZARJE 0,88 0,77 1,11 0,81 2,07 0,27 1,07 1,24 0,46 -0,37 0,00 0,00 0,00 0,00 0,59 
IDRIJA 0,60 0,50 1,06 0,87 1,40 0,35 0,76 0,91 0,51 0,22 0,18 0,25 0,10 0,12 0,56 
AJDOVŠČINA 0,59 0,47 0,87 0,61 1,28 0,09 0,77 0,79 0,62 0,10 0,41 0,30 0,34 0,44 0,55 
DORNAVA 0,00 0,00 0,61 0,47 0,46 1,06 0,72 0,70 0,68 0,62 0,63 0,51 0,55 0,55 0,54 
GORENJA VAS-
POLJANE 0,37 0,33 0,76 0,95 1,12 0,49 0,87 0,73 0,81 0,41 0,31 0,21 0,07 0,09 0,54 
KIDRIČEVO 0,00 0,00 0,61 0,47 0,46 0,95 0,73 0,71 0,69 0,63 0,63 0,52 0,56 0,56 0,54 
PREVALJE 0,13 1,11 0,96 1,52 1,08 0,23 0,87 0,74 0,79 0,07 -0,09 0,00 0,00 0,00 0,53 
PIRAN 0,34 0,63 0,54 0,96 1,27 0,99 0,85 0,70 0,26 0,02 0,13 0,00 0,00 0,00 0,48 

ZREČE 0,36 0,40 0,79 1,13 0,73 0,75 0,56 0,55 0,73 0,19 0,25 0,10 0,00 0,00 0,47 
PODLEHNIK 0,56 0,48 0,63 0,82 0,85 0,12 0,21 0,75 0,57 0,45 0,26 0,18 0,15 0,00 0,43 
TRNOVSKA VAS 0,00 0,00 0,48 0,37 0,36 0,75 0,58 0,56 0,54 0,49 0,50 0,41 0,44 0,44 0,42 
ŠENTILJ 0,19 0,64 0,67 0,87 0,76 0,65 0,69 0,38 0,02 0,40 0,14 0,25 -0,04 0,00 0,40 
ŽUŽEMBERK 1,18 1,35 0,05 1,27 1,29 0,03 0,07 0,04 0,03 0,01 0,01 0,00 0,00 0,00 0,38 
SLOVENSKA 
BISTRICA 0,30 0,45 0,51 0,74 0,64 0,33 0,45 0,42 0,61 0,12 0,14 0,13 0,08 0,07 0,36 
LOŠKI POTOK 0,37 0,24 0,15 0,52 0,92 0,15 0,67 0,34 0,32 0,16 0,05 0,00 0,00 0,00 0,28 
DOMŽALE 0,13 0,32 0,18 0,27 0,17 0,26 0,07 0,33 0,25 0,10 0,21 0,27 0,25 0,22 0,22 
KAMNIK 0,08 0,12 0,19 0,53 0,40 0,23 0,34 0,31 0,31 0,02 0,22 0,16 0,08 0,09 0,22 
SV. ANDRAŽ V 
SLOVENSKIH 
GORICAH 0,00 0,00 0,25 0,19 0,19 0,39 0,30 0,29 0,28 0,25 0,26 0,21 0,23 0,23 0,22 
PREDDVOR 0,32 0,30 0,32 0,29 0,36 0,42 0,24 0,30 0,17 0,16 0,14 -0,05 0,00 0,00 0,21 
DOLENJSKE 
TOPLICE 0,21 0,30 0,27 0,26 0,32 0,14 0,30 0,14 0,15 0,13 0,05 -0,04 0,00 0,00 0,16 
NAKLO 0,11 0,07 0,22 0,19 0,28 0,16 0,22 0,15 0,14 0,05 0,09 0,00 0,00 0,00 0,12 
MOZIRJE 0,29 0,15 0,18 0,23 0,13 0,11 0,04 0,12 0,08 0,01 0,03 0,03 0,01 0,00 0,10 
RADOVLJICA 0,11 0,10 0,12 0,23 0,15 0,17 0,14 0,12 0,09 0,05 0,08 0,02 0,00 0,01 0,10 
ŠENTJUR 0,01 0,00 0,02 0,17 0,07 0,11 0,06 0,16 0,11 0,11 0,08 0,05 0,13 0,10 0,08 
BOROVNICA 0,04 0,09 0,15 0,07 0,20 0,09 0,13 0,08 0,10 -0,02 0,03 0,07 -0,01 0,00 0,07 
MAJŠPERK 0,00 0,00 0,08 0,06 0,06 0,14 0,09 0,09 0,09 0,08 0,08 0,07 0,07 0,07 0,07 
RAČE-FRAM 0,04 0,05 0,08 0,09 0,06 0,09 0,08 0,12 0,07 0,06 0,06 0,05 0,05 0,05 0,07 
IVANČNA 
GORICA 0,11 0,08 0,11 0,07 0,14 0,05 0,09 0,06 0,03 0,02 0,02 0,01 0,00 0,00 0,06 
ŠKOFJA LOKA 0,08 0,07 0,11 0,11 0,14 0,06 0,10 0,09 0,06 0,02 0,01 0,00 0,00 0,00 0,06 
ZAGORJE OB 
SAVI 0,08 0,03 0,09 0,13 0,13 0,00 0,10 0,13 0,09 0,02 -0,01 0,00 0,00 0,00 0,06 
LENART 0,03 0,01 0,05 0,07 0,07 0,08 0,08 0,07 0,05 0,04 0,10 0,03 0,04 0,04 0,05 
MIREN-
KOSTANJEVICA 0,00 0,00 0,00 0,21 0,08 0,07 0,15 0,10 0,08 0,05 0,04 -0,02 0,00 0,00 0,05 
PIVKA 0,00 0,00 0,08 0,09 0,20 0,01 0,07 0,12 0,07 -0,01 0,06 0,04 0,00 0,00 0,05 
DOL PRI 
LJUBLJANI 0,05 0,10 0,08 0,08 0,10 0,03 0,04 0,02 0,04 -0,01 0,01 0,00 0,00 0,00 0,04 
ŠMARTNO OB 
PAKI 0,06 0,06 0,07 0,09 0,08 0,06 0,05 0,06 0,05 0,02 0,00 0,00 0,00 0,00 0,04 
KOPER 0,04 0,06 0,02 0,05 0,04 0,06 0,04 0,03 0,02 0,00 0,00 0,00 0,00 0,00 0,03 
KOSTANJEVICA 
NA KRKI 0,11 0,12 0,00 0,11 0,12 0,00 0,00 0,00 0,00 0,00 0,00 0,00 0,00 0,00 0,03 

LJUTOMER 0,00 0,00 0,03 0,02 0,02 0,05 0,04 0,04 0,04 0,03 0,03 0,03 0,03 0,03 0,03 
POLZELA 0,01 0,06 0,04 0,05 0,09 0,05 0,06 0,02 0,03 0,01 0,02 0,00 0,01 0,01 0,03 
POSTOJNA 0,05 0,04 0,06 0,04 0,10 0,00 0,06 0,04 0,02 0,01 0,00 0,02 0,00 0,00 0,03 
RAVNE NA 
KOROŠKEM 0,01 0,02 0,09 0,07 0,06 0,01 0,09 0,03 0,04 0,02 0,02 0,01 0,00 0,00 0,03 
ŠOŠTANJ 0,05 0,05 0,06 0,10 0,08 0,01 0,06 0,03 0,02 0,00 0,01 0,00 0,00 0,00 0,03 
CERKLJE NA 
GORENJSKEM 0,06 0,05 0,03 0,01 0,07 0,00 0,03 0,04 0,05 -0,02 0,01 0,00 0,00 0,00 0,02 
LOŠKA DOLINA 0,02 0,02 0,03 0,02 0,04 -0,01 0,03 0,03 0,03 0,00 0,01 0,00 0,00 0,00 0,02 
SLOVENJ 
GRADEC 0,03 0,04 0,04 0,05 0,04 0,02 0,02 0,04 0,02 0,00 0,00 0,00 0,00 0,00 0,02 
BRASLOVČE 0,01 0,10 0,00 0,01 0,00 0,00 0,00 0,00 0,00 0,00 0,00 0,00 0,00 0,00 0,01 
BREZOVICA 0,01 0,01 0,02 0,01 0,02 0,00 0,01 0,01 0,01 0,00 0,00 0,00 0,00 0,00 0,01 
CERKNICA 0,01 0,00 0,02 0,01 0,03 0,00 0,01 0,02 0,01 0,00 0,00 0,00 0,00 0,00 0,01 
ČRNOMELJ 0,01 0,01 0,00 0,02 0,01 0,03 -0,01 0,02 0,02 0,00 0,00 0,00 0,00 0,00 0,01 
MIRNA PEČ 0,02 0,00 0,02 0,02 0,02 0,01 0,01 0,02 0,01 0,00 0,00 0,00 0,00 0,00 0,01 
NOVO MESTO 0,00 0,01 0,02 0,01 0,03 0,00 0,02 0,02 0,02 0,00 0,00 0,00 0,00 0,00 0,01 
SEMIČ 0,06 0,04 0,02 0,00 0,02 0,01 0,03 0,02 0,01 0,00 -0,01 0,00 0,00 0,00 0,01 
ŠENTJERNEJ 0,05 0,08 0,03 0,00 0,00 0,03 0,00 0,00 0,00 0,00 0,00 0,00 0,00 0,00 0,01 
ŠENTRUPERT 0,00 0,01 0,03 0,01 0,01 0,04 0,00 0,03 0,03 0,02 0,01 -0,01 0,00 0,00 0,01 
ŠKOCJAN 0,03 0,05 0,01 0,00 0,00 0,00 0,00 0,00 0,00 0,00 0,00 0,00 0,00 0,00 0,01 
ŠMARTNO PRI 
LITIJI 0,03 0,02 0,01 0,02 0,02 0,00 0,01 0,01 0,00 0,00 0,00 0,00 0,00 0,00 0,01 
ŽALEC 0,03 0,06 0,03 0,01 0,01 0,00 0,00 0,00 0,00 0,00 0,00 0,00 0,00 0,00 0,01 
ANKARAN         0,00 0,00 0,00 0,00 0,00 0,00 0,00 
APAČE 0,00 0,00 0,00 0,00 0,00 0,00 0,00 0,00 0,00 0,00 0,00 0,00 0,00 0,00 0,00 
BELTINCI 0,00 0,00 0,00 0,00 0,00 0,00 0,00 0,00 0,00 0,00 0,00 0,00 0,00 0,00 0,00 
BENEDIKT 0,00 0,00 0,00 0,00 0,00 0,00 0,00 0,00 0,00 0,00 0,00 0,00 0,00 0,00 0,00 
BISTRICA OB 
SOTLI 0,00 0,00 0,00 0,00 0,00 0,00 0,00 0,00 0,00 0,00 0,00 0,00 0,00 0,00 0,00 
BLOKE 0,00 0,00 0,00 0,00 0,00 0,00 0,00 0,00 0,00 0,00 0,00 0,00 0,00 0,00 0,00 
BRDA 0,00 0,00 0,00 0,00 0,00 0,00 0,00 0,00 0,00 0,00 0,00 0,00 0,00 0,00 0,00 
CANKOVA 0,00 0,00 0,00 0,00 0,00 0,00 0,00 0,00 0,00 0,00 0,00 0,00 0,00 0,00 0,00 
CELJE 0,00 0,00 0,00 0,00 0,00 0,00 0,00 0,00 0,00 0,00 0,00 0,00 0,00 0,00 0,00 
CERKVENJAK 0,00 0,00 0,00 0,00 0,00 0,00 0,00 0,00 0,00 0,00 0,00 0,00 0,00 0,00 0,00 
ČRENŠOVCI 0,00 0,00 0,00 0,00 0,00 0,00 0,00 0,00 0,00 0,00 0,00 0,00 0,00 0,00 0,00 
DIVAČA 0,00 0,00 0,00 0,00 0,00 0,00 0,00 0,00 0,00 0,00 0,00 0,00 0,00 0,00 0,00 

DOBJE 0,00 0,00 0,00 0,00 0,00 0,00 0,00 0,00 0,00 0,00 0,00 0,00 0,00 0,00 0,00 
DOBREPOLJE 0,00 0,00 0,00 0,00 0,00 0,00 0,00 0,00 0,00 0,00 0,00 0,00 0,00 0,00 0,00 
DOBRNA 0,00 0,00 0,00 0,00 0,00 0,00 0,00 0,00 0,00 0,00 0,00 0,00 0,00 0,00 0,00 
DOBROVA-
POLHOV 
GRADEC 0,00 0,00 0,00 0,00 0,00 0,00 0,00 0,00 0,00 0,00 0,00 0,00 0,00 0,00 0,00 
DOBROVNIK 0,00 0,00 0,00 0,00 0,00 0,00 0,00 0,00 0,00 0,00 0,00 0,00 0,00 0,00 0,00 
GORNJI 
PETROVCI 0,00 0,00 0,00 0,00 0,00 0,00 0,00 0,00 0,00 0,00 0,00 0,00 0,00 0,00 0,00 
GRAD 0,00 0,00 0,00 0,00 0,00 0,00 0,00 0,00 0,00 0,00 0,00 0,00 0,00 0,00 0,00 
GROSUPLJE 0,00 0,00 0,00 0,00 0,00 0,00 0,00 0,00 0,00 0,00 0,00 0,00 0,00 0,00 0,00 
HOČE-SLIVNICA 0,00 0,01 0,00 0,02 0,01 0,00 0,01 0,00 0,00 0,00 0,00 0,00 0,00 0,00 0,00 
HODOŠ 0,00 0,00 0,00 0,00 0,00 0,00 0,00 0,00 0,00 0,00 0,00 0,00 0,00 0,00 0,00 
HORJUL 0,01 0,01 0,00 0,00 0,00 0,01 0,00 0,00 0,00 0,00 0,00 0,00 0,00 0,00 0,00 
HRPELJE-
KOZINA 0,00 0,00 0,00 0,00 0,00 0,00 0,00 0,00 0,00 0,00 0,00 0,00 0,00 0,00 0,00 
IG 0,00 0,00 0,00 0,00 0,00 0,00 0,00 0,00 0,00 0,00 0,00 0,00 0,00 0,00 0,00 
ILIRSKA 
BISTRICA 0,00 0,00 0,01 0,01 0,00 0,01 0,01 0,00 0,00 0,00 0,00 0,00 0,00 0,00 0,00 
IZOLA 0,00 0,00 0,00 0,00 0,00 0,00 0,00 0,00 0,00 0,00 0,00 0,00 0,00 0,00 0,00 
KOBILJE 0,00 0,00 0,00 0,00 0,00 0,00 0,00 0,00 0,00 0,00 0,00 0,00 0,00 0,00 0,00 
KOČEVJE 0,00 0,00 0,00 0,00 0,00 0,00 0,00 0,00 0,00 0,00 0,00 0,00 0,00 0,00 0,00 
KOMEN 0,00 0,00 0,00 0,00 0,00 0,00 0,00 0,00 0,00 0,00 0,00 0,00 0,00 0,00 0,00 
KOMENDA 0,00 0,00 0,00 0,00 0,00 0,00 0,00 0,00 0,00 0,00 0,00 0,00 0,00 0,00 0,00 
KOZJE 0,00 0,00 0,00 0,00 0,00 0,00 0,00 0,00 0,00 0,00 0,00 0,00 0,00 0,00 0,00 
KRIŽEVCI 0,00 0,00 0,00 0,00 0,00 0,00 0,00 0,00 0,00 0,00 0,00 0,00 0,00 0,00 0,00 
KUNGOTA 0,00 0,00 0,00 0,00 0,00 0,00 0,00 0,00 0,00 0,00 0,00 0,00 0,00 0,00 0,00 
KUZMA 0,00 0,00 0,00 0,00 0,00 0,00 0,00 0,00 0,00 0,00 0,00 0,00 0,00 0,00 0,00 
LENDAVA 0,00 0,00 0,00 0,00 0,00 0,00 0,00 0,00 0,00 0,00 0,00 0,00 0,00 0,00 0,00 
LOGATEC 0,00 0,00 0,00 0,00 0,00 0,00 0,00 0,00 0,00 0,00 0,00 0,00 0,00 0,00 0,00 
LOG-
DRAGOMER 0,00 0,00 0,00 0,00 0,00 0,00 0,00 0,00 0,00 0,00 0,00 0,00 0,00 0,00 0,00 
LUKOVICA 0,00 0,00 0,00 0,00 0,00 0,00 0,00 0,00 0,00 0,00 0,00 0,00 0,00 0,00 0,00 
MAKOLE 0,00 0,00 0,00 0,00 0,00 0,00 0,00 0,00 0,00 0,00 0,00 0,00 0,00 0,00 0,00 
MENGEŠ 0,00 0,00 0,00 0,00 0,00 0,00 0,00 0,00 0,00 0,00 0,00 0,00 0,00 0,00 0,00 
METLIKA 0,00 0,00 0,00 0,00 0,00 0,00 0,00 0,00 0,00 0,00 0,00 0,00 0,00 0,00 0,00 
MOKRONOG-
TREBELNO 0,00 0,01 0,00 0,00 0,00 0,00 0,00 0,00 0,00 0,00 0,00 0,00 0,00 0,00 0,00 

MORAVČE 0,02 0,02 0,02 0,00 0,00 0,00 0,00 0,00 0,00 0,00 0,00 0,00 0,00 0,00 0,00 
MORAVSKE 
TOPLICE 0,00 0,00 0,00 0,00 0,00 0,00 0,01 0,02 0,02 0,01 0,00 0,00 0,00 0,00 0,00 
MURSKA 
SOBOTA 0,00 0,00 0,00 0,00 0,00 0,00 0,00 0,00 0,00 0,00 0,00 0,00 0,00 0,00 0,00 
ODRANCI 0,00 0,00 0,00 0,00 0,00 0,00 0,00 0,00 0,00 0,00 0,00 0,00 0,00 0,00 0,00 
PESNICA 0,00 0,00 0,00 0,00 0,00 0,00 0,00 0,00 0,00 0,00 0,00 0,00 0,00 0,00 0,00 
POLJČANE 0,00 0,00 0,00 0,00 0,00 0,00 0,00 0,00 0,00 0,00 0,00 0,00 0,00 0,00 0,00 
PREBOLD 0,00 0,00 0,00 0,00 0,00 0,00 0,00 0,00 0,00 0,00 0,00 0,00 0,00 0,00 0,00 
PUCONCI 0,00 0,00 0,00 0,00 0,00 0,00 0,00 0,00 0,00 0,00 0,00 0,00 0,00 0,00 0,00 
RADENCI 0,00 0,00 0,00 0,00 0,00 0,00 0,00 0,00 0,00 0,00 0,00 0,00 0,00 0,00 0,00 
RAZKRIŽJE 0,00 0,00 0,00 0,00 0,00 0,00 0,00 0,00 0,00 0,00 0,00 0,00 0,00 0,00 0,00 
RENČE-
VOGRSKO 0,00 0,00 0,00 0,00 0,00 0,00 0,00 0,00 0,00 0,00 0,00 0,00 0,00 0,00 0,00 
RIBNICA 0,00 0,00 0,00 0,00 0,00 0,00 0,00 0,00 0,00 0,00 0,00 0,00 0,00 0,00 0,00 
ROGAŠOVCI 0,00 0,00 0,00 0,00 0,00 0,00 0,00 0,00 0,00 0,00 0,00 0,00 0,00 0,00 0,00 
SEŽANA 0,00 0,00 0,00 0,00 0,00 0,00 0,00 0,00 0,00 0,00 0,00 0,00 0,00 0,00 0,00 
SLOVENSKE 
KONJICE 0,00 0,00 0,00 0,00 0,00 0,00 0,00 0,00 0,00 0,00 0,00 0,00 0,00 0,00 0,00 
SODRAŽICA 0,00 0,00 0,00 0,00 0,00 0,00 0,00 0,00 0,00 0,00 0,00 0,00 0,00 0,00 0,00 
SREDIŠČE OB 
DRAVI 0,00 0,00 0,00 0,00 0,00 0,00 0,00 0,00 0,00 0,00 0,00 0,00 0,00 0,00 0,00 
STRAŽA 0,00 0,00 0,00 0,00 0,00 0,00 0,00 0,00 0,00 0,00 0,00 0,00 0,00 0,00 0,00 
SVETA ANA 0,00 0,00 0,00 0,00 0,00 0,00 0,00 0,00 0,00 0,00 0,00 0,00 0,00 0,00 0,00 
SV. TROJICA V 
SLOVENSKIH 
GORICAH 0,00 0,00 0,00 0,00 0,00 0,00 0,00 0,00 0,00 0,00 0,00 0,00 0,00 0,00 0,00 
SVETI JURIJ 0,00 0,00 0,00 0,00 0,00 0,00 0,00 0,00 0,00 0,00 0,00 0,00 0,00 0,00 0,00 
SV. JURIJ V 
SLOVENSKIH 
GORICAH 0,00 0,00 0,00 0,00 0,00 0,00 0,00 0,00 0,00 0,00 0,00 0,00 0,00 0,00 0,00 
ŠALOVCI 0,00 0,00 0,00 0,00 0,00 0,00 0,00 0,00 0,00 0,00 0,00 0,00 0,00 0,00 0,00 
ŠEMPETER-
VRTOJBA 0,00 0,00 0,00 0,00 0,00 0,00 0,00 0,00 0,00 0,00 0,00 0,00 0,00 0,00 0,00 
ŠKOFLJICA 0,02 0,02 0,00 0,01 0,00 0,00 0,00 0,00 0,00 0,00 0,00 0,00 0,00 0,00 0,00 
ŠMARJEŠKE 
TOPLICE 0,00 0,00 0,00 0,00 0,00 0,00 0,00 0,00 0,00 0,00 0,00 0,00 0,00 0,00 0,00 
ŠTORE 0,00 0,00 0,00 0,00 0,00 0,00 0,00 0,00 0,00 0,00 0,00 0,00 0,00 0,00 0,00 
TABOR 0,00 0,00 0,00 0,00 0,00 0,00 0,00 0,00 0,00 0,00 0,00 0,00 0,00 0,00 0,00 
TRBOVLJE 0,00 0,00 0,00 0,00 0,00 0,00 0,00 0,00 0,00 0,00 0,00 0,00 0,00 0,00 0,00 

TRZIN 0,00 0,00 0,00 0,00 0,00 0,00 0,00 0,00 0,00 0,00 0,00 0,00 0,00 0,00 0,00 
TURNIŠČE 0,00 0,00 0,00 0,00 0,00 0,00 0,00 0,00 0,00 0,00 0,00 0,00 0,00 0,00 0,00 
VELENJE 0,00 0,00 0,00 0,00 0,00 0,00 0,00 0,00 0,00 0,00 0,00 0,00 0,00 0,00 0,00 
VELIKA POLANA 0,00 0,00 0,00 0,00 0,00 0,00 0,00 0,00 0,00 0,00 0,00 0,00 0,00 0,00 0,00 
VELIKE LAŠČE 0,00 0,00 0,00 0,00 0,00 0,00 0,00 0,00 0,00 0,00 0,00 0,00 0,00 0,00 0,00 
VERŽEJ 0,00 0,00 0,00 0,00 0,00 0,00 0,00 0,00 0,00 0,00 0,00 0,00 0,00 0,00 0,00 
VIPAVA 0,00 0,00 0,00 0,00 0,00 0,00 0,00 0,00 0,00 0,00 0,00 0,00 0,00 0,00 0,00 
VITANJE 0,00 0,00 0,00 0,00 0,00 0,00 0,00 0,00 0,00 0,00 0,00 0,00 0,00 0,00 0,00 
VODICE 0,01 0,01 0,01 0,00 0,00 0,00 0,00 0,00 0,00 0,00 0,00 0,00 0,00 0,00 0,00 
VOJNIK 0,00 0,00 0,00 0,00 0,00 0,00 0,00 0,00 0,00 0,00 0,00 0,00 0,00 0,00 0,00 
VRANSKO 0,00 0,00 0,00 0,00 0,00 0,00 0,00 0,00 0,00 0,00 0,00 0,00 0,00 0,00 0,00 
VRHNIKA 0,02 0,01 0,01 0,00 0,00 0,00 0,00 0,00 0,00 0,00 0,00 0,00 0,00 0,00 0,00 
ŽETALE 0,00 0,00 0,00 0,00 0,00 0,00 0,00 0,00 0,00 0,00 0,00 0,00 0,00 0,00 0,00 
ŽIRI 0,00 0,00 0,00 0,00 0,00 0,00 0,00 0,00 0,00 0,00 0,00 0,00 0,00 0,00 0,00 
 
 
Tabela 25: Prihodek iz naslova Prihodki od nadomestila za dodelitev služnostne pravice in ustanovitev stavbne pravice (urejeno padajoče glede na povprečje 
2007-2020) v absolutnih zneskih (v EUR) 
OBČINA 2007 2008 2009 2010 2011 2012 2013 2014 2015 2016 2017 2018 2019 2020 x̄ 
Skupaj občine     1981164 1794280 1696053 740386,6 4504072 2571604 568615,9 1626281 1601866 1078038 5902941 2187755 
LJUBLJANA    1051908 1102902 747636,5 154552,8 3478004 1830536 51448,49 1021018 139800,6 253404 3676036 1227932 
KOPER    374322,9 139793,5 174793,2 186361,7 186303,6 67515 67283,63 114834,4 95701,83 214294,9 93069,34 155843,1 
LOGATEC    0 0 0 0 0 24920 1160 12088 0 486,5 889592,4 84386,08 
GROSUPLJE    0 0 0 13765,94 17425,34 305439,2 12849,4 14020,73 495057,1 11648,71 6329,62 79685,09 
ANKARAN         0 0 0 153556,8 0 209283 60473,3 
ŠENTRUPERT    126000 0 0 15536,8 511500,7 -80000 0 0 0 0 0 52094,32 
JESENICE    45666,9 22807,57 19050,36 17154,8 16880,75 23585,77 47957,56 38036,77 55936,36 36190,37 156477 43613,11 
ŠENTJERNEJ    0 0 470000 0 0 0 0 0 0 0 0 42727,27 
KRANJ    0 25035,89 11568,52 31327,45 34305,97 31876,44 76540,7 75547,63 42477,67 88589,07 41537,62 41709,72 
VELENJE    46381,48 68580,04 19271,99 27400,4 23804,56 15888,95 24338,09 17799,03 119869,7 29295,04 61245,69 41261,36 
IZOLA    0 3325 15825,4 17358,25 16347,5 31138,31 42605,24 17403 94683,44 25564,58 28653,08 26627,62 
KRŠKO    41140,59 159766 6772,1 1130 9013,56 34355,76 6850,92 6164,85 5834,86 12272,13 7004,86 26391,42 
SLOVENSKA 
BISTRICA    0 0 18807,56 9298,98 4101,43 18978,95 15564,53 8611,83 12309,26 24464,5 102230,3 19487,94 
NOVA GORICA    19343,71 17598,93 12384,95 18861,26 12896,77 28543,41 22126,8 14261,55 23633,3 15136,62 25978,92 19160,57 

SEŽANA    74795,3 7447,69 12182,93 12723,39 6278,32 8842,02 11055,32 10600,29 16052,28 13632,03 18742,46 17486,55 
ŠEMPETER-
VRTOJBA    15655 19137,55 24522,25 26786,52 37918,96 27911,12 13349,94 15879,74 184,87 183,21 5522,18 17004,67 
KAMNIK    54667,7 18328,54 2575,72 0 2156,46 22916,38 920,8 47947,65 1816,55 12317,2 3312,59 15178,14 
ŠENČUR    0 47372,92 6029,31 7201,01 23798,51 2680,06 1503,37 6373,86 649 15379,02 25074,48 12369,23 
MARIBOR    0 0 0 0 0 0 0 0 0 0 135486 12316,91 
PREVALJE    0 85550 1567,6 277 3067,61 10753,08 15208 353,33 178,03 4951,9 7362,41 11751,72 
ŽALEC    3699,02 464,25 7664 4376,03 7341,78 6918,99 10934,11 17510,84 20509,58 26309,25 20327,55 11459,58 
LENDAVA    6728,13 3000 8348,45 3260,17 3195,65 32902,97 3528,35 6911,62 26069,76 16537,48 11127,8 11055,49 
BLED    0 0 0 0 101,47 10100 10818,3 9900 21089,36 29894,4 33584,16 10498,88 
KOČEVJE    0 14720,91 8791,71 9561,75 3525,9 11672,76 9323,53 6597,65 25882,9 7854,76 12048,96 9998,257 
ŠKOFJA LOKA    0 0 0 0 0 0 0 14435,19 32063,15 36051,39 26337,41 9898,831 
KRANJSKA 
GORA    1918 16131,64 6727,36 4638,69 5719,03 6283,24 2098,13 5782,86 25959,7 21290,22 11581,47 9830,031 
SLOVENSKE 
KONJICE    96000 10000 0 0 0 0 0 0 0 0 0 9636,364 
BOVEC    11814,62 3870 3200 6236 3500 3336,35 8150,49 6400 6846,58 6500 41133,76 9180,709 
BRDA    0 0 78,77 73954,3 1056,11 523,25 12632,99 5588,5 2655,59 1642,43 2156,27 9117,11 
RAVNE NA 
KOROŠKEM    0 0 0 12055,86 12055,86 12055,86 15954,7 0 0 20214,21 19175,44 8319,266 
POSTOJNA    0 12939 49,86 1054,01 0 1064,57 11543,7 10255,71 11560,32 30334,55 6471,99 7752,155 
LITIJA    0 5247,56 4942,5 12118,75 7846,11 5055,81 1883,67 11158,87 21387,94 8419,83 5893,13 7632,197 
LJUTOMER    0 0 62850 1890 15480 48,1 0 0 0 0 80 7304,373 
CERKNICA    0 0 0 14501,97 8729,54 6414,56 7003,65 9984,63 11501,26 6487,71 10797,86 6856,471 
TRŽIČ    0 0 0 0 0 0 0 1826,46 27076,16 26840,59 17895,66 6694,443 
KOMENDA    0 0 0 0 0 0 0 15129 15792,2 15066,51 19052,56 5912,752 
MISLINJA    0 0 0 0 0 0 0 0 0 0 62380,57 5670,961 
ZAGORJE OB 
SAVI    5533,24 1680,8 5064,44 4743,34 2477,4 3985,8 2047,8 9315,3 6591,95 2047,8 853,25 4031,011 
MORAVSKE 
TOPLICE    0 0 0 0 9789,68 17654,66 1511,55 8305,27 2261,82 1536,48 3234,62 4026,735 
HRPELJE-
KOZINA    0 0 0 4937,77 0 10779,66 8591,77 9372,84 7810,7 0 0 3772,067 
RUŠE    0 0 0 0 0 0 0 0 0 0 34758,19 3159,835 
PUCONCI    300 300 3701,41 3914,9 3459,29 3572,71 3662,23 3626,42 3653,47 3642,36 3680,99 3046,707 
DIVAČA    3222,37 320 1433,64 1649 1231,73 3925,67 755,13 2907,76 14451,74 2388,1 806,4 3008,322 
LOŠKA DOLINA    0 0 751,72 2704,03 2549,25 2592,62 2876,24 4592,1 4787,17 4745,64 4833,57 2766,576 
ŽIRI    0 895,87 0 0 0 0 73,57 7406,01 4450 4641,8 11898,59 2669,622 

MIREN-
KOSTANJEVICA    0 0 7044,19 3892,36 3950,98 4613,52 4051,43 1458,49 165 1701,84 984 2532,892 
VERŽEJ    0 0 3000 3066 3066 3316 3078 3045 3048 3048 3009 2516 
NAKLO    0 0 5892,63 1501,5 309 7267,5 201 300 6390,35 737,25 438 2094,294 
DRAVOGRAD    0 5885 2125 4670 0 0 0 246 6020 448 2261,76 1968,705 
TOLMIN    0 0 0 0 0 0 0 10800 1300 3013,01 4602 1792,274 
OPLOTNICA    0 0 0 19415,17 0 0 0 0 0 0 0 1765,015 
ŠENTJUR    0 0 1665 0 1598,43 3203,75 3243,83 575,12 4521,76 2115 1312,07 1657,724 
ŠMARTNO PRI 
LITIJI    0 0 0 2311,25 3173,54 295,9 5183,21 1876,75 2162,3 1626,64 1172,63 1618,384 
VUZENICA    0 0 0 0 0 2554,87 2540,96 2604,51 2754,03 2607,91 2773,59 1439,625 
IVANČNA 
GORICA    0 0 0 0 0 0 0 0 0 11402,46 4168,1 1415,505 
ŽELEZNIKI    0 0 0 0 0 0 0 3856 3856 3856 3856 1402,182 
MENGEŠ    0 0 0 1831,52 2541,2 1800 1800 1800 1800 1800 1800 1379,338 
HOČE-SLIVNICA    0 0 0 0 0 0 0 0 4394,96 333,84 9350,72 1279,956 
PIVKA    0 0 0 0 0 0 11077,4 1609,13 0 1200,85 0 1262,489 
VIDEM    0 0 554,03 65,95 0 200 2151,97 1953,21 0 6000 2600 1229,56 
BRASLOVČE    0 1160,6 1200 1200 1200 1385,11 0 2400 1200 1200 1200 1104,155 
GORNJA 
RADGONA    0 0 0 0 0 1542,31 2825,63 2286 4123,97 474,8 880,95 1103,06 
PREDDVOR    0 0 10000 0 0 0 492 0 183,61 1409,97 22,93 1100,774 
MEDVODE    0 0 0 100 9055,94 0 0 0 0 0 0 832,3582 
ŠKOFLJICA    0 0 0 0 0 0 0 2541,35 3575,12 1309,03 1578,05 818,5045 
HRASTNIK    0 0 3406,5 700 19,76 100 569,56 50 624,06 530,85 1795,17 708,7182 
ŠKOCJAN    0 0 0 0 0 0 0 0 4650,25 0 2655 664,1136 
VODICE    0 0 0 0 7000 0 0 0 0 8,4 0 637,1273 
MARKOVCI    0 0 3617,94 0 0 0 1725,8 0 0 189 0 502,9764 
JEZERSKO    0 0 0 0 0 0 3500 0 0 146,3 1627,6 479,4455 
DOBREPOLJE    0 0 0 0 0 261,53 1627,35 760 449,2 0 0 281,6436 
ZREČE    0 0 0 0 0 0 0 0 0 2111,1 119,1 202,7455 
KOMEN    1788,66 18,75 0 0 0 0 0 0 0 0 0 164,31 
ROGAŠOVCI    0 0 300 300,01 295,09 295,09 0 0 0 0 0 108,1991 
APAČE    0 0 0 0 0 0 0 0 0 0 983 89,36364 
KOBARID    0 0 0 0 0 0 395,08 172,61 260 0 0 75,24455 
PODLEHNIK    0 0 656 0 0 0 0 0 0 0 0 59,63636 

ŠMARTNO OB 
PAKI    0 0 0 0 0 0 0 0 244,76 392,79 0 57,95909 
VIPAVA    0 0 0 0 0 0 0 0 0 0 320 29,09091 
TREBNJE    0 0 0 0 0 0 0 0 0 0 310 28,18182 
IDRIJA    277,65 0 0 0 0 0 0 0 0 0 0 25,24091 
KUNGOTA    0 0 0 0 0 0 0 0 0 120 0 10,90909 
BREZOVICA    0 0 0 0 0 0 0 0 0 0 72,76 6,614545 
AJDOVŠČINA    0 0 0 0 0 0 0 0 0 0 0 0 
BELTINCI    0 0 0 0 0 0 0 0 0 0 0 0 
BENEDIKT    0 0 0 0 0 0 0 0 0 0 0 0 
BISTRICA OB 
SOTLI    0 0 0 0 0 0 0 0 0 0 0 0 
BLOKE    0 0 0 0 0 0 0 0 0 0 0 0 
BOHINJ    0 0 0 0 0 0 0 0 0 0 0 0 
BOROVNICA    0 0 0 0 0 0 0 0 0 0 0 0 
BREŽICE    0 0 0 0 0 0 0 0 0 0 0 0 
CANKOVA    0 0 0 0 0 0 0 0 0 0 0 0 
CELJE    0 0 0 0 0 0 0 0 0 0 0 0 
CERKLJE NA 
GORENJSKEM    0 0 0 0 0 0 0 0 0 0 0 0 
CERKNO    0 0 0 0 0 0 0 0 0 0 0 0 
CERKVENJAK    0 0 0 0 0 0 0 0 0 0 0 0 
CIRKULANE    0 0 0 0 0 0 0 0 0 0 0 0 
ČRENŠOVCI    0 0 0 0 0 0 0 0 0 0 0 0 
ČRNA NA 
KOROŠKEM    0 0 0 0 0 0 0 0 0 0 0 0 
ČRNOMELJ    0 0 0 0 0 0 0 0 0 0 0 0 
DESTRNIK    0 0 0 0 0 0 0 0 0 0 0 0 
DOBJE    0 0 0 0 0 0 0 0 0 0 0 0 
DOBRNA    0 0 0 0 0 0 0 0 0 0 0 0 
DOBROVA-
POLHOV 
GRADEC    0 0 0 0 0 0 0 0 0 0 0 0 
DOBROVNIK    0 0 0 0 0 0 0 0 0 0 0 0 
DOL PRI 
LJUBLJANI    0 0 0 0 0 0 0 0 0 0 0 0 
DOLENJSKE 
TOPLICE    0 0 0 0 0 0 0 0 0 0 0 0 

DOMŽALE    0 0 0 0 0 0 0 0 0 0 0 0 
DORNAVA    0 0 0 0 0 0 0 0 0 0 0 0 
DUPLEK    0 0 0 0 0 0 0 0 0 0 0 0 
GORENJA VAS-
POLJANE    0 0 0 0 0 0 0 0 0 0 0 0 
GORIŠNICA    0 0 0 0 0 0 0 0 0 0 0 0 
GORJE    0 0 0 0 0 0 0 0 0 0 0 0 
GORNJI GRAD    0 0 0 0 0 0 0 0 0 0 0 0 
GORNJI 
PETROVCI    0 0 0 0 0 0 0 0 0 0 0 0 
GRAD    0 0 0 0 0 0 0 0 0 0 0 0 
HAJDINA    0 0 0 0 0 0 0 0 0 0 0 0 
HODOŠ    0 0 0 0 0 0 0 0 0 0 0 0 
HORJUL    0 0 0 0 0 0 0 0 0 0 0 0 
IG    0 0 0 0 0 0 0 0 0 0 0 0 
ILIRSKA 
BISTRICA    0 0 0 0 0 0 0 0 0 0 0 0 
JURŠINCI    0 0 0 0 0 0 0 0 0 0 0 0 
KANAL    0 0 0 0 0 0 0 0 0 0 0 0 
KIDRIČEVO    0 0 0 0 0 0 0 0 0 0 0 0 
KOBILJE    0 0 0 0 0 0 0 0 0 0 0 0 
KOSTANJEVICA 
NA KRKI    0 0 0 0 0 0 0 0 0 0 0 0 
KOSTEL    0 0 0 0 0 0 0 0 0 0 0 0 
KOZJE    0 0 0 0 0 0 0 0 0 0 0 0 
KRIŽEVCI    0 0 0 0 0 0 0 0 0 0 0 0 
KUZMA    0 0 0 0 0 0 0 0 0 0 0 0 
LAŠKO    0 0 0 0 0 0 0 0 0 0 0 0 
LENART    0 0 0 0 0 0 0 0 0 0 0 0 
LJUBNO    0 0 0 0 0 0 0 0 0 0 0 0 
LOG-
DRAGOMER    0 0 0 0 0 0 0 0 0 0 0 0 
LOŠKI POTOK    0 0 0 0 0 0 0 0 0 0 0 0 
LOVRENC NA 
POHORJU    0 0 0 0 0 0 0 0 0 0 0 0 
LUČE    0 0 0 0 0 0 0 0 0 0 0 0 
LUKOVICA    0 0 0 0 0 0 0 0 0 0 0 0 
MAJŠPERK    0 0 0 0 0 0 0 0 0 0 0 0 

MAKOLE    0 0 0 0 0 0 0 0 0 0 0 0 
METLIKA    0 0 0 0 0 0 0 0 0 0 0 0 
MEŽICA    0 0 0 0 0 0 0 0 0 0 0 0 
MIKLAVŽ NA 
DRAVSKEM 
POLJU    0 0 0 0 0 0 0 0 0 0 0 0 
MIRNA     0 0 0 0 0 0 0 0 0 0 0 
MIRNA PEČ    0 0 0 0 0 0 0 0 0 0 0 0 
MOKRONOG-
TREBELNO    0 0 0 0 0 0 0 0 0 0 0 0 
MORAVČE    0 0 0 0 0 0 0 0 0 0 0 0 
MOZIRJE    0 0 0 0 0 0 0 0 0 0 0 0 
MURSKA 
SOBOTA    0 0 0 0 0 0 0 0 0 0 0 0 
MUTA    0 0 0 0 0 0 0 0 0 0 0 0 
NAZARJE    0 0 0 0 0 0 0 0 0 0 0 0 
NOVO MESTO    0 0 0 0 0 0 0 0 0 0 0 0 
ODRANCI    0 0 0 0 0 0 0 0 0 0 0 0 
ORMOŽ    0 0 0 0 0 0 0 0 0 0 0 0 
OSILNICA    0 0 0 0 0 0 0 0 0 0 0 0 
PESNICA    0 0 0 0 0 0 0 0 0 0 0 0 
PIRAN    0 0 0 0 0 0 0 0 0 0 0 0 
PODČETRTEK    0 0 0 0 0 0 0 0 0 0 0 0 
PODVELKA    0 0 0 0 0 0 0 0 0 0 0 0 
POLJČANE    0 0 0 0 0 0 0 0 0 0 0 0 
POLZELA    0 0 0 0 0 0 0 0 0 0 0 0 
PREBOLD    0 0 0 0 0 0 0 0 0 0 0 0 
PTUJ    0 0 0 0 0 0 0 0 0 0 0 0 
RAČE-FRAM    0 0 0 0 0 0 0 0 0 0 0 0 
RADEČE    0 0 0 0 0 0 0 0 0 0 0 0 
RADENCI    0 0 0 0 0 0 0 0 0 0 0 0 
RADLJE OB 
DRAVI    0 0 0 0 0 0 0 0 0 0 0 0 
RADOVLJICA    0 0 0 0 0 0 0 0 0 0 0 0 
RAZKRIŽJE    0 0 0 0 0 0 0 0 0 0 0 0 
REČICA OB 
SAVINJI    0 0 0 0 0 0 0 0 0 0 0 0 

RENČE-
VOGRSKO    0 0 0 0 0 0 0 0 0 0 0 0 
RIBNICA    0 0 0 0 0 0 0 0 0 0 0 0 
RIBNICA NA 
POHORJU    0 0 0 0 0 0 0 0 0 0 0 0 
ROGAŠKA 
SLATINA    0 0 0 0 0 0 0 0 0 0 0 0 
ROGATEC    0 0 0 0 0 0 0 0 0 0 0 0 
SELNICA OB 
DRAVI    0 0 0 0 0 0 0 0 0 0 0 0 
SEMIČ    0 0 0 0 0 0 0 0 0 0 0 0 
SEVNICA    0 0 0 0 0 0 0 0 0 0 0 0 
SLOVENJ 
GRADEC    0 0 0 0 0 0 0 0 0 0 0 0 
SODRAŽICA    0 0 0 0 0 0 0 0 0 0 0 0 
SOLČAVA    0 0 0 0 0 0 0 0 0 0 0 0 
SREDIŠČE OB 
DRAVI    0 0 0 0 0 0 0 0 0 0 0 0 
STARŠE    0 0 0 0 0 0 0 0 0 0 0 0 
STRAŽA    0 0 0 0 0 0 0 0 0 0 0 0 
SVETA ANA    0 0 0 0 0 0 0 0 0 0 0 0 
SV. TROJICA V 
SLOVENSKIH 
GORICAH    0 0 0 0 0 0 0 0 0 0 0 0 
SV. ANDRAŽ V 
SLOVENSKIH 
GORICAH    0 0 0 0 0 0 0 0 0 0 0 0 
SVETI JURIJ    0 0 0 0 0 0 0 0 0 0 0 0 
SV. JURIJ V 
SLOVENSKIH 
GORICAH    0 0 0 0 0 0 0 0 0 0 0 0 
SVETI TOMAŽ    0 0 0 0 0 0 0 0 0 0 0 0 
ŠALOVCI    0 0 0 0 0 0 0 0 0 0 0 0 
ŠENTILJ    0 0 0 0 0 0 0 0 0 0 0 0 
ŠMARJE PRI 
JELŠAH    0 0 0 0 0 0 0 0 0 0 0 0 
ŠMARJEŠKE 
TOPLICE    0 0 0 0 0 0 0 0 0 0 0 0 
ŠOŠTANJ    0 0 0 0 0 0 0 0 0 0 0 0 
ŠTORE    0 0 0 0 0 0 0 0 0 0 0 0 
TABOR    0 0 0 0 0 0 0 0 0 0 0 0 

TIŠINA    0 0 0 0 0 0 0 0 0 0 0 0 
TRBOVLJE    0 0 0 0 0 0 0 0 0 0 0 0 
TRNOVSKA VAS    0 0 0 0 0 0 0 0 0 0 0 0 
TRZIN    0 0 0 0 0 0 0 0 0 0 0 0 
TURNIŠČE    0 0 0 0 0 0 0 0 0 0 0 0 
VELIKA POLANA    0 0 0 0 0 0 0 0 0 0 0 0 
VELIKE LAŠČE    0 0 0 0 0 0 0 0 0 0 0 0 
VITANJE    0 0 0 0 0 0 0 0 0 0 0 0 
VOJNIK    0 0 0 0 0 0 0 0 0 0 0 0 
VRANSKO    0 0 0 0 0 0 0 0 0 0 0 0 
VRHNIKA    0 0 0 0 0 0 0 0 0 0 0 0 
ZAVRČ    0 0 0 0 0 0 0 0 0 0 0 0 
ŽETALE    0 0 0 0 0 0 0 0 0 0 0 0 
ŽIROVNICA    0 0 0 0 0 0 0 0 0 0 0 0 
ŽUŽEMBERK    0 0 0 0 0 0 0 0 0 0 0 0 
 
 
Tabela 26: Prihodek iz naslova Prihodki od nadomestila za dodelitev služnostne pravice in ustanovitev stavbne pravice (urejeno padajoče glede na povprečje 
2007-2020) na prebivalca (v EUR) 
OBČINA 2007 2008 2009 2010 2011 2012 2013 2014 2015 2016 2017 2018 2019 2020 x̄ 
ŠENTRUPERT 0,00 0,00 0,00 51,01 0,00 0,00 6,29 207,09 -32,39 0,00 0,00 0,00 0,00 0,00 16,57 
ANKARAN         0,00 0,00 0,00 49,01 0,00 66,80 8,27 
LOGATEC 0,00 0,00 0,00 0,00 0,00 0,00 0,00 0,00 1,78 0,08 0,87 0,00 0,03 63,67 4,75 
ŠENTJERNEJ 0,00 0,00 0,00 0,00 0,00 64,09 0,00 0,00 0,00 0,00 0,00 0,00 0,00 0,00 4,58 
LJUBLJANA 0,00 0,00 0,00 3,85 4,04 2,74 0,57 12,74 6,70 0,19 3,74 0,51 0,93 13,46 3,53 
GROSUPLJE 0,00 0,00 0,00 0,00 0,00 0,00 0,68 0,86 14,99 0,63 0,69 24,29 0,57 0,31 3,07 
KOPER 0,00 0,00 0,00 7,42 2,77 3,46 3,69 3,69 1,34 1,33 2,28 1,90 4,25 1,84 2,43 
BOVEC 0,00 0,00 0,00 3,75 1,23 1,01 1,98 1,11 1,06 2,58 2,03 2,17 2,06 13,04 2,29 
ŠEMPETER-
VRTOJBA 0,00 0,00 0,00 2,51 3,07 3,93 4,30 6,08 4,48 2,14 2,55 0,03 0,03 0,89 2,14 
JESENICE 0,00 0,00 0,00 2,20 1,10 0,92 0,83 0,81 1,14 2,31 1,83 2,69 1,74 7,53 1,65 
VERŽEJ 0,00 0,00 0,00 0,00 0,00 2,30 2,35 2,35 2,54 2,36 2,33 2,33 2,33 2,30 1,51 
KRANJSKA 
GORA 0,00 0,00 0,00 0,37 3,10 1,29 0,89 1,10 1,21 0,40 1,11 4,99 4,09 2,22 1,48 
PREVALJE 0,00 0,00 0,00 0,00 12,76 0,23 0,04 0,46 1,60 2,27 0,05 0,03 0,74 1,10 1,38 
IZOLA 0,00 0,00 0,00 0,00 0,21 1,00 1,09 1,03 1,96 2,68 1,10 5,96 1,61 1,80 1,32 

BRDA 0,00 0,00 0,00 0,00 0,00 0,01 12,95 0,18 0,09 2,21 0,98 0,47 0,29 0,38 1,25 
ŠENČUR 0,00 0,00 0,00 0,00 5,45 0,69 0,83 2,74 0,31 0,17 0,73 0,07 1,77 2,88 1,12 
SEŽANA 0,00 0,00 0,00 5,93 0,59 0,97 1,01 0,50 0,70 0,88 0,84 1,27 1,08 1,49 1,09 
BLED 0,00 0,00 0,00 0,00 0,00 0,00 0,00 0,01 1,28 1,37 1,25 2,67 3,78 4,25 1,04 
VELENJE 0,00 0,00 0,00 1,41 2,08 0,59 0,83 0,72 0,48 0,74 0,54 3,64 0,89 1,86 0,99 
MISLINJA 0,00 0,00 0,00 0,00 0,00 0,00 0,00 0,00 0,00 0,00 0,00 0,00 0,00 13,27 0,95 
Skupaj občine  0,00 0,00 0,00 0,96 0,87 0,83 0,36 2,19 1,25 0,28 0,79 0,78 0,53 2,87 0,84 
LENDAVA 0,00 0,00 0,00 0,64 0,29 0,80 0,31 0,31 3,14 0,34 0,66 2,49 1,58 1,06 0,83 
KRŠKO 0,00 0,00 0,00 1,56 6,07 0,26 0,04 0,34 1,30 0,26 0,23 0,22 0,47 0,27 0,79 
KOMENDA 0,00 0,00 0,00 0,00 0,00 0,00 0,00 0,00 0,00 0,00 2,39 2,50 2,38 3,01 0,73 
HRPELJE-
KOZINA 0,00 0,00 0,00 0,00 0,00 0,00 1,12 0,00 2,44 1,94 2,12 1,77 0,00 0,00 0,67 
JEZERSKO 0,00 0,00 0,00 0,00 0,00 0,00 0,00 0,00 0,00 5,44 0,00 0,00 0,23 2,53 0,59 
KRANJ 0,00 0,00 0,00 0,00 0,45 0,21 0,56 0,62 0,57 1,38 1,36 0,76 1,59 0,75 0,59 
LOŠKA DOLINA 0,00 0,00 0,00 0,00 0,00 0,20 0,73 0,69 0,70 0,78 1,24 1,29 1,28 1,30 0,59 
SLOVENSKA 
BISTRICA 0,00 0,00 0,00 0,00 0,00 0,73 0,36 0,16 0,74 0,60 0,33 0,48 0,95 3,97 0,59 
DIVAČA 0,00 0,00 0,00 0,79 0,08 0,35 0,41 0,30 0,97 0,19 0,72 3,56 0,59 0,20 0,58 
RAVNE NA 
KOROŠKEM 0,00 0,00 0,00 0,00 0,00 0,00 1,05 1,05 1,05 1,39 0,00 0,00 1,76 1,67 0,57 
MORAVSKE 
TOPLICE 0,00 0,00 0,00 0,00 0,00 0,00 0,00 1,62 2,92 0,25 1,37 0,37 0,25 0,54 0,52 
SLOVENSKE 
KONJICE 0,00 0,00 0,00 6,50 0,68 0,00 0,00 0,00 0,00 0,00 0,00 0,00 0,00 0,00 0,51 
KOČEVJE 0,00 0,00 0,00 0,00 0,93 0,56 0,60 0,22 0,74 0,59 0,42 1,64 0,50 0,76 0,50 
LJUTOMER 0,00 0,00 0,00 0,00 0,00 5,51 0,17 1,36 0,00 0,00 0,00 0,00 0,00 0,01 0,50 
NOVA GORICA 0,00 0,00 0,00 0,62 0,56 0,40 0,60 0,41 0,91 0,71 0,46 0,75 0,48 0,83 0,48 
CERKNICA 0,00 0,00 0,00 0,00 0,00 0,00 1,26 0,76 0,56 0,61 0,87 1,00 0,57 0,94 0,47 
VUZENICA 0,00 0,00 0,00 0,00 0,00 0,00 0,00 0,00 0,94 0,93 0,96 1,01 0,96 1,02 0,42 
ŽALEC 0,00 0,00 0,00 0,17 0,02 0,36 0,20 0,34 0,32 0,51 0,81 0,95 1,22 0,94 0,42 
ŽIRI 0,00 0,00 0,00 0,00 0,18 0,00 0,00 0,00 0,00 0,01 1,48 0,89 0,93 2,38 0,42 
KAMNIK 0,00 0,00 0,00 1,87 0,63 0,09 0,00 0,07 0,78 0,03 1,64 0,06 0,42 0,11 0,41 
MIREN-
KOSTANJEVICA 0,00 0,00 0,00 0,00 0,00 1,43 0,79 0,80 0,93 0,82 0,30 0,03 0,34 0,20 0,40 
LITIJA 0,00 0,00 0,00 0,00 0,34 0,32 0,79 0,51 0,33 0,12 0,73 1,39 0,55 0,38 0,39 
PUCONCI 0,00 0,00 0,00 0,05 0,05 0,61 0,64 0,57 0,59 0,60 0,60 0,60 0,60 0,61 0,39 
POSTOJNA 0,00 0,00 0,00 0,00 0,81 0,00 0,07 0,00 0,07 0,72 0,64 0,72 1,89 0,40 0,38 
TRŽIČ 0,00 0,00 0,00 0,00 0,00 0,00 0,00 0,00 0,00 0,00 0,12 1,80 1,79 1,19 0,35 

RUŠE 0,00 0,00 0,00 0,00 0,00 0,00 0,00 0,00 0,00 0,00 0,00 0,00 0,00 4,79 0,34 
ŠKOFJA LOKA 0,00 0,00 0,00 0,00 0,00 0,00 0,00 0,00 0,00 0,00 0,63 1,39 1,57 1,14 0,34 
OPLOTNICA 0,00 0,00 0,00 0,00 0,00 0,00 4,60 0,00 0,00 0,00 0,00 0,00 0,00 0,00 0,33 
NAKLO 0,00 0,00 0,00 0,00 0,00 1,10 0,28 0,06 1,35 0,04 0,06 1,19 0,14 0,08 0,31 
PREDDVOR 0,00 0,00 0,00 0,00 0,00 2,78 0,00 0,00 0,00 0,14 0,00 0,05 0,39 0,01 0,24 
ŠMARTNO PRI 
LITIJI 0,00 0,00 0,00 0,00 0,00 0,00 0,42 0,57 0,05 0,94 0,34 0,39 0,29 0,21 0,23 
ZAGORJE OB 
SAVI 0,00 0,00 0,00 0,33 0,10 0,30 0,28 0,15 0,24 0,12 0,56 0,39 0,12 0,05 0,19 
DRAVOGRAD 0,00 0,00 0,00 0,00 0,67 0,24 0,54 0,00 0,00 0,00 0,03 0,69 0,05 0,26 0,18 
VIDEM 0,00 0,00 0,00 0,00 0,00 0,10 0,01 0,00 0,04 0,39 0,35 0,00 1,08 0,47 0,17 
PIVKA 0,00 0,00 0,00 0,00 0,00 0,00 0,00 0,00 0,00 1,78 0,26 0,00 0,19 0,00 0,16 
ŽELEZNIKI 0,00 0,00 0,00 0,00 0,00 0,00 0,00 0,00 0,00 0,00 0,56 0,56 0,56 0,56 0,16 
BRASLOVČE 0,00 0,00 0,00 0,00 0,20 0,21 0,21 0,21 0,24 0,00 0,42 0,21 0,21 0,21 0,15 
ŠKOCJAN 0,00 0,00 0,00 0,00 0,00 0,00 0,00 0,00 0,00 0,00 0,00 1,38 0,00 0,79 0,15 
MENGEŠ 0,00 0,00 0,00 0,00 0,00 0,00 0,23 0,33 0,23 0,23 0,23 0,23 0,23 0,23 0,14 
TOLMIN 0,00 0,00 0,00 0,00 0,00 0,00 0,00 0,00 0,00 0,00 0,96 0,12 0,27 0,41 0,13 
GORNJA 
RADGONA 0,00 0,00 0,00 0,00 0,00 0,00 0,00 0,00 0,18 0,33 0,27 0,49 0,06 0,10 0,10 
MARKOVCI 0,00 0,00 0,00 0,00 0,00 0,89 0,00 0,00 0,00 0,42 0,00 0,00 0,05 0,00 0,10 
VODICE 0,00 0,00 0,00 0,00 0,00 0,00 0,00 1,42 0,00 0,00 0,00 0,00 0,00 0,00 0,10 
HOČE-SLIVNICA 0,00 0,00 0,00 0,00 0,00 0,00 0,00 0,00 0,00 0,00 0,00 0,38 0,03 0,82 0,09 
MARIBOR 0,00 0,00 0,00 0,00 0,00 0,00 0,00 0,00 0,00 0,00 0,00 0,00 0,00 1,28 0,09 
IVANČNA 
GORICA 0,00 0,00 0,00 0,00 0,00 0,00 0,00 0,00 0,00 0,00 0,00 0,00 0,68 0,25 0,07 
ŠENTJUR 0,00 0,00 0,00 0,00 0,00 0,08 0,00 0,08 0,16 0,17 0,03 0,23 0,11 0,07 0,07 
DOBREPOLJE 0,00 0,00 0,00 0,00 0,00 0,00 0,00 0,00 0,07 0,43 0,20 0,12 0,00 0,00 0,06 
HRASTNIK 0,00 0,00 0,00 0,00 0,00 0,37 0,08 0,00 0,01 0,06 0,01 0,07 0,06 0,19 0,06 
ŠKOFLJICA 0,00 0,00 0,00 0,00 0,00 0,00 0,00 0,00 0,00 0,00 0,23 0,33 0,12 0,14 0,06 
KOMEN 0,00 0,00 0,00 0,50 0,01 0,00 0,00 0,00 0,00 0,00 0,00 0,00 0,00 0,00 0,04 
MEDVODE 0,00 0,00 0,00 0,00 0,00 0,00 0,01 0,55 0,00 0,00 0,00 0,00 0,00 0,00 0,04 
PODLEHNIK 0,00 0,00 0,00 0,00 0,00 0,36 0,00 0,00 0,00 0,00 0,00 0,00 0,00 0,00 0,03 
ROGAŠOVCI 0,00 0,00 0,00 0,00 0,00 0,09 0,09 0,09 0,09 0,00 0,00 0,00 0,00 0,00 0,03 
APAČE 0,00 0,00 0,00 0,00 0,00 0,00 0,00 0,00 0,00 0,00 0,00 0,00 0,00 0,27 0,02 
ZREČE 0,00 0,00 0,00 0,00 0,00 0,00 0,00 0,00 0,00 0,00 0,00 0,00 0,33 0,02 0,02 
KOBARID 0,00 0,00 0,00 0,00 0,00 0,00 0,00 0,00 0,00 0,09 0,04 0,06 0,00 0,00 0,01 

ŠMARTNO OB 
PAKI 0,00 0,00 0,00 0,00 0,00 0,00 0,00 0,00 0,00 0,00 0,00 0,07 0,12 0,00 0,01 
AJDOVŠČINA 0,00 0,00 0,00 0,00 0,00 0,00 0,00 0,00 0,00 0,00 0,00 0,00 0,00 0,00 0,00 
BELTINCI 0,00 0,00 0,00 0,00 0,00 0,00 0,00 0,00 0,00 0,00 0,00 0,00 0,00 0,00 0,00 
BENEDIKT 0,00 0,00 0,00 0,00 0,00 0,00 0,00 0,00 0,00 0,00 0,00 0,00 0,00 0,00 0,00 
BISTRICA OB 
SOTLI 0,00 0,00 0,00 0,00 0,00 0,00 0,00 0,00 0,00 0,00 0,00 0,00 0,00 0,00 0,00 
BLOKE 0,00 0,00 0,00 0,00 0,00 0,00 0,00 0,00 0,00 0,00 0,00 0,00 0,00 0,00 0,00 
BOHINJ 0,00 0,00 0,00 0,00 0,00 0,00 0,00 0,00 0,00 0,00 0,00 0,00 0,00 0,00 0,00 
BOROVNICA 0,00 0,00 0,00 0,00 0,00 0,00 0,00 0,00 0,00 0,00 0,00 0,00 0,00 0,00 0,00 
BREZOVICA 0,00 0,00 0,00 0,00 0,00 0,00 0,00 0,00 0,00 0,00 0,00 0,00 0,00 0,01 0,00 
BREŽICE 0,00 0,00 0,00 0,00 0,00 0,00 0,00 0,00 0,00 0,00 0,00 0,00 0,00 0,00 0,00 
CANKOVA 0,00 0,00 0,00 0,00 0,00 0,00 0,00 0,00 0,00 0,00 0,00 0,00 0,00 0,00 0,00 
CELJE 0,00 0,00 0,00 0,00 0,00 0,00 0,00 0,00 0,00 0,00 0,00 0,00 0,00 0,00 0,00 
CERKLJE NA 
GORENJSKEM 0,00 0,00 0,00 0,00 0,00 0,00 0,00 0,00 0,00 0,00 0,00 0,00 0,00 0,00 0,00 
CERKNO 0,00 0,00 0,00 0,00 0,00 0,00 0,00 0,00 0,00 0,00 0,00 0,00 0,00 0,00 0,00 
CERKVENJAK 0,00 0,00 0,00 0,00 0,00 0,00 0,00 0,00 0,00 0,00 0,00 0,00 0,00 0,00 0,00 
CIRKULANE 0,00 0,00 0,00 0,00 0,00 0,00 0,00 0,00 0,00 0,00 0,00 0,00 0,00 0,00 0,00 
ČRENŠOVCI 0,00 0,00 0,00 0,00 0,00 0,00 0,00 0,00 0,00 0,00 0,00 0,00 0,00 0,00 0,00 
ČRNA NA 
KOROŠKEM 0,00 0,00 0,00 0,00 0,00 0,00 0,00 0,00 0,00 0,00 0,00 0,00 0,00 0,00 0,00 
ČRNOMELJ 0,00 0,00 0,00 0,00 0,00 0,00 0,00 0,00 0,00 0,00 0,00 0,00 0,00 0,00 0,00 
DESTRNIK 0,00 0,00 0,00 0,00 0,00 0,00 0,00 0,00 0,00 0,00 0,00 0,00 0,00 0,00 0,00 
DOBJE 0,00 0,00 0,00 0,00 0,00 0,00 0,00 0,00 0,00 0,00 0,00 0,00 0,00 0,00 0,00 
DOBRNA 0,00 0,00 0,00 0,00 0,00 0,00 0,00 0,00 0,00 0,00 0,00 0,00 0,00 0,00 0,00 
DOBROVA-
POLHOV 
GRADEC 0,00 0,00 0,00 0,00 0,00 0,00 0,00 0,00 0,00 0,00 0,00 0,00 0,00 0,00 0,00 
DOBROVNIK 0,00 0,00 0,00 0,00 0,00 0,00 0,00 0,00 0,00 0,00 0,00 0,00 0,00 0,00 0,00 
DOL PRI 
LJUBLJANI 0,00 0,00 0,00 0,00 0,00 0,00 0,00 0,00 0,00 0,00 0,00 0,00 0,00 0,00 0,00 
DOLENJSKE 
TOPLICE 0,00 0,00 0,00 0,00 0,00 0,00 0,00 0,00 0,00 0,00 0,00 0,00 0,00 0,00 0,00 
DOMŽALE 0,00 0,00 0,00 0,00 0,00 0,00 0,00 0,00 0,00 0,00 0,00 0,00 0,00 0,00 0,00 
DORNAVA 0,00 0,00 0,00 0,00 0,00 0,00 0,00 0,00 0,00 0,00 0,00 0,00 0,00 0,00 0,00 
DUPLEK 0,00 0,00 0,00 0,00 0,00 0,00 0,00 0,00 0,00 0,00 0,00 0,00 0,00 0,00 0,00 
GORENJA VAS-
POLJANE 0,00 0,00 0,00 0,00 0,00 0,00 0,00 0,00 0,00 0,00 0,00 0,00 0,00 0,00 0,00 

GORIŠNICA 0,00 0,00 0,00 0,00 0,00 0,00 0,00 0,00 0,00 0,00 0,00 0,00 0,00 0,00 0,00 
GORJE 0,00 0,00 0,00 0,00 0,00 0,00 0,00 0,00 0,00 0,00 0,00 0,00 0,00 0,00 0,00 
GORNJI GRAD 0,00 0,00 0,00 0,00 0,00 0,00 0,00 0,00 0,00 0,00 0,00 0,00 0,00 0,00 0,00 
GORNJI 
PETROVCI 0,00 0,00 0,00 0,00 0,00 0,00 0,00 0,00 0,00 0,00 0,00 0,00 0,00 0,00 0,00 
GRAD 0,00 0,00 0,00 0,00 0,00 0,00 0,00 0,00 0,00 0,00 0,00 0,00 0,00 0,00 0,00 
HAJDINA 0,00 0,00 0,00 0,00 0,00 0,00 0,00 0,00 0,00 0,00 0,00 0,00 0,00 0,00 0,00 
HODOŠ 0,00 0,00 0,00 0,00 0,00 0,00 0,00 0,00 0,00 0,00 0,00 0,00 0,00 0,00 0,00 
HORJUL 0,00 0,00 0,00 0,00 0,00 0,00 0,00 0,00 0,00 0,00 0,00 0,00 0,00 0,00 0,00 
IDRIJA 0,00 0,00 0,00 0,02 0,00 0,00 0,00 0,00 0,00 0,00 0,00 0,00 0,00 0,00 0,00 
IG 0,00 0,00 0,00 0,00 0,00 0,00 0,00 0,00 0,00 0,00 0,00 0,00 0,00 0,00 0,00 
ILIRSKA 
BISTRICA 0,00 0,00 0,00 0,00 0,00 0,00 0,00 0,00 0,00 0,00 0,00 0,00 0,00 0,00 0,00 
JURŠINCI 0,00 0,00 0,00 0,00 0,00 0,00 0,00 0,00 0,00 0,00 0,00 0,00 0,00 0,00 0,00 
KANAL 0,00 0,00 0,00 0,00 0,00 0,00 0,00 0,00 0,00 0,00 0,00 0,00 0,00 0,00 0,00 
KIDRIČEVO 0,00 0,00 0,00 0,00 0,00 0,00 0,00 0,00 0,00 0,00 0,00 0,00 0,00 0,00 0,00 
KOBILJE 0,00 0,00 0,00 0,00 0,00 0,00 0,00 0,00 0,00 0,00 0,00 0,00 0,00 0,00 0,00 
KOSTANJEVICA 
NA KRKI 0,00 0,00 0,00 0,00 0,00 0,00 0,00 0,00 0,00 0,00 0,00 0,00 0,00 0,00 0,00 
KOSTEL 0,00 0,00 0,00 0,00 0,00 0,00 0,00 0,00 0,00 0,00 0,00 0,00 0,00 0,00 0,00 
KOZJE 0,00 0,00 0,00 0,00 0,00 0,00 0,00 0,00 0,00 0,00 0,00 0,00 0,00 0,00 0,00 
KRIŽEVCI 0,00 0,00 0,00 0,00 0,00 0,00 0,00 0,00 0,00 0,00 0,00 0,00 0,00 0,00 0,00 
KUNGOTA 0,00 0,00 0,00 0,00 0,00 0,00 0,00 0,00 0,00 0,00 0,00 0,00 0,02 0,00 0,00 
KUZMA 0,00 0,00 0,00 0,00 0,00 0,00 0,00 0,00 0,00 0,00 0,00 0,00 0,00 0,00 0,00 
LAŠKO 0,00 0,00 0,00 0,00 0,00 0,00 0,00 0,00 0,00 0,00 0,00 0,00 0,00 0,00 0,00 
LENART 0,00 0,00 0,00 0,00 0,00 0,00 0,00 0,00 0,00 0,00 0,00 0,00 0,00 0,00 0,00 
LJUBNO 0,00 0,00 0,00 0,00 0,00 0,00 0,00 0,00 0,00 0,00 0,00 0,00 0,00 0,00 0,00 
LOG-
DRAGOMER 0,00 0,00 0,00 0,00 0,00 0,00 0,00 0,00 0,00 0,00 0,00 0,00 0,00 0,00 0,00 
LOŠKI POTOK 0,00 0,00 0,00 0,00 0,00 0,00 0,00 0,00 0,00 0,00 0,00 0,00 0,00 0,00 0,00 
LOVRENC NA 
POHORJU 0,00 0,00 0,00 0,00 0,00 0,00 0,00 0,00 0,00 0,00 0,00 0,00 0,00 0,00 0,00 
LUČE 0,00 0,00 0,00 0,00 0,00 0,00 0,00 0,00 0,00 0,00 0,00 0,00 0,00 0,00 0,00 
LUKOVICA 0,00 0,00 0,00 0,00 0,00 0,00 0,00 0,00 0,00 0,00 0,00 0,00 0,00 0,00 0,00 
MAJŠPERK 0,00 0,00 0,00 0,00 0,00 0,00 0,00 0,00 0,00 0,00 0,00 0,00 0,00 0,00 0,00 
MAKOLE 0,00 0,00 0,00 0,00 0,00 0,00 0,00 0,00 0,00 0,00 0,00 0,00 0,00 0,00 0,00 
METLIKA 0,00 0,00 0,00 0,00 0,00 0,00 0,00 0,00 0,00 0,00 0,00 0,00 0,00 0,00 0,00 

MEŽICA 0,00 0,00 0,00 0,00 0,00 0,00 0,00 0,00 0,00 0,00 0,00 0,00 0,00 0,00 0,00 
MIKLAVŽ NA 
DRAVSKEM 
POLJU 0,00 0,00 0,00 0,00 0,00 0,00 0,00 0,00 0,00 0,00 0,00 0,00 0,00 0,00 0,00 
MIRNA     0,00 0,00 0,00 0,00 0,00 0,00 0,00 0,00 0,00 0,00 0,00 
MIRNA PEČ 0,00 0,00 0,00 0,00 0,00 0,00 0,00 0,00 0,00 0,00 0,00 0,00 0,00 0,00 0,00 
MOKRONOG-
TREBELNO 0,00 0,00 0,00 0,00 0,00 0,00 0,00 0,00 0,00 0,00 0,00 0,00 0,00 0,00 0,00 
MORAVČE 0,00 0,00 0,00 0,00 0,00 0,00 0,00 0,00 0,00 0,00 0,00 0,00 0,00 0,00 0,00 
MOZIRJE 0,00 0,00 0,00 0,00 0,00 0,00 0,00 0,00 0,00 0,00 0,00 0,00 0,00 0,00 0,00 
MURSKA 
SOBOTA 0,00 0,00 0,00 0,00 0,00 0,00 0,00 0,00 0,00 0,00 0,00 0,00 0,00 0,00 0,00 
MUTA 0,00 0,00 0,00 0,00 0,00 0,00 0,00 0,00 0,00 0,00 0,00 0,00 0,00 0,00 0,00 
NAZARJE 0,00 0,00 0,00 0,00 0,00 0,00 0,00 0,00 0,00 0,00 0,00 0,00 0,00 0,00 0,00 
NOVO MESTO 0,00 0,00 0,00 0,00 0,00 0,00 0,00 0,00 0,00 0,00 0,00 0,00 0,00 0,00 0,00 
ODRANCI 0,00 0,00 0,00 0,00 0,00 0,00 0,00 0,00 0,00 0,00 0,00 0,00 0,00 0,00 0,00 
ORMOŽ 0,00 0,00 0,00 0,00 0,00 0,00 0,00 0,00 0,00 0,00 0,00 0,00 0,00 0,00 0,00 
OSILNICA 0,00 0,00 0,00 0,00 0,00 0,00 0,00 0,00 0,00 0,00 0,00 0,00 0,00 0,00 0,00 
PESNICA 0,00 0,00 0,00 0,00 0,00 0,00 0,00 0,00 0,00 0,00 0,00 0,00 0,00 0,00 0,00 
PIRAN 0,00 0,00 0,00 0,00 0,00 0,00 0,00 0,00 0,00 0,00 0,00 0,00 0,00 0,00 0,00 
PODČETRTEK 0,00 0,00 0,00 0,00 0,00 0,00 0,00 0,00 0,00 0,00 0,00 0,00 0,00 0,00 0,00 
PODVELKA 0,00 0,00 0,00 0,00 0,00 0,00 0,00 0,00 0,00 0,00 0,00 0,00 0,00 0,00 0,00 
POLJČANE 0,00 0,00 0,00 0,00 0,00 0,00 0,00 0,00 0,00 0,00 0,00 0,00 0,00 0,00 0,00 
POLZELA 0,00 0,00 0,00 0,00 0,00 0,00 0,00 0,00 0,00 0,00 0,00 0,00 0,00 0,00 0,00 
PREBOLD 0,00 0,00 0,00 0,00 0,00 0,00 0,00 0,00 0,00 0,00 0,00 0,00 0,00 0,00 0,00 
PTUJ 0,00 0,00 0,00 0,00 0,00 0,00 0,00 0,00 0,00 0,00 0,00 0,00 0,00 0,00 0,00 
RAČE-FRAM 0,00 0,00 0,00 0,00 0,00 0,00 0,00 0,00 0,00 0,00 0,00 0,00 0,00 0,00 0,00 
RADEČE 0,00 0,00 0,00 0,00 0,00 0,00 0,00 0,00 0,00 0,00 0,00 0,00 0,00 0,00 0,00 
RADENCI 0,00 0,00 0,00 0,00 0,00 0,00 0,00 0,00 0,00 0,00 0,00 0,00 0,00 0,00 0,00 
RADLJE OB 
DRAVI 0,00 0,00 0,00 0,00 0,00 0,00 0,00 0,00 0,00 0,00 0,00 0,00 0,00 0,00 0,00 
RADOVLJICA 0,00 0,00 0,00 0,00 0,00 0,00 0,00 0,00 0,00 0,00 0,00 0,00 0,00 0,00 0,00 
RAZKRIŽJE 0,00 0,00 0,00 0,00 0,00 0,00 0,00 0,00 0,00 0,00 0,00 0,00 0,00 0,00 0,00 
REČICA OB 
SAVINJI 0,00 0,00 0,00 0,00 0,00 0,00 0,00 0,00 0,00 0,00 0,00 0,00 0,00 0,00 0,00 
RENČE-
VOGRSKO 0,00 0,00 0,00 0,00 0,00 0,00 0,00 0,00 0,00 0,00 0,00 0,00 0,00 0,00 0,00 
RIBNICA 0,00 0,00 0,00 0,00 0,00 0,00 0,00 0,00 0,00 0,00 0,00 0,00 0,00 0,00 0,00 

RIBNICA NA 
POHORJU 0,00 0,00 0,00 0,00 0,00 0,00 0,00 0,00 0,00 0,00 0,00 0,00 0,00 0,00 0,00 
ROGAŠKA 
SLATINA 0,00 0,00 0,00 0,00 0,00 0,00 0,00 0,00 0,00 0,00 0,00 0,00 0,00 0,00 0,00 
ROGATEC 0,00 0,00 0,00 0,00 0,00 0,00 0,00 0,00 0,00 0,00 0,00 0,00 0,00 0,00 0,00 
SELNICA OB 
DRAVI 0,00 0,00 0,00 0,00 0,00 0,00 0,00 0,00 0,00 0,00 0,00 0,00 0,00 0,00 0,00 
SEMIČ 0,00 0,00 0,00 0,00 0,00 0,00 0,00 0,00 0,00 0,00 0,00 0,00 0,00 0,00 0,00 
SEVNICA 0,00 0,00 0,00 0,00 0,00 0,00 0,00 0,00 0,00 0,00 0,00 0,00 0,00 0,00 0,00 
SLOVENJ 
GRADEC 0,00 0,00 0,00 0,00 0,00 0,00 0,00 0,00 0,00 0,00 0,00 0,00 0,00 0,00 0,00 
SODRAŽICA 0,00 0,00 0,00 0,00 0,00 0,00 0,00 0,00 0,00 0,00 0,00 0,00 0,00 0,00 0,00 
SOLČAVA 0,00 0,00 0,00 0,00 0,00 0,00 0,00 0,00 0,00 0,00 0,00 0,00 0,00 0,00 0,00 
SREDIŠČE OB 
DRAVI 0,00 0,00 0,00 0,00 0,00 0,00 0,00 0,00 0,00 0,00 0,00 0,00 0,00 0,00 0,00 
STARŠE 0,00 0,00 0,00 0,00 0,00 0,00 0,00 0,00 0,00 0,00 0,00 0,00 0,00 0,00 0,00 
STRAŽA 0,00 0,00 0,00 0,00 0,00 0,00 0,00 0,00 0,00 0,00 0,00 0,00 0,00 0,00 0,00 
SVETA ANA 0,00 0,00 0,00 0,00 0,00 0,00 0,00 0,00 0,00 0,00 0,00 0,00 0,00 0,00 0,00 
SV. TROJICA V 
SLOVENSKIH 
GORICAH 0,00 0,00 0,00 0,00 0,00 0,00 0,00 0,00 0,00 0,00 0,00 0,00 0,00 0,00 0,00 
SV. ANDRAŽ V 
SLOVENSKIH 
GORICAH 0,00 0,00 0,00 0,00 0,00 0,00 0,00 0,00 0,00 0,00 0,00 0,00 0,00 0,00 0,00 
SVETI JURIJ 0,00 0,00 0,00 0,00 0,00 0,00 0,00 0,00 0,00 0,00 0,00 0,00 0,00 0,00 0,00 
SV. JURIJ V 
SLOVENSKIH 
GORICAH 0,00 0,00 0,00 0,00 0,00 0,00 0,00 0,00 0,00 0,00 0,00 0,00 0,00 0,00 0,00 
SVETI TOMAŽ 0,00 0,00 0,00 0,00 0,00 0,00 0,00 0,00 0,00 0,00 0,00 0,00 0,00 0,00 0,00 
ŠALOVCI 0,00 0,00 0,00 0,00 0,00 0,00 0,00 0,00 0,00 0,00 0,00 0,00 0,00 0,00 0,00 
ŠENTILJ 0,00 0,00 0,00 0,00 0,00 0,00 0,00 0,00 0,00 0,00 0,00 0,00 0,00 0,00 0,00 
ŠMARJE PRI 
JELŠAH 0,00 0,00 0,00 0,00 0,00 0,00 0,00 0,00 0,00 0,00 0,00 0,00 0,00 0,00 0,00 
ŠMARJEŠKE 
TOPLICE 0,00 0,00 0,00 0,00 0,00 0,00 0,00 0,00 0,00 0,00 0,00 0,00 0,00 0,00 0,00 
ŠOŠTANJ 0,00 0,00 0,00 0,00 0,00 0,00 0,00 0,00 0,00 0,00 0,00 0,00 0,00 0,00 0,00 
ŠTORE 0,00 0,00 0,00 0,00 0,00 0,00 0,00 0,00 0,00 0,00 0,00 0,00 0,00 0,00 0,00 
TABOR 0,00 0,00 0,00 0,00 0,00 0,00 0,00 0,00 0,00 0,00 0,00 0,00 0,00 0,00 0,00 
TIŠINA 0,00 0,00 0,00 0,00 0,00 0,00 0,00 0,00 0,00 0,00 0,00 0,00 0,00 0,00 0,00 
TRBOVLJE 0,00 0,00 0,00 0,00 0,00 0,00 0,00 0,00 0,00 0,00 0,00 0,00 0,00 0,00 0,00 

TREBNJE 0,00 0,00 0,00 0,00 0,00 0,00 0,00 0,00 0,00 0,00 0,00 0,00 0,00 0,02 0,00 
TRNOVSKA VAS 0,00 0,00 0,00 0,00 0,00 0,00 0,00 0,00 0,00 0,00 0,00 0,00 0,00 0,00 0,00 
TRZIN 0,00 0,00 0,00 0,00 0,00 0,00 0,00 0,00 0,00 0,00 0,00 0,00 0,00 0,00 0,00 
TURNIŠČE 0,00 0,00 0,00 0,00 0,00 0,00 0,00 0,00 0,00 0,00 0,00 0,00 0,00 0,00 0,00 
VELIKA POLANA 0,00 0,00 0,00 0,00 0,00 0,00 0,00 0,00 0,00 0,00 0,00 0,00 0,00 0,00 0,00 
VELIKE LAŠČE 0,00 0,00 0,00 0,00 0,00 0,00 0,00 0,00 0,00 0,00 0,00 0,00 0,00 0,00 0,00 
VIPAVA 0,00 0,00 0,00 0,00 0,00 0,00 0,00 0,00 0,00 0,00 0,00 0,00 0,00 0,06 0,00 
VITANJE 0,00 0,00 0,00 0,00 0,00 0,00 0,00 0,00 0,00 0,00 0,00 0,00 0,00 0,00 0,00 
VOJNIK 0,00 0,00 0,00 0,00 0,00 0,00 0,00 0,00 0,00 0,00 0,00 0,00 0,00 0,00 0,00 
VRANSKO 0,00 0,00 0,00 0,00 0,00 0,00 0,00 0,00 0,00 0,00 0,00 0,00 0,00 0,00 0,00 
VRHNIKA 0,00 0,00 0,00 0,00 0,00 0,00 0,00 0,00 0,00 0,00 0,00 0,00 0,00 0,00 0,00 
ZAVRČ 0,00 0,00 0,00 0,00 0,00 0,00 0,00 0,00 0,00 0,00 0,00 0,00 0,00 0,00 0,00 
ŽETALE 0,00 0,00 0,00 0,00 0,00 0,00 0,00 0,00 0,00 0,00 0,00 0,00 0,00 0,00 0,00 
ŽIROVNICA 0,00 0,00 0,00 0,00 0,00 0,00 0,00 0,00 0,00 0,00 0,00 0,00 0,00 0,00 0,00 
ŽUŽEMBERK 0,00 0,00 0,00 0,00 0,00 0,00 0,00 0,00 0,00 0,00 0,00 0,00 0,00 0,00 0,00 
 
 
Tabela 27: Prihodek iz naslo va Prihodki od prodaje blaga in storitev (združeno) (urejeno padajoče glede na povprečje  2007-2020) v absolutnih zneskih  (v 
EUR) 
OBČINA 2007 2008 2009 2010 2011 2012 2013 2014 2015 2016 2017 2018 2019 2020 x̄ 
Skupaj občine  10518284 12731666 11958377 10816198 11061529 11772573 11522373 11750647 12843537 14473696 15876262 18876882 18407369 17336356 13567553 
BOHINJ 797200 858799,8 907230,4 830453,4 1001058 972894,9 986854,7 954929,4 1106384 1011159 1423567 1678124 1827583 1717737 1148141 
LAŠKO 58756 54247,07 69134,6 72979,62 89965,4 108349 105507,5 98944,07 119792,8 1728839 2550815 4255381 2603971 2456461 1026653 
RAČE-FRAM 399726 394702 500132,3 419684,3 496457,1 451483,3 568328 710637 916500,3 681404 737319,9 750268,6 776013,7 746926 610684,5 
KOMENDA 171408 224066,8 358198,5 403223,9 416624,5 446956,6 472857,9 525553 674327,8 737214,5 735868,4 901326,1 977262 985802,2 573620,7 
ZREČE 294041,7 362733,6 369776,4 381147,6 396523,3 399135,3 409225,2 471586,6 580239,8 878063,8 794772,6 842559,2 919996,5 885069,9 570347,9 
LJUBLJANA 1435722 580047,4 703617,8 510628 470288,6 463956,7 459895,9 415312,7 399039,2 392896,5 403251,6 390374,4 441097,2 339940,8 529004,9 
ŽIRI 371399 405465,6 387684,5 384131 410923,4 366077,2 473218,5 522334,4 576477 601150,1 599675,9 610059,6 655601 708596,4 505199,5 
BLED 145805,6 174135,6 207475,1 230832 262120,5 300976,9 356315 347416,8 477843,1 501187,3 691145,6 640284 620936 351676 379153,5 
LENDAVA 256789 406086,9 439705,7 389451 403454,4 362135,8 377501,5 267725,1 369714,8 150395,7 42372,97 428377,6 488341,4 334830,6 336920,2 
TIŠINA 108077 101476,5 100249,8 203384,1 325466,7 361235,7 367979,5 365434,7 370546,2 391065,7 474321,8 526078,7 499818,9 500446,1 335398,7 
KRŠKO 214572,9 2350934 219255,7 64976,55 364787,2 259630,4 75417,58 133144,9 83789,5 87041,07 101989,3 257307,5 104285,6 81745,2 314205,5 
ČRNA NA 
KOROŠKEM 257045 269542 283784 319211 395613 319488 273669,8 193470,3 228512,4 278022 290801,5 306315,7 294346,7 392093,4 292993,9 
CELJE 88828 188629 174028 191995 211432,2 259424,4 207339,6 312049,6 349584,9 265221,3 251907,9 278870,1 413282,1 302423,9 249644 

ANKARAN         0 196432,8 205739,9 315843,5 328852,8 290007,3 222812,7 
KRANJSKA 
GORA 283385,4 270671,3 279146,5 292482,6 291571,5 302182,8 299504,6 353379,2 387626,7 217819,6 5868,97 7231,17 7965,63 5019,08 214561,1 
MURSKA 
SOBOTA 123642,6 156174,7 152636,7 118429,3 102941,1 132088,6 445529,9 405591,1 233687,5 198718,5 162440,7 182573 202425,7 100658,4 194109,8 
GROSUPLJE 39248 42191,39 45531 40120 42200,42 107014,7 179515,8 158709 168188,4 206106,8 336561 358768 369888,9 467746,2 182985 
VELENJE 148789 123417,9 176715,7 230824,8 208921,6 228183,5 240174,7 250845,6 227200,1 251659,7 98792,18 104448,7 120394,4 90106,16 178605,3 
SEVNICA 143154,7 155210,7 163166,7 182411,9 180630,9 203580,6 183935,9 178650,2 181491,7 178205,9 185530,5 186347,2 197007 97373,58 172621,2 
BOVEC 47252 108379,2 81339,96 145617,2 196209,2 178043,8 167687,2 162830,6 211658 199340,5 256463,9 95562,93 188013,9 150870 156376,3 
KOČEVJE 62531,02 54708,79 56263 45308,41 193917,2 644056 229351,9 249764,3 345999,3 38520,42 25298 31375,41 33895,33 169309,5 155735,6 
BLOKE 35671 36234,56 50951,99 49231,44 56819,57 81761,28 125266,6 124656,5 144346,5 200631,6 269722,9 329056,4 310428,3 320709,6 152534,9 
DOBROVA-
POLHOV 
GRADEC 103156,6 107315,5 125603,9 120020,1 128803,7 178146,4 153798,3 176486,6 157778,5 163656 152345,9 162831,2 155718,3 180163 147558,9 
NOVO MESTO 130420 132550,3 141706,8 151088,3 136507 131139,3 115524 144555,3 106405,9 147198,8 181558,6 160105,5 142343,9 158763,4 141419,1 
LOVRENC NA 
POHORJU 61766,19 58638,51 59013,83 58982,85 60483,58 57714,76 57547,92 130280,6 171927,7 224255,3 235103,9 246652 256053,8 252105,8 137894,8 
BREŽICE 136102 166733,3 161957,7 151386,7 155855,4 147725,7 139824,1 142027,4 141867,7 119504,3 103017,3 92581,67 85191,99 90313,04 131006,3 
HOČE-SLIVNICA 119034 116453 120995 124827 124782 126560,7 134480,5 136544,1 162914,4 150756,4 108545,7 109478,3 124058,2 144413,9 128846 
KRANJ 139773,7 119124,8 172012,6 210134 215101,1 228514,6 117348,4 93099,92 104753,4 88959,96 61755,9 78355,4 59667,12 46847,15 123960,6 
LUKOVICA 100777,5 132410,9 124071,4 112673,5 105978,4 107094,6 115684 114271,7 115160,7 123971,4 126493,8 132756,9 148314,3 141156,8 121486,8 
SLOVENSKE 
KONJICE 288028,1 639091 13324,82 339133,5 29553 28909,24 35562,27 24142,83 37107,49 34531,56 38579,92 29485,91 31762,04 28291,35 114107,4 
RADENCI 24052,5 28679,92 26471,69 29682,86 26938,86 29540,46 30419,2 29084,93 30301,61 30152,86 30418,33 30906,02 454287,2 712194,6 108080,8 
NOVA GORICA 135279,4 44714,46 21426,4 35519,13 30745,92 24920,84 142633,4 39821,02 73740,27 272411,6 188005,5 172260,7 161786,1 167229,9 107892,5 
KOBARID 0 24787 19627 18189 16429 48646 65277,98 9907,59 27660,41 37141,68 51865,35 256236,2 512951,9 416186,4 107493,3 
KAMNIK 105947,9 122571,2 128681,2 121885,2 123009,8 123381,9 166098 100408,2 83491,52 89661,45 86195,37 84104,58 82272,2 74246,58 106568,2 
LJUTOMER 157104 84158,34 94236,12 109084,6 104437,7 81677,88 76035,92 79588,17 62922,52 129944,2 154195,1 117110,4 121909,5 104804,2 105514,9 
POSTOJNA 15871,5 15150,65 49013,3 87493,32 91146,38 123489,7 124939,3 275296,1 178337,7 109071,2 97980,04 104853,4 101132 100013,3 105270,6 
SLOVENSKA 
BISTRICA 65159,83 62627,71 55930,58 58645,88 76191,45 80000,2 74854,78 58106,27 95490,39 159944,9 151010,6 173811 158926,9 165337,9 102574,2 
KOMEN 12014 29695,84 867897,7 29785,49 44574,61 26539,81 22708,36 35956,17 32721,77 88043,6 41605,9 107913,7 38070,18 52052,95 102112,9 
ORMOŽ 47460,55 214112,9 277914,9 97413,9 67333 72561,29 60634,49 59937,13 55163,1 60140,66 61212,72 44478,44 48452,13 48674,24 86820,67 
LENART 46121,94 81874,49 92177,94 67030,37 69596,24 49290,6 59190,85 59479,61 72088,91 108436,2 157807,5 82438 131990 117436 85354,19 
GORNJA 
RADGONA 85992,23 91778,71 83572,14 84885,24 81563,89 84096,17 94073,35 80062,68 88007,62 85554,03 77162,63 83898,8 79588,14 86323,79 84754,24 
KOPER 65358 4848,06 13102,72 19138,06 11916,28 16016,82 56857,31 71882,11 57597,02 74220,51 78174,93 214921,5 314757,3 172595,9 83670,46 
ŽELEZNIKI 148339,3 197082,9 220634,7 39555,76 150150,2 145212,2 64265,12 23007,19 30701,26 23884,17 18012,45 12593,1 14833,68 19218,45 79106,46 

SVETA ANA 69475 74484,78 68521,93 88182,7 89513,69 78578,16 70604,01 84083,93 64720,61 83641,49 84933,6 64585,03 79554,91 78151,87 77073,69 
PIVKA 41853,4 48549,9 53703,38 72583,81 144083,5 135330,5 122124,5 129324,3 185648,7 97346,02 12105,54 13372,96 9026,91 9085,25 76724,19 
LITIJA 1383,33 0 105 0 0 117944,4 108654,4 116844,5 123426,2 94659,38 123798,3 119204,6 123282,9 125130 75316,64 
SLOVENJ 
GRADEC 24279,68 20263,1 365857,4 382767,7 11302,43 47582,24 25734,78 11076,75 66565,36 33749,17 11889,24 6894,76 6777,05 5596,66 72881,16 
BENEDIKT 101099 98779,96 98599,05 101156,8 98332,68 92755,05 46345,6 52060,08 26920,38 45973,19 47890,72 59508,21 59242,76 52855,5 70108,5 
GRAD 131339,1 163043,1 248403,6 237356,7 80875,37 6927,21 22917,02 9415,65 20076,8 18934,19 8438,37 6725,42 5814,24 6768,47 69073,95 
SOLČAVA 138 744 30 18253,43 3607,99 100379,5 34636,17 4199,09 30482,02 27241,65 173587,8 179584,4 189181 184547 67615,14 
VIDEM 76268 85550 98964 101344 101206,8 123573,7 94826,81 126487,7 127793,8 0 0 0 0 0 66858,2 
RIBNICA 71883 71909 52271,02 55617,2 62128,11 56728,71 61189,48 64094,76 73030,32 87145,47 63415,46 51326,51 53104,07 50946,18 62484,95 
SV. TROJICA V 
SLOVENSKIH 
GORICAH 70898 91499,88 100686,6 108153,6 103998,1 106570 46017,68 41342,18 46633,33 54008,31 34979,9 29467,83 26583,37 13366,83 62443,26 
SV. JURIJ V 
SLOVENSKIH 
GORICAH 29976,41 38102,08 51930,52 65146,85 60260,78 64096,27 62731,39 59762,36 53824,09 53928,86 66353,01 62207,96 73659,81 69648,89 57973,52 
DOL PRI 
LJUBLJANI 2852,94 3728,41 4291,5 14678,08 48788,6 47447,9 57085,16 58497,76 80098,92 59346,58 75720,49 154568,9 94277,79 106571,4 57711,03 
IVANČNA 
GORICA 19742 29671,31 20617,06 22518,91 21479,21 20223,41 85194,45 86536,51 87820,94 100824,7 79766,17 74778,64 80946,69 65468,47 56827,75 
CERKNO 78020 62484 62198,54 61456,1 69733,51 82166,77 58380,99 90599 82183,01 78269,22 29419 13027,57 11988,69 11786,18 56550,9 
TREBNJE 52457,76 60962,51 70189,46 70543,2 63446,34 66460,64 67504,81 69017,69 43339,36 52021,82 51739,24 39510,18 35173,44 33257,41 55401,7 
IG 149804 29249,47 97641,8 38576,7 41194,72 48984,6 48964,05 62512,57 45750,62 33566,69 32886,25 50480,74 48410,78 34127,98 54439,36 
MARIBOR 79677,06 80903,91 57821,84 56103,36 60141 35193,4 45913,88 57356,18 39190,09 42128,87 38964,41 42431,52 44853,09 50763 52245,83 
IZOLA 165238,5 138616 152625 177926 63746 650,08 7097,5 2889,99 600 2080,75 1421 1266,72 114,75 0 51019,45 
ŠENTRUPERT 23700 55184,06 54211,44 33816,8 38341,72 57921,42 60401,27 35232,66 69665,97 86854,87 55154,58 67964,82 63212,7 4792,18 50461,04 
LOGATEC 51550,1 58615,05 73648,33 41803,76 40055,57 52744,66 58951,82 45504,28 53064,33 46958,98 52023,47 44011,3 38645,36 14267,76 47988,91 
VELIKA POLANA 9085,08 16421,32 36054,15 25826,33 32791,73 52827,24 58478,19 43346,18 61602,97 62150,21 75852,96 63962,23 58716,8 65812,71 47352,01 
RADOVLJICA 87701,33 66285,17 3211,12 1916,82 1443,69 1709 50845,95 56098,35 56221,83 60897,84 78726,78 85444,6 86197,38 25310,04 47286,42 
CANKOVA 1261 1606,84 825,64 825,64 35230,81 39924,01 36388,43 40455,52 34814,06 57301,36 129825 125073,8 136611,3 17046,04 46942,1 
IDRIJA 79378 59529,62 67209,84 57051,57 67439,41 73793,44 39872,04 27885,47 29745,96 20261,37 14571,42 14240,06 13814,89 55003,63 44271,19 
ZAGORJE OB 
SAVI 94644 55356,01 51178,73 54326,92 58065,48 36571,42 28460,08 25334,82 14689,69 16398,87 43511,85 50234,68 44424,2 41083,84 43877,19 
KANAL 86767 57214,26 35818,13 30906,08 36756,16 41651,46 38140,32 33175,28 32961,54 35913,88 41001,67 44216,14 34858,42 36817,23 41871,26 
TRŽIČ 27622 25966,06 45387,15 35379,36 31858,82 49062,03 28731,48 51910,58 88832,3 26128,84 22675,45 30413,34 32730,18 30080,03 37626,97 
CERKVENJAK 15888 19489,25 53998,26 50258,65 40502 29243,03 28613,37 21315,83 45697,38 52474,5 60712,08 29163,31 19408,23 18242,28 34643,3 
ŽALEC 10219,53 30077,61 22224,27 28978,24 23165,57 33971,91 39883,55 49050,48 47877,41 52122,91 43501,35 40487,5 33575,24 25908,41 34360,28 
AJDOVŠČINA 27464,79 45439,12 50230,49 39972,25 37662,96 32815,52 34480,42 37189,13 35598,28 35785,86 37534,82 19536,66 15269,32 7945,68 32637,52 

BREZOVICA 60546,99 56506,78 52495,45 35364,64 25545,92 28613,49 26887,48 28479,98 21224,88 20634,7 21650,8 22644,32 4629,33 43510,38 32052,51 
DOBJE 15244 14245,72 44342,22 22749,99 26077,41 32649,15 38916,84 28288,56 28193,77 33271,41 56941,81 31965,25 37144,19 34648,99 31762,81 
ČRNOMELJ 68175,01 9749,28 16825,85 2526,79 59333,16 3563,9 2373,95 73928,94 6917,01 158,7 39248,9 1815,66 48689,03 101377,2 31048,81 
ŠKOFJA LOKA 40877 37335,87 33554,21 30932,01 25280,42 24092,99 31108,81 18161,59 18346,4 54431,94 51815,73 21381,98 18824,1 25847,1 30856,44 
APAČE 22287,29 21530,88 67171,79 64678,5 27442,39 22831,81 22552,63 26290,33 23680,38 23162,64 23101,78 23258,25 25908,09 23205,57 29793,02 
CERKLJE NA 
GORENJSKEM 10357 22768 35676 26607 24984 18838,03 76515,64 23287,56 31664,6 41151,61 29813,15 20513,03 21168,55 27194,16 29324,17 
PUCONCI 33711,99 35419,54 36216,24 40428,04 43778,88 45888,94 38864,67 42117,51 32174,09 9590,16 1655,03 2082,46 21104,39 25009,32 29145,8 
OSILNICA 18296 19363,11 15607,14 14256,83 14156,74 6302,13 20453,96 17393,53 21828,8 41018,31 25519,8 108111,5 38446,92 31282,35 28002,65 
GORENJA VAS-
POLJANE 12847 15826,65 34073,46 16076,23 21405,56 18050,28 16013,43 31277,8 31213,03 29563,94 87308,74 24106,52 26641,94 24103,71 27750,59 
ŠKOFLJICA 54729,88 55620,76 48261,23 45322,7 39927,9 29614,08 28956,92 10401,28 6004,91 2444,34 8812,21 10758,27 14096,3 25249,38 27157,15 
DOBRNA 32858 49507,44 43247,41 47550,78 53623,34 45062,39 13814,64 14951,83 13573,41 14366,08 13042,3 12748,61 12476,3 12393,05 27086,83 
KOSTEL 7541 8515 16131 64078 21056 12011,65 22824,45 14137,28 76869,85 12698,36 41059,15 38688,91 22929,1 16466,59 26786,17 
ŠENČUR 50616,03 38839,03 13182,14 19717,96 15078,57 18661,09 14653,51 27348,4 21575,44 20609,03 22523,44 43137,05 29297,75 38786,69 26716,15 
JESENICE 19635,33 59756,63 39835,41 8583,19 7481,83 16635,87 19094,95 18411,55 34549,92 23593,34 68413,53 20948,55 21991,13 10316,88 26374,87 
MORAVČE 25144 10840 9393 10619 7323 14475,79 12711,85 9676,05 9778,02 17628,83 50245,01 55104,12 66167,72 58933,49 25574,28 
HORJUL 266 826,72 27,65 0 0 18221,63 37459,84 42974,31 42731,74 44449,39 47616,79 34589,54 39380,29 42797,49 25095,81 
TOLMIN 11374 6010,17 8144,58 11380,39 8495,51 38948,54 13878,26 6335,26 25618,4 24853,1 62614,03 84748,41 17462,74 30414,66 25019,86 
VELIKE LAŠČE 18461,62 12440,05 12013,52 11758,71 12209,8 18909,52 13712,94 23612,94 14343,82 36138,86 36425,72 44787,63 36252,42 54269,72 24666,95 
BRDA 21195 24924 50449,75 26620,08 29832,99 27292,17 19136,72 21419,11 17332,16 22598,18 21724,43 23067,37 21193,31 15081,9 24419,08 
MAJŠPERK 24331,93 23942,59 23334,81 50689,29 25059,48 27273,53 19987,82 19750,01 20043,83 20285,19 20226,79 19804,62 18771,07 24436,36 24138,38 
RADLJE OB 
DRAVI 7601,13 58229,81 6762,56 10171,26 12478,19 14297,43 23127,9 87246,34 13644,1 20896,39 24285,74 30057,69 17675,96 7569,6 23860,29 
VODICE 14658,54 41500,71 32440,78 30067,23 25806,35 20155,43 19790,38 14503,68 15297,05 20392,28 26161,85 21656,39 25400,62 19430,45 23375,84 
ŠENTJERNEJ 29271 34742,74 30852,81 5721,96 5821,61 134043,6 2966,5 1190,39 4219,58 4976,87 4199,57 3912,27 4134,82 46694,95 22339,19 
MOKRONOG-
TREBELNO 15229,08 40981 31300,35 19316,72 21667,04 20855,15 19289,71 18201,69 20525,86 19797,08 20550,41 19322,48 20516,48 19291,48 21917,47 
RUŠE 226481 51286,33 4645,9 0 0 7435,79 2350 2405,01 955 815 280 720 204,92 0 21255,64 
SEŽANA 1477 9577,41 17656,68 22775,09 27897,3 15822,97 20042,67 31590,65 26328,61 22871,47 18766,29 27801,26 30004,57 24462,83 21219,63 
DRAVOGRAD 695,25 909,64 916,12 19,35 4984,86 31056,16 31973,29 32911,22 26067,42 28894,73 30745,5 32414,08 37128,35 24968,26 20263,16 
ŠENTILJ 58962,2 30732,72 404,33 17723 15847,05 18186,36 18126,86 18597,54 17484,74 16649,95 16465,24 15851,5 17666,68 19480,2 20155,6 
MEDVODE 4600 1491,75 9691,53 30868,69 25129,45 13725,44 44987,46 16037,65 38274,61 62426,69 663,28 5668,39 11435,89 11726,84 19766,26 
PIRAN 11772,83 38047,59 50558,34 39010,36 15388,34 27782,7 2151,01 235 364,09 12975,06 14230 15530,1 12030 9000 17791,1 
VIPAVA 43019 7018,01 7289,33 5234,79 9822,74 21295,5 13627,39 8024,26 19161,12 33863,55 45442,75 23183,68 7649,21 3155,48 17699,06 
TRBOVLJE 161,95 14,23 0 3517,55 4334,94 7455,36 17474,72 20400,84 9413,87 15732,82 31876,18 41641,12 42846,37 28682,67 15968,04 
TABOR 12954,74 27667,52 19265,19 20402,31 16591,69 13652,75 7620,82 23592,07 12814,32 13700,58 12655,88 11529,87 12657,63 13262,68 15597,72 

ŠMARTNO PRI 
LITIJI 3374,93 11556,65 29992,69 47171,96 52942,63 61550,89 7556,81 308,38 70,58 1696,06 1659,75 160,65 0 0 15574,43 
STARŠE 30256 5667 8624 0 18867 28247,83 28352,41 27293,74 12933,48 13000,34 10463,3 9989,1 15244,62 7817,95 15482,63 
PREBOLD 15659,91 12813,59 15231,83 13828,01 1233,39 5589,6 6706,07 6731,94 17736,75 18428,58 30308,8 16993,82 24709,63 17797,32 14554,95 
DOLENJSKE 
TOPLICE 2812 2016,14 1501,17 1972,29 3958,3 24369,05 13091,84 12671,24 40736,8 19956,2 18844,87 32720,01 23284,08 5668,06 14543 
CERKNICA 31723 26983,2 24621,36 25687,81 17568,8 25132,69 23746,34 18082,75 0 0 0 0 0 0 13824,71 
ŽUŽEMBERK 0 0 0 8566,03 20314,09 6650,45 12389,38 13999,15 11307,31 14333,96 41771,98 14123,08 36716,15 3179,16 13096,48 
ŠOŠTANJ 916,67 11992 45242,5 6670,83 36408,33 2016,67 19045,5 3351,06 5192,81 9623,1 14214,48 7740,63 8550,64 8845,74 12843,64 
DOBREPOLJE 2193,65 5248,91 6173,42 6486,46 4646,7 6895,2 5858,38 4410 4488,6 5967 7647,1 36949,28 38707,91 43981,51 12832,44 
VRHNIKA 8647 9849,48 40128,83 33357,4 24398,85 8507,55 7437,27 7241,31 6298,64 6290,71 7270,67 5406,87 5712,31 4332,67 12491,4 
PREDDVOR 9259,56 10860,9 11009,32 11583,29 11841,52 12132 12460,12 13205,35 12938,53 13047,92 13168,09 12929,32 13450,84 13377,39 12233,15 
BISTRICA OB 
SOTLI 8371,75 7630,13 7020,19 8543,23 11126,84 7675,66 5873,01 6705,8 12551,02 19072,24 16729,47 18570,56 20478,32 20023,89 12169,44 
GORIŠNICA 384,99 0 0 0 0 0 15964,28 14793,81 17816,94 21416,97 31053,44 21162,17 18008,02 27001,21 11971,56 
BELTINCI 28808,31 21894,23 25425,42 29211,93 4020,8 6903,36 6951,98 7627,36 5512,55 5097,37 5339,1 5464,12 5855,89 4907,1 11644,25 
ROGAŠOVCI 1855,63 2414,86 3095,07 3279,36 3569,01 6065,12 2422,52 7152,17 6576,66 71542,42 9230,41 30198,27 5429,3 3952,81 11198,83 
ŽETALE 12184 11289,11 12282,47 10386,57 10691,53 9133,26 8953,85 9405,82 9102,6 10027,99 10361,38 10152,04 10139,66 9776,28 10277,61 
DOMŽALE 26144 29066,38 16764,23 4095,99 4868,38 1020,02 11497,77 2934,92 8277,68 5562,45 5329,35 4143,77 6518,26 9357,63 9684,345 
MIRNA PEČ 2111,68 3221,4 1466,67 2116,67 2900,01 3163,32 956,96 2469,67 983,61 1270,52 1679,43 11275,09 75287,93 24099,13 9500,149 
POLZELA 1258,68 8406,75 13238,39 2777,99 1456,24 922,34 5737,8 8624,34 10468,99 12571,62 20885,53 21056,67 15064,72 9775,1 9446,083 
ŠTORE 6090 9020 5315,29 10739,01 12290,69 6546,44 8915,17 8345,03 9628,71 8098,93 9778,28 7283,82 7001,95 5175,03 8159,168 
VOJNIK 10779 11434,6 6764,15 9022,23 9543,52 9162,86 7072,08 7607,17 5125,12 4670,11 3385,83 6102,62 9347,44 4209,19 7444,709 
RENČE-
VOGRSKO 5565 67391,04 15908,84 1297 5603 100 707 4130 250 0 250 200 1607,37 10 7358,518 
DUPLEK 641 10,02 0 0 0 0 69,5 1326,94 7515 22160,52 20656,09 14296,19 17975,17 15885,49 7181,137 
ILIRSKA 
BISTRICA 35440 3602,34 9854,37 9607,8 9478,9 7332,8 3353 1095,01 889 1203 2739 3720,99 6565 5460,34 7167,254 
KRIŽEVCI 4865,23 1164 1775,36 6288,35 4928,99 3263,88 6289,4 6630,97 14344,51 7038,79 12204,76 5718,88 8843,67 9448,21 6628,929 
TRZIN 8880 7893,66 9116,19 11124,73 10754,3 8468,86 8944,64 10024,62 3765,55 3528,3 3169,3 2723,84 1626,93 867,35 6492,019 
DIVAČA 777,85 19104,95 16998,27 6316,68 7525,12 1880,69 1290,75 7979,17 11286,23 5134,23 7209,39 1052,19 827,01 348,48 6266,501 
ŠALOVCI 0 0 0 0 0 0 0 0 0 0 2813,39 39564,24 12056,38 26370,65 5771,761 
MENGEŠ 10196,14 8651,57 5388,35 6802,69 6422,17 5186,18 6175,06 4895,75 2714,82 4923,11 3982,01 6621,94 3777,15 2380,11 5579,789 
BOROVNICA 3690,69 4937,6 3347,23 4510,65 3968,73 2429 2945,55 3511,99 11911,8 15944,67 8715,38 3086,54 2791,91 5281,27 5505,215 
RADEČE 7832 4866 4118 4235 4714 5128,91 4551 4633,51 4733,93 4798,42 7330 5792 8826,79 5453,19 5500,911 
RAZKRIŽJE 4159,36 5778,74 1894,43 3169,67 7381,67 1603,03 11090,03 869,18 11568,85 9138,85 4880,7 1262,14 6129,47 7615,1 5467,23 
BRASLOVČE 5733 5652,09 6105,93 4570,98 4975,57 660,41 241,48 3932,21 7992,96 7876,28 7728 9348,29 8821,54 765,26 5314,571 

HRPELJE-
KOZINA 0 0 0 0 51819,32 0 4942,57 0 363,14 0 0 0 616,03 7660 4671,504 
VUZENICA 0 0 2325,89 1064,48 2691,78 1060,3 981,64 9705,78 7703,19 7289,73 7951,3 9732,3 6547,92 6968,58 4573,064 
KOSTANJEVICA 
NA KRKI 13178,37 13982,31 14120,02 12283,4 7979,82 59,47 147,16 0 41,66 55,4 73,34 49,63 111,03 53,68 4438,235 
ŠKOCJAN 2156 6086,02 10090 138,78 214,58 160 0 1924,84 0 37153,5 77,9 673,6 508,8 0 4227,43 
ODRANCI 0 0 0 0 0 405,46 0 0 0 0 58162,01 0 0 0 4183,391 
HAJDINA 125 73,02 3618,9 3845,96 5365,2 2261,3 8217,25 6053,04 5977,02 5334,01 4022,84 3488,27 4066,35 4875,22 4094,527 
MORAVSKE 
TOPLICE 12380,62 11921,6 10616,48 4912,29 3727,45 3299,39 2196,39 1915,32 1300,62 817,51 788,37 931,71 788,37 788,37 4027,464 
VRANSKO 9492,53 20972,61 8270,87 4353,1 1810,71 526,1 649,66 4050,6 957,95 3712,53 70 40 1078 272 4018,333 
ŠENTJUR 21581 10044,75 10500,41 5505,17 4270,48 1448,17 1265,52 955,16 98,14 0 0 0 0 0 3976,343 
POLJČANE 105 963 2155 27552,19 9965,8 9225,38 3170,5 1528,44 0 0 0 0 0 0 3904,665 
STRAŽA 0 567 107,24 0 0 762,63 0 30 163,93 25895,85 4991 0 12488,5 8721,72 3837,705 
LOŠKA DOLINA 2709,15 973,12 3126 2220,47 1139,59 35965,75 224,91 247,86 91,8 266,23 243,28 2566,8 3433,6 114,85 3808,815 
RIBNICA NA 
POHORJU 1848,04 6739,59 4291,24 8024,34 4423,33 3201,33 2513,33 1778,84 2502,15 1969,33 6032,04 3121,74 4319,75 1691,38 3746,888 
NAKLO 6057,35 4285,58 3519,18 3097,51 4819,49 5036,92 7658,09 4056,12 3451,58 1433,22 2657,25 1700 1979,2 1085 3631,178 
MUTA 4392 7172,84 3064,51 1659,72 2784,67 5738,72 11629,5 2158,58 1416,71 1557,55 1422,46 1624,87 1858,56 1505,03 3427,551 
SELNICA OB 
DRAVI 2333 2394 839 953,28 1221,08 1279,32 1293,36 3636,18 4249,25 6061,36 3441,91 2328,41 1307,69 14789,23 3294,791 
LUČE 0 34005 10029 0 0 0 0 0 0 0 0 0 0 0 3145,286 
ROGATEC 0 0 0 0 0 0 0 0 0 0 0 7494,52 6982,71 29499,8 3141,216 
REČICA OB 
SAVINJI 955 1743 2304,12 4340,08 4123,65 3984,37 2740,8 2892,73 3410,79 2613,32 3962,79 2954,8 3012,02 3439,03 3034,036 
ŠEMPETER-
VRTOJBA 0 12950 0 26807 0 0 0 0 225 135 452,62 810 0 404 2984,544 
PTUJ 2575,6 2643,56 2974,76 3111,52 3070,54 4278,96 4011,43 4281,35 4026,44 3662,35 1191,76 1421,89 1534,15 1115,06 2849,955 
HODOŠ 0 0 0 0 0 0 3206,5 4761,33 3272,81 3215 4676,31 4470,79 5799,45 9769,22 2797,958 
SREDIŠČE OB 
DRAVI 3605 2127,11 1769,89 2486,64 2332,11 7966,99 2889,93 2812,99 2243,28 2110,3 2738,04 2121,57 2631,04 1117,54 2782,316 
SODRAŽICA 6123,65 1381,13 1173,69 1586,26 716,86 863,33 641,8 1573,89 761,97 659,62 995,93 1505,68 1503,25 12217,75 2264,629 
LOŠKI POTOK 491,29 572,1 571,65 952,17 2030,4 974,47 5172,95 2031,41 2256,32 2189,08 1456,86 3085,5 4668,73 1484,54 1995,534 
SVETI TOMAŽ 3532 4104,48 3426,74 2315,03 2725,95 2159,02 1843,33 930,4 1154,76 986,86 1203 1196,48 987 936 1964,361 
ŠMARJE PRI 
JELŠAH 25,04 448,33 291,66 0 0 740,23 983,54 62,32 351,48 11309,08 4089,83 1935,01 1671,08 1765,94 1690,967 
KIDRIČEVO 0 0 0 0 8821,85 1389,45 1073,9 654,11 748,25 2075,39 517,2 2091,79 2601,63 978,68 1496,589 
JEZERSKO 826,01 157,69 129,67 0 0 0 0 0 660 2668,84 1360,12 1984,06 3435,28 4649,3 1133,641 
RAVNE NA 
KOROŠKEM 0 0 0 0 0 0 0 0 8156,79 5224,76 0 0 0 0 955,825 

MIKLAVŽ NA 
DRAVSKEM 
POLJU 523,83 23,05 852,56 69,17 1419,17 271,24 0 511,46 377,68 410,97 359,33 68,03 2191,97 5240 879,89 
ŠMARJEŠKE 
TOPLICE 400 1340 270 3173 1418,19 790 540 250 680 770 560 510 490 170 811,5136 
PODLEHNIK 0 147,52 0 0 2882,5 1008 0 5808 56,4 749,4 0 0 158,6 0 772,1729 
JURŠINCI 1353,4 798,6 0 0 0 0 0 423,59 0 1115,47 2000 253,12 1000 2000 638,87 
GORJE 0 0 0 0 0 0 0 0 812,27 427,94 3044,5 136,13 0 411,48 345,1657 
PREVALJE 964 2776,71 104,28 8,42 0 0 0 0 39,35 0 0 0 0 0 278,0543 
DOBROVNIK 100 550 627,81 103,16 232,15 724,75 266,28 159,82 303,68 372,94 233,59 81,96 0 0 268,2957 
SEMIČ 127,01 270 45 225 202,5 135 45 531,86 0 0 344,26 449,6 1183,2 23,81 255,8743 
MOZIRJE 0 73,72 2638,19 350,22 18,43 0 0 0 35,62 0 0 0 0 0 222,5843 
MISLINJA 301 594 501 218 0 1250 0 0 0 0 0 0 0 0 204,5714 
VITANJE 0 0 0 0 0 154,16 391,18 49,58 73,06 148,74 498,9 148,74 1212,65 122,5 199,965 
OPLOTNICA 0 0 0 0 0 0 0 191 255 537 374 472 592 253 191 
TURNIŠČE 0 0 0 0 0 0 1317,94 0 0 0 0 0 0 333,15 117,935 
HRASTNIK 1428,84 219,82 0 0 0 0 0 0 0 0 0 0 0 0 117,7614 
VERŽEJ 125,19 0 0 146,7 715,65 200 200 0 0 0 0 0 0 0 99,11 
METLIKA 0 0 0 0 148 66,6 0 0 0 0 992,2 0 0 0 86,2 
GORNJI GRAD 0 0 0 0 0 0 0 0 0 55 0 0 226,82 815 78,34429 
LOG-
DRAGOMER 0 0 0 0 0 84,42 0 0 417,9 0 182,64 77,63 172 0 66,75643 
MIRNA     0 0 0 0 0 0 538,3 0 0 0 53,83 
GORNJI 
PETROVCI 0 0 0 0 0 0 0 0 0 0 0 0 0 342,99 24,49929 
MARKOVCI 0 0 0 0 0 0 0 0 0 0 0 0 0 230,99 16,49929 
SVETI JURIJ 0 0 0 0 0 0 60 0 0 0 0 0 0 0 4,285714 
KOBILJE 10 0 0 0 0 0 0 0 0 0 0 0 0 0 0,714286 
CIRKULANE 0 0 0 0 0 0 0 0 0 0 0 0 0 0 0 
ČRENŠOVCI 0 0 0 0 0 0 0 0 0 0 0 0 0 0 0 
DESTRNIK 0 0 0 0 0 0 0 0 0 0 0 0 0 0 0 
DORNAVA 0 0 0 0 0 0 0 0 0 0 0 0 0 0 0 
KOZJE 0 0 0 0 0 0 0 0 0 0 0 0 0 0 0 
KUNGOTA 0 0 0 0 0 0 0 0 0 0 0 0 0 0 0 
KUZMA 0 0 0 0 0 0 0 0 0 0 0 0 0 0 0 
LJUBNO 0 0 0 0 0 0 0 0 0 0 0 0 0 0 0 
MAKOLE 0 0 0 0 0 0 0 0 0 0 0 0 0 0 0 

MEŽICA 0 0 0 0 0 0 0 0 0 0 0 0 0 0 0 
MIREN-
KOSTANJEVICA 0 0 0 0 0 0 0 0 0 0 0 0 0 0 0 
NAZARJE 0 0 0 0 0 0 0 0 0 0 0 0 0 0 0 
PESNICA 0 0 0 0 0 0 0 0 0 0 0 0 0 0 0 
PODČETRTEK 0 0 0 0 0 0 0 0 0 0 0 0 0 0 0 
PODVELKA 0 0 0 0 0 0 0 0 0 0 0 0 0 0 0 
ROGAŠKA 
SLATINA 0 0 0 0 0 0 0 0 0 0 0 0 0 0 0 
SV. ANDRAŽ V 
SLOVENSKIH 
GORICAH 0 0 0 0 0 0 0 0 0 0 0 0 0 0 0 
ŠMARTNO OB 
PAKI 0 0 0 0 0 0 0 0 0 0 0 0 0 0 0 
TRNOVSKA VAS 0 0 0 0 0 0 0 0 0 0 0 0 0 0 0 
ZAVRČ 0 0 0 0 0 0 0 0 0 0 0 0 0 0 0 
ŽIROVNICA 0 0 0 0 0 0 0 0 0 0 0 0 0 0 0 
 
 
Tabela 28: Prihodek iz naslova Prihodki od prodaje blaga in storitev (združeno) (urejeno padajoče glede na povprečje 2007-2020) na prebivalca (v EUR) 
OBČINA 2007 2008 2009 2010 2011 2012 2013 2014 2015 2016 2017 2018 2019 2020 x̄ 
BOHINJ 153,43 165,28 174,60 159,83 192,66 187,24 189,93 183,78 212,93 194,60 273,97 322,96 351,73 330,59 220,97 
SOLČAVA 0,26 1,38 0,06 33,93 6,71 186,58 64,38 7,81 56,66 50,64 322,65 333,80 351,64 343,02 125,68 
ŽIRI 74,44 81,27 77,71 77,00 82,37 73,38 94,85 104,70 115,55 120,50 120,20 122,28 131,41 142,03 101,26 
BLOKE 22,39 22,75 31,98 30,90 35,67 51,33 78,64 78,25 90,61 125,95 169,32 206,56 194,87 201,32 95,75 
ČRNA NA 
KOROŠKEM 81,29 85,24 89,75 100,95 125,11 101,04 86,55 61,19 72,27 87,93 91,97 96,87 93,09 124,00 92,66 
KOMENDA 27,10 35,43 56,64 63,76 65,88 70,68 74,77 83,10 106,63 116,57 116,36 142,52 154,53 155,88 90,71 
ZREČE 45,47 56,09 57,18 58,94 61,31 61,72 63,28 72,92 89,72 135,78 122,90 130,29 142,26 136,86 88,19 
TIŠINA 26,21 24,61 24,31 49,33 78,94 87,61 89,25 88,63 89,87 94,85 115,04 127,60 121,23 121,38 81,35 
RAČE-FRAM 52,58 51,92 65,79 55,21 65,31 59,39 74,76 93,48 120,56 89,63 96,99 98,69 102,08 98,25 80,33 
LAŠKO 4,44 4,10 5,23 5,52 6,80 8,19 7,98 7,48 9,06 130,70 192,83 321,69 196,85 185,70 77,61 
OSILNICA 46,20 48,90 39,41 36,00 35,75 15,91 51,65 43,92 55,12 103,58 64,44 273,01 97,09 79,00 70,71 
BOVEC 14,98 34,36 25,79 46,17 62,21 56,45 53,17 51,63 67,11 63,20 81,31 30,30 59,61 47,83 49,58 
BLED 18,44 22,02 26,24 29,19 33,15 38,06 45,06 43,94 60,43 63,39 87,41 80,98 78,53 44,48 47,95 
LOVRENC NA 
POHORJU 20,13 19,11 19,23 19,22 19,71 18,81 18,75 42,45 56,02 73,07 76,61 80,37 83,43 82,15 44,93 
KRANJSKA 
GORA 54,43 51,99 53,62 56,18 56,01 58,05 57,53 67,88 74,46 41,84 1,13 1,39 1,53 0,96 41,21 

KOSTEL 11,48 12,96 24,55 97,53 32,05 18,28 34,74 21,52 117,00 19,33 62,49 58,89 34,90 25,06 40,77 
SVETA ANA 30,53 32,73 30,11 38,74 39,33 34,52 31,02 36,94 28,44 36,75 37,32 28,38 34,95 34,34 33,86 
VELIKA POLANA 6,47 11,69 25,66 18,38 23,34 37,60 41,62 30,85 43,85 44,24 53,99 45,52 41,79 46,84 33,70 
LENDAVA 24,54 38,81 42,02 37,22 38,56 34,61 36,08 25,59 35,34 14,37 4,05 40,94 46,67 32,00 32,20 
GRAD 61,03 75,76 115,43 110,30 37,58 3,22 10,65 4,38 9,33 8,80 3,92 3,13 2,70 3,15 32,10 
DOBJE 15,03 14,05 43,73 22,44 25,72 32,20 38,38 27,90 27,80 32,81 56,16 31,52 36,63 34,17 31,32 
ANKARAN         0,00 62,70 65,67 100,81 104,96 92,57 30,48 
SV. TROJICA V 
SLOVENSKIH 
GORICAH 33,15 42,78 47,07 50,56 48,62 49,82 21,51 19,33 21,80 25,25 16,35 13,78 12,43 6,25 29,19 
KOMEN 3,34 8,26 241,35 8,28 12,40 7,38 6,31 10,00 9,10 24,48 11,57 30,01 10,59 14,48 28,40 
BENEDIKT 39,26 38,36 38,29 39,28 38,19 36,02 18,00 20,22 10,45 17,85 18,60 23,11 23,01 20,53 27,23 
SV. JURIJ V 
SLOVENSKIH 
GORICAH 14,08 17,90 24,39 30,60 28,30 30,11 29,47 28,07 25,28 25,33 31,17 29,22 34,60 32,71 27,23 
CANKOVA 0,69 0,89 0,45 0,45 19,41 22,00 20,05 22,29 19,18 31,57 71,53 68,91 75,27 9,39 25,86 
KOBARID 0,00 5,88 4,66 4,32 3,90 11,54 15,49 2,35 6,56 8,81 12,30 60,79 121,70 98,74 25,50 
RADENCI 4,71 5,61 5,18 5,81 5,27 5,78 5,95 5,69 5,93 5,90 5,95 6,05 88,87 139,32 21,14 
LUKOVICA 17,24 22,65 21,22 19,27 18,13 18,32 19,79 19,54 19,70 21,20 21,63 22,71 25,37 24,14 20,78 
ŠENTRUPERT 9,60 22,34 21,95 13,69 15,52 23,45 24,45 14,26 28,20 35,16 22,33 27,52 25,59 1,94 20,43 
DOBROVA-
POLHOV 
GRADEC 13,20 13,73 16,07 15,36 16,48 22,80 19,68 22,59 20,19 20,94 19,50 20,84 19,93 23,06 18,88 
CERKVENJAK 7,77 9,53 26,42 24,59 19,82 14,31 14,00 10,43 22,36 25,67 29,70 14,27 9,50 8,92 16,95 
DOBRNA 14,94 22,50 19,66 21,61 24,37 20,48 6,28 6,80 6,17 6,53 5,93 5,79 5,67 5,63 12,31 
PIVKA 6,71 7,78 8,61 11,63 23,09 21,69 19,57 20,73 29,76 15,60 1,94 2,14 1,45 1,46 12,30 
VIDEM 13,72 15,39 17,81 18,23 18,21 22,23 17,06 22,76 22,99 0,00 0,00 0,00 0,00 0,00 12,03 
KRŠKO 8,15 89,29 8,33 2,47 13,86 9,86 2,86 5,06 3,18 3,31 3,87 9,77 3,96 3,10 11,93 
CERKNO 16,31 13,06 13,00 12,85 14,58 17,18 12,21 18,94 17,18 16,36 6,15 2,72 2,51 2,46 11,82 
ŽELEZNIKI 21,62 28,73 32,16 5,77 21,89 21,17 9,37 3,35 4,48 3,48 2,63 1,84 2,16 2,80 11,53 
HOČE-SLIVNICA 10,39 10,16 10,56 10,89 10,89 11,04 11,73 11,91 14,21 13,15 9,47 9,55 10,82 12,60 11,24 
LENART 5,83 10,35 11,66 8,48 8,80 6,23 7,48 7,52 9,12 13,71 19,96 10,42 16,69 14,85 10,79 
MURSKA 
SOBOTA 6,49 8,20 8,01 6,22 5,40 6,93 23,38 21,29 12,26 10,43 8,52 9,58 10,62 5,28 10,19 
GORNJA 
RADGONA 10,16 10,84 9,87 10,03 9,63 9,93 11,11 9,46 10,39 10,10 9,11 9,91 9,40 10,20 10,01 
SEVNICA 8,22 8,91 9,37 10,47 10,37 11,69 10,56 10,26 10,42 10,23 10,65 10,70 11,31 5,59 9,91 
KOČEVJE 3,95 3,46 3,56 2,87 12,26 40,73 14,50 15,80 21,88 2,44 1,60 1,98 2,14 10,71 9,85 

DOL PRI 
LJUBLJANI 0,46 0,60 0,69 2,37 7,89 7,67 9,23 9,46 12,95 9,60 12,25 25,00 15,25 17,24 9,33 
LJUTOMER 13,76 7,37 8,26 9,56 9,15 7,16 6,66 6,97 5,51 11,38 13,51 10,26 10,68 9,18 9,24 
HODOŠ 0,00 0,00 0,00 0,00 0,00 0,00 10,51 15,61 10,73 10,54 15,33 14,66 19,01 32,03 9,17 
TABOR 7,51 16,04 11,17 11,83 9,62 7,91 4,42 13,68 7,43 7,94 7,34 6,68 7,34 7,69 9,04 
GROSUPLJE 1,93 2,07 2,23 1,97 2,07 5,25 8,81 7,79 8,25 10,11 16,52 17,60 18,15 22,95 8,98 
BISTRICA OB 
SOTLI 5,92 5,40 4,96 6,04 7,87 5,43 4,15 4,74 8,88 13,49 11,83 13,13 14,48 14,16 8,61 
HORJUL 0,09 0,28 0,01 0,00 0,00 6,23 12,80 14,69 14,60 15,19 16,27 11,82 13,46 14,63 8,58 
APAČE 6,21 6,00 18,71 18,01 7,64 6,36 6,28 7,32 6,59 6,45 6,43 6,48 7,21 6,46 8,30 
ŽETALE 9,31 8,62 9,38 7,93 8,17 6,98 6,84 7,19 6,95 7,66 7,92 7,76 7,75 7,47 7,85 
SLOVENSKE 
KONJICE 19,49 43,25 0,90 22,95 2,00 1,96 2,41 1,63 2,51 2,34 2,61 2,00 2,15 1,91 7,72 
KANAL 15,84 10,44 6,54 5,64 6,71 7,60 6,96 6,05 6,02 6,55 7,48 8,07 6,36 6,72 7,64 
IG 20,65 4,03 13,46 5,32 5,68 6,75 6,75 8,62 6,31 4,63 4,53 6,96 6,67 4,70 7,50 
ORMOŽ 3,89 17,53 22,75 7,98 5,51 5,94 4,96 4,91 4,52 4,92 5,01 3,64 3,97 3,99 7,11 
MOKRONOG-
TREBELNO 4,83 12,99 9,92 6,12 6,87 6,61 6,11 5,77 6,50 6,27 6,51 6,12 6,50 6,11 6,94 
RIBNICA 7,64 7,64 5,55 5,91 6,60 6,03 6,50 6,81 7,76 9,26 6,74 5,45 5,64 5,41 6,64 
Skupaj občine  5,12 6,20 5,82 5,27 5,39 5,73 5,61 5,72 6,25 7,05 7,73 9,19 8,96 8,44 6,61 
POSTOJNA 0,99 0,94 3,06 5,46 5,68 7,70 7,79 17,16 11,12 6,80 6,11 6,54 6,31 6,24 6,56 
MAJŠPERK 5,97 5,88 5,73 12,44 6,15 6,69 4,91 4,85 4,92 4,98 4,96 4,86 4,61 6,00 5,92 
VELIKE LAŠČE 4,17 2,81 2,71 2,65 2,76 4,27 3,10 5,33 3,24 8,16 8,22 10,11 8,18 12,25 5,57 
VELENJE 4,52 3,75 5,37 7,01 6,35 6,93 7,30 7,62 6,90 7,65 3,00 3,17 3,66 2,74 5,43 
BREŽICE 5,60 6,86 6,67 6,23 6,42 6,08 5,76 5,85 5,84 4,92 4,24 3,81 3,51 3,72 5,39 
CELJE 1,83 3,88 3,58 3,95 4,35 5,33 4,26 6,41 7,19 5,45 5,18 5,73 8,50 6,22 5,13 
LITIJA 0,09 0,00 0,01 0,00 0,00 7,67 7,06 7,60 8,02 6,15 8,05 7,75 8,01 8,13 4,90 
PUCONCI 5,55 5,83 5,97 6,66 7,21 7,56 6,40 6,94 5,30 1,58 0,27 0,34 3,48 4,12 4,80 
VODICE 2,98 8,44 6,60 6,12 5,25 4,10 4,03 2,95 3,11 4,15 5,32 4,41 5,17 3,95 4,76 
MORAVČE 4,60 1,98 1,72 1,94 1,34 2,65 2,33 1,77 1,79 3,23 9,20 10,09 12,11 10,79 4,68 
TREBNJE 4,18 4,85 5,59 5,61 5,05 5,29 5,37 5,49 3,45 4,14 4,12 3,14 2,80 2,65 4,41 
SLOVENJ 
GRADEC 1,43 1,20 21,58 22,58 0,67 2,81 1,52 0,65 3,93 1,99 0,70 0,41 0,40 0,33 4,30 
BRDA 3,71 4,37 8,84 4,66 5,23 4,78 3,35 3,75 3,04 3,96 3,81 4,04 3,71 2,64 4,28 
RAZKRIŽJE 3,26 4,53 1,48 2,48 5,79 1,26 8,69 0,68 9,07 7,16 3,83 0,99 4,80 5,97 4,28 
DOLENJSKE 
TOPLICE 0,79 0,57 0,42 0,55 1,11 6,85 3,68 3,56 11,46 5,61 5,30 9,20 6,55 1,59 4,09 
ŠALOVCI 0,00 0,00 0,00 0,00 0,00 0,00 0,00 0,00 0,00 0,00 1,96 27,61 8,41 18,40 4,03 

SLOVENSKA 
BISTRICA 2,53 2,43 2,17 2,28 2,96 3,10 2,90 2,25 3,71 6,21 5,86 6,74 6,17 6,42 3,98 
RADLJE OB 
DRAVI 1,24 9,49 1,10 1,66 2,03 2,33 3,77 14,23 2,22 3,41 3,96 4,90 2,88 1,23 3,89 
CERKLJE NA 
GORENJSKEM 1,37 3,00 4,71 3,51 3,30 2,48 10,09 3,07 4,18 5,43 3,93 2,71 2,79 3,59 3,87 
NOVO MESTO 3,57 3,62 3,87 4,13 3,73 3,59 3,16 3,95 2,91 4,03 4,96 4,38 3,89 4,34 3,87 
IDRIJA 6,82 5,11 5,77 4,90 5,79 6,34 3,42 2,40 2,56 1,74 1,25 1,22 1,19 4,72 3,80 
STARŠE 7,36 1,38 2,10 0,00 4,59 6,87 6,90 6,64 3,15 3,16 2,55 2,43 3,71 1,90 3,77 
KAMNIK 3,62 4,19 4,39 4,16 4,20 4,21 5,67 3,43 2,85 3,06 2,94 2,87 2,81 2,54 3,64 
GORENJA VAS-
POLJANE 1,67 2,06 4,43 2,09 2,78 2,34 2,08 4,06 4,05 3,84 11,34 3,13 3,46 3,13 3,60 
ROGAŠOVCI 0,58 0,75 0,96 1,02 1,11 1,89 0,75 2,23 2,05 22,27 2,87 9,40 1,69 1,23 3,49 
NOVA GORICA 4,32 1,43 0,68 1,13 0,98 0,80 4,55 1,27 2,35 8,69 6,00 5,50 5,16 5,34 3,44 
LOGATEC 3,69 4,19 5,27 2,99 2,87 3,77 4,22 3,26 3,80 3,36 3,72 3,15 2,77 1,02 3,43 
PREDDVOR 2,58 3,02 3,07 3,23 3,30 3,38 3,47 3,68 3,60 3,63 3,67 3,60 3,75 3,73 3,41 
DOBREPOLJE 0,58 1,39 1,63 1,72 1,23 1,82 1,55 1,17 1,19 1,58 2,02 9,77 10,24 11,63 3,39 
IVANČNA 
GORICA 1,18 1,77 1,23 1,35 1,28 1,21 5,09 5,17 5,25 6,02 4,77 4,47 4,84 3,91 3,39 
IZOLA 10,40 8,73 9,61 11,20 4,01 0,04 0,45 0,18 0,04 0,13 0,09 0,08 0,01 0,00 3,21 
RIBNICA NA 
POHORJU 1,57 5,72 3,64 6,81 3,75 2,72 2,13 1,51 2,12 1,67 5,12 2,65 3,67 1,44 3,18 
VIPAVA 7,65 1,25 1,30 0,93 1,75 3,79 2,42 1,43 3,41 6,02 8,08 4,12 1,36 0,56 3,15 
MIRNA PEČ 0,69 1,05 0,48 0,69 0,95 1,03 0,31 0,81 0,32 0,42 0,55 3,68 24,60 7,87 3,10 
ŠENČUR 5,82 4,47 1,52 2,27 1,73 2,15 1,69 3,15 2,48 2,37 2,59 4,96 3,37 4,46 3,07 
ŠENTJERNEJ 3,99 4,74 4,21 0,78 0,79 18,28 0,40 0,16 0,58 0,68 0,57 0,53 0,56 6,37 3,05 
GORIŠNICA 0,10 0,00 0,00 0,00 0,00 0,00 3,99 3,69 4,45 5,35 7,75 5,28 4,50 6,74 2,99 
RUŠE 31,23 7,07 0,64 0,00 0,00 1,03 0,32 0,33 0,13 0,11 0,04 0,10 0,03 0,00 2,93 
PREBOLD 3,09 2,53 3,01 2,73 0,24 1,10 1,33 1,33 3,51 3,64 5,99 3,36 4,88 3,52 2,88 
ŠMARTNO PRI 
LITIJI 0,61 2,09 5,42 8,52 9,56 11,12 1,36 0,06 0,01 0,31 0,30 0,03 0,00 0,00 2,81 
ŽUŽEMBERK 0,00 0,00 0,00 1,80 4,26 1,39 2,60 2,93 2,37 3,01 8,76 2,96 7,70 0,67 2,75 
ZAGORJE OB 
SAVI 5,66 3,31 3,06 3,25 3,47 2,19 1,70 1,51 0,88 0,98 2,60 3,00 2,66 2,46 2,62 
BREZOVICA 4,91 4,58 4,26 2,87 2,07 2,32 2,18 2,31 1,72 1,67 1,76 1,84 0,38 3,53 2,60 
ODRANCI 0,00 0,00 0,00 0,00 0,00 0,24 0,00 0,00 0,00 0,00 34,85 0,00 0,00 0,00 2,51 
RADOVLJICA 4,66 3,52 0,17 0,10 0,08 0,09 2,70 2,98 2,99 3,23 4,18 4,54 4,58 1,34 2,51 
TRŽIČ 1,84 1,73 3,02 2,36 2,12 3,27 1,91 3,46 5,92 1,74 1,51 2,03 2,18 2,00 2,51 
ŠKOFLJICA 4,98 5,06 4,39 4,12 3,63 2,70 2,64 0,95 0,55 0,22 0,80 0,98 1,28 2,30 2,47 

ŠENTILJ 7,04 3,67 0,05 2,12 1,89 2,17 2,16 2,22 2,09 1,99 1,97 1,89 2,11 2,33 2,41 
DRAVOGRAD 0,08 0,10 0,10 0,00 0,57 3,56 3,66 3,77 2,99 3,31 3,52 3,71 4,25 2,86 2,32 
KRANJ 2,51 2,14 3,09 3,78 3,87 4,11 2,11 1,67 1,88 1,60 1,11 1,41 1,07 0,84 2,23 
TOLMIN 1,01 0,54 0,73 1,01 0,76 3,47 1,24 0,56 2,28 2,22 5,58 7,55 1,56 2,71 2,23 
ČRNOMELJ 4,75 0,68 1,17 0,18 4,13 0,25 0,17 5,15 0,48 0,01 2,73 0,13 3,39 7,06 2,16 
LUČE 0,00 22,36 6,59 0,00 0,00 0,00 0,00 0,00 0,00 0,00 0,00 0,00 0,00 0,00 2,07 
KRIŽEVCI 1,42 0,34 0,52 1,84 1,44 0,95 1,84 1,94 4,19 2,06 3,56 1,67 2,58 2,76 1,94 
LJUBLJANA 5,26 2,12 2,58 1,87 1,72 1,70 1,68 1,52 1,46 1,44 1,48 1,43 1,62 1,24 1,94 
ŠTORE 1,39 2,06 1,22 2,46 2,81 1,50 2,04 1,91 2,20 1,85 2,24 1,67 1,60 1,18 1,87 
JEZERSKO 1,28 0,25 0,20 0,00 0,00 0,00 0,00 0,00 1,03 4,15 2,12 3,09 5,34 7,23 1,76 
KOSTANJEVICA 
NA KRKI 5,21 5,53 5,58 4,86 3,15 0,02 0,06 0,00 0,02 0,02 0,03 0,02 0,04 0,02 1,75 
TRZIN 2,33 2,07 2,39 2,91 2,82 2,22 2,34 2,63 0,99 0,92 0,83 0,71 0,43 0,23 1,70 
RENČE-
VOGRSKO 1,28 15,46 3,65 0,30 1,29 0,02 0,16 0,95 0,06 0,00 0,06 0,05 0,37 0,00 1,69 
AJDOVŠČINA 1,41 2,33 2,58 2,05 1,93 1,68 1,77 1,91 1,83 1,84 1,93 1,00 0,78 0,41 1,68 
SEŽANA 0,12 0,76 1,40 1,80 2,21 1,25 1,59 2,50 2,09 1,81 1,49 2,20 2,38 1,94 1,68 
VUZENICA 0,00 0,00 0,85 0,39 0,99 0,39 0,36 3,57 2,83 2,68 2,92 3,58 2,41 2,56 1,68 
KOPER 1,30 0,10 0,26 0,38 0,24 0,32 1,13 1,42 1,14 1,47 1,55 4,26 6,24 3,42 1,66 
ŽALEC 0,47 1,40 1,03 1,35 1,08 1,58 1,85 2,28 2,22 2,42 2,02 1,88 1,56 1,20 1,60 
DIVAČA 0,19 4,70 4,18 1,55 1,85 0,46 0,32 1,96 2,78 1,26 1,77 0,26 0,20 0,09 1,54 
POLZELA 0,20 1,36 2,14 0,45 0,24 0,15 0,93 1,40 1,70 2,04 3,38 3,41 2,44 1,58 1,53 
VRANSKO 3,62 7,99 3,15 1,66 0,69 0,20 0,25 1,54 0,36 1,41 0,03 0,02 0,41 0,10 1,53 
ŠOŠTANJ 0,11 1,39 5,24 0,77 4,21 0,23 2,20 0,39 0,60 1,11 1,65 0,90 0,99 1,02 1,49 
BELTINCI 3,44 2,62 3,04 3,49 0,48 0,83 0,83 0,91 0,66 0,61 0,64 0,65 0,70 0,59 1,39 
SREDIŠČE OB 
DRAVI 1,78 1,05 0,87 1,23 1,15 3,94 1,43 1,39 1,11 1,04 1,35 1,05 1,30 0,55 1,37 
ŠKOFJA LOKA 1,78 1,62 1,46 1,34 1,10 1,05 1,35 0,79 0,80 2,37 2,25 0,93 0,82 1,12 1,34 
REČICA OB 
SAVINJI 0,41 0,75 0,99 1,87 1,77 1,71 1,18 1,24 1,47 1,12 1,70 1,27 1,29 1,48 1,30 
JESENICE 0,94 2,88 1,92 0,41 0,36 0,80 0,92 0,89 1,66 1,14 3,29 1,01 1,06 0,50 1,27 
RADEČE 1,79 1,11 0,94 0,97 1,08 1,17 1,04 1,06 1,08 1,10 1,68 1,33 2,02 1,25 1,26 
ŠKOCJAN 0,64 1,80 2,99 0,04 0,06 0,05 0,00 0,57 0,00 11,00 0,02 0,20 0,15 0,00 1,25 
BOROVNICA 0,82 1,09 0,74 1,00 0,88 0,54 0,65 0,78 2,64 3,53 1,93 0,68 0,62 1,17 1,22 
MEDVODE 0,28 0,09 0,59 1,88 1,53 0,84 2,75 0,98 2,34 3,81 0,04 0,35 0,70 0,72 1,21 
CERKNICA 2,76 2,35 2,14 2,24 1,53 2,19 2,07 1,58 0,00 0,00 0,00 0,00 0,00 0,00 1,20 
LOŠKI POTOK 0,27 0,31 0,31 0,52 1,11 0,53 2,83 1,11 1,23 1,20 0,80 1,69 2,56 0,81 1,09 

HAJDINA 0,03 0,02 0,94 1,00 1,40 0,59 2,14 1,57 1,55 1,39 1,05 0,91 1,06 1,27 1,06 
HRPELJE-
KOZINA 0,00 0,00 0,00 0,00 11,72 0,00 1,12 0,00 0,08 0,00 0,00 0,00 0,14 1,73 1,06 
LOŠKA DOLINA 0,73 0,26 0,84 0,60 0,31 9,69 0,06 0,07 0,02 0,07 0,07 0,69 0,93 0,03 1,03 
PIRAN 0,68 2,20 2,93 2,26 0,89 1,61 0,12 0,01 0,02 0,75 0,82 0,90 0,70 0,52 1,03 
DUPLEK 0,09 0,00 0,00 0,00 0,00 0,00 0,01 0,19 1,07 3,15 2,94 2,04 2,56 2,26 1,02 
ROGATEC 0,00 0,00 0,00 0,00 0,00 0,00 0,00 0,00 0,00 0,00 0,00 2,40 2,24 9,46 1,01 
SODRAŽICA 2,69 0,61 0,52 0,70 0,32 0,38 0,28 0,69 0,33 0,29 0,44 0,66 0,66 5,37 1,00 
MUTA 1,25 2,04 0,87 0,47 0,79 1,63 3,31 0,61 0,40 0,44 0,41 0,46 0,53 0,43 0,98 
STRAŽA 0,00 0,14 0,03 0,00 0,00 0,19 0,00 0,01 0,04 6,60 1,27 0,00 3,18 2,22 0,98 
TRBOVLJE 0,01 0,00 0,00 0,22 0,27 0,46 1,07 1,25 0,58 0,96 1,95 2,55 2,62 1,76 0,98 
SVETI TOMAŽ 1,69 1,96 1,64 1,11 1,30 1,03 0,88 0,44 0,55 0,47 0,58 0,57 0,47 0,45 0,94 
BRASLOVČE 1,00 0,98 1,06 0,79 0,86 0,11 0,04 0,68 1,39 1,37 1,34 1,62 1,53 0,13 0,92 
POLJČANE 0,02 0,22 0,50 6,39 2,31 2,14 0,74 0,35 0,00 0,00 0,00 0,00 0,00 0,00 0,91 
VOJNIK 1,19 1,27 0,75 1,00 1,06 1,01 0,78 0,84 0,57 0,52 0,37 0,68 1,03 0,47 0,82 
VRHNIKA 0,51 0,58 2,37 1,97 1,44 0,50 0,44 0,43 0,37 0,37 0,43 0,32 0,34 0,26 0,74 
MENGEŠ 1,31 1,11 0,69 0,87 0,82 0,66 0,79 0,63 0,35 0,63 0,51 0,85 0,48 0,31 0,72 
SELNICA OB 
DRAVI 0,51 0,52 0,18 0,21 0,26 0,28 0,28 0,79 0,92 1,32 0,75 0,51 0,28 3,21 0,72 
NAKLO 1,13 0,80 0,65 0,58 0,90 0,94 1,43 0,75 0,64 0,27 0,49 0,32 0,37 0,20 0,68 
MORAVSKE 
TOPLICE 2,05 1,97 1,76 0,81 0,62 0,55 0,36 0,32 0,22 0,14 0,13 0,15 0,13 0,13 0,67 
ILIRSKA 
BISTRICA 2,65 0,27 0,74 0,72 0,71 0,55 0,25 0,08 0,07 0,09 0,20 0,28 0,49 0,41 0,54 
MARIBOR 0,76 0,77 0,55 0,53 0,57 0,33 0,44 0,54 0,37 0,40 0,37 0,40 0,43 0,48 0,50 
ŠEMPETER-
VRTOJBA 0,00 2,08 0,00 4,30 0,00 0,00 0,00 0,00 0,04 0,02 0,07 0,13 0,00 0,06 0,48 
PODLEHNIK 0,00 0,08 0,00 0,00 1,58 0,55 0,00 3,17 0,03 0,41 0,00 0,00 0,09 0,00 0,42 
DOMŽALE 0,73 0,81 0,47 0,11 0,14 0,03 0,32 0,08 0,23 0,15 0,15 0,12 0,18 0,26 0,27 
JURŠINCI 0,57 0,33 0,00 0,00 0,00 0,00 0,00 0,18 0,00 0,47 0,84 0,11 0,42 0,84 0,27 
ŠMARJEŠKE 
TOPLICE 0,12 0,40 0,08 0,95 0,42 0,24 0,16 0,07 0,20 0,23 0,17 0,15 0,15 0,05 0,24 
KIDRIČEVO 0,00 0,00 0,00 0,00 1,35 0,21 0,16 0,10 0,11 0,32 0,08 0,32 0,40 0,15 0,23 
DOBROVNIK 0,07 0,41 0,47 0,08 0,17 0,54 0,20 0,12 0,23 0,28 0,17 0,06 0,00 0,00 0,20 
ŠENTJUR 1,10 0,51 0,54 0,28 0,22 0,07 0,06 0,05 0,01 0,00 0,00 0,00 0,00 0,00 0,20 
ŠMARJE PRI 
JELŠAH 0,00 0,04 0,03 0,00 0,00 0,07 0,09 0,01 0,03 1,09 0,39 0,19 0,16 0,17 0,16 

MIKLAVŽ NA 
DRAVSKEM 
POLJU 0,08 0,00 0,13 0,01 0,21 0,04 0,00 0,08 0,06 0,06 0,05 0,01 0,32 0,77 0,13 
GORJE 0,00 0,00 0,00 0,00 0,00 0,00 0,00 0,00 0,29 0,15 1,07 0,05 0,00 0,14 0,12 
PTUJ 0,11 0,12 0,13 0,14 0,13 0,19 0,18 0,19 0,18 0,16 0,05 0,06 0,07 0,05 0,12 
VITANJE 0,00 0,00 0,00 0,00 0,00 0,07 0,17 0,02 0,03 0,07 0,22 0,07 0,54 0,05 0,09 
RAVNE NA 
KOROŠKEM 0,00 0,00 0,00 0,00 0,00 0,00 0,00 0,00 0,71 0,46 0,00 0,00 0,00 0,00 0,08 
VERŽEJ 0,10 0,00 0,00 0,11 0,55 0,15 0,15 0,00 0,00 0,00 0,00 0,00 0,00 0,00 0,08 
SEMIČ 0,03 0,07 0,01 0,06 0,05 0,03 0,01 0,13 0,00 0,00 0,09 0,11 0,30 0,01 0,06 
MOZIRJE 0,00 0,02 0,63 0,08 0,00 0,00 0,00 0,00 0,01 0,00 0,00 0,00 0,00 0,00 0,05 
OPLOTNICA 0,00 0,00 0,00 0,00 0,00 0,00 0,00 0,05 0,06 0,13 0,09 0,11 0,14 0,06 0,05 
MISLINJA 0,06 0,13 0,11 0,05 0,00 0,27 0,00 0,00 0,00 0,00 0,00 0,00 0,00 0,00 0,04 
PREVALJE 0,14 0,41 0,02 0,00 0,00 0,00 0,00 0,00 0,01 0,00 0,00 0,00 0,00 0,00 0,04 
TURNIŠČE 0,00 0,00 0,00 0,00 0,00 0,00 0,40 0,00 0,00 0,00 0,00 0,00 0,00 0,10 0,04 
GORNJI GRAD 0,00 0,00 0,00 0,00 0,00 0,00 0,00 0,00 0,00 0,02 0,00 0,00 0,09 0,33 0,03 
LOG-
DRAGOMER 0,00 0,00 0,00 0,00 0,00 0,02 0,00 0,00 0,11 0,00 0,05 0,02 0,05 0,00 0,02 
GORNJI 
PETROVCI 0,00 0,00 0,00 0,00 0,00 0,00 0,00 0,00 0,00 0,00 0,00 0,00 0,00 0,17 0,01 
HRASTNIK 0,15 0,02 0,00 0,00 0,00 0,00 0,00 0,00 0,00 0,00 0,00 0,00 0,00 0,00 0,01 
METLIKA 0,00 0,00 0,00 0,00 0,02 0,01 0,00 0,00 0,00 0,00 0,12 0,00 0,00 0,00 0,01 
MIRNA     0,00 0,00 0,00 0,00 0,00 0,00 0,21 0,00 0,00 0,00 0,01 
CIRKULANE 0,00 0,00 0,00 0,00 0,00 0,00 0,00 0,00 0,00 0,00 0,00 0,00 0,00 0,00 0,00 
ČRENŠOVCI 0,00 0,00 0,00 0,00 0,00 0,00 0,00 0,00 0,00 0,00 0,00 0,00 0,00 0,00 0,00 
DESTRNIK 0,00 0,00 0,00 0,00 0,00 0,00 0,00 0,00 0,00 0,00 0,00 0,00 0,00 0,00 0,00 
DORNAVA 0,00 0,00 0,00 0,00 0,00 0,00 0,00 0,00 0,00 0,00 0,00 0,00 0,00 0,00 0,00 
KOBILJE 0,02 0,00 0,00 0,00 0,00 0,00 0,00 0,00 0,00 0,00 0,00 0,00 0,00 0,00 0,00 
KOZJE 0,00 0,00 0,00 0,00 0,00 0,00 0,00 0,00 0,00 0,00 0,00 0,00 0,00 0,00 0,00 
KUNGOTA 0,00 0,00 0,00 0,00 0,00 0,00 0,00 0,00 0,00 0,00 0,00 0,00 0,00 0,00 0,00 
KUZMA 0,00 0,00 0,00 0,00 0,00 0,00 0,00 0,00 0,00 0,00 0,00 0,00 0,00 0,00 0,00 
LJUBNO 0,00 0,00 0,00 0,00 0,00 0,00 0,00 0,00 0,00 0,00 0,00 0,00 0,00 0,00 0,00 
MAKOLE 0,00 0,00 0,00 0,00 0,00 0,00 0,00 0,00 0,00 0,00 0,00 0,00 0,00 0,00 0,00 
MARKOVCI 0,00 0,00 0,00 0,00 0,00 0,00 0,00 0,00 0,00 0,00 0,00 0,00 0,00 0,06 0,00 
MEŽICA 0,00 0,00 0,00 0,00 0,00 0,00 0,00 0,00 0,00 0,00 0,00 0,00 0,00 0,00 0,00 
MIREN-
KOSTANJEVICA 0,00 0,00 0,00 0,00 0,00 0,00 0,00 0,00 0,00 0,00 0,00 0,00 0,00 0,00 0,00 

NAZARJE 0,00 0,00 0,00 0,00 0,00 0,00 0,00 0,00 0,00 0,00 0,00 0,00 0,00 0,00 0,00 
PESNICA 0,00 0,00 0,00 0,00 0,00 0,00 0,00 0,00 0,00 0,00 0,00 0,00 0,00 0,00 0,00 
PODČETRTEK 0,00 0,00 0,00 0,00 0,00 0,00 0,00 0,00 0,00 0,00 0,00 0,00 0,00 0,00 0,00 
PODVELKA 0,00 0,00 0,00 0,00 0,00 0,00 0,00 0,00 0,00 0,00 0,00 0,00 0,00 0,00 0,00 
ROGAŠKA 
SLATINA 0,00 0,00 0,00 0,00 0,00 0,00 0,00 0,00 0,00 0,00 0,00 0,00 0,00 0,00 0,00 
SV. ANDRAŽ V 
SLOVENSKIH 
GORICAH 0,00 0,00 0,00 0,00 0,00 0,00 0,00 0,00 0,00 0,00 0,00 0,00 0,00 0,00 0,00 
SVETI JURIJ 0,00 0,00 0,00 0,00 0,00 0,00 0,02 0,00 0,00 0,00 0,00 0,00 0,00 0,00 0,00 
ŠMARTNO OB 
PAKI 0,00 0,00 0,00 0,00 0,00 0,00 0,00 0,00 0,00 0,00 0,00 0,00 0,00 0,00 0,00 
TRNOVSKA VAS 0,00 0,00 0,00 0,00 0,00 0,00 0,00 0,00 0,00 0,00 0,00 0,00 0,00 0,00 0,00 
ZAVRČ 0,00 0,00 0,00 0,00 0,00 0,00 0,00 0,00 0,00 0,00 0,00 0,00 0,00 0,00 0,00 
ŽIROVNICA 0,00 0,00 0,00 0,00 0,00 0,00 0,00 0,00 0,00 0,00 0,00 0,00 0,00 0,00 0,00 
 
 
Tabela 29: Prihodek iz naslo va Prihodki od prodaje osnovnih sredstev  (skupaj) (urejeno padajoče glede na povprečje  2007-2020) v absolutnih zneskih  (v 
EUR) 
OBČINA 2007 2008 2009 2010 2011 2012 2013 2014 2015 2016 2017 2018 2019 2020 x̄ 
Skupaj občine  
31222031 21680229 30924832 
10822489
5 17929611 18103560 19607972 9631784 20857694 16395832 10565139 17548148 14020182 11142036 24846710 
LJUBLJANA 3685808 2806488 8478771 82496017 2821127 5293817 8712784 3891810 7676573 6790062 2573738 3167676 3550203 1981783 10280476 
SLOVENJ 
GRADEC 1345418 455620,4 4123187 13084894 3131405 1977633 1240869 356551,4 601345,1 175129,8 142362,4 38625,72 87810,24 24919,82 1913269 
KOPER 79310 298085,8 1163054 939773,4 1412350 1258081 1115934 292182,7 1117234 2884065 326938,9 5506274 629647 728353,2 1267949 
MARIBOR 3299188 423117,5 1670284 1880022 2692668 647248,5 639582,2 535506,9 1214118 271751,3 612704,8 931037,8 813724,2 721546,3 1168036 
VELENJE 535033,7 197454,1 152769,5 46379,72 1281059 1595749 2882783 424375,7 670620,8 578966,4 521806,6 183608,8 1398453 174395,7 760246,8 
CELJE 3507658 1543987 295913 38759 64116,64 172771,5 161378,9 38810 1099089 95602,63 161072,2 138615 19467,22 0 524088,6 
ŠKOFJA LOKA 712747 104234,2 129329,3 205889,2 79564,03 57936,67 25975 10463,11 3262031 256,14 135180,7 3400 198231,3 607209,3 395174,8 
JESENICE 441315,1 877959,7 922502,6 686496,5 642653,1 227991,4 203493 124168,7 65870,48 273497,7 180894,3 288164 86308,02 56021,94 362666,9 
IZOLA 42237,38 14376 411221 424854 450334 492842,1 193453,5 20310,01 326631,1 88721,68 63651,39 673586,7 1301381 482605,1 356157,5 
PIRAN 1400620 51272,26 2265543 237092,5 470461,2 110406,6 38846,51 82972,18 192638,2 6968,94 7479,77 17784,29 2604,83 1167,99 348989,8 
PTUJ 1268885 984356,8 344780,4 367545 449014,5 173235,4 41556,32 29747,87 2793,29 208191 57695,44 248992,4 147117,5 261393,3 327521,7 
KRANJ 487934,5 293251,3 1037388 632933,1 85852,31 76950,8 6587,05 296054,6 8733,64 127698,4 148596,6 14308,8 52308,31 368311,4 259779,2 
TRBOVLJE 103257,7 1083871 439180,3 45085,69 94014,57 45559,61 117764,6 24620 231730 145287,7 102065,7 283769,2 365103,3 271801,6 239507,9 
POSTOJNA 294271,8 1197849 189960 45317,39 209026,1 181540 254790 85430 171639,1 91577,57 173441,9 34980,33 74251 171175,6 226803,5 

RAVNE NA 
KOROŠKEM 204931 264315,2 3598,84 57650,66 49710,48 395713,2 311930,2 614913,5 130271,7 262846,4 356326,8 248631,1 96241 132570,4 223546,5 
KRŠKO 897155 277083,3 129932,5 66370,55 150748 244831,4 206771,1 107313,4 703 6911,32 85870,19 137987 161172,4 411994,8 206060,3 
PIVKA 166705,5 47485,24 180943,5 181915,1 50343,7 230312 138903,2 303219,3 625470,4 226946,1 232830,2 90037,12 5900 147328,6 187738,6 
KOČEVJE 984041 423804,3 361451 0 83,33 238311 0 63247,55 65782,82 70225,24 5379,76 13767,62 24229,88 3200 160966 
GORNJA 
RADGONA 1666,67 399032,5 703850,9 176020 45700 28827 0 77218 0 50750 214897,5 228576,4 71485,71 10000 143430,3 
TRŽIČ 396637 328320,8 69978,76 117018,2 133016,6 232688,1 56820,09 148481 9775,97 132624,7 46049,45 64577,6 202636,7 23120,13 140124,7 
SLOVENSKE 
KONJICE 251709,6 375079,1 424648 316289,8 117733,8 143333,3 85534,09 3332,83 65574,89 1055,98 1500 3189,5 0 83500 133748,6 
DOMŽALE 245812 110707,7 58014,25 39685,63 34019,43 11841,53 221463,1 803,98 20140 60942,98 365411,3 508668,5 50196,55 50972 127048,5 
AJDOVŠČINA 507704 196988,1 320105,5 14369,81 112786,2 11976,88 7872,73 4546,49 1388,8 138871 153640 118343 149252,8 3000 124346,1 
ZAGORJE OB 
SAVI 142149 447700 251220,5 48361,73 9026,96 12970,73 477767,8 60171,75 1691,04 30286,87 23108,88 2818,19 117441,4 20938,52 117546,7 
GORENJA VAS-
POLJANE 190637 282798,1 49616,4 389609,4 0 0 4000 0 24450,02 74000 30500 358095 38197 169518 115101,5 
RADOVLJICA 217081,1 240186,9 176996,3 309192,6 154847,4 120927,9 11974,86 34389,62 2398,38 11913,27 35620 0 31090,99 260291,8 114779,4 
ŠMARJE PRI 
JELŠAH 684638,1 206564,8 83527,77 0 201000 0 0 0 50750 0 0 70000 110200 155900 111612,9 
SEŽANA 1843 297440 396422,5 4430 148786 0 48173 15350 205550 206733 0 0 70535 105404 107190,5 
LOGATEC 208362 380982 692005,6 31571,9 3514,51 26965,79 614 41354,22 0 0 23535 0 0 75002,46 105993,4 
CERKNICA 469902 107061,7 231143,2 9291,62 8957,62 124834,4 1987,65 38,29 165084,2 112300 91170 54100 250 39725,83 101131,9 
IDRIJA 91155 495182,9 63401,95 23846,55 28818,51 11877,27 3415,67 5855,55 115959 89265,87 32759,65 7268,49 366962,7 26925,99 97335,36 
BOVEC 208242 166005 0 354,36 0 48500 54000 8,2 250000 9710,11 358374,8 197285 30000 35500 96998,54 
ZREČE 74399,7 502145,9 4813,94 202767,4 255408,2 66082,99 46955,12 736,33 83474,34 25000 69700 388,5 5573,77 15100 96610,45 
BREŽICE 279796 497874,7 37876,52 265975,9 45172,75 39854,1 1154,81 107947,6 143 25660,56 5356,49 5000 50 0 93704,46 
ŠEMPETER-
VRTOJBA 109190 0 0 444060 17754,82 187200 98500 1140 68039,13 0 80760,35 149445,8 478,68 86950 88822,77 
HRASTNIK 48405 0 535800 134415,3 0 277545,3 49120 0 0 0 55739,3 86498 29728 24351 88685,85 
ŠENTJUR 552308 93121 461063,5 9506,78 6354,12 4031,5 3020,73 0 0 2250,12 0 50000 8360,26 24900 86779,71 
ILIRSKA 
BISTRICA 134245 217211,1 36652,12 26646,07 21041,89 349268 75305,48 292,45 0 220 113383 41440 146330 29601 85116,86 
BRDA 359057 53000 145000 133000 416,67 74000 0 0 92000 0 0 0 68950 233050 82748,12 
NOVA GORICA 55816,79 52630,99 19875,02 104997 29641,39 55894,1 10183,1 0 140020,5 254147,7 190422,5 8,2 24276,78 183521 80102,51 
GROSUPLJE 130433 15500,79 524837 5828 333,34 139280,8 60696,45 460,83 3222,04 39163,93 48645 901,64 139933,1 5318,95 79611,06 
TOLMIN 573776 28258,98 180377,3 0 7860 122412,8 52100 8438,25 3511 41353,49 0 56000 1562,39 0 76832,16 
BLED 25814,09 29272,17 21735,32 23370,72 27289,17 241240,4 7415,76 55363,94 150078,6 419553,2 373,12 224,9 8880,34 391,82 72214,53 
MURSKA 
SOBOTA 368442,1 0 13994 93425 0 22921 12465,76 82108,65 24100,63 17068,73 10071,98 245360,3 20596,04 87090,03 71260,3 

TREBNJE 11473,87 6903,74 18695,87 100543,1 16000 0 0 8000 126800 86130 262095,9 343175,5 0 0 69986,99 
DRAVOGRAD 139627,9 155163,4 8363,44 8973,66 47608,57 47344,71 25096,33 1419,48 48528,26 40767,35 101090 0 160135,5 158200,8 67308,53 
RIBNICA 105697 289336 117188,6 0 1341,67 65597,98 28416,6 0 20315,24 991,91 0 0 112760,3 178502,8 65724,87 
IVANČNA 
GORICA 0 440902,9 20110,6 0 21588,85 23996 0 355,63 238770,8 2350 0 41020 0 73000 61578,2 
ČRNA NA 
KOROŠKEM 66754 100533 404 75069 347 81505,29 52000 40923,37 64350,41 50180,64 65909,84 64404,99 121577 42698,2 59046,91 
LENART 120719,7 243330,9 92200 9255,5 0 0 22700 94063,93 34510 135250 792,38 0 0 26700 55680,17 
LITIJA 75993,58 229911,4 105071,3 22706,02 7353,38 59338,3 0 0 0 1720,2 46000 0 164898,2 59850 55203,02 
RUŠE 59352 92080,82 12142,89 156784,1 9847,54 12039,83 9498,87 2716,24 590,74 467,22 194700 54287,54 87722,47 77010 54945,74 
ŽELEZNIKI 0 2626,41 28458 60064 82011 32507 75600 0 46241,69 128496,5 112262,7 68655,5 97010 0 52423,77 
ŽALEC 2923,87 47074,32 492513,8 0 0 1859,51 56326,65 0 2977,21 35753,18 85329,23 1910,35 2892,97 409,84 52140,78 
POLZELA 2500 166,67 9945,84 501000 0 592,01 112300 0 0 0 58194,67 1779,4 19990 81,97 50467,9 
PREDDVOR 485962,2 0 0 212,67 116000 0 0 0 0 0 0 0 103000 0 50369,63 
ŠOŠTANJ 7469,6 6891,15 3117,55 40619,2 47238,12 14134,58 188659,7 89673 16483,69 0 0 133072 122556 27100 49786,76 
ŠENTILJ 6612 579,38 127491,4 0 409950 150000 0 0 0 0 0 0 0 0 49616,63 
ROGAŠKA 
SLATINA 40459 0 0 0 0 0 0 0 0 0 135111 412000 0 80479,29 47717,8 
ROGATEC 155487 72903,67 39427,88 62647,73 103278,6 22839,21 33951,58 28323,16 26900 121,3 56700 15150 8320,6 0 44717,91 
ŠMARTNO PRI 
LITIJI 27180,74 58719,56 50439,71 51648,42 27262,7 41876,4 48090,31 39763 42900 38845 38768,5 62940 69569 25950,78 44568,15 
MORAVČE 215383 104353 95967 12868 323 4218,76 1276,69 0 0 1595,58 28680 157696 1114,65 0 44533,98 
LAŠKO 4500 0 1130 264004,3 63843,77 0 69722,23 20178,33 22230 4500 3300 31960 129880 5193,46 44317,29 
KAMNIK 44665,76 40851,52 37077,06 32420,38 32260,24 19239 290729,8 1992,91 16845,51 28947,38 1863,75 41690,8 24026,16 292,8 43778,79 
RADENCI 4892,54 1695,4 479,05 0 129112,6 0 0 41768 0 0 0 46808 96920 269520 42228,26 
NAKLO 0 414441,7 76257,21 7480,32 2137,5 83162,45 0 3,51 0 0 1454,09 200 666 0 41843,06 
SEVNICA 90591,71 47984,28 31733,41 37075,43 35657 51592,94 21825,81 13157,23 49636,73 111585,2 34980 12700 14861 27403 41484,55 
MUTA 251730 31891,34 14379,46 7692,76 558,09 39352,71 0 151,65 44500 28500 34319,55 53222,67 51100 21820 41372,73 
LJUTOMER 70561 56078,22 306277,8 32296,86 0 0 0 0 104726 6700 0 0 477,5 1500 41329,81 
DORNAVA 0 0 0 177268,6 86816 33257 62283 78411,01 94274,6 11185 12920 0 409,84 0 39773,22 
KRANJSKA 
GORA 14352,28 108679,9 18522,58 177109,1 8203,34 5753,65 3547,5 972 125687,6 0 0 0 85037 0 39133,21 
PREVALJE 119184 29007,09 40936,16 216696,4 138699,8 0 0 0 0 2868,85 0 245,9 0 0 39117,01 
MOZIRJE 23827 157728,2 2733,31 3054,33 2777,09 59933,21 1695,6 139451,5 0 65930 0 0 69700 0 37630,73 
ŽIRI 0 78868,3 0 79096,17 31000 0 46279 701,5 0 39900 99918,61 91518 55150 0 37316,54 
RADLJE OB 
DRAVI 0 18700 56630,5 30695 0 0 0 326397 0 22000 18224,74 0 16886 17540 36219,52 
TURNIŠČE 0 0 0 62708,04 2950 125040,5 78997,28 6051,66 0 58360 51088 16019,62 0 82500 34551,08 

CERKLJE NA 
GORENJSKEM 1173 1274 1170 1239 1164 45486,56 517,36 34,37 0 0 2727,84 35,9 0 426229,5 34360,82 
KOBARID 114397 113726 4340 0 77855 28800 11618,45 16670 2447,27 8280 53069,09 8078 14341 24297,35 34137,08 
NAZARJE 128145,8 913,59 0 1803,46 0 0 50295,48 8312,03 28500 115800 87000 29200 27000 0 34069,31 
PREBOLD 34395,28 21825,14 44949,1 31966,64 3619,96 3251,13 2532,96 2143,5 65501,21 23934,66 0 210719,3 0 30000 33917,06 
BOROVNICA 0 0 119600 10000 8100 79964 0 0 0 0 86500 19276 76300 70100 33560 
MENGEŠ 23496,02 20956,95 5225,53 2789,23 2654,46 187718,8 1403,35 124537,9 0 3816,07 666,13 89040,58 0 3172 33248,36 
LENDAVA 29550 19777,87 19777,88 260258,1 42106,19 50070 0 0 61,48 0 100 0 16217,3 18069,02 32570,56 
CERKNO 6108 121732 26010,23 101930,9 71919,84 3373,74 978,92 147 177,7 4,35 0 72,14 66000 49648,94 32007,41 
MEŽICA 127213 32705,63 29405,36 28947 405,36 39000 33100 0 33100 0 76641 26370 0 0 30491,95 
ČRNOMELJ 12391,48 12100,5 8043,89 8977,78 7558,06 6242,39 12198,52 16058,07 202200 2350 32400 4637,28 0 100798 30425,42 
VOJNIK 6486 38109,82 25938,97 25448,85 4673,57 24518,97 3421,54 141,26 0 0 50 201479,7 60069,77 9950,56 28592,07 
MEDVODE 36945 0 0 0 0 7895,32 1983,82 333,82 18380 218333 0 2854,61 112918,1 0 28545,98 
VUZENICA 86564 29962,01 59982,83 1075,99 7516,42 61033,6 4311,4 4437,7 0 15427,11 19471,37 50000 54682,2 0 28176,05 
DOBROVNIK 253635,8 0 0 24925,83 27937,34 0 12677,85 16042,26 47100 2500 0 0 0 1010,94 27559,29 
NOVO MESTO 40940 51618,7 20078,75 17591,63 133351,7 3271,94 0 243 23050 64879,24 0 388 713,57 21686,15 26986,62 
DESTRNIK 0 0 7200 0 25000 20000 0 5423 3278,69 11337 93054,89 0 20175,6 166591,4 25147,18 
VRHNIKA 128220 102613,3 13520,73 8688,74 30163,93 7638,21 5342,67 1868,41 690,84 690,84 345,38 47349,51 0 120,42 24803,78 
VIPAVA 196284 59622,11 50374,46 442 0 0 36229,63 0 0 2500 0 0 1425 0 24776,94 
KOMENDA 2500 0 0 0 100 37606,91 0 32059,2 0 256012,7 254,75 321,47 662,3 0 23536,95 
DIVAČA 2543,16 35716,33 1753,56 45657,32 29750,5 1417,74 692,21 51860 0 0 0 63550,82 280,4 91000 23158,72 
RADEČE 110504 45983 0 0 44200 33200 12253,68 0 32600 30983,61 10000 3752,5 0 0 23105,49 
PUCONCI 205524,7 9083,79 8739,47 34845,92 15318,9 7787,53 3909,8 162,55 24,59 778,69 0 1348,32 235,97 33480 22945,73 
ŽUŽEMBERK 0 242232 28751,28 1605,34 17821,22 1605,34 1751,28 6959,4 1313,46 1340,14 3009,4 1751,28 1751,28 1751,28 22260,19 
SVETA ANA 39757 0 135738,8 0 0 36860,24 1500 0 0 0 0 0 42200 50513,36 21897,81 
ČRENŠOVCI 0 0 0 106285,2 16697,31 26600 0 24384 456,62 0 24000 24000 35496,7 46710 21759,28 
ŽIROVNICA 215273,1 23951,28 6701,57 5177,09 4501,1 3145,02 3974,51 677,31 5,62 5,62 35102,34 0 0 6000 21751,04 
ORMOŽ 135112,5 35700 37220 1620 750 83,33 1058,34 0 19501,49 5895 8111,59 0 36053,4 11705,35 20915,07 
SLOVENSKA 
BISTRICA 39833,66 42344,12 12674,05 11311,38 11560,24 8833,51 7432,11 1530,08 0 38310 55200 32000 4322,98 25199,99 20753,72 
KANAL 12124 79100 5800 2500 122500 950 15500 0 0 0 25880 0 17574,2 0 20137,73 
VODICE 0 150228,1 0 741,3 0 114996,1 0 0 0 0 4200 0 0 0 19297,54 
APAČE 25240 0 22300 17733,47 6556,3 4149,3 31043,7 0 22062,24 0 43162,79 29948 21834,04 45168 19228,42 
ŠENTJERNEJ 31712 133651,9 0 0 54200 40600 0 0 0 2045,39 0 0 0 4000 19014,95 
VITANJE 0 0 0 164978,3 0 0 90911,26 0 0 260 0 5352 0 4235,97 18981,25 
MAJŠPERK 38201,86 0 26350 90393,88 0 30300 30150 0 29211,61 0 0 0 0 0 17471,95 

VELIKA POLANA 24706,19 15524,22 5788,85 23985,73 0 0 0 0 0 0 0 70684,85 101232,9 0 17280,19 
SVETI JURIJ 140407 0 0 0 16802,88 54100 4485,56 21000 0 0 0 0 94,22 0 16920,69 
PESNICA 176,91 0 0 206000 0 0 0 0 0 0 28000 0 0 50 16730,49 
KOMEN 3633 1635,95 533,61 411,24 1522,27 0 0 0 0 0 0 0 208413 0 15439,22 
MIRNA     0 0 0 0 46801 0 50500 56200 0 0 15350,1 
METLIKA 175352 300 300 1854 0 31808,33 330 0 0 1990,35 0 450 0 0 15170,33 
LOŠKA DOLINA 0 25000 0 0 0 0 31000 0 0 132187,5 0 0 18860 4850 15135,54 
ŠTORE 0 50050 25500 0 0 0 972,9 77724 0 0 0 53005 3800 0 15075,14 
POLJČANE 9385 15049 1628,31 377,52 377,52 617,1 220,46 260 1030 152094 24300 0 0 2540,98 14848,56 
VIDEM 0 0 0 7155 0 38998,2 0 0 0 0 20720,8 0 136147 3948,79 14783,56 
MIREN-
KOSTANJEVICA 134583 0 0 19708,33 0 0 266,67 0 4250 0 30330 12656 380,98 30 14443,21 
KOBILJE 0 0 0 10446,47 2352,44 27370 54717,09 0 0 33701,64 0 20100 19847,71 31864 14314,24 
SEMIČ 50398,78 8783 68578,61 1242,29 1241,22 3079,27 831,26 1167,98 3500 0 28404,45 11635,2 2586,8 0 12960,63 
LUKOVICA 35925,11 10879,15 9219,01 1377,57 1333,55 463,97 65,3 0 0 11664,99 409,84 103326,2 1495,8 0 12582,89 
RIBNICA NA 
POHORJU 0 25619 148002,8 0 0 0 0 349,2 0 0 0 0 305 0 12448,28 
KIDRIČEVO 90572 10000 0 0 0 0 0 0 0 0 0 1260 70200 0 12288 
PODLEHNIK 0 15050 6300 0 200 0 0 0 921 82640,13 0 0 0 65000 12150,8 
DUPLEK 5500 3620 0 0 0 0 13391,3 0 0 0 0 1101,64 68343,11 61188,48 10938,9 
SV. ANDRAŽ V 
SLOVENSKIH 
GORICAH 0 0 0 0 0 0 0 1481,73 1317,37 1119,77 58958,97 83157,97 1993,57 2404,73 10745,29 
KOSTANJEVICA 
NA KRKI 2838,51 79843,69 552,89 814,25 909,59 723,74 422,04 0 0 0 0 0 57513 0 10258,41 
KOSTEL 0 78440,7 38200 0 18908 0 800 1150 1300 838,32 0 0 0 0 9974,073 
VRANSKO 2919,18 2979,84 1781,6 1806,86 1762,25 50697,39 22,27 0 3700 33300 0 0 37630 0 9757,099 
SV. JURIJ V 
SLOVENSKIH 
GORICAH 0 16300 10038,29 10115,22 0 0 0 0 52000 0 45596,64 0 100 0 9582,154 
DOBRNA 19000 0 0 0 0 0 21235 0 0 26100 25500 42000 0 0 9559,643 
GORNJI GRAD 6309,76 2554,78 3113,48 23236,89 1244,53 698,59 281,05 10502,28 0 7600 73 0 66200 11900 9551,026 
ŠALOVCI 5795 6174,41 2084,17 1670,29 15887,37 1667,47 13190,98 27773,8 17866,28 200 0 0 30490,78 5240 9145,754 
MARKOVCI 79494 120 25323,94 2136,65 0 0 0 0 0 0 15427,05 0 0 0 8750,117 
SV. TROJICA V 
SLOVENSKIH 
GORICAH 0 0 0 0 0 0 9950 0 0 0 0 0 112000 0 8710,714 
BOHINJ 10555 9743,89 8711,38 9460,83 8889,38 4197,34 2904,8 12882,92 32,12 20 0 51464,73 93,84 2287,08 8660,236 

LOVRENC NA 
POHORJU 69979,13 27709,35 3807,94 15599,28 1847,05 1302,7 383,68 96,33 0 0 0 0 0 0 8623,247 
LJUBNO 1151 904,08 12847 7559,04 16907,32 2575,86 1076,02 8798,61 0 20400 0 24920 14520 0 7975,638 
DOBREPOLJE 0 0 29330 0 0 0 74243,1 0 7089,9 0 0 0 0 0 7904,5 
ŠMARTNO OB 
PAKI 81696 988 460,08 459,98 470 228 0 25000 0 0 0 0 0 0 7807,29 
REČICA OB 
SAVINJI 20250 3740 34060 0 0 0 0 0 0 0 0 50500 0 0 7753,571 
SOLČAVA 350 350 1960,43 0 3080 58211,75 18721 12721 0 0 0 0 11000 0 7599,584 
SELNICA OB 
DRAVI 800 257 249 348,71 266,34 524,76 131,49 210,76 218,24 4713,32 65001 0 0 30000 7337,187 
CIRKULANE 0 0 0 0 0 41999,73 0 0 25200 20040 10077,33 0 0 0 6951,219 
BRASLOVČE 0 0 4166,66 34513,08 0 493,34 3903,98 0 0 0 0 1229,51 0 47700 6571,898 
BISTRICA OB 
SOTLI 32697,75 452,5 543 543 453,6 0 0 29085,16 0 0 25212,8 0 0 0 6356,272 
PODVELKA 0 0 0 3949,28 4564 2115,66 6410,45 4311,97 4448,15 27821,97 4393,9 0 23711,09 4553,18 6162,832 
MIRNA PEČ 0 13015,92 0 65055,68 0 0 0 4765 0 0 0 0 1100 0 5995,471 
ODRANCI 19153,46 1058,68 21230,06 30394,39 7255,49 572,1 286 57,2 28,6 0 0 0 0 0 5716,856 
TRZIN 5330 4978,58 1050 0 0 381,15 0 18110 0 3624,37 0 40061,23 2043,15 3905 5677,391 
BELTINCI 4796,1 2629,36 1675,37 1674,65 1568,88 2520,99 2213,32 530,86 120 40 808,81 529,9 19935,23 40100 5653,105 
BREZOVICA 61039 0 0 0 5045,65 7898,51 0 0 0 3000 0 1044,88 0 0 5573,431 
KUNGOTA 29021,17 0 0 48400 0 0 0 0 0 0 0 0 0 0 5530,084 
GORIŠNICA 0 0 0 0 0 0 0 0 0 0 1900 73290 0 594,17 5413,155 
RAZKRIŽJE 1318,62 686,22 6097,68 5686,22 971 826,12 724,93 283,12 29847,73 0 0 0 27973,06 0 5315,336 
OPLOTNICA 10700 9279,71 4187,15 14211,98 4222,4 9833,58 4039,38 395,61 0 0 2772 0 0 7700,5 4810,165 
KRIŽEVCI 883,19 3314,61 25620,04 572,88 450,12 368,28 446,97 13397 10000 10569 0 0 108,32 0 4695,029 
ROGAŠOVCI 80 175,51 36800 643,5 0 125 0 0 14261,82 0 0 1803,28 8066,22 1639,34 4542,476 
IG 0 0 0 0 0 63275,42 0 0 0 0 0 0 0 0 4519,673 
LUČE 1273 3144,79 844,92 1015,8 2041,08 460,44 383,7 13896,83 0 0 27777 12431,4 0 0 4519,211 
BENEDIKT 2176 7254,99 0 0 0 0 0 0 0 0 0 0 150 52000 4398,642 
ŠKOCJAN 0 0 0 0 0 0 0 100 6600 7498,87 32600 6600 6170 1818,5 4384,812 
HAJDINA 37765 0 0 19613,25 0 0 0 3059 0 0 0 655,74 0 0 4363,785 
KUZMA 0 0 0 25544,49 559,17 0 0 34077,95 0 0 0 0 40,39 0 4301,571 
MISLINJA 3049 1482 989 950 871 10775,8 475,8 635,61 0 11100 19900 0 0 8924 4225,158 
KOZJE 0 30800 0 0 0 0 0 24279,43 0 0 0 0 0 0 3934,245 
TRNOVSKA VAS 646,92 41054,15 646,92 646,92 1246,92 435,41 347,51 0 0 0 0 0 0 0 3216,054 
LOŠKI POTOK 0 0 833,33 0 31546,77 0 11000 0 0 0 0 0 0 0 3098,579 

JEZERSKO 1200 0 0 0 0 0 0 0 0 37234 364,32 0 94,5 1229,51 2865,881 
ŠENČUR 0 0 2000 346,8 1586,67 0 0 34001 200 0 0 0 0 0 2723,891 
ŠMARJEŠKE 
TOPLICE 0 0 0 0 0 11696,2 0 26300 0 0 0 0 0 0 2714,014 
HOČE-SLIVNICA 0 0 0 0 2500 0 0 122,95 21028,58 984,13 491,81 0 4756,2 7478,59 2668,733 
TABOR 0 0 0 0 0 0 0 0 0 0 0 35600,97 0 0 2542,926 
STRAŽA 0 0 0 0 0 0 0 0 0 0 34131,18 0 245,91 0 2455,506 
CANKOVA 0 0 31100 0 0 0 0 20 0 0 409,84 0 0 0 2252,131 
SODRAŽICA 0 0 0 1434,1 0 0 28334 0 0 0 0 0 0 0 2126,293 
GRAD 0 10064,52 0 0 16050 0 0 0 409,83 0 0 0 0 0 1894,596 
HRPELJE-
KOZINA 5441 6006,34 4269,05 4240,32 3955,56 1509,97 1008,28 23,42 0 0 0 0 0 0 1889,567 
STARŠE 0 825 0 18536,83 483,53 0 248,45 0 641,97 0 0 0 2081,73 3093,65 1850,797 
GORNJI 
PETROVCI 8420 0 500 0 4200 200 5630,94 5550 532 250 0 292,33 73,88 0 1832,082 
SVETI TOMAŽ 0 0 0 0 0 0 0 0 0 0 25160 0 0 0 1797,143 
VELIKE LAŠČE 0 0 0 0 0 1406,77 0 0 0 0 18000 0 4934,5 0 1738,662 
MIKLAVŽ NA 
DRAVSKEM 
POLJU 0 600 0 0 0 0 361,91 1229,51 0 0 0 2300 2170,51 15946,83 1614,911 
MORAVSKE 
TOPLICE 0 0 9588 0 0 361,55 0 500 4057,5 0 2401,84 0 2087,82 0 1356,908 
TIŠINA 0 0 0 0 0 0 2049,18 0 0 0 16693,99 0 198,44 0 1352,972 
JURŠINCI 0 0 0 0 0 0 0 0 0 0 500 15840 0 0 1167,143 
ZAVRČ 3811,8 0 0 0 0 0 0 4494,75 460 0 0 0 5584,83 0 1025,099 
VERŽEJ 427,79 466,68 1596 466,68 505,57 466,68 388,9 9383 0 0 0 0 46,18 0 981,9629 
ŠKOFLJICA 0 0 0 0 4346,63 0 0 0 0 0 2172,13 93,43 6390 402,38 957,4693 
DOL PRI 
LJUBLJANI 0 100 0 0 3132,05 0 0 1527 0 0 0 0 0 5100 704,2179 
RENČE-
VOGRSKO 0 0 0 0 0 30 0 0 75 3790 150 2197,52 221,97 81,97 467,6043 
HORJUL 0 0 0 0 1478,95 1454,67 0 2295,09 0 0 0 0 0 0 373,4793 
RAČE-FRAM 0 0 0 0 0 0 0 0 0 0 0 0 2153,14 2923,26 362,6 
MAKOLE 0 0 0 0 0 0 0 0 0 4553,71 0 0 0 0 325,265 
DOBROVA-
POLHOV 
GRADEC 0 800 200 0 0 0 0 0 2200 550 0 300 300 200 325 
DOLENJSKE 
TOPLICE 2700 0 0 0 0 0 347,54 0 0 0 991,8 0 127,87 0 297,6579 
HODOŠ 417 417,24 417,24 417,24 417,24 104,31 0 0 0 0 650 0 0 0 202,8764 

DOBJE 0 0 0 320 0 0 0 0 0 0 0 0 100 2300 194,2857 
PODČETRTEK 0 0 0 0 0 0 0 0 0 0 0 0 2034 0 145,2857 
GORJE 0 0 0 0 0 0 0 0 0 0 655,74 0 0 0 46,83857 
ANKARAN         0 0 0 0 0 0 0 
BLOKE 0 0 0 0 0 0 0 0 0 0 0 0 0 0 0 
CERKVENJAK 0 0 0 0 0 0 0 0 0 0 0 0 0 0 0 
LOG-
DRAGOMER 0 0 0 0 0 0 0 0 0 0 0 0 0 0 0 
MOKRONOG-
TREBELNO 0 0 0 0 0 0 0 0 0 0 0 0 0 0 0 
OSILNICA 0 0 0 0 0 0 0 0 0 0 0 0 0 0 0 
SREDIŠČE OB 
DRAVI 0 0 0 0 0 0 0 0 0 0 0 0 0 0 0 
ŠENTRUPERT 0 0 0 0 0 0 0 0 0 0 0 0 0 0 0 
ŽETALE 0 0 0 0 0 0 0 0 0 0 0 0 0 0 0 
 
 
Tabela 30: Prihodek iz naslova Prihodki od prodaje osnovnih sredstev (skupaj) (urejeno padajoče glede na povprečje 2007-2020) na prebivalca (v EUR) 
OBČINA 2007 2008 2009 2010 2011 2012 2013 2014 2015 2016 2017 2018 2019 2020 x̄ 
SLOVENJ 
GRADEC 79,35 26,87 243,18 771,74 184,69 116,64 73,19 21,03 35,47 10,33 8,40 2,28 5,18 1,47 112,84 
LJUBLJANA 13,50 10,28 31,05 302,08 10,33 19,38 31,90 14,25 28,11 24,86 9,42 11,60 13,00 7,26 37,64 
BOVEC 66,02 52,63 0,00 0,11 0,00 15,38 17,12 0,00 79,26 3,08 113,63 62,55 9,51 11,26 30,75 
PIVKA 26,72 7,61 29,00 29,16 8,07 36,91 22,26 48,60 100,25 36,38 37,32 14,43 0,95 23,61 30,09 
KOBILJE 0,00 0,00 0,00 18,56 4,18 48,61 97,19 0,00 0,00 59,86 0,00 35,70 35,25 56,60 25,42 
KOPER 1,57 5,91 23,06 18,63 28,00 24,94 22,12 5,79 22,15 57,17 6,48 109,15 12,48 14,44 25,13 
VELENJE 16,26 6,00 4,64 1,41 38,93 48,49 87,61 12,90 20,38 17,59 15,86 5,58 42,50 5,30 23,10 
IZOLA 2,66 0,90 25,88 26,74 28,35 31,02 12,18 1,28 20,56 5,58 4,01 42,40 81,91 30,38 22,42 
DOBROVNIK 189,71 0,00 0,00 18,64 20,90 0,00 9,48 12,00 35,23 1,87 0,00 0,00 0,00 0,76 20,61 
PIRAN 81,11 2,97 131,20 13,73 27,24 6,39 2,25 4,80 11,16 0,40 0,43 1,03 0,15 0,07 20,21 
RAVNE NA 
KOROŠKEM 17,89 23,07 0,31 5,03 4,34 34,54 27,23 53,67 11,37 22,94 31,10 21,70 8,40 11,57 19,51 
ČRNA NA 
KOROŠKEM 21,11 31,79 0,13 23,74 0,11 25,78 16,45 12,94 20,35 15,87 20,84 20,37 38,45 13,50 18,67 
JESENICE 21,24 42,25 44,39 33,04 30,93 10,97 9,79 5,98 3,17 13,16 8,71 13,87 4,15 2,70 17,45 
ŠKOFJA LOKA 30,98 4,53 5,62 8,95 3,46 2,52 1,13 0,45 141,77 0,01 5,88 0,15 8,62 26,39 17,17 
GORNJA 
RADGONA 0,20 47,13 83,13 20,79 5,40 3,40 0,00 9,12 0,00 5,99 25,38 27,00 8,44 1,18 16,94 

KOSTEL 0,00 119,39 58,14 0,00 28,78 0,00 1,22 1,75 1,98 1,28 0,00 0,00 0,00 0,00 15,18 
GORENJA VAS-
POLJANE 24,76 36,73 6,44 50,61 0,00 0,00 0,52 0,00 3,18 9,61 3,96 46,51 4,96 22,02 14,95 
ZREČE 11,50 77,65 0,74 31,35 39,49 10,22 7,26 0,11 12,91 3,87 10,78 0,06 0,86 2,33 14,94 
DORNAVA 0,00 0,00 0,00 66,27 32,45 12,43 23,28 29,31 35,24 4,18 4,83 0,00 0,15 0,00 14,87 
TRBOVLJE 6,32 66,34 26,88 2,76 5,75 2,79 7,21 1,51 14,18 8,89 6,25 17,37 22,35 16,64 14,66 
BRDA 62,89 9,28 25,40 23,30 0,07 12,96 0,00 0,00 16,11 0,00 0,00 0,00 12,08 40,82 14,49 
PTUJ 55,54 43,09 15,09 16,09 19,65 7,58 1,82 1,30 0,12 9,11 2,53 10,90 6,44 11,44 14,34 
ROGATEC 49,84 23,37 12,64 20,08 33,10 7,32 10,88 9,08 8,62 0,04 18,17 4,86 2,67 0,00 14,33 
ŠEMPETER-
VRTOJBA 17,52 0,00 0,00 71,25 2,85 30,04 15,81 0,18 10,92 0,00 12,96 23,98 0,08 13,95 14,25 
POSTOJNA 18,35 74,68 11,84 2,83 13,03 11,32 15,89 5,33 10,70 5,71 10,81 2,18 4,63 10,67 14,14 
SOLČAVA 0,65 0,65 3,64 0,00 5,72 108,20 34,80 23,64 0,00 0,00 0,00 0,00 20,45 0,00 14,13 
PREDDVOR 135,33 0,00 0,00 0,06 32,30 0,00 0,00 0,00 0,00 0,00 0,00 0,00 28,68 0,00 14,03 
NAZARJE 48,05 0,34 0,00 0,68 0,00 0,00 18,86 3,12 10,69 43,42 32,62 10,95 10,12 0,00 12,77 
VELIKA POLANA 17,58 11,05 4,12 17,07 0,00 0,00 0,00 0,00 0,00 0,00 0,00 50,31 72,05 0,00 12,30 
Skupaj občine  15,21 10,56 15,06 52,71 8,73 8,82 9,55 4,69 10,16 7,98 5,15 8,55 6,83 5,43 12,10 
MUTA 71,70 9,08 4,10 2,19 0,16 11,21 0,00 0,04 12,67 8,12 9,77 15,16 14,55 6,21 11,78 
MARIBOR 31,28 4,01 15,83 17,82 25,53 6,14 6,06 5,08 11,51 2,58 5,81 8,83 7,71 6,84 11,07 
CELJE 72,10 31,74 6,08 0,80 1,32 3,55 3,32 0,80 22,59 1,97 3,31 2,85 0,40 0,00 10,77 
ŠMARJE PRI 
JELŠAH 65,75 19,84 8,02 0,00 19,30 0,00 0,00 0,00 4,87 0,00 0,00 6,72 10,58 14,97 10,72 
RIBNICA NA 
POHORJU 0,00 21,75 125,64 0,00 0,00 0,00 0,00 0,30 0,00 0,00 0,00 0,00 0,26 0,00 10,57 
TURNIŠČE 0,00 0,00 0,00 19,11 0,90 38,10 24,07 1,84 0,00 17,78 15,57 4,88 0,00 25,14 10,53 
VUZENICA 31,80 11,01 22,04 0,40 2,76 22,42 1,58 1,63 0,00 5,67 7,15 18,37 20,09 0,00 10,35 
KOČEVJE 62,23 26,80 22,86 0,00 0,01 15,07 0,00 4,00 4,16 4,44 0,34 0,87 1,53 0,20 10,18 
SVETA ANA 17,47 0,00 59,64 0,00 0,00 16,20 0,66 0,00 0,00 0,00 0,00 0,00 18,54 22,19 9,62 
HRASTNIK 5,23 0,00 57,94 14,54 0,00 30,01 5,31 0,00 0,00 0,00 6,03 9,35 3,21 2,63 9,59 
DESTRNIK 0,00 0,00 2,73 0,00 9,47 7,58 0,00 2,05 1,24 4,30 35,26 0,00 7,65 63,13 9,53 
TRŽIČ 26,43 21,88 4,66 7,80 8,86 15,51 3,79 9,89 0,65 8,84 3,07 4,30 13,50 1,54 9,34 
BLED 3,26 3,70 2,75 2,96 3,45 30,51 0,94 7,00 18,98 53,06 0,05 0,03 1,12 0,05 9,13 
SLOVENSKE 
KONJICE 17,04 25,39 28,74 21,41 7,97 9,70 5,79 0,23 4,44 0,07 0,10 0,22 0,00 5,65 9,05 
MOZIRJE 5,67 37,52 0,65 0,73 0,66 14,26 0,40 33,17 0,00 15,68 0,00 0,00 16,58 0,00 8,95 
SV. ANDRAŽ V 
SLOVENSKIH 
GORICAH 0,00 0,00 0,00 0,00 0,00 0,00 0,00 1,22 1,09 0,92 48,61 68,56 1,64 1,98 8,86 

CERKNICA 40,93 9,33 20,13 0,81 0,78 10,87 0,17 0,00 14,38 9,78 7,94 4,71 0,02 3,46 8,81 
MEŽICA 35,60 9,15 8,23 8,10 0,11 10,92 9,26 0,00 9,26 0,00 21,45 7,38 0,00 0,00 8,53 
SEŽANA 0,15 23,57 31,41 0,35 11,79 0,00 3,82 1,22 16,29 16,38 0,00 0,00 5,59 8,35 8,49 
VITANJE 0,00 0,00 0,00 73,13 0,00 0,00 40,30 0,00 0,00 0,12 0,00 2,37 0,00 1,88 8,41 
IDRIJA 7,83 42,53 5,45 2,05 2,48 1,02 0,29 0,50 9,96 7,67 2,81 0,62 31,52 2,31 8,36 
RADENCI 0,96 0,33 0,09 0,00 25,26 0,00 0,00 8,17 0,00 0,00 0,00 9,16 18,96 52,72 8,26 
POLZELA 0,41 0,03 1,61 81,17 0,00 0,10 18,20 0,00 0,00 0,00 9,43 0,29 3,24 0,01 8,18 
MORAVČE 39,43 19,10 17,57 2,36 0,06 0,77 0,23 0,00 0,00 0,29 5,25 28,87 0,20 0,00 8,15 
KOBARID 27,14 26,98 1,03 0,00 18,47 6,83 2,76 3,95 0,58 1,96 12,59 1,92 3,40 5,76 8,10 
ŠMARTNO PRI 
LITIJI 4,91 10,60 9,11 9,33 4,92 7,56 8,69 7,18 7,75 7,02 7,00 11,37 12,56 4,69 8,05 
KRŠKO 34,08 10,52 4,94 2,52 5,73 9,30 7,85 4,08 0,03 0,26 3,26 5,24 6,12 15,65 7,83 
NAKLO 0,00 77,12 14,19 1,39 0,40 15,47 0,00 0,00 0,00 0,00 0,27 0,04 0,12 0,00 7,79 
DRAVOGRAD 16,00 17,78 0,96 1,03 5,46 5,43 2,88 0,16 5,56 4,67 11,58 0,00 18,35 18,13 7,71 
ŽELEZNIKI 0,00 0,38 4,15 8,76 11,95 4,74 11,02 0,00 6,74 18,73 16,36 10,01 14,14 0,00 7,64 
LOGATEC 14,91 27,27 49,52 2,26 0,25 1,93 0,04 2,96 0,00 0,00 1,68 0,00 0,00 5,37 7,59 
RUŠE 8,18 12,70 1,67 21,62 1,36 1,66 1,31 0,37 0,08 0,06 26,85 7,49 12,10 10,62 7,58 
KRANJSKA 
GORA 2,76 20,88 3,56 34,02 1,58 1,11 0,68 0,19 24,14 0,00 0,00 0,00 16,33 0,00 7,52 
ŽIRI 0,00 15,81 0,00 15,85 6,21 0,00 9,28 0,14 0,00 8,00 20,03 18,34 11,05 0,00 7,48 
BOROVNICA 0,00 0,00 26,50 2,22 1,79 17,72 0,00 0,00 0,00 0,00 19,17 4,27 16,91 15,53 7,44 
LENART 15,27 30,77 11,66 1,17 0,00 0,00 2,87 11,89 4,36 17,10 0,10 0,00 0,00 3,38 7,04 
ZAGORJE OB 
SAVI 8,50 26,77 15,02 2,89 0,54 0,78 28,57 3,60 0,10 1,81 1,38 0,17 7,02 1,25 7,03 
RIBNICA 11,23 30,73 12,45 0,00 0,14 6,97 3,02 0,00 2,16 0,11 0,00 0,00 11,98 18,96 6,98 
TOLMIN 51,14 2,52 16,08 0,00 0,70 10,91 4,64 0,75 0,31 3,69 0,00 4,99 0,14 0,00 6,85 
PREBOLD 6,80 4,31 8,88 6,32 0,72 0,64 0,50 0,42 12,94 4,73 0,00 41,64 0,00 5,93 6,70 
CERKNO 1,28 25,45 5,44 21,31 15,04 0,71 0,20 0,03 0,04 0,00 0,00 0,02 13,80 10,38 6,69 
PODLEHNIK 0,00 8,22 3,44 0,00 0,11 0,00 0,00 0,00 0,50 45,16 0,00 0,00 0,00 35,52 6,64 
AJDOVŠČINA 26,06 10,11 16,43 0,74 5,79 0,61 0,40 0,23 0,07 7,13 7,89 6,07 7,66 0,15 6,38 
ŠALOVCI 4,04 4,31 1,45 1,17 11,09 1,16 9,21 19,38 12,47 0,14 0,00 0,00 21,28 3,66 6,38 
ILIRSKA 
BISTRICA 10,02 16,22 2,74 1,99 1,57 26,08 5,62 0,02 0,00 0,02 8,47 3,09 10,93 2,21 6,36 
RADOVLJICA 11,53 12,76 9,40 16,42 8,22 6,42 0,64 1,83 0,13 0,63 1,89 0,00 1,65 13,82 6,10 
ŠENTILJ 0,79 0,07 15,22 0,00 48,95 17,91 0,00 0,00 0,00 0,00 0,00 0,00 0,00 0,00 5,92 
RADLJE OB 
DRAVI 0,00 3,05 9,23 5,00 0,00 0,00 0,00 53,22 0,00 3,59 2,97 0,00 2,75 2,86 5,91 

PREVALJE 17,77 4,32 6,10 32,31 20,68 0,00 0,00 0,00 0,00 0,43 0,00 0,04 0,00 0,00 5,83 
SVETI JURIJ 47,82 0,00 0,00 0,00 5,72 18,43 1,53 7,15 0,00 0,00 0,00 0,00 0,03 0,00 5,76 
ŠOŠTANJ 0,86 0,80 0,36 4,70 5,47 1,64 21,84 10,38 1,91 0,00 0,00 15,40 14,19 3,14 5,76 
DIVAČA 0,63 8,79 0,43 11,23 7,32 0,35 0,17 12,76 0,00 0,00 0,00 15,63 0,07 22,39 5,70 
TREBNJE 0,91 0,55 1,49 8,00 1,27 0,00 0,00 0,64 10,09 6,86 20,86 27,31 0,00 0,00 5,57 
ČRENŠOVCI 0,00 0,00 0,00 26,17 4,11 6,55 0,00 6,00 0,11 0,00 5,91 5,91 8,74 11,50 5,36 
APAČE 7,03 0,00 6,21 4,94 1,83 1,16 8,64 0,00 6,14 0,00 12,02 8,34 6,08 12,58 5,35 
RADEČE 25,31 10,53 0,00 0,00 10,12 7,60 2,81 0,00 7,47 7,10 2,29 0,86 0,00 0,00 5,29 
ŽIROVNICA 47,42 5,28 1,48 1,14 0,99 0,69 0,88 0,15 0,00 0,00 7,73 0,00 0,00 1,32 4,79 
KRANJ 8,78 5,27 18,66 11,38 1,54 1,38 0,12 5,32 0,16 2,30 2,67 0,26 0,94 6,62 4,67 
ŽUŽEMBERK 0,00 50,78 6,03 0,34 3,74 0,34 0,37 1,46 0,28 0,28 0,63 0,37 0,37 0,37 4,67 
CERKLJE NA 
GORENJSKEM 0,15 0,17 0,15 0,16 0,15 6,00 0,07 0,00 0,00 0,00 0,36 0,00 0,00 56,22 4,53 
BISTRICA OB 
SOTLI 23,12 0,32 0,38 0,38 0,32 0,00 0,00 20,57 0,00 0,00 17,83 0,00 0,00 0,00 4,50 
SV. JURIJ V 
SLOVENSKIH 
GORICAH 0,00 7,66 4,72 4,75 0,00 0,00 0,00 0,00 24,42 0,00 21,42 0,00 0,05 0,00 4,50 
JEZERSKO 1,87 0,00 0,00 0,00 0,00 0,00 0,00 0,00 0,00 57,91 0,57 0,00 0,15 1,91 4,46 
ŠENTJUR 28,18 4,75 23,53 0,49 0,32 0,21 0,15 0,00 0,00 0,11 0,00 2,55 0,43 1,27 4,43 
VIPAVA 34,92 10,61 8,96 0,08 0,00 0,00 6,45 0,00 0,00 0,44 0,00 0,00 0,25 0,00 4,41 
DOBRNA 8,64 0,00 0,00 0,00 0,00 0,00 9,65 0,00 0,00 11,86 11,59 19,09 0,00 0,00 4,35 
KOMEN 1,01 0,45 0,15 0,11 0,42 0,00 0,00 0,00 0,00 0,00 0,00 0,00 57,96 0,00 4,29 
MAJŠPERK 9,38 0,00 6,47 22,19 0,00 7,44 7,40 0,00 7,17 0,00 0,00 0,00 0,00 0,00 4,29 
MENGEŠ 3,01 2,69 0,67 0,36 0,34 24,06 0,18 15,96 0,00 0,49 0,09 11,41 0,00 0,41 4,26 
ROGAŠKA 
SLATINA 3,62 0,00 0,00 0,00 0,00 0,00 0,00 0,00 0,00 0,00 12,07 36,82 0,00 7,19 4,26 
MIRNA     0,00 0,00 0,00 0,00 17,86 0,00 19,27 21,44 0,00 0,00 4,18 
RAZKRIŽJE 1,03 0,54 4,78 4,46 0,76 0,65 0,57 0,22 23,39 0,00 0,00 0,00 21,92 0,00 4,17 
LOŠKA DOLINA 0,00 6,74 0,00 0,00 0,00 0,00 8,35 0,00 0,00 35,62 0,00 0,00 5,08 1,31 4,08 
SV. TROJICA V 
SLOVENSKIH 
GORICAH 0,00 0,00 0,00 0,00 0,00 0,00 4,65 0,00 0,00 0,00 0,00 0,00 52,36 0,00 4,07 
KOSTANJEVICA 
NA KRKI 1,12 31,56 0,22 0,32 0,36 0,29 0,17 0,00 0,00 0,00 0,00 0,00 22,73 0,00 4,05 
VODICE 0,00 30,57 0,00 0,15 0,00 23,40 0,00 0,00 0,00 0,00 0,85 0,00 0,00 0,00 3,93 
GROSUPLJE 6,40 0,76 25,75 0,29 0,02 6,83 2,98 0,02 0,16 1,92 2,39 0,04 6,87 0,26 3,91 
BREŽICE 11,52 20,50 1,56 10,95 1,86 1,64 0,05 4,44 0,01 1,06 0,22 0,21 0,00 0,00 3,86 

GORNJI GRAD 2,55 1,03 1,26 9,40 0,50 0,28 0,11 4,25 0,00 3,07 0,03 0,00 26,77 4,81 3,86 
PUCONCI 33,85 1,50 1,44 5,74 2,52 1,28 0,64 0,03 0,00 0,13 0,00 0,22 0,04 5,51 3,78 
MURSKA 
SOBOTA 19,34 0,00 0,73 4,90 0,00 1,20 0,65 4,31 1,26 0,90 0,53 12,88 1,08 4,57 3,74 
KOMENDA 0,40 0,00 0,00 0,00 0,02 5,95 0,00 5,07 0,00 40,48 0,04 0,05 0,10 0,00 3,72 
VRANSKO 1,11 1,14 0,68 0,69 0,67 19,31 0,01 0,00 1,41 12,69 0,00 0,00 14,34 0,00 3,72 
IVANČNA 
GORICA 0,00 26,34 1,20 0,00 1,29 1,43 0,00 0,02 14,26 0,14 0,00 2,45 0,00 4,36 3,68 
KANAL 2,21 14,44 1,06 0,46 22,36 0,17 2,83 0,00 0,00 0,00 4,72 0,00 3,21 0,00 3,68 
LJUTOMER 6,18 4,91 26,83 2,83 0,00 0,00 0,00 0,00 9,18 0,59 0,00 0,00 0,04 0,13 3,62 
LITIJA 4,94 14,94 6,83 1,48 0,48 3,86 0,00 0,00 0,00 0,11 2,99 0,00 10,72 3,89 3,59 
DOMŽALE 6,83 3,08 1,61 1,10 0,95 0,33 6,15 0,02 0,56 1,69 10,15 14,13 1,39 1,42 3,53 
POLJČANE 2,18 3,49 0,38 0,09 0,09 0,14 0,05 0,06 0,24 35,30 5,64 0,00 0,00 0,59 3,45 
ŠTORE 0,00 11,45 5,83 0,00 0,00 0,00 0,22 17,77 0,00 0,00 0,00 12,12 0,87 0,00 3,45 
ODRANCI 11,48 0,63 12,72 18,21 4,35 0,34 0,17 0,03 0,02 0,00 0,00 0,00 0,00 0,00 3,43 
LAŠKO 0,34 0,00 0,09 19,96 4,83 0,00 5,27 1,53 1,68 0,34 0,25 2,42 9,82 0,39 3,35 
REČICA OB 
SAVINJI 8,71 1,61 14,64 0,00 0,00 0,00 0,00 0,00 0,00 0,00 0,00 21,71 0,00 0,00 3,33 
SEMIČ 12,77 2,23 17,37 0,31 0,31 0,78 0,21 0,30 0,89 0,00 7,20 2,95 0,66 0,00 3,28 
VOJNIK 0,72 4,22 2,87 2,82 0,52 2,71 0,38 0,02 0,00 0,00 0,01 22,29 6,65 1,10 3,16 
LENDAVA 2,82 1,89 1,89 24,87 4,02 4,79 0,00 0,00 0,01 0,00 0,01 0,00 1,55 1,73 3,11 
LJUBNO 0,44 0,34 4,87 2,86 6,41 0,98 0,41 3,33 0,00 7,73 0,00 9,44 5,50 0,00 3,02 
CIRKULANE 0,00 0,00 0,00 0,00 0,00 17,95 0,00 0,00 10,77 8,56 4,31 0,00 0,00 0,00 2,97 
LUČE 0,84 2,07 0,56 0,67 1,34 0,30 0,25 9,14 0,00 0,00 18,26 8,17 0,00 0,00 2,97 
MIREN-
KOSTANJEVICA 27,24 0,00 0,00 3,99 0,00 0,00 0,05 0,00 0,86 0,00 6,14 2,56 0,08 0,01 2,92 
LOVRENC NA 
POHORJU 22,80 9,03 1,24 5,08 0,60 0,42 0,13 0,03 0,00 0,00 0,00 0,00 0,00 0,00 2,81 
KUZMA 0,00 0,00 0,00 16,20 0,35 0,00 0,00 21,61 0,00 0,00 0,00 0,00 0,03 0,00 2,73 
VIDEM 0,00 0,00 0,00 1,29 0,00 7,02 0,00 0,00 0,00 0,00 3,73 0,00 24,50 0,71 2,66 
ŠENTJERNEJ 4,32 18,23 0,00 0,00 7,39 5,54 0,00 0,00 0,00 0,28 0,00 0,00 0,00 0,55 2,59 
NOVA GORICA 1,78 1,68 0,63 3,35 0,95 1,78 0,32 0,00 4,47 8,11 6,08 0,00 0,77 5,86 2,56 
PODVELKA 0,00 0,00 0,00 1,64 1,89 0,88 2,66 1,79 1,84 11,53 1,82 0,00 9,83 1,89 2,56 
ŽALEC 0,14 2,19 22,87 0,00 0,00 0,09 2,62 0,00 0,14 1,66 3,96 0,09 0,13 0,02 2,42 
SEVNICA 5,20 2,76 1,82 2,13 2,05 2,96 1,25 0,76 2,85 6,41 2,01 0,73 0,85 1,57 2,38 
ŠMARTNO OB 
PAKI 24,62 0,30 0,14 0,14 0,14 0,07 0,00 7,53 0,00 0,00 0,00 0,00 0,00 0,00 2,35 
TRNOVSKA VAS 0,47 29,84 0,47 0,47 0,91 0,32 0,25 0,00 0,00 0,00 0,00 0,00 0,00 0,00 2,34 

PESNICA 0,02 0,00 0,00 28,12 0,00 0,00 0,00 0,00 0,00 0,00 3,82 0,00 0,00 0,01 2,28 
LUKOVICA 6,14 1,86 1,58 0,24 0,23 0,08 0,01 0,00 0,00 2,00 0,07 17,67 0,26 0,00 2,15 
MARKOVCI 19,47 0,03 6,20 0,52 0,00 0,00 0,00 0,00 0,00 0,00 3,78 0,00 0,00 0,00 2,14 
ČRNOMELJ 0,86 0,84 0,56 0,63 0,53 0,43 0,85 1,12 14,09 0,16 2,26 0,32 0,00 7,02 2,12 
DOBREPOLJE 0,00 0,00 7,76 0,00 0,00 0,00 19,64 0,00 1,88 0,00 0,00 0,00 0,00 0,00 2,09 
MIRNA PEČ 0,00 4,25 0,00 21,25 0,00 0,00 0,00 1,56 0,00 0,00 0,00 0,00 0,36 0,00 1,96 
KIDRIČEVO 13,87 1,53 0,00 0,00 0,00 0,00 0,00 0,00 0,00 0,00 0,00 0,19 10,75 0,00 1,88 
METLIKA 21,07 0,04 0,04 0,22 0,00 3,82 0,04 0,00 0,00 0,24 0,00 0,05 0,00 0,00 1,82 
MEDVODE 2,26 0,00 0,00 0,00 0,00 0,48 0,12 0,02 1,12 13,33 0,00 0,17 6,89 0,00 1,74 
BENEDIKT 0,85 2,82 0,00 0,00 0,00 0,00 0,00 0,00 0,00 0,00 0,00 0,00 0,06 20,19 1,71 
ORMOŽ 11,06 2,92 3,05 0,13 0,06 0,01 0,09 0,00 1,60 0,48 0,66 0,00 2,95 0,96 1,71 
LOŠKI POTOK 0,00 0,00 0,46 0,00 17,27 0,00 6,02 0,00 0,00 0,00 0,00 0,00 0,00 0,00 1,70 
BOHINJ 2,03 1,88 1,68 1,82 1,71 0,81 0,56 2,48 0,01 0,00 0,00 9,90 0,02 0,44 1,67 
SELNICA OB 
DRAVI 0,17 0,06 0,05 0,08 0,06 0,11 0,03 0,05 0,05 1,02 14,11 0,00 0,00 6,51 1,59 
DUPLEK 0,78 0,52 0,00 0,00 0,00 0,00 1,91 0,00 0,00 0,00 0,00 0,16 9,73 8,71 1,56 
KAMNIK 1,53 1,39 1,27 1,11 1,10 0,66 9,93 0,07 0,58 0,99 0,06 1,42 0,82 0,01 1,49 
TRZIN 1,40 1,30 0,28 0,00 0,00 0,10 0,00 4,74 0,00 0,95 0,00 10,49 0,54 1,02 1,49 
TABOR 0,00 0,00 0,00 0,00 0,00 0,00 0,00 0,00 0,00 0,00 0,00 20,64 0,00 0,00 1,47 
VRHNIKA 7,57 6,05 0,80 0,51 1,78 0,45 0,32 0,11 0,04 0,04 0,02 2,79 0,00 0,01 1,46 
ROGAŠOVCI 0,02 0,05 11,45 0,20 0,00 0,04 0,00 0,00 4,44 0,00 0,00 0,56 2,51 0,51 1,41 
KRIŽEVCI 0,26 0,97 7,48 0,17 0,13 0,11 0,13 3,91 2,92 3,09 0,00 0,00 0,03 0,00 1,37 
GORIŠNICA 0,00 0,00 0,00 0,00 0,00 0,00 0,00 0,00 0,00 0,00 0,47 18,30 0,00 0,15 1,35 
ŠKOCJAN 0,00 0,00 0,00 0,00 0,00 0,00 0,00 0,03 1,95 2,22 9,65 1,95 1,83 0,54 1,30 
CANKOVA 0,00 0,00 17,13 0,00 0,00 0,00 0,00 0,01 0,00 0,00 0,23 0,00 0,00 0,00 1,24 
KOZJE 0,00 9,56 0,00 0,00 0,00 0,00 0,00 7,53 0,00 0,00 0,00 0,00 0,00 0,00 1,22 
BRASLOVČE 0,00 0,00 0,72 6,00 0,00 0,09 0,68 0,00 0,00 0,00 0,00 0,21 0,00 8,29 1,14 
KUNGOTA 5,98 0,00 0,00 9,98 0,00 0,00 0,00 0,00 0,00 0,00 0,00 0,00 0,00 0,00 1,14 
OPLOTNICA 2,53 2,20 0,99 3,36 1,00 2,33 0,96 0,09 0,00 0,00 0,66 0,00 0,00 1,82 1,14 
HAJDINA 9,82 0,00 0,00 5,10 0,00 0,00 0,00 0,80 0,00 0,00 0,00 0,17 0,00 0,00 1,13 
SODRAŽICA 0,00 0,00 0,00 0,63 0,00 0,00 12,45 0,00 0,00 0,00 0,00 0,00 0,00 0,00 0,93 
GORNJI 
PETROVCI 4,14 0,00 0,25 0,00 2,06 0,10 2,77 2,73 0,26 0,12 0,00 0,14 0,04 0,00 0,90 
MISLINJA 0,65 0,32 0,21 0,20 0,19 2,29 0,10 0,14 0,00 2,36 4,23 0,00 0,00 1,90 0,90 
GRAD 0,00 4,68 0,00 0,00 7,46 0,00 0,00 0,00 0,19 0,00 0,00 0,00 0,00 0,00 0,88 
SVETI TOMAŽ 0,00 0,00 0,00 0,00 0,00 0,00 0,00 0,00 0,00 0,00 12,03 0,00 0,00 0,00 0,86 

SLOVENSKA 
BISTRICA 1,55 1,64 0,49 0,44 0,45 0,34 0,29 0,06 0,00 1,49 2,14 1,24 0,17 0,98 0,81 
ŠMARJEŠKE 
TOPLICE 0,00 0,00 0,00 0,00 0,00 3,49 0,00 7,84 0,00 0,00 0,00 0,00 0,00 0,00 0,81 
VERŽEJ 0,33 0,36 1,22 0,36 0,39 0,36 0,30 7,18 0,00 0,00 0,00 0,00 0,04 0,00 0,75 
NOVO MESTO 1,12 1,41 0,55 0,48 3,65 0,09 0,00 0,01 0,63 1,77 0,00 0,01 0,02 0,59 0,74 
ZAVRČ 2,68 0,00 0,00 0,00 0,00 0,00 0,00 3,16 0,32 0,00 0,00 0,00 3,93 0,00 0,72 
BELTINCI 0,57 0,31 0,20 0,20 0,19 0,30 0,26 0,06 0,01 0,00 0,10 0,06 2,38 4,79 0,68 
HODOŠ 1,37 1,37 1,37 1,37 1,37 0,34 0,00 0,00 0,00 0,00 2,13 0,00 0,00 0,00 0,67 
STRAŽA 0,00 0,00 0,00 0,00 0,00 0,00 0,00 0,00 0,00 0,00 8,70 0,00 0,06 0,00 0,63 
IG 0,00 0,00 0,00 0,00 0,00 8,72 0,00 0,00 0,00 0,00 0,00 0,00 0,00 0,00 0,62 
JURŠINCI 0,00 0,00 0,00 0,00 0,00 0,00 0,00 0,00 0,00 0,00 0,21 6,63 0,00 0,00 0,49 
BREZOVICA 4,95 0,00 0,00 0,00 0,41 0,64 0,00 0,00 0,00 0,24 0,00 0,08 0,00 0,00 0,45 
STARŠE 0,00 0,20 0,00 4,51 0,12 0,00 0,06 0,00 0,16 0,00 0,00 0,00 0,51 0,75 0,45 
HRPELJE-
KOZINA 1,23 1,36 0,97 0,96 0,89 0,34 0,23 0,01 0,00 0,00 0,00 0,00 0,00 0,00 0,43 
VELIKE LAŠČE 0,00 0,00 0,00 0,00 0,00 0,32 0,00 0,00 0,00 0,00 4,06 0,00 1,11 0,00 0,39 
TIŠINA 0,00 0,00 0,00 0,00 0,00 0,00 0,50 0,00 0,00 0,00 4,05 0,00 0,05 0,00 0,33 
ŠENČUR 0,00 0,00 0,23 0,04 0,18 0,00 0,00 3,91 0,02 0,00 0,00 0,00 0,00 0,00 0,31 
MIKLAVŽ NA 
DRAVSKEM 
POLJU 0,00 0,09 0,00 0,00 0,00 0,00 0,05 0,18 0,00 0,00 0,00 0,34 0,32 2,35 0,24 
HOČE-SLIVNICA 0,00 0,00 0,00 0,00 0,22 0,00 0,00 0,01 1,83 0,09 0,04 0,00 0,41 0,65 0,23 
MORAVSKE 
TOPLICE 0,00 0,00 1,59 0,00 0,00 0,06 0,00 0,08 0,67 0,00 0,40 0,00 0,35 0,00 0,22 
DOBJE 0,00 0,00 0,00 0,32 0,00 0,00 0,00 0,00 0,00 0,00 0,00 0,00 0,10 2,27 0,19 
MAKOLE 0,00 0,00 0,00 0,00 0,00 0,00 0,00 0,00 0,00 2,18 0,00 0,00 0,00 0,00 0,16 
HORJUL 0,00 0,00 0,00 0,00 0,51 0,50 0,00 0,78 0,00 0,00 0,00 0,00 0,00 0,00 0,13 
DOL PRI 
LJUBLJANI 0,00 0,02 0,00 0,00 0,51 0,00 0,00 0,25 0,00 0,00 0,00 0,00 0,00 0,82 0,11 
RENČE-
VOGRSKO 0,00 0,00 0,00 0,00 0,00 0,01 0,00 0,00 0,02 0,87 0,03 0,50 0,05 0,02 0,11 
ŠKOFLJICA 0,00 0,00 0,00 0,00 0,40 0,00 0,00 0,00 0,00 0,00 0,20 0,01 0,58 0,04 0,09 
DOLENJSKE 
TOPLICE 0,76 0,00 0,00 0,00 0,00 0,00 0,10 0,00 0,00 0,00 0,28 0,00 0,04 0,00 0,08 
RAČE-FRAM 0,00 0,00 0,00 0,00 0,00 0,00 0,00 0,00 0,00 0,00 0,00 0,00 0,28 0,38 0,05 
DOBROVA-
POLHOV 
GRADEC 0,00 0,10 0,03 0,00 0,00 0,00 0,00 0,00 0,28 0,07 0,00 0,04 0,04 0,03 0,04 
PODČETRTEK 0,00 0,00 0,00 0,00 0,00 0,00 0,00 0,00 0,00 0,00 0,00 0,00 0,57 0,00 0,04 

GORJE 0,00 0,00 0,00 0,00 0,00 0,00 0,00 0,00 0,00 0,00 0,23 0,00 0,00 0,00 0,02 
ANKARAN         0,00 0,00 0,00 0,00 0,00 0,00 0,00 
BLOKE 0,00 0,00 0,00 0,00 0,00 0,00 0,00 0,00 0,00 0,00 0,00 0,00 0,00 0,00 0,00 
CERKVENJAK 0,00 0,00 0,00 0,00 0,00 0,00 0,00 0,00 0,00 0,00 0,00 0,00 0,00 0,00 0,00 
LOG-
DRAGOMER 0,00 0,00 0,00 0,00 0,00 0,00 0,00 0,00 0,00 0,00 0,00 0,00 0,00 0,00 0,00 
MOKRONOG-
TREBELNO 0,00 0,00 0,00 0,00 0,00 0,00 0,00 0,00 0,00 0,00 0,00 0,00 0,00 0,00 0,00 
OSILNICA 0,00 0,00 0,00 0,00 0,00 0,00 0,00 0,00 0,00 0,00 0,00 0,00 0,00 0,00 0,00 
SREDIŠČE OB 
DRAVI 0,00 0,00 0,00 0,00 0,00 0,00 0,00 0,00 0,00 0,00 0,00 0,00 0,00 0,00 0,00 
ŠENTRUPERT 0,00 0,00 0,00 0,00 0,00 0,00 0,00 0,00 0,00 0,00 0,00 0,00 0,00 0,00 0,00 
ŽETALE 0,00 0,00 0,00 0,00 0,00 0,00 0,00 0,00 0,00 0,00 0,00 0,00 0,00 0,00 0,00 
 
 
Tabela 31: Prihodek iz naslova Prihodki od prodaje poslovnih objektov in poslovnih prostorov (ločeno) (urejeno padajoče glede na povprečje 2007-2020) v 
absolutnih zneskih (v EUR) 
OBČINA 2007 2008 2009 2010 2011 2012 2013 2014 2015 2016 2017 2018 2019 2020 x̄ 
Skupaj občine  11972162 11350370 10310716 6456389 4482927 6785644 10310453 3565860 10884426 10846573 3620035 7857160 5572709 4680834 7764018 
LJUBLJANA 173121 2615360 2645640 760280 1316885 2955944 7896402 2357080 7331150 6604140 1652326 2151150 3193673 1880734 3109563 
MARIBOR 924421 390516,5 734859 1483265 1088206 644388,5 367284 259307,2 1035960 175642,1 369921 803500 295000 634638,9 657636,4 
KOPER 27270 248197,6 74000 88000 570943,2 405238 852043,8 183902 869395 2724208 49020 2622055 86796 26815 630563,1 
CELJE 3451550 1543987 295913 38759 59913,02 172304,9 143436,9 38810 410317 0 93326 23600 16500 0 449172,6 
PIRAN 972458,3 3558,39 2116925 199600 368092,2 62600 23000 35100 185000 0 0 0 0 0 283309,6 
PTUJ 696437,6 685433 271600 78800 220360 64850 0 24831,74 0 44750 0 172740,1 10000 3680 162391,6 
KRŠKO 807278,6 77763 30369 0 0 191925 88000 6782,23 0 0 80000 0 125558,5 84778,36 106603,9 
TRBOVLJE 0 944958,4 232825 21600 49,66 0 78918,5 15520 0 0 0 0 125000 0 101348 
IZOLA 0 0 0 28382 11000 0 23072 0 0 33921 0 545614 340581,2 395000 98397,87 
KRANJ 159338,8 6116 694865,5 443077,1 0 0 0 36000 0 28204,41 0 2705,45 0 0 97879,09 
BOVEC 208242 166005 0 0 0 0 46000 0 250000 0 356960,8 185824,7 0 35500 89180,9 
POSTOJNA 152091,2 1039339 14500 2800 19100 0 0 0 0 0 0 0 0 0 87702,17 
VELENJE 35751,48 12907,23 0 3360,9 0 594182,6 237500 0 0 0 0 0 335556,8 0 87089,93 
LOGATEC 197984,7 271200,1 687360 12670,42 0 0 0 0 0 0 23535 0 0 0 85196,45 
ILIRSKA 
BISTRICA 105435 179800 0 0 0 332728 67720 0 0 0 82882,97 41440 139730 16000 68981,14 
GORENJA VAS-
POLJANE 148900 282798,1 49616,4 342709,4 0 0 0 0 0 0 0 135685 0 0 68550,64 

NOVA GORICA 23938,77 36000 0 96000 18100 42200 0 0 140000 253358,2 176206,9 0 0 148000 66700,28 
GROSUPLJE 130433 0 524712 0 0 66500 60550 0 0 0 0 0 139576,5 0 65840,82 
MURSKA 
SOBOTA 367192,1 0 12744 93425 0 22500 0 79103,52 0 0 0 242860,3 19000 29737,13 61897,29 
IDRIJA 35289 378959,1 44010 0 0 0 0 0 98100 8040 0 0 199010 24406,87 56272,5 
BREŽICE 0 455360,4 0 262188 0 0 0 8690 0 0 5356,49 0 0 0 52256,78 
RAVNE NA 
KOROŠKEM 52001 39074,63 0 0 0 371060,3 0 0 22645,44 0 0 132571,1 0 108070,4 51815,92 
ŠEMPETER-
VRTOJBA 83590 0 0 440000 0 187200 0 0 0 0 0 0 0 0 50770,71 
ŠKOFJA LOKA 575866,3 0 0 0 0 0 0 0 11000 0 50010 2950 27181,31 0 47643,4 
TOLMIN 553776 19800 23200 0 0 0 0 0 3511 3400 0 0 0 0 43120,5 
SEŽANA 0 297440 0 0 0 0 26660 15350 74750 75932 0 0 0 105404 42538,29 
CERKNICA 393456 0 0 0 0 123189 0 0 17565 0 0 0 0 0 38157,86 
DOMŽALE 244812 90586,66 31447,59 37985,63 28918,31 11841,53 4800,91 413,98 0 0 65600 0 0 0 36886,19 
RADOVLJICA 0 0 138250 50000 0 0 0 0 0 0 33820 0 28700 258300 36362,14 
BRDA 62600 40000 100000 0 0 0 0 0 92000 0 0 0 0 193000 34828,57 
ROGAŠKA 
SLATINA 27450 0 0 0 0 0 0 0 0 0 36900 412000 0 0 34025 
SLOVENJ 
GRADEC 34745,04 46359,04 12509,04 12508,88 0 201000 44750 6600 6600 0 92710 0 0 0 32698,71 
PREDDVOR 432000 0 0 0 0 0 0 0 0 0 0 0 0 0 30857,14 
AJDOVŠČINA 2005,48 55515,55 135170 0 0 0 0 0 0 137300 29100 60000 0 3000 30149,36 
ŽALEC 0 0 405013 0 0 0 0 0 0 0 0 0 0 0 28929,5 
LJUTOMER 70561 1091,67 212174 15027,5 0 0 0 0 104726 0 0 0 0 0 28827,16 
SLOVENSKE 
KONJICE 0 213000 0 90000 0 0 0 0 0 0 0 0 0 83500 27607,14 
PIVKA 0 14187,95 0 181915,1 9964,87 0 31920 0 0 0 113244,2 0 0 0 25088,01 
RADLJE OB 
DRAVI 0 0 0 0 0 0 0 304131 0 0 0 0 16886 15500 24036,93 
HRASTNIK 45875 0 135800 58200 0 0 0 0 0 0 0 83448 0 0 23094,5 
LAŠKO 0 0 0 176166,8 62650 0 6000 0 0 0 3300 12060 53680 4100 22711,2 
LENDAVA 0 0 0 257508,1 42064,53 0 0 0 0 0 0 0 15275 0 22489,11 
MUTA 238730 0 0 6709,96 0 39288,67 0 0 0 0 4325 0 0 21820 22205,26 
DESTRNIK 0 0 0 0 0 0 0 0 0 0 93054,89 0 14374,6 149591,4 18358,64 
CERKNO 0 117150 0 0 67125 0 0 0 0 0 0 0 66000 4648,94 18208,85 
JESENICE 0 75259,95 51247 0 60550 27850 0 16256 0 5200 0 0 14350 0 17908,07 
BLED 0 0 0 0 0 0 0 0 0 248145 0 0 0 0 17724,64 

GORNJA 
RADGONA 0 0 0 176020 0 0 0 19218 0 50750 0 0 0 0 17570,57 
KRANJSKA 
GORA 0 91000 0 153001 0 0 0 0 0 0 0 0 0 0 17428,64 
PESNICA 0 0 0 206000 0 0 0 0 0 0 28000 0 0 0 16714,29 
VITANJE 0 0 0 164978,3 0 0 57792,78 0 0 0 0 5310 0 4150 16587,94 
ZAGORJE OB 
SAVI 0 0 198500 0 0 0 0 0 0 0 0 0 0 0 14178,57 
DRAVOGRAD 13767,3 16377,15 8062,98 5665,66 5408,57 5611,15 4014,96 1195,92 48528,26 398,64 0 0 0 89200 14159,33 
MOZIRJE 0 81650 0 0 0 0 0 72291,78 0 40430 0 0 0 0 13883,7 
ŠENTJERNEJ 13710 125505,2 0 0 54200 0 0 0 0 0 0 0 0 0 13815,37 
KOBARID 62991 65525 4340 0 0 28800 6010 2000 0 7580 13430 1078 0 0 13696,71 
ŠMARJE PRI 
JELŠAH 45200 0 0 0 143000 0 0 0 0 0 0 0 0 0 13442,86 
KIDRIČEVO 90572 10000 0 0 0 0 0 0 0 0 0 0 70000 0 12183,71 
LOŠKA DOLINA 0 25000 0 0 0 0 31000 0 0 112000 0 0 0 0 12000 
LITIJA 0 123245,2 0 0 0 0 0 0 0 0 0 0 0 40000 11660,37 
RIBNICA 0 157702 0 0 0 0 0 0 0 0 0 0 0 0 11264,43 
TRŽIČ 32200 0 0 54900 35000 33939 0 0 0 548,08 0 0 0 0 11184,79 
RIBNICA NA 
POHORJU 0 0 148002,8 0 0 0 0 0 0 0 0 0 0 0 10571,63 
SLOVENSKA 
BISTRICA 0 26360 0 0 0 0 0 0 0 34510 51200 32000 3500 0 10540,71 
SEVNICA 656 122,98 0 0 0 0 0 0 25066 85766,15 5220 0 14861 0 9406,581 
KOSTEL 0 78440,7 31000 0 17408 0 800 1150 1300 838,32 0 0 0 0 9352,644 
ČRENŠOVCI 0 0 0 106285,2 16697,31 0 0 0 0 0 0 0 0 0 8784,468 
SVETA ANA 0 0 115993,1 0 0 0 0 0 0 0 0 0 0 0 8285,223 
KANAL 0 0 0 0 115500 0 0 0 0 0 0 0 0 0 8250 
RADEČE 24212 0 0 0 44200 33200 12253,68 0 0 0 0 0 0 0 8133,263 
DOBROVNIK 0 0 0 24925,83 27937,34 0 12677,85 0 47100 0 0 0 0 1010,94 8117,997 
POLJČANE 0 0 0 0 0 0 0 0 0 112500 0 0 0 0 8035,714 
ŽIROVNICA 89417,42 15016,05 0 0 0 0 0 0 0 0 0 0 0 0 7459,534 
ČRNOMELJ 0 0 0 0 0 0 0 0 0 0 0 0 0 100798 7199,854 
KOČEVJE 0 0 0 0 0 95241 0 0 0 0 0 0 0 0 6802,929 
ŽELEZNIKI 0 0 0 0 0 0 0 0 0 11087,52 44512,72 39567 0 0 6797,66 
ŠMARTNO PRI 
LITIJI 0 0 50439,71 0 0 0 0 0 42900 0 0 0 0 0 6667,122 
PODLEHNIK 0 15050 6000 0 200 0 0 0 0 0 0 0 0 65000 6160,714 

KAMNIK 0 0 0 0 0 0 86000 0 0 0 0 0 0 0 6142,857 
APAČE 25240 0 22300 17733,47 6556,3 4149,3 0 0 0 0 0 0 0 9928 6136,219 
MORAVČE 0 0 0 0 0 0 0 0 0 0 0 82096 0 0 5864 
PREVALJE 0 0 0 30076,86 50150 0 0 0 0 0 0 0 0 0 5730,49 
GORNJI GRAD 0 0 0 0 0 0 0 0 0 0 73 0 66200 11300 5540,929 
VIDEM 0 0 0 0 0 0 0 0 0 0 0 0 74360 0 5311,429 
VELIKA POLANA 24706,19 15524,22 5788,85 23985,73 0 0 0 0 0 0 0 0 0 0 5000,356 
ZREČE 31501 0 0 0 0 0 0 0 35500 0 0 0 0 0 4785,786 
MIRNA PEČ 0 0 0 65055,68 0 0 0 0 0 0 0 0 0 0 4646,834 
BELTINCI 0 0 0 0 0 0 0 0 0 0 0 0 19700 40100 4271,429 
KUZMA 0 0 0 24836,16 559,17 0 0 34077,95 0 0 0 0 0 0 4248,091 
DUPLEK 0 0 0 0 0 0 0 0 0 0 0 0 0 58000 4142,857 
PUCONCI 9494,34 9029,62 8739,47 8845,92 9611,34 6216,52 3885,21 109,27 0 0 0 0 0 0 3995,121 
KOZJE 0 30800 0 0 0 0 0 24279,43 0 0 0 0 0 0 3934,245 
ŠTORE 0 50050 0 0 0 0 0 0 0 0 0 0 0 0 3575 
VRANSKO 31,6 0 0 0 0 50000 0 0 0 0 0 0 0 0 3573,686 
NAZARJE 0 0 0 0 0 0 0 0 0 0 49000 0 0 0 3500 
LOVRENC NA 
POHORJU 47500 0 0 0 0 0 0 0 0 0 0 0 0 0 3392,857 
KOBILJE 0 0 0 10446,47 2352,44 0 0 0 0 33701,64 0 0 0 0 3321,468 
ORMOŽ 0 0 0 0 0 0 0 0 0 0 0 0 33686 7000 2906,143 
LENART 0 0 0 0 0 0 22700 0 16312 0 0 0 0 0 2786,571 
TRNOVSKA VAS 0 37480 0 0 0 0 0 0 0 0 0 0 0 0 2677,143 
ROGAŠOVCI 0 0 36800 0 0 0 0 0 0 0 0 0 0 0 2628,571 
VIPAVA 0 0 0 0 0 0 35926,63 0 0 0 0 0 0 0 2566,188 
ODRANCI 0 0 0 29364,27 6225,38 0 0 0 0 0 0 0 0 0 2542,118 
RUŠE 0 0 0 34235 0 0 0 0 0 0 0 0 0 0 2445,357 
VOJNIK 0 28767 0 0 0 0 0 0 0 0 0 0 0 3972 2338,5 
ČRNA NA 
KOROŠKEM 0 0 0 0 0 0 0 0 0 0 0 29405 0 0 2100,357 
CIRKULANE 0 0 0 0 0 0 0 0 15000 14100 0 0 0 0 2078,571 
SODRAŽICA 0 0 0 0 0 0 28334 0 0 0 0 0 0 0 2023,857 
RAZKRIŽJE 0 0 0 0 0 0 0 0 0 0 0 0 27973,06 0 1998,076 
ŠOŠTANJ 0 0 0 0 0 0 0 0 0 0 0 25200 0 0 1800 
RADENCI 0 0 0 0 0 0 0 0 0 0 0 0 0 24150 1725 
DOBRNA 19000 0 0 0 0 0 0 0 0 0 0 0 0 0 1357,143 

STARŠE 0 0 0 18453,5 0 0 0 0 0 0 0 0 0 0 1318,107 
TRZIN 0 0 0 0 0 0 0 18110 0 0 0 0 0 0 1293,571 
BOROVNICA 0 0 0 0 0 0 0 0 0 0 17000 0 0 0 1214,286 
BRASLOVČE 0 0 0 16691,7 0 0 0 0 0 0 0 0 0 0 1192,264 
MIREN-
KOSTANJEVICA 0 0 0 0 0 0 0 0 0 0 0 12300 0 0 878,5714 
ŠMARJEŠKE 
TOPLICE 0 0 0 0 0 11696,2 0 0 0 0 0 0 0 0 835,4429 
LOŠKI POTOK 0 0 0 0 0 0 11000 0 0 0 0 0 0 0 785,7143 
GORNJI 
PETROVCI 0 0 0 0 4000 0 0 5550 0 0 0 0 0 0 682,1429 
OPLOTNICA 5826 0 0 0 0 0 0 0 0 0 0 0 0 0 416,1429 
PODVELKA 0 0 0 3949,28 0 0 0 0 0 0 0 0 0 0 282,0914 
ROGATEC 1537 0 0 0 0 0 0 0 0 121,3 0 0 0 0 118,45 
ANKARAN         0 0 0 0 0 0 0 
BENEDIKT 0 0 0 0 0 0 0 0 0 0 0 0 0 0 0 
BISTRICA OB 
SOTLI 0 0 0 0 0 0 0 0 0 0 0 0 0 0 0 
BLOKE 0 0 0 0 0 0 0 0 0 0 0 0 0 0 0 
BOHINJ 0 0 0 0 0 0 0 0 0 0 0 0 0 0 0 
BREZOVICA 0 0 0 0 0 0 0 0 0 0 0 0 0 0 0 
CANKOVA 0 0 0 0 0 0 0 0 0 0 0 0 0 0 0 
CERKLJE NA 
GORENJSKEM 0 0 0 0 0 0 0 0 0 0 0 0 0 0 0 
CERKVENJAK 0 0 0 0 0 0 0 0 0 0 0 0 0 0 0 
DIVAČA 0 0 0 0 0 0 0 0 0 0 0 0 0 0 0 
DOBJE 0 0 0 0 0 0 0 0 0 0 0 0 0 0 0 
DOBREPOLJE 0 0 0 0 0 0 0 0 0 0 0 0 0 0 0 
DOBROVA-
POLHOV 
GRADEC 0 0 0 0 0 0 0 0 0 0 0 0 0 0 0 
DOL PRI 
LJUBLJANI 0 0 0 0 0 0 0 0 0 0 0 0 0 0 0 
DOLENJSKE 
TOPLICE 0 0 0 0 0 0 0 0 0 0 0 0 0 0 0 
DORNAVA 0 0 0 0 0 0 0 0 0 0 0 0 0 0 0 
GORIŠNICA 0 0 0 0 0 0 0 0 0 0 0 0 0 0 0 
GORJE 0 0 0 0 0 0 0 0 0 0 0 0 0 0 0 
GRAD 0 0 0 0 0 0 0 0 0 0 0 0 0 0 0 

HAJDINA 0 0 0 0 0 0 0 0 0 0 0 0 0 0 0 
HOČE-SLIVNICA 0 0 0 0 0 0 0 0 0 0 0 0 0 0 0 
HODOŠ 0 0 0 0 0 0 0 0 0 0 0 0 0 0 0 
HORJUL 0 0 0 0 0 0 0 0 0 0 0 0 0 0 0 
HRPELJE-
KOZINA 0 0 0 0 0 0 0 0 0 0 0 0 0 0 0 
IG 0 0 0 0 0 0 0 0 0 0 0 0 0 0 0 
IVANČNA 
GORICA 0 0 0 0 0 0 0 0 0 0 0 0 0 0 0 
JEZERSKO 0 0 0 0 0 0 0 0 0 0 0 0 0 0 0 
JURŠINCI 0 0 0 0 0 0 0 0 0 0 0 0 0 0 0 
KOMEN 0 0 0 0 0 0 0 0 0 0 0 0 0 0 0 
KOMENDA 0 0 0 0 0 0 0 0 0 0 0 0 0 0 0 
KOSTANJEVICA 
NA KRKI 0 0 0 0 0 0 0 0 0 0 0 0 0 0 0 
KRIŽEVCI 0 0 0 0 0 0 0 0 0 0 0 0 0 0 0 
KUNGOTA 0 0 0 0 0 0 0 0 0 0 0 0 0 0 0 
LJUBNO 0 0 0 0 0 0 0 0 0 0 0 0 0 0 0 
LOG-
DRAGOMER 0 0 0 0 0 0 0 0 0 0 0 0 0 0 0 
LUČE 0 0 0 0 0 0 0 0 0 0 0 0 0 0 0 
LUKOVICA 0 0 0 0 0 0 0 0 0 0 0 0 0 0 0 
MAJŠPERK 0 0 0 0 0 0 0 0 0 0 0 0 0 0 0 
MAKOLE 0 0 0 0 0 0 0 0 0 0 0 0 0 0 0 
MARKOVCI 0 0 0 0 0 0 0 0 0 0 0 0 0 0 0 
MEDVODE 0 0 0 0 0 0 0 0 0 0 0 0 0 0 0 
MENGEŠ 0 0 0 0 0 0 0 0 0 0 0 0 0 0 0 
METLIKA 0 0 0 0 0 0 0 0 0 0 0 0 0 0 0 
MEŽICA 0 0 0 0 0 0 0 0 0 0 0 0 0 0 0 
MIKLAVŽ NA 
DRAVSKEM 
POLJU 0 0 0 0 0 0 0 0 0 0 0 0 0 0 0 
MIRNA     0 0 0 0 0 0 0 0 0 0 0 
MISLINJA 0 0 0 0 0 0 0 0 0 0 0 0 0 0 0 
MOKRONOG-
TREBELNO 0 0 0 0 0 0 0 0 0 0 0 0 0 0 0 
MORAVSKE 
TOPLICE 0 0 0 0 0 0 0 0 0 0 0 0 0 0 0 

NAKLO 0 0 0 0 0 0 0 0 0 0 0 0 0 0 0 
NOVO MESTO 0 0 0 0 0 0 0 0 0 0 0 0 0 0 0 
OSILNICA 0 0 0 0 0 0 0 0 0 0 0 0 0 0 0 
PODČETRTEK 0 0 0 0 0 0 0 0 0 0 0 0 0 0 0 
POLZELA 0 0 0 0 0 0 0 0 0 0 0 0 0 0 0 
PREBOLD 0 0 0 0 0 0 0 0 0 0 0 0 0 0 0 
RAČE-FRAM 0 0 0 0 0 0 0 0 0 0 0 0 0 0 0 
REČICA OB 
SAVINJI 0 0 0 0 0 0 0 0 0 0 0 0 0 0 0 
RENČE-
VOGRSKO 0 0 0 0 0 0 0 0 0 0 0 0 0 0 0 
SELNICA OB 
DRAVI 0 0 0 0 0 0 0 0 0 0 0 0 0 0 0 
SEMIČ 0 0 0 0 0 0 0 0 0 0 0 0 0 0 0 
SOLČAVA 0 0 0 0 0 0 0 0 0 0 0 0 0 0 0 
SREDIŠČE OB 
DRAVI 0 0 0 0 0 0 0 0 0 0 0 0 0 0 0 
STRAŽA 0 0 0 0 0 0 0 0 0 0 0 0 0 0 0 
SV. TROJICA V 
SLOVENSKIH 
GORICAH 0 0 0 0 0 0 0 0 0 0 0 0 0 0 0 
SV. ANDRAŽ V 
SLOVENSKIH 
GORICAH 0 0 0 0 0 0 0 0 0 0 0 0 0 0 0 
SVETI JURIJ 0 0 0 0 0 0 0 0 0 0 0 0 0 0 0 
SV. JURIJ V 
SLOVENSKIH 
GORICAH 0 0 0 0 0 0 0 0 0 0 0 0 0 0 0 
SVETI TOMAŽ 0 0 0 0 0 0 0 0 0 0 0 0 0 0 0 
ŠALOVCI 0 0 0 0 0 0 0 0 0 0 0 0 0 0 0 
ŠENČUR 0 0 0 0 0 0 0 0 0 0 0 0 0 0 0 
ŠENTILJ 0 0 0 0 0 0 0 0 0 0 0 0 0 0 0 
ŠENTJUR 0 0 0 0 0 0 0 0 0 0 0 0 0 0 0 
ŠENTRUPERT 0 0 0 0 0 0 0 0 0 0 0 0 0 0 0 
ŠKOCJAN 0 0 0 0 0 0 0 0 0 0 0 0 0 0 0 
ŠKOFLJICA 0 0 0 0 0 0 0 0 0 0 0 0 0 0 0 
ŠMARTNO OB 
PAKI 0 0 0 0 0 0 0 0 0 0 0 0 0 0 0 
TABOR 0 0 0 0 0 0 0 0 0 0 0 0 0 0 0 

TIŠINA 0 0 0 0 0 0 0 0 0 0 0 0 0 0 0 
TREBNJE 0 0 0 0 0 0 0 0 0 0 0 0 0 0 0 
TURNIŠČE 0 0 0 0 0 0 0 0 0 0 0 0 0 0 0 
VELIKE LAŠČE 0 0 0 0 0 0 0 0 0 0 0 0 0 0 0 
VERŽEJ 0 0 0 0 0 0 0 0 0 0 0 0 0 0 0 
VODICE 0 0 0 0 0 0 0 0 0 0 0 0 0 0 0 
VRHNIKA 0 0 0 0 0 0 0 0 0 0 0 0 0 0 0 
VUZENICA 0 0 0 0 0 0 0 0 0 0 0 0 0 0 0 
ZAVRČ 0 0 0 0 0 0 0 0 0 0 0 0 0 0 0 
ŽETALE 0 0 0 0 0 0 0 0 0 0 0 0 0 0 0 
ŽIRI 0 0 0 0 0 0 0 0 0 0 0 0 0 0 0 
ŽUŽEMBERK 0 0 0 0 0 0 0 0 0 0 0 0 0 0 0 
 
 
Tabela 32: Prihodek iz naslova Prihodki od prodaje poslovnih objektov in poslovnih prostorov (ločeno) (urejeno padajoče glede na povprečje 2007-2020) na 
prebivalca (v EUR) 
OBČINA 2007 2008 2009 2010 2011 2012 2013 2014 2015 2016 2017 2018 2019 2020 x̄ 
BOVEC 66,02 52,63 0,00 0,00 0,00 0,00 14,58 0,00 79,26 0,00 113,18 58,92 0,00 11,26 28,28 
PIRAN 56,32 0,21 122,59 11,56 21,32 3,63 1,33 2,03 10,71 0,00 0,00 0,00 0,00 0,00 16,41 
KOSTEL 0,00 119,39 47,18 0,00 26,50 0,00 1,22 1,75 1,98 1,28 0,00 0,00 0,00 0,00 14,24 
KOPER 0,54 4,92 1,47 1,74 11,32 8,03 16,89 3,65 17,23 54,00 0,97 51,98 1,72 0,53 12,50 
LJUBLJANA 0,63 9,58 9,69 2,78 4,82 10,82 28,91 8,63 26,85 24,18 6,05 7,88 11,69 6,89 11,39 
CELJE 70,95 31,74 6,08 0,80 1,23 3,54 2,95 0,80 8,43 0,00 1,92 0,49 0,34 0,00 9,23 
RIBNICA NA 
POHORJU 0,00 0,00 125,64 0,00 0,00 0,00 0,00 0,00 0,00 0,00 0,00 0,00 0,00 0,00 8,97 
GORENJA VAS-
POLJANE 19,34 36,73 6,44 44,51 0,00 0,00 0,00 0,00 0,00 0,00 0,00 17,62 0,00 0,00 8,90 
PREDDVOR 120,30 0,00 0,00 0,00 0,00 0,00 0,00 0,00 0,00 0,00 0,00 0,00 0,00 0,00 8,59 
ŠEMPETER-
VRTOJBA 13,41 0,00 0,00 70,60 0,00 30,04 0,00 0,00 0,00 0,00 0,00 0,00 0,00 0,00 8,15 
VITANJE 0,00 0,00 0,00 73,13 0,00 0,00 25,62 0,00 0,00 0,00 0,00 2,35 0,00 1,84 7,35 
PTUJ 30,49 30,00 11,89 3,45 9,65 2,84 0,00 1,09 0,00 1,96 0,00 7,56 0,44 0,16 7,11 
DESTRNIK 0,00 0,00 0,00 0,00 0,00 0,00 0,00 0,00 0,00 0,00 35,26 0,00 5,45 56,68 6,96 
MUTA 67,99 0,00 0,00 1,91 0,00 11,19 0,00 0,00 0,00 0,00 1,23 0,00 0,00 6,21 6,32 
MARIBOR 8,76 3,70 6,97 14,06 10,32 6,11 3,48 2,46 9,82 1,67 3,51 7,62 2,80 6,02 6,23 
TRBOVLJE 0,00 57,83 14,25 1,32 0,00 0,00 4,83 0,95 0,00 0,00 0,00 0,00 7,65 0,00 6,20 

IZOLA 0,00 0,00 0,00 1,79 0,69 0,00 1,45 0,00 0,00 2,14 0,00 34,34 21,44 24,86 6,19 
BRDA 10,97 7,01 17,52 0,00 0,00 0,00 0,00 0,00 16,11 0,00 0,00 0,00 0,00 33,81 6,10 
LOGATEC 14,17 19,41 49,19 0,91 0,00 0,00 0,00 0,00 0,00 0,00 1,68 0,00 0,00 0,00 6,10 
DOBROVNIK 0,00 0,00 0,00 18,64 20,90 0,00 9,48 0,00 35,23 0,00 0,00 0,00 0,00 0,76 6,07 
KOBILJE 0,00 0,00 0,00 18,56 4,18 0,00 0,00 0,00 0,00 59,86 0,00 0,00 0,00 0,00 5,90 
POSTOJNA 9,48 64,80 0,90 0,17 1,19 0,00 0,00 0,00 0,00 0,00 0,00 0,00 0,00 0,00 5,47 
ILIRSKA 
BISTRICA 7,87 13,43 0,00 0,00 0,00 24,85 5,06 0,00 0,00 0,00 6,19 3,09 10,43 1,19 5,15 
IDRIJA 3,03 32,55 3,78 0,00 0,00 0,00 0,00 0,00 8,43 0,69 0,00 0,00 17,09 2,10 4,83 
RAVNE NA 
KOROŠKEM 4,54 3,41 0,00 0,00 0,00 32,39 0,00 0,00 1,98 0,00 0,00 11,57 0,00 9,43 4,52 
KRŠKO 30,66 2,95 1,15 0,00 0,00 7,29 3,34 0,26 0,00 0,00 3,04 0,00 4,77 3,22 4,05 
PIVKA 0,00 2,27 0,00 29,16 1,60 0,00 5,12 0,00 0,00 0,00 18,15 0,00 0,00 0,00 4,02 
RADLJE OB 
DRAVI 0,00 0,00 0,00 0,00 0,00 0,00 0,00 49,59 0,00 0,00 0,00 0,00 2,75 2,53 3,92 
TOLMIN 49,36 1,76 2,07 0,00 0,00 0,00 0,00 0,00 0,31 0,30 0,00 0,00 0,00 0,00 3,84 
CERKNO 0,00 24,49 0,00 0,00 14,03 0,00 0,00 0,00 0,00 0,00 0,00 0,00 13,80 0,97 3,81 
Skupaj občine  5,83 5,53 5,02 3,14 2,18 3,30 5,02 1,74 5,30 5,28 1,76 3,83 2,71 2,28 3,78 
SVETA ANA 0,00 0,00 50,96 0,00 0,00 0,00 0,00 0,00 0,00 0,00 0,00 0,00 0,00 0,00 3,64 
VELIKA POLANA 17,58 11,05 4,12 17,07 0,00 0,00 0,00 0,00 0,00 0,00 0,00 0,00 0,00 0,00 3,56 
PODLEHNIK 0,00 8,22 3,28 0,00 0,11 0,00 0,00 0,00 0,00 0,00 0,00 0,00 0,00 35,52 3,37 
SEŽANA 0,00 23,57 0,00 0,00 0,00 0,00 2,11 1,22 5,92 6,02 0,00 0,00 0,00 8,35 3,37 
KRANJSKA 
GORA 0,00 17,48 0,00 29,39 0,00 0,00 0,00 0,00 0,00 0,00 0,00 0,00 0,00 0,00 3,35 
CERKNICA 34,27 0,00 0,00 0,00 0,00 10,73 0,00 0,00 1,53 0,00 0,00 0,00 0,00 0,00 3,32 
MOZIRJE 0,00 19,42 0,00 0,00 0,00 0,00 0,00 17,20 0,00 9,62 0,00 0,00 0,00 0,00 3,30 
KOBARID 14,94 15,55 1,03 0,00 0,00 6,83 1,43 0,47 0,00 1,80 3,19 0,26 0,00 0,00 3,25 
MURSKA 
SOBOTA 19,27 0,00 0,67 4,90 0,00 1,18 0,00 4,15 0,00 0,00 0,00 12,75 1,00 1,56 3,25 
GROSUPLJE 6,40 0,00 25,75 0,00 0,00 3,26 2,97 0,00 0,00 0,00 0,00 0,00 6,85 0,00 3,23 
LOŠKA DOLINA 0,00 6,74 0,00 0,00 0,00 0,00 8,35 0,00 0,00 30,18 0,00 0,00 0,00 0,00 3,23 
ROGAŠKA 
SLATINA 2,45 0,00 0,00 0,00 0,00 0,00 0,00 0,00 0,00 0,00 3,30 36,82 0,00 0,00 3,04 
KUZMA 0,00 0,00 0,00 15,75 0,35 0,00 0,00 21,61 0,00 0,00 0,00 0,00 0,00 0,00 2,69 
VELENJE 1,09 0,39 0,00 0,10 0,00 18,06 7,22 0,00 0,00 0,00 0,00 0,00 10,20 0,00 2,65 
LJUTOMER 6,18 0,10 18,59 1,32 0,00 0,00 0,00 0,00 9,18 0,00 0,00 0,00 0,00 0,00 2,53 
HRASTNIK 4,96 0,00 14,69 6,29 0,00 0,00 0,00 0,00 0,00 0,00 0,00 9,02 0,00 0,00 2,50 
PESNICA 0,00 0,00 0,00 28,12 0,00 0,00 0,00 0,00 0,00 0,00 3,82 0,00 0,00 0,00 2,28 

BLED 0,00 0,00 0,00 0,00 0,00 0,00 0,00 0,00 0,00 31,38 0,00 0,00 0,00 0,00 2,24 
GORNJI GRAD 0,00 0,00 0,00 0,00 0,00 0,00 0,00 0,00 0,00 0,00 0,03 0,00 26,77 4,57 2,24 
ČRENŠOVCI 0,00 0,00 0,00 26,17 4,11 0,00 0,00 0,00 0,00 0,00 0,00 0,00 0,00 0,00 2,16 
BREŽICE 0,00 18,75 0,00 10,79 0,00 0,00 0,00 0,36 0,00 0,00 0,22 0,00 0,00 0,00 2,15 
LENDAVA 0,00 0,00 0,00 24,61 4,02 0,00 0,00 0,00 0,00 0,00 0,00 0,00 1,46 0,00 2,15 
NOVA GORICA 0,76 1,15 0,00 3,06 0,58 1,35 0,00 0,00 4,47 8,09 5,62 0,00 0,00 4,72 2,13 
GORNJA 
RADGONA 0,00 0,00 0,00 20,79 0,00 0,00 0,00 2,27 0,00 5,99 0,00 0,00 0,00 0,00 2,08 
ŠKOFJA LOKA 25,03 0,00 0,00 0,00 0,00 0,00 0,00 0,00 0,48 0,00 2,17 0,13 1,18 0,00 2,07 
TRNOVSKA VAS 0,00 27,24 0,00 0,00 0,00 0,00 0,00 0,00 0,00 0,00 0,00 0,00 0,00 0,00 1,95 
RADOVLJICA 0,00 0,00 7,34 2,66 0,00 0,00 0,00 0,00 0,00 0,00 1,80 0,00 1,52 13,72 1,93 
SLOVENJ 
GRADEC 2,05 2,73 0,74 0,74 0,00 11,85 2,64 0,39 0,39 0,00 5,47 0,00 0,00 0,00 1,93 
ŠENTJERNEJ 1,87 17,12 0,00 0,00 7,39 0,00 0,00 0,00 0,00 0,00 0,00 0,00 0,00 0,00 1,88 
KIDRIČEVO 13,87 1,53 0,00 0,00 0,00 0,00 0,00 0,00 0,00 0,00 0,00 0,00 10,72 0,00 1,87 
SLOVENSKE 
KONJICE 0,00 14,42 0,00 6,09 0,00 0,00 0,00 0,00 0,00 0,00 0,00 0,00 0,00 5,65 1,87 
POLJČANE 0,00 0,00 0,00 0,00 0,00 0,00 0,00 0,00 0,00 26,11 0,00 0,00 0,00 0,00 1,86 
RADEČE 5,55 0,00 0,00 0,00 10,12 7,60 2,81 0,00 0,00 0,00 0,00 0,00 0,00 0,00 1,86 
KRANJ 2,87 0,11 12,50 7,97 0,00 0,00 0,00 0,65 0,00 0,51 0,00 0,05 0,00 0,00 1,76 
LAŠKO 0,00 0,00 0,00 13,32 4,74 0,00 0,45 0,00 0,00 0,00 0,25 0,91 4,06 0,31 1,72 
APAČE 7,03 0,00 6,21 4,94 1,83 1,16 0,00 0,00 0,00 0,00 0,00 0,00 0,00 2,76 1,71 
ŽIROVNICA 19,70 3,31 0,00 0,00 0,00 0,00 0,00 0,00 0,00 0,00 0,00 0,00 0,00 0,00 1,64 
DRAVOGRAD 1,58 1,88 0,92 0,65 0,62 0,64 0,46 0,14 5,56 0,05 0,00 0,00 0,00 10,22 1,62 
RAZKRIŽJE 0,00 0,00 0,00 0,00 0,00 0,00 0,00 0,00 0,00 0,00 0,00 0,00 21,92 0,00 1,57 
AJDOVŠČINA 0,10 2,85 6,94 0,00 0,00 0,00 0,00 0,00 0,00 7,05 1,49 3,08 0,00 0,15 1,55 
MIRNA PEČ 0,00 0,00 0,00 21,25 0,00 0,00 0,00 0,00 0,00 0,00 0,00 0,00 0,00 0,00 1,52 
ODRANCI 0,00 0,00 0,00 17,59 3,73 0,00 0,00 0,00 0,00 0,00 0,00 0,00 0,00 0,00 1,52 
KANAL 0,00 0,00 0,00 0,00 21,08 0,00 0,00 0,00 0,00 0,00 0,00 0,00 0,00 0,00 1,51 
VRANSKO 0,01 0,00 0,00 0,00 0,00 19,05 0,00 0,00 0,00 0,00 0,00 0,00 0,00 0,00 1,36 
ŽALEC 0,00 0,00 18,81 0,00 0,00 0,00 0,00 0,00 0,00 0,00 0,00 0,00 0,00 0,00 1,34 
NAZARJE 0,00 0,00 0,00 0,00 0,00 0,00 0,00 0,00 0,00 0,00 18,37 0,00 0,00 0,00 1,31 
ŠMARJE PRI 
JELŠAH 4,34 0,00 0,00 0,00 13,73 0,00 0,00 0,00 0,00 0,00 0,00 0,00 0,00 0,00 1,29 
KOZJE 0,00 9,56 0,00 0,00 0,00 0,00 0,00 7,53 0,00 0,00 0,00 0,00 0,00 0,00 1,22 
RIBNICA 0,00 16,75 0,00 0,00 0,00 0,00 0,00 0,00 0,00 0,00 0,00 0,00 0,00 0,00 1,20 

ŠMARTNO PRI 
LITIJI 0,00 0,00 9,11 0,00 0,00 0,00 0,00 0,00 7,75 0,00 0,00 0,00 0,00 0,00 1,20 
LOVRENC NA 
POHORJU 15,48 0,00 0,00 0,00 0,00 0,00 0,00 0,00 0,00 0,00 0,00 0,00 0,00 0,00 1,11 
MORAVČE 0,00 0,00 0,00 0,00 0,00 0,00 0,00 0,00 0,00 0,00 0,00 15,03 0,00 0,00 1,07 
DOMŽALE 6,80 2,52 0,87 1,06 0,80 0,33 0,13 0,01 0,00 0,00 1,82 0,00 0,00 0,00 1,02 
ŽELEZNIKI 0,00 0,00 0,00 0,00 0,00 0,00 0,00 0,00 0,00 1,62 6,49 5,77 0,00 0,00 0,99 
VIDEM 0,00 0,00 0,00 0,00 0,00 0,00 0,00 0,00 0,00 0,00 0,00 0,00 13,38 0,00 0,96 
CIRKULANE 0,00 0,00 0,00 0,00 0,00 0,00 0,00 0,00 6,41 6,03 0,00 0,00 0,00 0,00 0,89 
SODRAŽICA 0,00 0,00 0,00 0,00 0,00 0,00 12,45 0,00 0,00 0,00 0,00 0,00 0,00 0,00 0,89 
JESENICE 0,00 3,62 2,47 0,00 2,91 1,34 0,00 0,78 0,00 0,25 0,00 0,00 0,69 0,00 0,86 
PREVALJE 0,00 0,00 0,00 4,48 7,48 0,00 0,00 0,00 0,00 0,00 0,00 0,00 0,00 0,00 0,85 
ZAGORJE OB 
SAVI 0,00 0,00 11,87 0,00 0,00 0,00 0,00 0,00 0,00 0,00 0,00 0,00 0,00 0,00 0,85 
ROGAŠOVCI 0,00 0,00 11,45 0,00 0,00 0,00 0,00 0,00 0,00 0,00 0,00 0,00 0,00 0,00 0,82 
ŠTORE 0,00 11,45 0,00 0,00 0,00 0,00 0,00 0,00 0,00 0,00 0,00 0,00 0,00 0,00 0,82 
LITIJA 0,00 8,01 0,00 0,00 0,00 0,00 0,00 0,00 0,00 0,00 0,00 0,00 0,00 2,60 0,76 
TRŽIČ 2,15 0,00 0,00 3,66 2,33 2,26 0,00 0,00 0,00 0,04 0,00 0,00 0,00 0,00 0,75 
ZREČE 4,87 0,00 0,00 0,00 0,00 0,00 0,00 0,00 5,49 0,00 0,00 0,00 0,00 0,00 0,74 
ČRNA NA 
KOROŠKEM 0,00 0,00 0,00 0,00 0,00 0,00 0,00 0,00 0,00 0,00 0,00 9,30 0,00 0,00 0,66 
PUCONCI 1,56 1,49 1,44 1,46 1,58 1,02 0,64 0,02 0,00 0,00 0,00 0,00 0,00 0,00 0,66 
DOBRNA 8,64 0,00 0,00 0,00 0,00 0,00 0,00 0,00 0,00 0,00 0,00 0,00 0,00 0,00 0,62 
DUPLEK 0,00 0,00 0,00 0,00 0,00 0,00 0,00 0,00 0,00 0,00 0,00 0,00 0,00 8,26 0,59 
SEVNICA 0,04 0,01 0,00 0,00 0,00 0,00 0,00 0,00 1,44 4,92 0,30 0,00 0,85 0,00 0,54 
BELTINCI 0,00 0,00 0,00 0,00 0,00 0,00 0,00 0,00 0,00 0,00 0,00 0,00 2,35 4,79 0,51 
ČRNOMELJ 0,00 0,00 0,00 0,00 0,00 0,00 0,00 0,00 0,00 0,00 0,00 0,00 0,00 7,02 0,50 
VIPAVA 0,00 0,00 0,00 0,00 0,00 0,00 6,39 0,00 0,00 0,00 0,00 0,00 0,00 0,00 0,46 
KOČEVJE 0,00 0,00 0,00 0,00 0,00 6,02 0,00 0,00 0,00 0,00 0,00 0,00 0,00 0,00 0,43 
LOŠKI POTOK 0,00 0,00 0,00 0,00 0,00 0,00 6,02 0,00 0,00 0,00 0,00 0,00 0,00 0,00 0,43 
SLOVENSKA 
BISTRICA 0,00 1,02 0,00 0,00 0,00 0,00 0,00 0,00 0,00 1,34 1,99 1,24 0,14 0,00 0,41 
LENART 0,00 0,00 0,00 0,00 0,00 0,00 2,87 0,00 2,06 0,00 0,00 0,00 0,00 0,00 0,35 
GORNJI 
PETROVCI 0,00 0,00 0,00 0,00 1,97 0,00 0,00 2,73 0,00 0,00 0,00 0,00 0,00 0,00 0,34 
RADENCI 0,00 0,00 0,00 0,00 0,00 0,00 0,00 0,00 0,00 0,00 0,00 0,00 0,00 4,72 0,34 
RUŠE 0,00 0,00 0,00 4,72 0,00 0,00 0,00 0,00 0,00 0,00 0,00 0,00 0,00 0,00 0,34 
TRZIN 0,00 0,00 0,00 0,00 0,00 0,00 0,00 4,74 0,00 0,00 0,00 0,00 0,00 0,00 0,34 

STARŠE 0,00 0,00 0,00 4,49 0,00 0,00 0,00 0,00 0,00 0,00 0,00 0,00 0,00 0,00 0,32 
BOROVNICA 0,00 0,00 0,00 0,00 0,00 0,00 0,00 0,00 0,00 0,00 3,77 0,00 0,00 0,00 0,27 
VOJNIK 0,00 3,18 0,00 0,00 0,00 0,00 0,00 0,00 0,00 0,00 0,00 0,00 0,00 0,44 0,26 
ŠMARJEŠKE 
TOPLICE 0,00 0,00 0,00 0,00 0,00 3,49 0,00 0,00 0,00 0,00 0,00 0,00 0,00 0,00 0,25 
ORMOŽ 0,00 0,00 0,00 0,00 0,00 0,00 0,00 0,00 0,00 0,00 0,00 0,00 2,76 0,57 0,24 
BRASLOVČE 0,00 0,00 0,00 2,90 0,00 0,00 0,00 0,00 0,00 0,00 0,00 0,00 0,00 0,00 0,21 
KAMNIK 0,00 0,00 0,00 0,00 0,00 0,00 2,94 0,00 0,00 0,00 0,00 0,00 0,00 0,00 0,21 
ŠOŠTANJ 0,00 0,00 0,00 0,00 0,00 0,00 0,00 0,00 0,00 0,00 0,00 2,92 0,00 0,00 0,21 
MIREN-
KOSTANJEVICA 0,00 0,00 0,00 0,00 0,00 0,00 0,00 0,00 0,00 0,00 0,00 2,49 0,00 0,00 0,18 
PODVELKA 0,00 0,00 0,00 1,64 0,00 0,00 0,00 0,00 0,00 0,00 0,00 0,00 0,00 0,00 0,12 
OPLOTNICA 1,38 0,00 0,00 0,00 0,00 0,00 0,00 0,00 0,00 0,00 0,00 0,00 0,00 0,00 0,10 
ROGATEC 0,49 0,00 0,00 0,00 0,00 0,00 0,00 0,00 0,00 0,04 0,00 0,00 0,00 0,00 0,04 
ANKARAN         0,00 0,00 0,00 0,00 0,00 0,00 0,00 
BENEDIKT 0,00 0,00 0,00 0,00 0,00 0,00 0,00 0,00 0,00 0,00 0,00 0,00 0,00 0,00 0,00 
BISTRICA OB 
SOTLI 0,00 0,00 0,00 0,00 0,00 0,00 0,00 0,00 0,00 0,00 0,00 0,00 0,00 0,00 0,00 
BLOKE 0,00 0,00 0,00 0,00 0,00 0,00 0,00 0,00 0,00 0,00 0,00 0,00 0,00 0,00 0,00 
BOHINJ 0,00 0,00 0,00 0,00 0,00 0,00 0,00 0,00 0,00 0,00 0,00 0,00 0,00 0,00 0,00 
BREZOVICA 0,00 0,00 0,00 0,00 0,00 0,00 0,00 0,00 0,00 0,00 0,00 0,00 0,00 0,00 0,00 
CANKOVA 0,00 0,00 0,00 0,00 0,00 0,00 0,00 0,00 0,00 0,00 0,00 0,00 0,00 0,00 0,00 
CERKLJE NA 
GORENJSKEM 0,00 0,00 0,00 0,00 0,00 0,00 0,00 0,00 0,00 0,00 0,00 0,00 0,00 0,00 0,00 
CERKVENJAK 0,00 0,00 0,00 0,00 0,00 0,00 0,00 0,00 0,00 0,00 0,00 0,00 0,00 0,00 0,00 
DIVAČA 0,00 0,00 0,00 0,00 0,00 0,00 0,00 0,00 0,00 0,00 0,00 0,00 0,00 0,00 0,00 
DOBJE 0,00 0,00 0,00 0,00 0,00 0,00 0,00 0,00 0,00 0,00 0,00 0,00 0,00 0,00 0,00 
DOBREPOLJE 0,00 0,00 0,00 0,00 0,00 0,00 0,00 0,00 0,00 0,00 0,00 0,00 0,00 0,00 0,00 
DOBROVA-
POLHOV 
GRADEC 0,00 0,00 0,00 0,00 0,00 0,00 0,00 0,00 0,00 0,00 0,00 0,00 0,00 0,00 0,00 
DOL PRI 
LJUBLJANI 0,00 0,00 0,00 0,00 0,00 0,00 0,00 0,00 0,00 0,00 0,00 0,00 0,00 0,00 0,00 
DOLENJSKE 
TOPLICE 0,00 0,00 0,00 0,00 0,00 0,00 0,00 0,00 0,00 0,00 0,00 0,00 0,00 0,00 0,00 
DORNAVA 0,00 0,00 0,00 0,00 0,00 0,00 0,00 0,00 0,00 0,00 0,00 0,00 0,00 0,00 0,00 
GORIŠNICA 0,00 0,00 0,00 0,00 0,00 0,00 0,00 0,00 0,00 0,00 0,00 0,00 0,00 0,00 0,00 
GORJE 0,00 0,00 0,00 0,00 0,00 0,00 0,00 0,00 0,00 0,00 0,00 0,00 0,00 0,00 0,00 

GRAD 0,00 0,00 0,00 0,00 0,00 0,00 0,00 0,00 0,00 0,00 0,00 0,00 0,00 0,00 0,00 
HAJDINA 0,00 0,00 0,00 0,00 0,00 0,00 0,00 0,00 0,00 0,00 0,00 0,00 0,00 0,00 0,00 
HOČE-SLIVNICA 0,00 0,00 0,00 0,00 0,00 0,00 0,00 0,00 0,00 0,00 0,00 0,00 0,00 0,00 0,00 
HODOŠ 0,00 0,00 0,00 0,00 0,00 0,00 0,00 0,00 0,00 0,00 0,00 0,00 0,00 0,00 0,00 
HORJUL 0,00 0,00 0,00 0,00 0,00 0,00 0,00 0,00 0,00 0,00 0,00 0,00 0,00 0,00 0,00 
HRPELJE-
KOZINA 0,00 0,00 0,00 0,00 0,00 0,00 0,00 0,00 0,00 0,00 0,00 0,00 0,00 0,00 0,00 
IG 0,00 0,00 0,00 0,00 0,00 0,00 0,00 0,00 0,00 0,00 0,00 0,00 0,00 0,00 0,00 
IVANČNA 
GORICA 0,00 0,00 0,00 0,00 0,00 0,00 0,00 0,00 0,00 0,00 0,00 0,00 0,00 0,00 0,00 
JEZERSKO 0,00 0,00 0,00 0,00 0,00 0,00 0,00 0,00 0,00 0,00 0,00 0,00 0,00 0,00 0,00 
JURŠINCI 0,00 0,00 0,00 0,00 0,00 0,00 0,00 0,00 0,00 0,00 0,00 0,00 0,00 0,00 0,00 
KOMEN 0,00 0,00 0,00 0,00 0,00 0,00 0,00 0,00 0,00 0,00 0,00 0,00 0,00 0,00 0,00 
KOMENDA 0,00 0,00 0,00 0,00 0,00 0,00 0,00 0,00 0,00 0,00 0,00 0,00 0,00 0,00 0,00 
KOSTANJEVICA 
NA KRKI 0,00 0,00 0,00 0,00 0,00 0,00 0,00 0,00 0,00 0,00 0,00 0,00 0,00 0,00 0,00 
KRIŽEVCI 0,00 0,00 0,00 0,00 0,00 0,00 0,00 0,00 0,00 0,00 0,00 0,00 0,00 0,00 0,00 
KUNGOTA 0,00 0,00 0,00 0,00 0,00 0,00 0,00 0,00 0,00 0,00 0,00 0,00 0,00 0,00 0,00 
LJUBNO 0,00 0,00 0,00 0,00 0,00 0,00 0,00 0,00 0,00 0,00 0,00 0,00 0,00 0,00 0,00 
LOG-
DRAGOMER 0,00 0,00 0,00 0,00 0,00 0,00 0,00 0,00 0,00 0,00 0,00 0,00 0,00 0,00 0,00 
LUČE 0,00 0,00 0,00 0,00 0,00 0,00 0,00 0,00 0,00 0,00 0,00 0,00 0,00 0,00 0,00 
LUKOVICA 0,00 0,00 0,00 0,00 0,00 0,00 0,00 0,00 0,00 0,00 0,00 0,00 0,00 0,00 0,00 
MAJŠPERK 0,00 0,00 0,00 0,00 0,00 0,00 0,00 0,00 0,00 0,00 0,00 0,00 0,00 0,00 0,00 
MAKOLE 0,00 0,00 0,00 0,00 0,00 0,00 0,00 0,00 0,00 0,00 0,00 0,00 0,00 0,00 0,00 
MARKOVCI 0,00 0,00 0,00 0,00 0,00 0,00 0,00 0,00 0,00 0,00 0,00 0,00 0,00 0,00 0,00 
MEDVODE 0,00 0,00 0,00 0,00 0,00 0,00 0,00 0,00 0,00 0,00 0,00 0,00 0,00 0,00 0,00 
MENGEŠ 0,00 0,00 0,00 0,00 0,00 0,00 0,00 0,00 0,00 0,00 0,00 0,00 0,00 0,00 0,00 
METLIKA 0,00 0,00 0,00 0,00 0,00 0,00 0,00 0,00 0,00 0,00 0,00 0,00 0,00 0,00 0,00 
MEŽICA 0,00 0,00 0,00 0,00 0,00 0,00 0,00 0,00 0,00 0,00 0,00 0,00 0,00 0,00 0,00 
MIKLAVŽ NA 
DRAVSKEM 
POLJU 0,00 0,00 0,00 0,00 0,00 0,00 0,00 0,00 0,00 0,00 0,00 0,00 0,00 0,00 0,00 
MIRNA     0,00 0,00 0,00 0,00 0,00 0,00 0,00 0,00 0,00 0,00 0,00 
MISLINJA 0,00 0,00 0,00 0,00 0,00 0,00 0,00 0,00 0,00 0,00 0,00 0,00 0,00 0,00 0,00 
MOKRONOG-
TREBELNO 0,00 0,00 0,00 0,00 0,00 0,00 0,00 0,00 0,00 0,00 0,00 0,00 0,00 0,00 0,00 

MORAVSKE 
TOPLICE 0,00 0,00 0,00 0,00 0,00 0,00 0,00 0,00 0,00 0,00 0,00 0,00 0,00 0,00 0,00 
NAKLO 0,00 0,00 0,00 0,00 0,00 0,00 0,00 0,00 0,00 0,00 0,00 0,00 0,00 0,00 0,00 
NOVO MESTO 0,00 0,00 0,00 0,00 0,00 0,00 0,00 0,00 0,00 0,00 0,00 0,00 0,00 0,00 0,00 
OSILNICA 0,00 0,00 0,00 0,00 0,00 0,00 0,00 0,00 0,00 0,00 0,00 0,00 0,00 0,00 0,00 
PODČETRTEK 0,00 0,00 0,00 0,00 0,00 0,00 0,00 0,00 0,00 0,00 0,00 0,00 0,00 0,00 0,00 
POLZELA 0,00 0,00 0,00 0,00 0,00 0,00 0,00 0,00 0,00 0,00 0,00 0,00 0,00 0,00 0,00 
PREBOLD 0,00 0,00 0,00 0,00 0,00 0,00 0,00 0,00 0,00 0,00 0,00 0,00 0,00 0,00 0,00 
RAČE-FRAM 0,00 0,00 0,00 0,00 0,00 0,00 0,00 0,00 0,00 0,00 0,00 0,00 0,00 0,00 0,00 
REČICA OB 
SAVINJI 0,00 0,00 0,00 0,00 0,00 0,00 0,00 0,00 0,00 0,00 0,00 0,00 0,00 0,00 0,00 
RENČE-
VOGRSKO 0,00 0,00 0,00 0,00 0,00 0,00 0,00 0,00 0,00 0,00 0,00 0,00 0,00 0,00 0,00 
SELNICA OB 
DRAVI 0,00 0,00 0,00 0,00 0,00 0,00 0,00 0,00 0,00 0,00 0,00 0,00 0,00 0,00 0,00 
SEMIČ 0,00 0,00 0,00 0,00 0,00 0,00 0,00 0,00 0,00 0,00 0,00 0,00 0,00 0,00 0,00 
SOLČAVA 0,00 0,00 0,00 0,00 0,00 0,00 0,00 0,00 0,00 0,00 0,00 0,00 0,00 0,00 0,00 
SREDIŠČE OB 
DRAVI 0,00 0,00 0,00 0,00 0,00 0,00 0,00 0,00 0,00 0,00 0,00 0,00 0,00 0,00 0,00 
STRAŽA 0,00 0,00 0,00 0,00 0,00 0,00 0,00 0,00 0,00 0,00 0,00 0,00 0,00 0,00 0,00 
SV. TROJICA V 
SLOVENSKIH 
GORICAH 0,00 0,00 0,00 0,00 0,00 0,00 0,00 0,00 0,00 0,00 0,00 0,00 0,00 0,00 0,00 
SV. ANDRAŽ V 
SLOVENSKIH 
GORICAH 0,00 0,00 0,00 0,00 0,00 0,00 0,00 0,00 0,00 0,00 0,00 0,00 0,00 0,00 0,00 
SVETI JURIJ 0,00 0,00 0,00 0,00 0,00 0,00 0,00 0,00 0,00 0,00 0,00 0,00 0,00 0,00 0,00 
SV. JURIJ V 
SLOVENSKIH 
GORICAH 0,00 0,00 0,00 0,00 0,00 0,00 0,00 0,00 0,00 0,00 0,00 0,00 0,00 0,00 0,00 
SVETI TOMAŽ 0,00 0,00 0,00 0,00 0,00 0,00 0,00 0,00 0,00 0,00 0,00 0,00 0,00 0,00 0,00 
ŠALOVCI 0,00 0,00 0,00 0,00 0,00 0,00 0,00 0,00 0,00 0,00 0,00 0,00 0,00 0,00 0,00 
ŠENČUR 0,00 0,00 0,00 0,00 0,00 0,00 0,00 0,00 0,00 0,00 0,00 0,00 0,00 0,00 0,00 
ŠENTILJ 0,00 0,00 0,00 0,00 0,00 0,00 0,00 0,00 0,00 0,00 0,00 0,00 0,00 0,00 0,00 
ŠENTJUR 0,00 0,00 0,00 0,00 0,00 0,00 0,00 0,00 0,00 0,00 0,00 0,00 0,00 0,00 0,00 
ŠENTRUPERT 0,00 0,00 0,00 0,00 0,00 0,00 0,00 0,00 0,00 0,00 0,00 0,00 0,00 0,00 0,00 
ŠKOCJAN 0,00 0,00 0,00 0,00 0,00 0,00 0,00 0,00 0,00 0,00 0,00 0,00 0,00 0,00 0,00 
ŠKOFLJICA 0,00 0,00 0,00 0,00 0,00 0,00 0,00 0,00 0,00 0,00 0,00 0,00 0,00 0,00 0,00 
ŠMARTNO OB 
PAKI 0,00 0,00 0,00 0,00 0,00 0,00 0,00 0,00 0,00 0,00 0,00 0,00 0,00 0,00 0,00 

TABOR 0,00 0,00 0,00 0,00 0,00 0,00 0,00 0,00 0,00 0,00 0,00 0,00 0,00 0,00 0,00 
TIŠINA 0,00 0,00 0,00 0,00 0,00 0,00 0,00 0,00 0,00 0,00 0,00 0,00 0,00 0,00 0,00 
TREBNJE 0,00 0,00 0,00 0,00 0,00 0,00 0,00 0,00 0,00 0,00 0,00 0,00 0,00 0,00 0,00 
TURNIŠČE 0,00 0,00 0,00 0,00 0,00 0,00 0,00 0,00 0,00 0,00 0,00 0,00 0,00 0,00 0,00 
VELIKE LAŠČE 0,00 0,00 0,00 0,00 0,00 0,00 0,00 0,00 0,00 0,00 0,00 0,00 0,00 0,00 0,00 
VERŽEJ 0,00 0,00 0,00 0,00 0,00 0,00 0,00 0,00 0,00 0,00 0,00 0,00 0,00 0,00 0,00 
VODICE 0,00 0,00 0,00 0,00 0,00 0,00 0,00 0,00 0,00 0,00 0,00 0,00 0,00 0,00 0,00 
VRHNIKA 0,00 0,00 0,00 0,00 0,00 0,00 0,00 0,00 0,00 0,00 0,00 0,00 0,00 0,00 0,00 
VUZENICA 0,00 0,00 0,00 0,00 0,00 0,00 0,00 0,00 0,00 0,00 0,00 0,00 0,00 0,00 0,00 
ZAVRČ 0,00 0,00 0,00 0,00 0,00 0,00 0,00 0,00 0,00 0,00 0,00 0,00 0,00 0,00 0,00 
ŽETALE 0,00 0,00 0,00 0,00 0,00 0,00 0,00 0,00 0,00 0,00 0,00 0,00 0,00 0,00 0,00 
ŽIRI 0,00 0,00 0,00 0,00 0,00 0,00 0,00 0,00 0,00 0,00 0,00 0,00 0,00 0,00 0,00 
ŽUŽEMBERK 0,00 0,00 0,00 0,00 0,00 0,00 0,00 0,00 0,00 0,00 0,00 0,00 0,00 0,00 0,00 
 
Tabela 33: Prihodek iz naslova Prihodki od prodaje stanovanjskih objektov in stanovanj  (urejeno padajoče glede na povprečje 2007 -2020) v absolutnih 
zneskih (v EUR) 
OBČINA 2007 2008 2009 2010 2011 2012 2013 2014 2015 2016 2017 2018 2019 2020 x̄ 
Skupaj občine  10882514 7701450 8925427 5724920 6876028 6380443 6061588 2796261 5076768 3534526 5276762 4129743 6525227 4130561 6001587 
VELENJE 453931 100430,4 152219,5 42715,02 1280159 1001566 2645283 408300,7 670620,8 524863,4 344823,7 183239,8 1057988 164468,3 645043,5 
LJUBLJANA 143185 152451,5 461249,7 241000 1237841 650265 758442,6 25920 280603,3 88807,66 592776 0 0 51049 334542,2 
SLOVENJ 
GRADEC 1310673 409261,4 986419,6 344025,7 240381,2 220034,3 267587,9 200764,3 145096,1 125169,3 48928,09 37582,78 87123,36 24428,02 317676,8 
JESENICE 441127,6 801608,1 858562,3 683625,6 577907,5 197503,9 92165,14 107189,6 15122,4 31,09 156572,9 232882 44217 53480 304428,2 
IZOLA 40729,54 14376 411221 396472 387413 491332,1 147455,5 6243,01 322531,1 44818,55 63651,39 102168,7 960799,7 83528,32 248052,8 
MARIBOR 161307 4630,95 4985 396256,5 211000 0 272298,2 59100 171530 91542,8 240028,5 124642 497268,6 64702,03 164235,1 
PIVKA 162685,5 33297,29 180943,5 0 29175,83 228699,5 93423,74 291085,7 622044,6 170362 119586 77000 0 125107 152386,5 
PTUJ 572447,6 295781,3 65517,1 125283,6 228361,4 107697,9 36945,12 4916,13 2424,44 163400 48143 74939 125814,2 248783,3 150032,4 
KOČEVJE 984041 329266,5 361451 0 0 143070 0 37000 1125,2 387,24 1076,48 1718,62 9764,88 3100 133714,3 
TRBOVLJE 101056,7 136352,5 206220 23114 74237,6 45559,61 38846,1 9100 225580 75656 101065,7 283769,2 238920 271801,6 130805,6 
KRANJ 152896,8 180069,3 341055 153478,1 76134,76 72250,08 0 257651,1 0 0 100199,3 0 35900 367558,4 124085,2 
TRŽIČ 273805 303178,4 69233,76 62082,94 15992 198249,1 56240,06 148481 8480,01 128788,5 31420 57540 200430 22997,18 112637 
GORNJA 
RADGONA 0 171100 703850,9 0 45700 28827 0 58000 0 0 214897,5 216912,2 71115 10000 108600,2 
POSTOJNA 0 0 167460 0 125910 176950 252690 83340 170820,7 90077,57 133441,9 34880,33 71761 170960,6 105592,3 
ŠMARJE PRI 
JELŠAH 639438,1 206564,8 83527,77 0 57000 0 0 0 47500 0 0 70000 109700 155900 97830,76 

AJDOVŠČINA 505698,5 141472,6 184935,5 14369,81 110686,2 8926,88 7872,73 2102,49 1288,8 411,04 124540 56100 146450 0 93203,9 
RAVNE NA 
KOROŠKEM 152930 225240,5 3598,84 57650,66 49710,48 24652,86 33839,57 55550,08 7500 162830 239697,8 116060 95141 24500 89207,27 
RADOVLJICA 215381,1 240036,9 38746,28 258343,6 144317,4 120927,9 11974,86 3989,62 380,71 5913,27 0 0 0 0 74286,55 
CELJE 56108 0 0 0 3803,62 0 0 0 687482,4 93963,28 67746,2 115015 0 0 73151,32 
KRŠKO 89876,4 199320,3 93913,51 63370,55 139648,6 52906,44 111271,1 372,54 0 47,66 378,39 0 0 269565 72905,04 
SLOVENSKE 
KONJICE 242383,1 161412,4 267073,4 71084,15 81053,66 136829,3 55184,09 3332,83 64,89 0 0 0 0 0 72744,14 
SEŽANA 0 0 396422,5 0 147800 0 0 0 130800 130801 0 0 70365 0 62584,9 
TREBNJE 9618,87 6903,74 17195,87 100543,1 16000 0 0 8000 126800 86130 259286 218044 0 0 60608,68 
PIRAN 415395 46756,87 148513,5 37117,46 73621,58 46999,92 3485,64 47645,12 0 2100 7110,63 14025,84 0 0 60197,97 
KOPER 27764 48885,49 1758,29 685951,8 38117,67 1994,9 1600,07 1616,68 30766,26 3027,02 0 0 0 0 60105,87 
CERKNICA 76446 87261,66 231143,2 9291,62 8957,62 1145,44 1987,65 38,29 143269,2 112300 74000 54100 0 0 57138,62 
ČRNA NA 
KOROŠKEM 66754 95533 404 75069 347 81505,29 52000 40923,37 64350,41 50180,64 65500 34999,99 121577 39173,62 56308,38 
ZAGORJE OB 
SAVI 50703 361249,4 52720,46 46675,73 9026,96 12970,73 9567,81 43771,75 1691,04 30180,42 21108,88 2038,19 109942,4 15528,52 54798,24 
ŠKOFJA LOKA 133880,6 104234,2 129329,3 74569,19 79564,03 57936,67 25975 10463,11 3332,51 256,14 74170,66 0 70400 0 54579,39 
LENART 120719,7 243330,9 92200 9255,5 0 0 0 94063,93 18198 135250 792,38 0 0 26700 52893,6 
DRAVOGRAD 125860,6 138786,3 300,46 0 42200 41733,56 21081,37 223,56 0 40368,71 101090 0 159165,5 69000,8 52843,63 
RIBNICA 105697 131634 81288,63 0 0 58150 28416,6 0 0 0 0 0 112447,2 178502,8 49724,02 
RUŠE 59352 88793,85 8576,22 120898,1 8857,54 9339,83 4632,15 2407,31 131,72 0 194700 51608 67900 77010 49586,2 
IVANČNA 
GORICA 0 440902,9 19818,93 0 20422,18 23996 0 0 0 0 0 41020 0 73000 44225,72 
BRDA 242457 11000 45000 133000 0 74000 0 0 0 0 0 0 68950 40050 43889,79 
LITIJA 75993,58 106666,1 99871,28 22706,02 7353,38 59338,3 0 0 0 0 46000 0 164898,2 19850 43048,35 
ŽELEZNIKI 0 0 28458 54564 82011 32507 74600 0 45500 65500 67750 29000 97010 0 41207,14 
RADENCI 4892,54 1695,4 479,05 0 129112,6 0 0 41768 0 0 0 46808 96920 245370 40503,26 
DORNAVA 0 0 0 177268,6 86816 33257 62283 78411,01 94274,6 10185 0 0 0 0 38749,66 
ROGATEC 153950 71903,67 39427,88 62647,73 57282,29 19569,61 33951,58 19073,16 26900 0 46600 0 0 0 37950,42 
ŠMARTNO PRI 
LITIJI 27180,74 58719,56 0 51648,42 27262,7 41876,4 48090,31 39763 0 38845 38768,5 61300 69569 25950,78 37783,89 
BLED 25814,09 26113,85 21306,15 23139,23 20722,5 180891 7104,76 2159,47 110078,6 109998,3 0 0 0 0 37666,28 
GORENJA VAS-
POLJANE 0 0 0 46900 0 0 0 0 0 74000 30500 222410 38197 90113 35865,71 
DOMŽALE 0 20121 26100 0 0 0 0 0 0 0 275742 159628,5 12780 0 35312,25 
PREVALJE 118944 29007,09 40936,16 186619,5 88549,75 0 0 0 0 0 0 0 0 0 33146,89 
PREBOLD 28939,2 21825,14 44949,1 23401,25 3619,96 2795,74 2532,96 2143,5 65501,21 23934,66 0 210719,3 0 30000 32883 

BOROVNICA 0 0 119600 10000 8100 79964 0 0 0 0 69500 19276 76300 70100 32345,71 
MORAVČE 204444 95111 95867 12868 323 4218,76 1276,69 0 0 0 28680 0 0 0 31627,75 
IDRIJA 21838 69567,68 19391,95 20682,31 18918,51 11877,27 2905,67 5855,55 10400 60425 20230 249,04 167856 2000 30871,21 
ŠOŠTANJ 7469,6 6891,15 3117,55 40619,2 874,51 9998,19 3011,73 89673 11800 0 0 107800 122556 27100 30779,35 
TOLMIN 20000 0 153127,3 0 3300 108400 52100 8438,25 0 26355,71 0 56000 0 0 30551,52 
SEVNICA 89935,71 47661,3 31733,41 37075,43 35657 51592,94 21825,81 9957,23 5718,27 25819,01 29760 12200 0 27403 30452,79 
NAZARJE 128145,8 913,59 0 1803,46 0 0 41500 0 28500 115800 38000 29200 27000 0 29347,35 
TURNIŠČE 0 0 0 0 0 111987,2 75472,64 6051,66 0 58360 51088 16019,62 0 82500 28677,08 
MEŽICA 127213 32705,63 29405,36 1559 405,36 39000 33100 0 33100 0 76641 26370 0 0 28535,67 
ŠENTJUR 8127 8961,47 358604,6 9506,78 6354,12 3776,5 3020,73 0 0 0 0 0 0 0 28453,66 
VUZENICA 86439 29962,01 59982,83 1075,99 7516,42 61033,6 4311,4 47,2 0 15427,11 19471,37 50000 54602,2 0 27847,8 
VOJNIK 6486 9342,82 25938,97 25448,85 4673,57 24518,97 1579,24 141,26 0 0 0 201329,7 44550,66 0 24572,15 
MENGEŠ 10734,18 6147,81 3000,52 2789,23 2654,46 184190,8 1403,35 124537,9 0 0 0 0 0 0 23961,3 
DIVAČA 2543,16 35716,33 1753,56 45657,32 29750,5 1417,74 692,21 51860 0 0 0 62250 0 91000 23045,77 
KRANJSKA 
GORA 13736,28 17679,88 18522,58 24108,05 8203,34 5753,65 3547,5 972 125687,6 0 0 0 85037 0 21660,56 
ČRNOMELJ 12391,48 12100,5 8043,89 8977,78 7558,06 6242,39 8878,52 378,07 202200 0 32400 2978,28 0 0 21582,07 
ŽIRI 0 78868,3 0 0 31000 0 46009 0 0 39900 24000 24000 55150 0 21351,95 
LOGATEC 10377,32 109781,9 4645,63 18001,48 3514,51 26965,79 614 41354,22 0 0 0 0 0 72000 20518,2 
KOBARID 51406 48201 0 0 77855 0 5608,45 14670 2447,27 700 39639,09 7000 14341 24297,35 20440,37 
PREDDVOR 53962,18 0 0 0 116000 0 0 0 0 0 0 0 103000 0 19497,3 
ŠEMPETER-
VRTOJBA 25600 0 0 0 0 0 0 0 67570 0 47960 38110 0 82450 18692,14 
ZREČE 42898,7 2145,94 4813,94 33467,44 3948,01 62728 640,92 736,33 97,65 25000 69700 0 0 15100 18662,64 
NOVO MESTO 40940 47202,03 20078,75 17591,63 129842,5 3271,94 0 0 0 0 0 0 0 0 18494,78 
MUTA 0 26419,73 8907,86 982,8 558,09 64,04 0 0 44500 28500 29994,55 53222,67 51100 0 17446,41 
MAJŠPERK 38201,86 0 25800 90393,88 0 30300 30150 0 29211,61 0 0 0 0 0 17432,67 
VRHNIKA 46220 102613,3 11920,73 8688,74 9043,93 7638,21 5342,67 1868,41 690,84 690,84 345,38 47349,51 0 120,42 17323,78 
SVETI JURIJ 138024 0 0 0 16802,88 54100 4485,56 21000 0 0 0 0 0 0 16743,75 
KAMNIK 38304,09 40793,19 33148,73 32262,04 31893,56 13523,64 6399,8 1992,91 579,11 1569,69 341,52 9334,47 19398,44 284,6 16416,13 
ORMOŽ 132250 33700 37220 1620 0 0 0 0 0 5695 5837,78 0 0 4565 15777,7 
KOMEN 3633 1635,95 533,61 411,24 1354,67 0 0 0 0 0 0 0 208413 0 15427,25 
MIRNA     0 0 0 0 46801 0 50500 56200 0 0 15350,1 
RADEČE 86292 44293 0 0 0 0 0 0 32600 27500 10000 0 0 0 14334,64 
BREŽICE 7473 42514,28 37876,52 3746,66 41422,75 39834,1 1154,81 137,64 0 25630,56 0 0 0 0 14270,74 
ŽALEC 0 46891 5200 0 0 0 56326,65 0 2977,21 0 85173,5 1041,5 0 0 14114,99 

LAŠKO 0 0 0 87837,5 0 0 63592,23 0 21930 0 0 19900 0 0 13804,27 
ROGAŠKA 
SLATINA 13009 0 0 0 0 0 0 0 0 0 98210,96 0 0 80479,29 13692,8 
SVETA ANA 39757 0 19745,63 0 0 36860,24 0 0 0 0 0 0 42200 50513,36 13505,45 
ILIRSKA 
BISTRICA 28810 26085,65 32414,12 24226,07 21041,89 16539,98 7585,48 292,45 0 0 30500 0 0 0 13392,55 
APAČE 0 0 0 0 0 0 31043,7 0 22062,24 0 43162,79 29948 21834,04 35240 13092,2 
ŽUŽEMBERK 0 107832 28751,28 1605,34 17821,22 1605,34 1751,28 1459,4 1313,46 1313,46 1459,4 1751,28 1751,28 1751,28 12154,72 
LJUTOMER 0 54986,55 94103,81 17269,36 0 0 0 0 0 0 0 0 0 0 11882,84 
ŽIROVNICA 125855,7 8935,23 6701,57 5177,09 4501,1 3145,02 2472,51 575,39 5,62 5,62 0 0 0 6000 11669,63 
CERKNO 6108 4582 26010,23 71043,74 4794,84 2873,74 978,92 147 177,7 4,35 0 72,14 0 45000 11556,62 
KOBILJE 0 0 0 0 0 27370 54717,09 0 0 0 0 20100 19821 28000 10714,86 
SV. ANDRAŽ V 
SLOVENSKIH 
GORICAH 0 0 0 0 0 0 0 1481,73 1317,37 1119,77 58958,97 82748,13 1895,21 1800 10665,8 
ČRENŠOVCI 0 0 0 0 0 26600 0 20000 0 0 0 24000 31190 46710 10607,14 
NAKLO 0 0 60000 0 0 83162,45 0 0 0 0 0 0 0 0 10225,89 
SEMIČ 43182 2158 68578,61 1242,29 1241,22 1067,27 783,26 1167,98 0 0 0 0 0 0 8530,045 
MARKOVCI 79494 0 21573,94 2136,65 0 0 0 0 0 0 15300 0 0 0 8464,614 
DOBRNA 0 0 0 0 0 0 21235 0 0 26100 25500 42000 0 0 8202,5 
VODICE 0 0 0 0 0 113220 0 0 0 0 0 0 0 0 8087,143 
NOVA GORICA 8362,52 10142,66 19875,02 8534,5 10045,56 13694,1 8963,1 0 0 0 5650 0 11344 16565,3 8084,054 
SLOVENSKA 
BISTRICA 23791,93 15734,12 11840,7 11311,38 11560,24 8833,51 7432,11 1530,08 0 0 0 0 0 20200 8016,719 
DOBREPOLJE 0 0 29330 0 0 0 74243,1 0 7089,9 0 0 0 0 0 7904,5 
ŠMARTNO OB 
PAKI 81696 988 460,08 459,98 470 228 0 25000 0 0 0 0 0 0 7807,29 
REČICA OB 
SAVINJI 20250 3740 34060 0 0 0 0 0 0 0 0 50500 0 0 7753,571 
SOLČAVA 350 350 1960,43 0 3080 58211,75 18721 12721 0 0 0 0 11000 0 7599,584 
SELNICA OB 
DRAVI 800 257 249 348,71 266,34 524,76 131,49 210,76 218,24 4713,32 65001 0 0 30000 7337,187 
LJUBNO 1151 904,08 12847 7559,04 16907,32 2575,86 1076,02 0 0 20200 0 24920 14520 0 7332,88 
MIREN-
KOSTANJEVICA 99100 0 0 0 0 0 0 0 0 0 0 0 0 0 7078,571 
ŠALOVCI 1795 1828,56 2084,17 1990,29 1828,46 1557,12 690,98 27457 17866,28 0 0 0 30444,6 4790 6595,176 
BOVEC 0 0 0 0 0 48500 0 0 0 0 0 11460,34 30000 0 6425,739 
GROSUPLJE 0 0 0 5828 0 0 0 0 0 39000 43800 0 0 0 6330,571 
HRASTNIK 2030 0 0 0 0 5000 6015 0 0 0 20639,3 0 29678 24351 6265,236 

VRANSKO 2887,58 2979,84 1781,6 1806,86 1762,25 697,39 22,27 0 3700 33300 0 0 37630 0 6183,414 
KOSTANJEVICA 
NA KRKI 2838,51 79843,69 552,89 814,25 909,59 723,74 422,04 0 0 0 0 0 0 0 6150,336 
PODLEHNIK 0 0 300 0 0 0 0 0 0 82640,13 0 0 0 0 5924,295 
BISTRICA OB 
SOTLI 22497,75 452,5 543 543 453,6 0 0 29085,16 0 0 25212,8 0 0 0 5627,701 
VIDEM 0 0 0 7155 0 14055 0 0 0 0 3340 0 53930 0 5605,714 
SV. JURIJ V 
SLOVENSKIH 
GORICAH 0 16300 0 10115,22 0 0 0 0 52000 0 0 0 0 0 5601,087 
KUNGOTA 28979,5 0 0 48400 0 0 0 0 0 0 0 0 0 0 5527,107 
KANAL 3724 0 5800 0 7000 0 15500 0 0 0 21000 0 17574,2 0 5042,729 
POLJČANE 0 2449 1298,31 377,52 377,52 377,52 220,46 0 0 39195 24300 0 0 0 4899,666 
DUPLEK 0 0 0 0 0 0 13391,3 0 0 0 0 0 54158,93 1016,35 4897,613 
CIRKULANE 0 0 0 0 0 41999,73 0 0 10200 5940 10077,33 0 0 0 4872,647 
KRIŽEVCI 883,19 3314,61 25620,04 572,88 450,12 368,28 446,97 13397 10000 10569 0 0 0 0 4687,292 
RADLJE OB 
DRAVI 0 0 0 0 0 0 0 22266 0 22000 18224,74 0 0 2040 4609,339 
LENDAVA 0 0 0 0 0 46820 0 0 0 0 0 0 0 15610 4459,286 
PUCONCI 0 0 0 26000 5687,56 0 0 0 0 0 0 0 0 30000 4406,254 
BENEDIKT 2176 7254,99 0 0 0 0 0 0 0 0 0 0 0 52000 4387,928 
ŠKOCJAN 0 0 0 0 0 0 0 100 6600 6600 32600 6600 6170 1818,5 4320,607 
IG 0 0 0 0 0 60180 0 0 0 0 0 0 0 0 4298,571 
LOVRENC NA 
POHORJU 22479,13 26834,35 3807,94 2092,42 657,91 1302,7 383,68 96,33 0 0 0 0 0 0 4118,176 
DESTRNIK 0 0 0 0 25000 20000 0 0 0 11337 0 0 0 0 4024,071 
BREZOVICA 51779 0 0 0 0 3230 0 0 0 0 0 0 0 0 3929,214 
BOHINJ 10555 9743,89 8711,38 9460,83 8472,71 4197,34 2904,8 882,92 32,12 0 0 0 0 0 3925,785 
CERKLJE NA 
GORENJSKEM 1173 1274 1170 1239 1164 45486,56 517,36 34,37 0 0 0 0 0 0 3718,449 
GORNJI GRAD 6309,76 2554,78 3113,48 23236,89 1244,53 698,59 281,05 4200 0 7600 0 0 0 0 3517,077 
MISLINJA 3049 1482 989 950 871 475,8 475,8 635,61 0 10100 19900 0 0 8924 3418,015 
BRASLOVČE 0 0 0 0 0 0 0 0 0 0 0 0 0 47700 3407,143 
OPLOTNICA 4874 6377,35 4187,15 4211,98 4222,4 9833,58 4039,38 395,61 0 0 0 0 0 7700,5 3274,425 
ODRANCI 19153,46 1058,68 21230,06 1030,12 1030,11 572,1 286 57,2 28,6 0 0 0 0 0 3174,738 
LOŠKA DOLINA 0 0 0 0 0 0 0 0 0 20187,5 0 0 18860 4850 3135,536 
ŠENTJERNEJ 0 0 0 0 0 40600 0 0 0 0 0 0 0 0 2900 
HAJDINA 37765 0 0 0 0 0 0 0 0 0 0 0 0 0 2697,5 

JEZERSKO 0 0 0 0 0 0 0 0 0 37234 0 0 0 0 2659,571 
MEDVODE 36945 0 0 0 0 0 0 0 0 0 0 0 0 0 2638,929 
RAZKRIŽJE 1318,62 686,22 1097,68 686,22 971 826,12 724,93 283,12 29847,73 0 0 0 0 0 2602,974 
TABOR 0 0 0 0 0 0 0 0 0 0 0 35600,97 0 0 2542,926 
VITANJE 0 0 0 0 0 0 33118,48 0 0 0 0 0 0 0 2365,606 
LOŠKI POTOK 0 0 0 0 31546,77 0 0 0 0 0 0 0 0 0 2253,341 
CANKOVA 0 0 31100 0 0 0 0 0 0 0 0 0 0 0 2221,429 
KOMENDA 0 0 0 0 0 0 0 28000 0 0 0 0 0 0 2000 
HRPELJE-
KOZINA 5441 6006,34 4269,05 4240,32 3955,56 1509,97 1008,28 23,42 0 0 0 0 0 0 1889,567 
GRAD 0 10064,52 0 0 16050 0 0 0 0 0 0 0 0 0 1865,323 
RIBNICA NA 
POHORJU 0 25619 0 0 0 0 0 0 0 0 0 0 0 0 1829,929 
ŠTORE 0 0 25500 0 0 0 0 0 0 0 0 0 0 0 1821,429 
SVETI TOMAŽ 0 0 0 0 0 0 0 0 0 0 25160 0 0 0 1797,143 
LUKOVICA 1776,39 1637,07 9119,01 1377,57 1083,55 463,97 65,3 0 0 9523,8 0 0 0 0 1789,047 
MURSKA 
SOBOTA 0 0 0 0 0 0 12121,5 0 2271,89 0 10031 0 0 0 1744,599 
LUČE 1273 3144,79 844,92 1015,8 2041,08 460,44 383,7 0 0 0 0 12431,4 0 0 1542,509 
POLZELA 0 0 0 0 0 0 0 0 0 0 0 0 19990 0 1427,857 
MIKLAVŽ NA 
DRAVSKEM 
POLJU 0 0 0 0 0 0 361,91 0 0 0 0 0 2170,51 15946,83 1319,946 
MOZIRJE 2927 3078,21 2733,31 3054,33 2777,09 1908,21 1695,6 259,69 0 0 0 0 0 0 1316,674 
TIŠINA 0 0 0 0 0 0 0 0 0 0 16693,99 0 0 0 1192,428 
DOBROVNIK 0 0 0 0 0 0 0 16042,26 0 0 0 0 0 0 1145,876 
JURŠINCI 0 0 0 0 0 0 0 0 0 0 0 15840 0 0 1131,429 
PODVELKA 0 0 0 0 0 0 0 0 0 0 0 0 14733,41 0 1052,386 
BELTINCI 3837,77 2629,36 1675,37 1674,65 1568,88 1020,99 713,32 0 0 0 685,86 489,9 0 0 1021,15 
VERŽEJ 427,79 466,68 1596 466,68 505,57 466,68 388,9 9383 0 0 0 0 0 0 978,6643 
ZAVRČ 3811,8 0 0 0 0 0 0 4494,75 0 0 0 0 5250 0 968,325 
MORAVSKE 
TOPLICE 0 0 9588 0 0 0 0 0 3437,5 0 0 0 0 0 930,3929 
HOČE-SLIVNICA 0 0 0 0 0 0 0 0 0 0 0 0 3629,06 4927,09 611,1536 
RENČE-
VOGRSKO 0 0 0 0 0 0 0 0 0 3790 0 1298,73 0 0 363,4807 
RAČE-FRAM 0 0 0 0 0 0 0 0 0 0 0 0 2153,14 2923,26 362,6 
STARŠE 0 825 0 0 0 0 248,45 0 0 0 0 0 1481,73 2011,69 326,205 

MAKOLE 0 0 0 0 0 0 0 0 0 4553,71 0 0 0 0 325,265 
TRNOVSKA VAS 646,92 646,92 646,92 646,92 646,92 435,41 247,51 0 0 0 0 0 0 0 279,8229 
METLIKA 152 300 300 1854 0 0 0 0 0 0 0 0 0 0 186,1429 
ŠENTILJ 1548 489,38 231,38 0 0 0 0 0 0 0 0 0 0 0 162,0543 
HODOŠ 417 417,24 417,24 417,24 417,24 104,31 0 0 0 0 0 0 0 0 156,4479 
SODRAŽICA 0 0 0 1434,1 0 0 0 0 0 0 0 0 0 0 102,4357 
VELIKE LAŠČE 0 0 0 0 0 1406,77 0 0 0 0 0 0 0 0 100,4836 
GORIŠNICA 0 0 0 0 0 0 0 0 0 0 0 0 0 594,17 42,44071 
PESNICA 176,91 0 0 0 0 0 0 0 0 0 0 0 0 0 12,63643 
ANKARAN         0 0 0 0 0 0 0 
BLOKE 0 0 0 0 0 0 0 0 0 0 0 0 0 0 0 
CERKVENJAK 0 0 0 0 0 0 0 0 0 0 0 0 0 0 0 
DOBJE 0 0 0 0 0 0 0 0 0 0 0 0 0 0 0 
DOBROVA-
POLHOV 
GRADEC 0 0 0 0 0 0 0 0 0 0 0 0 0 0 0 
DOL PRI 
LJUBLJANI 0 0 0 0 0 0 0 0 0 0 0 0 0 0 0 
DOLENJSKE 
TOPLICE 0 0 0 0 0 0 0 0 0 0 0 0 0 0 0 
GORJE 0 0 0 0 0 0 0 0 0 0 0 0 0 0 0 
GORNJI 
PETROVCI 0 0 0 0 0 0 0 0 0 0 0 0 0 0 0 
HORJUL 0 0 0 0 0 0 0 0 0 0 0 0 0 0 0 
KIDRIČEVO 0 0 0 0 0 0 0 0 0 0 0 0 0 0 0 
KOSTEL 0 0 0 0 0 0 0 0 0 0 0 0 0 0 0 
KOZJE 0 0 0 0 0 0 0 0 0 0 0 0 0 0 0 
KUZMA 0 0 0 0 0 0 0 0 0 0 0 0 0 0 0 
LOG-
DRAGOMER 0 0 0 0 0 0 0 0 0 0 0 0 0 0 0 
MIRNA PEČ 0 0 0 0 0 0 0 0 0 0 0 0 0 0 0 
MOKRONOG-
TREBELNO 0 0 0 0 0 0 0 0 0 0 0 0 0 0 0 
OSILNICA 0 0 0 0 0 0 0 0 0 0 0 0 0 0 0 
PODČETRTEK 0 0 0 0 0 0 0 0 0 0 0 0 0 0 0 
ROGAŠOVCI 0 0 0 0 0 0 0 0 0 0 0 0 0 0 0 
SREDIŠČE OB 
DRAVI 0 0 0 0 0 0 0 0 0 0 0 0 0 0 0 

STRAŽA 0 0 0 0 0 0 0 0 0 0 0 0 0 0 0 
SV. TROJICA V 
SLOVENSKIH 
GORICAH 0 0 0 0 0 0 0 0 0 0 0 0 0 0 0 
ŠENČUR 0 0 0 0 0 0 0 0 0 0 0 0 0 0 0 
ŠENTRUPERT 0 0 0 0 0 0 0 0 0 0 0 0 0 0 0 
ŠKOFLJICA 0 0 0 0 0 0 0 0 0 0 0 0 0 0 0 
ŠMARJEŠKE 
TOPLICE 0 0 0 0 0 0 0 0 0 0 0 0 0 0 0 
TRZIN 0 0 0 0 0 0 0 0 0 0 0 0 0 0 0 
VELIKA POLANA 0 0 0 0 0 0 0 0 0 0 0 0 0 0 0 
VIPAVA 0 0 0 0 0 0 0 0 0 0 0 0 0 0 0 
ŽETALE 0 0 0 0 0 0 0 0 0 0 0 0 0 0 0 
 
 
Tabela 34: Prihodek iz naslova Prihodki od prodaje stanovanjskih objektov in stanovanj (urejeno padajoče glede na povprečje 2007-2020) na prebivalca (v 
EUR) 
OBČINA 2007 2008 2009 2010 2011 2012 2013 2014 2015 2016 2017 2018 2019 2020 x̄ 
PIVKA 26,08 5,34 29,00 0,00 4,68 36,66 14,97 46,66 99,70 27,31 19,17 12,34 0,00 20,05 24,42 
VELENJE 13,79 3,05 4,63 1,30 38,90 30,44 80,39 12,41 20,38 15,95 10,48 5,57 32,15 5,00 19,60 
KOBILJE 0,00 0,00 0,00 0,00 0,00 48,61 97,19 0,00 0,00 0,00 0,00 35,70 35,21 49,73 19,03 
SLOVENJ 
GRADEC 77,30 24,14 58,18 20,29 14,18 12,98 15,78 11,84 8,56 7,38 2,89 2,22 5,14 1,44 18,74 
ČRNA NA 
KOROŠKEM 21,11 30,21 0,13 23,74 0,11 25,78 16,45 12,94 20,35 15,87 20,71 11,07 38,45 12,39 17,81 
IZOLA 2,56 0,90 25,88 24,96 24,39 30,93 9,28 0,39 20,30 2,82 4,01 6,43 60,48 5,26 15,61 
JESENICE 21,23 38,58 41,32 32,90 27,81 9,50 4,44 5,16 0,73 0,00 7,53 11,21 2,13 2,57 14,65 
DORNAVA 0,00 0,00 0,00 66,27 32,45 12,43 23,28 29,31 35,24 3,81 0,00 0,00 0,00 0,00 14,49 
SOLČAVA 0,65 0,65 3,64 0,00 5,72 108,20 34,80 23,64 0,00 0,00 0,00 0,00 20,45 0,00 14,13 
GORNJA 
RADGONA 0,00 20,21 83,13 0,00 5,40 3,40 0,00 6,85 0,00 0,00 25,38 25,62 8,40 1,18 12,83 
ROGATEC 49,34 23,05 12,64 20,08 18,36 6,27 10,88 6,11 8,62 0,00 14,94 0,00 0,00 0,00 12,16 
NAZARJE 48,05 0,34 0,00 0,68 0,00 0,00 15,56 0,00 10,69 43,42 14,25 10,95 10,12 0,00 11,00 
VUZENICA 31,76 11,01 22,04 0,40 2,76 22,42 1,58 0,02 0,00 5,67 7,15 18,37 20,06 0,00 10,23 
ŠMARJE PRI 
JELŠAH 61,41 19,84 8,02 0,00 5,47 0,00 0,00 0,00 4,56 0,00 0,00 6,72 10,53 14,97 9,40 
SV. ANDRAŽ V 
SLOVENSKIH 
GORICAH 0,00 0,00 0,00 0,00 0,00 0,00 0,00 1,22 1,09 0,92 48,61 68,22 1,56 1,48 8,79 

TURNIŠČE 0,00 0,00 0,00 0,00 0,00 34,12 23,00 1,84 0,00 17,78 15,57 4,88 0,00 25,14 8,74 
KOČEVJE 62,23 20,82 22,86 0,00 0,00 9,05 0,00 2,34 0,07 0,02 0,07 0,11 0,62 0,20 8,46 
TRBOVLJE 6,18 8,35 12,62 1,41 4,54 2,79 2,38 0,56 13,81 4,63 6,19 17,37 14,62 16,64 8,01 
MEŽICA 35,60 9,15 8,23 0,44 0,11 10,92 9,26 0,00 9,26 0,00 21,45 7,38 0,00 0,00 7,99 
RADENCI 0,96 0,33 0,09 0,00 25,26 0,00 0,00 8,17 0,00 0,00 0,00 9,16 18,96 48,00 7,92 
RAVNE NA 
KOROŠKEM 13,35 19,66 0,31 5,03 4,34 2,15 2,95 4,85 0,65 14,21 20,92 10,13 8,30 2,14 7,79 
BRDA 42,47 1,93 7,88 23,30 0,00 12,96 0,00 0,00 0,00 0,00 0,00 0,00 12,08 7,02 7,69 
TRŽIČ 18,25 20,20 4,61 4,14 1,07 13,21 3,75 9,89 0,57 8,58 2,09 3,83 13,36 1,53 7,51 
BOROVNICA 0,00 0,00 26,50 2,22 1,79 17,72 0,00 0,00 0,00 0,00 15,40 4,27 16,91 15,53 7,17 
RUŠE 8,18 12,24 1,18 16,67 1,22 1,29 0,64 0,33 0,02 0,00 26,85 7,12 9,36 10,62 6,84 
ŠMARTNO PRI 
LITIJI 4,91 10,60 0,00 9,33 4,92 7,56 8,69 7,18 0,00 7,02 7,00 11,07 12,56 4,69 6,82 
LENART 15,27 30,77 11,66 1,17 0,00 0,00 0,00 11,89 2,30 17,10 0,10 0,00 0,00 3,38 6,69 
POSTOJNA 0,00 0,00 10,44 0,00 7,85 11,03 15,75 5,20 10,65 5,62 8,32 2,17 4,47 10,66 6,58 
PTUJ 25,06 12,95 2,87 5,48 10,00 4,71 1,62 0,22 0,11 7,15 2,11 3,28 5,51 10,89 6,57 
PREBOLD 5,72 4,31 8,88 4,62 0,72 0,55 0,50 0,42 12,94 4,73 0,00 41,64 0,00 5,93 6,50 
DRAVOGRAD 14,42 15,90 0,03 0,00 4,84 4,78 2,42 0,03 0,00 4,63 11,58 0,00 18,24 7,91 6,06 
ŽELEZNIKI 0,00 0,00 4,15 7,95 11,95 4,74 10,87 0,00 6,63 9,55 9,88 4,23 14,14 0,00 6,01 
SVETA ANA 17,47 0,00 8,68 0,00 0,00 16,20 0,00 0,00 0,00 0,00 0,00 0,00 18,54 22,19 5,93 
MORAVČE 37,42 17,41 17,55 2,36 0,06 0,77 0,23 0,00 0,00 0,00 5,25 0,00 0,00 0,00 5,79 
SVETI JURIJ 47,01 0,00 0,00 0,00 5,72 18,43 1,53 7,15 0,00 0,00 0,00 0,00 0,00 0,00 5,70 
DIVAČA 0,63 8,79 0,43 11,23 7,32 0,35 0,17 12,76 0,00 0,00 0,00 15,31 0,00 22,39 5,67 
PREDDVOR 15,03 0,00 0,00 0,00 32,30 0,00 0,00 0,00 0,00 0,00 0,00 0,00 28,68 0,00 5,43 
RIBNICA 11,23 13,98 8,63 0,00 0,00 6,18 3,02 0,00 0,00 0,00 0,00 0,00 11,94 18,96 5,28 
CERKNICA 6,66 7,60 20,13 0,81 0,78 0,10 0,17 0,00 12,48 9,78 6,45 4,71 0,00 0,00 4,98 
MUTA 0,00 7,52 2,54 0,28 0,16 0,02 0,00 0,00 12,67 8,12 8,54 15,16 14,55 0,00 4,97 
SEŽANA 0,00 0,00 31,41 0,00 11,71 0,00 0,00 0,00 10,36 10,36 0,00 0,00 5,58 0,00 4,96 
PREVALJE 17,73 4,32 6,10 27,82 13,20 0,00 0,00 0,00 0,00 0,00 0,00 0,00 0,00 0,00 4,94 
SLOVENSKE 
KONJICE 16,40 10,92 18,08 4,81 5,49 9,26 3,73 0,23 0,00 0,00 0,00 0,00 0,00 0,00 4,92 
KOBARID 12,20 11,44 0,00 0,00 18,47 0,00 1,33 3,48 0,58 0,17 9,40 1,66 3,40 5,76 4,85 
TREBNJE 0,77 0,55 1,37 8,00 1,27 0,00 0,00 0,64 10,09 6,86 20,64 17,35 0,00 0,00 4,82 
AJDOVŠČINA 25,95 7,26 9,49 0,74 5,68 0,46 0,40 0,11 0,07 0,02 6,39 2,88 7,52 0,00 4,78 
BLED 3,26 3,30 2,69 2,93 2,62 22,88 0,90 0,27 13,92 13,91 0,00 0,00 0,00 0,00 4,76 
GORENJA VAS-
POLJANE 0,00 0,00 0,00 6,09 0,00 0,00 0,00 0,00 0,00 9,61 3,96 28,89 4,96 11,70 4,66 

ŠALOVCI 1,25 1,28 1,45 1,39 1,28 1,09 0,48 19,16 12,47 0,00 0,00 0,00 21,25 3,34 4,60 
KOMEN 1,01 0,45 0,15 0,11 0,38 0,00 0,00 0,00 0,00 0,00 0,00 0,00 57,96 0,00 4,29 
MAJŠPERK 9,38 0,00 6,33 22,19 0,00 7,44 7,40 0,00 7,17 0,00 0,00 0,00 0,00 0,00 4,28 
ŽIRI 0,00 15,81 0,00 0,00 6,21 0,00 9,22 0,00 0,00 8,00 4,81 4,81 11,05 0,00 4,28 
MIRNA     0,00 0,00 0,00 0,00 17,86 0,00 19,27 21,44 0,00 0,00 4,18 
KRANJSKA 
GORA 2,64 3,40 3,56 4,63 1,58 1,11 0,68 0,19 24,14 0,00 0,00 0,00 16,33 0,00 4,16 
JEZERSKO 0,00 0,00 0,00 0,00 0,00 0,00 0,00 0,00 0,00 57,91 0,00 0,00 0,00 0,00 4,14 
BISTRICA OB 
SOTLI 15,91 0,32 0,38 0,38 0,32 0,00 0,00 20,57 0,00 0,00 17,83 0,00 0,00 0,00 3,98 
RADOVLJICA 11,44 12,75 2,06 13,72 7,66 6,42 0,64 0,21 0,02 0,31 0,00 0,00 0,00 0,00 3,95 
DOBRNA 0,00 0,00 0,00 0,00 0,00 0,00 9,65 0,00 0,00 11,86 11,59 19,09 0,00 0,00 3,73 
APAČE 0,00 0,00 0,00 0,00 0,00 0,00 8,64 0,00 6,14 0,00 12,02 8,34 6,08 9,81 3,65 
ŠOŠTANJ 0,86 0,80 0,36 4,70 0,10 1,16 0,35 10,38 1,37 0,00 0,00 12,48 14,19 3,14 3,56 
PIRAN 24,06 2,71 8,60 2,15 4,26 2,72 0,20 2,76 0,00 0,12 0,41 0,81 0,00 0,00 3,49 
REČICA OB 
SAVINJI 8,71 1,61 14,64 0,00 0,00 0,00 0,00 0,00 0,00 0,00 0,00 21,71 0,00 0,00 3,33 
RADEČE 19,76 10,14 0,00 0,00 0,00 0,00 0,00 0,00 7,47 6,30 2,29 0,00 0,00 0,00 3,28 
ZAGORJE OB 
SAVI 3,03 21,60 3,15 2,79 0,54 0,78 0,57 2,62 0,10 1,80 1,26 0,12 6,57 0,93 3,28 
PODLEHNIK 0,00 0,00 0,16 0,00 0,00 0,00 0,00 0,00 0,00 45,16 0,00 0,00 0,00 0,00 3,24 
MENGEŠ 1,38 0,79 0,38 0,36 0,34 23,61 0,18 15,96 0,00 0,00 0,00 0,00 0,00 0,00 3,07 
ŠEMPETER-
VRTOJBA 4,11 0,00 0,00 0,00 0,00 0,00 0,00 0,00 10,84 0,00 7,70 6,12 0,00 13,23 3,00 
Skupaj občine  5,30 3,75 4,35 2,79 3,35 3,11 2,95 1,36 2,47 1,72 2,57 2,01 3,18 2,01 2,92 
ZREČE 6,63 0,33 0,74 5,18 0,61 9,70 0,10 0,11 0,02 3,87 10,78 0,00 0,00 2,33 2,89 
LITIJA 4,94 6,93 6,49 1,48 0,48 3,86 0,00 0,00 0,00 0,00 2,99 0,00 10,72 1,29 2,80 
LJUBNO 0,44 0,34 4,87 2,86 6,41 0,98 0,41 0,00 0,00 7,65 0,00 9,44 5,50 0,00 2,78 
KRŠKO 3,41 7,57 3,57 2,41 5,30 2,01 4,23 0,01 0,00 0,00 0,01 0,00 0,00 10,24 2,77 
TOLMIN 1,78 0,00 13,65 0,00 0,29 9,66 4,64 0,75 0,00 2,35 0,00 4,99 0,00 0,00 2,72 
VOJNIK 0,72 1,03 2,87 2,82 0,52 2,71 0,17 0,02 0,00 0,00 0,00 22,28 4,93 0,00 2,72 
IDRIJA 1,88 5,98 1,67 1,78 1,63 1,02 0,25 0,50 0,89 5,19 1,74 0,02 14,42 0,17 2,65 
IVANČNA 
GORICA 0,00 26,34 1,18 0,00 1,22 1,43 0,00 0,00 0,00 0,00 0,00 2,45 0,00 4,36 2,64 
SV. JURIJ V 
SLOVENSKIH 
GORICAH 0,00 7,66 0,00 4,75 0,00 0,00 0,00 0,00 24,42 0,00 0,00 0,00 0,00 0,00 2,63 
ČRENŠOVCI 0,00 0,00 0,00 0,00 0,00 6,55 0,00 4,92 0,00 0,00 0,00 5,91 7,68 11,50 2,61 

ŽIROVNICA 27,72 1,97 1,48 1,14 0,99 0,69 0,54 0,13 0,00 0,00 0,00 0,00 0,00 1,32 2,57 
ŽUŽEMBERK 0,00 22,61 6,03 0,34 3,74 0,34 0,37 0,31 0,28 0,28 0,31 0,37 0,37 0,37 2,55 
KOSTANJEVICA 
NA KRKI 1,12 31,56 0,22 0,32 0,36 0,29 0,17 0,00 0,00 0,00 0,00 0,00 0,00 0,00 2,43 
CERKNO 1,28 0,96 5,44 14,85 1,00 0,60 0,20 0,03 0,04 0,00 0,00 0,02 0,00 9,41 2,42 
ŠKOFJA LOKA 5,82 4,53 5,62 3,24 3,46 2,52 1,13 0,45 0,14 0,01 3,22 0,00 3,06 0,00 2,37 
VRANSKO 1,10 1,14 0,68 0,69 0,67 0,27 0,01 0,00 1,41 12,69 0,00 0,00 14,34 0,00 2,36 
ŠMARTNO OB 
PAKI 24,62 0,30 0,14 0,14 0,14 0,07 0,00 7,53 0,00 0,00 0,00 0,00 0,00 0,00 2,35 
KRANJ 2,75 3,24 6,13 2,76 1,37 1,30 0,00 4,63 0,00 0,00 1,80 0,00 0,65 6,61 2,23 
SEMIČ 10,94 0,55 17,37 0,31 0,31 0,27 0,20 0,30 0,00 0,00 0,00 0,00 0,00 0,00 2,16 
DOBREPOLJE 0,00 0,00 7,76 0,00 0,00 0,00 19,64 0,00 1,88 0,00 0,00 0,00 0,00 0,00 2,09 
CIRKULANE 0,00 0,00 0,00 0,00 0,00 17,95 0,00 0,00 4,36 2,54 4,31 0,00 0,00 0,00 2,08 
MARKOVCI 19,47 0,00 5,28 0,52 0,00 0,00 0,00 0,00 0,00 0,00 3,75 0,00 0,00 0,00 2,07 
BOVEC 0,00 0,00 0,00 0,00 0,00 15,38 0,00 0,00 0,00 0,00 0,00 3,63 9,51 0,00 2,04 
RAZKRIŽJE 1,03 0,54 0,86 0,54 0,76 0,65 0,57 0,22 23,39 0,00 0,00 0,00 0,00 0,00 2,04 
NAKLO 0,00 0,00 11,16 0,00 0,00 15,47 0,00 0,00 0,00 0,00 0,00 0,00 0,00 0,00 1,90 
ODRANCI 11,48 0,63 12,72 0,62 0,62 0,34 0,17 0,03 0,02 0,00 0,00 0,00 0,00 0,00 1,90 
SEVNICA 5,16 2,74 1,82 2,13 2,05 2,96 1,25 0,57 0,33 1,48 1,71 0,70 0,00 1,57 1,75 
BENEDIKT 0,85 2,82 0,00 0,00 0,00 0,00 0,00 0,00 0,00 0,00 0,00 0,00 0,00 20,19 1,70 
VODICE 0,00 0,00 0,00 0,00 0,00 23,04 0,00 0,00 0,00 0,00 0,00 0,00 0,00 0,00 1,65 
SELNICA OB 
DRAVI 0,17 0,06 0,05 0,08 0,06 0,11 0,03 0,05 0,05 1,02 14,11 0,00 0,00 6,51 1,59 
MARIBOR 1,53 0,04 0,05 3,76 2,00 0,00 2,58 0,56 1,63 0,87 2,28 1,18 4,71 0,61 1,56 
RIBNICA NA 
POHORJU 0,00 21,75 0,00 0,00 0,00 0,00 0,00 0,00 0,00 0,00 0,00 0,00 0,00 0,00 1,55 
DESTRNIK 0,00 0,00 0,00 0,00 9,47 7,58 0,00 0,00 0,00 4,30 0,00 0,00 0,00 0,00 1,52 
CELJE 1,15 0,00 0,00 0,00 0,08 0,00 0,00 0,00 14,13 1,93 1,39 2,36 0,00 0,00 1,50 
ČRNOMELJ 0,86 0,84 0,56 0,63 0,53 0,43 0,62 0,03 14,09 0,00 2,26 0,21 0,00 0,00 1,50 
LOGATEC 0,74 7,86 0,33 1,29 0,25 1,93 0,04 2,96 0,00 0,00 0,00 0,00 0,00 5,15 1,47 
TABOR 0,00 0,00 0,00 0,00 0,00 0,00 0,00 0,00 0,00 0,00 0,00 20,64 0,00 0,00 1,47 
ŠENTJUR 0,41 0,46 18,30 0,49 0,32 0,19 0,15 0,00 0,00 0,00 0,00 0,00 0,00 0,00 1,45 
MIREN-
KOSTANJEVICA 20,06 0,00 0,00 0,00 0,00 0,00 0,00 0,00 0,00 0,00 0,00 0,00 0,00 0,00 1,43 
GORNJI GRAD 2,55 1,03 1,26 9,40 0,50 0,28 0,11 1,70 0,00 3,07 0,00 0,00 0,00 0,00 1,42 
KRIŽEVCI 0,26 0,97 7,48 0,17 0,13 0,11 0,13 3,91 2,92 3,09 0,00 0,00 0,00 0,00 1,37 
LOVRENC NA 
POHORJU 7,32 8,74 1,24 0,68 0,21 0,42 0,13 0,03 0,00 0,00 0,00 0,00 0,00 0,00 1,34 

ORMOŽ 10,83 2,76 3,05 0,13 0,00 0,00 0,00 0,00 0,00 0,47 0,48 0,00 0,00 0,37 1,29 
ŠKOCJAN 0,00 0,00 0,00 0,00 0,00 0,00 0,00 0,03 1,95 1,95 9,65 1,95 1,83 0,54 1,28 
LJUBLJANA 0,52 0,56 1,69 0,88 4,53 2,38 2,78 0,09 1,03 0,33 2,17 0,00 0,00 0,19 1,23 
LOŠKI POTOK 0,00 0,00 0,00 0,00 17,27 0,00 0,00 0,00 0,00 0,00 0,00 0,00 0,00 0,00 1,23 
CANKOVA 0,00 0,00 17,13 0,00 0,00 0,00 0,00 0,00 0,00 0,00 0,00 0,00 0,00 0,00 1,22 
ROGAŠKA 
SLATINA 1,16 0,00 0,00 0,00 0,00 0,00 0,00 0,00 0,00 0,00 8,78 0,00 0,00 7,19 1,22 
KOPER 0,55 0,97 0,03 13,60 0,76 0,04 0,03 0,03 0,61 0,06 0,00 0,00 0,00 0,00 1,19 
KUNGOTA 5,98 0,00 0,00 9,98 0,00 0,00 0,00 0,00 0,00 0,00 0,00 0,00 0,00 0,00 1,14 
POLJČANE 0,00 0,57 0,30 0,09 0,09 0,09 0,05 0,00 0,00 9,10 5,64 0,00 0,00 0,00 1,14 
VITANJE 0,00 0,00 0,00 0,00 0,00 0,00 14,68 0,00 0,00 0,00 0,00 0,00 0,00 0,00 1,05 
LAŠKO 0,00 0,00 0,00 6,64 0,00 0,00 4,81 0,00 1,66 0,00 0,00 1,50 0,00 0,00 1,04 
LJUTOMER 0,00 4,82 8,24 1,51 0,00 0,00 0,00 0,00 0,00 0,00 0,00 0,00 0,00 0,00 1,04 
VRHNIKA 2,73 6,05 0,70 0,51 0,53 0,45 0,32 0,11 0,04 0,04 0,02 2,79 0,00 0,01 1,02 
LUČE 0,84 2,07 0,56 0,67 1,34 0,30 0,25 0,00 0,00 0,00 0,00 8,17 0,00 0,00 1,01 
VIDEM 0,00 0,00 0,00 1,29 0,00 2,53 0,00 0,00 0,00 0,00 0,60 0,00 9,70 0,00 1,01 
ILIRSKA 
BISTRICA 2,15 1,95 2,42 1,81 1,57 1,24 0,57 0,02 0,00 0,00 2,28 0,00 0,00 0,00 1,00 
DOMŽALE 0,00 0,56 0,73 0,00 0,00 0,00 0,00 0,00 0,00 0,00 7,66 4,44 0,36 0,00 0,98 
KANAL 0,68 0,00 1,06 0,00 1,28 0,00 2,83 0,00 0,00 0,00 3,83 0,00 3,21 0,00 0,92 
GRAD 0,00 4,68 0,00 0,00 7,46 0,00 0,00 0,00 0,00 0,00 0,00 0,00 0,00 0,00 0,87 
DOBROVNIK 0,00 0,00 0,00 0,00 0,00 0,00 0,00 12,00 0,00 0,00 0,00 0,00 0,00 0,00 0,86 
SVETI TOMAŽ 0,00 0,00 0,00 0,00 0,00 0,00 0,00 0,00 0,00 0,00 12,03 0,00 0,00 0,00 0,86 
LOŠKA DOLINA 0,00 0,00 0,00 0,00 0,00 0,00 0,00 0,00 0,00 5,44 0,00 0,00 5,08 1,31 0,84 
OPLOTNICA 1,15 1,51 0,99 1,00 1,00 2,33 0,96 0,09 0,00 0,00 0,00 0,00 0,00 1,82 0,78 
BOHINJ 2,03 1,88 1,68 1,82 1,63 0,81 0,56 0,17 0,01 0,00 0,00 0,00 0,00 0,00 0,76 
RADLJE OB 
DRAVI 0,00 0,00 0,00 0,00 0,00 0,00 0,00 3,63 0,00 3,59 2,97 0,00 0,00 0,33 0,75 
VERŽEJ 0,33 0,36 1,22 0,36 0,39 0,36 0,30 7,18 0,00 0,00 0,00 0,00 0,00 0,00 0,75 
MISLINJA 0,65 0,32 0,21 0,20 0,19 0,10 0,10 0,14 0,00 2,15 4,23 0,00 0,00 1,90 0,73 
PUCONCI 0,00 0,00 0,00 4,28 0,94 0,00 0,00 0,00 0,00 0,00 0,00 0,00 0,00 4,94 0,73 
DUPLEK 0,00 0,00 0,00 0,00 0,00 0,00 1,91 0,00 0,00 0,00 0,00 0,00 7,71 0,14 0,70 
HAJDINA 9,82 0,00 0,00 0,00 0,00 0,00 0,00 0,00 0,00 0,00 0,00 0,00 0,00 0,00 0,70 
HRASTNIK 0,22 0,00 0,00 0,00 0,00 0,54 0,65 0,00 0,00 0,00 2,23 0,00 3,21 2,63 0,68 
ZAVRČ 2,68 0,00 0,00 0,00 0,00 0,00 0,00 3,16 0,00 0,00 0,00 0,00 3,69 0,00 0,68 
ŽALEC 0,00 2,18 0,24 0,00 0,00 0,00 2,62 0,00 0,14 0,00 3,96 0,05 0,00 0,00 0,66 

BRASLOVČE 0,00 0,00 0,00 0,00 0,00 0,00 0,00 0,00 0,00 0,00 0,00 0,00 0,00 8,29 0,59 
BREŽICE 0,31 1,75 1,56 0,15 1,71 1,64 0,05 0,01 0,00 1,06 0,00 0,00 0,00 0,00 0,59 
IG 0,00 0,00 0,00 0,00 0,00 8,29 0,00 0,00 0,00 0,00 0,00 0,00 0,00 0,00 0,59 
KAMNIK 1,31 1,39 1,13 1,10 1,09 0,46 0,22 0,07 0,02 0,05 0,01 0,32 0,66 0,01 0,56 
HODOŠ 1,37 1,37 1,37 1,37 1,37 0,34 0,00 0,00 0,00 0,00 0,00 0,00 0,00 0,00 0,51 
NOVO MESTO 1,12 1,29 0,55 0,48 3,55 0,09 0,00 0,00 0,00 0,00 0,00 0,00 0,00 0,00 0,51 
CERKLJE NA 
GORENJSKEM 0,15 0,17 0,15 0,16 0,15 6,00 0,07 0,00 0,00 0,00 0,00 0,00 0,00 0,00 0,49 
JURŠINCI 0,00 0,00 0,00 0,00 0,00 0,00 0,00 0,00 0,00 0,00 0,00 6,63 0,00 0,00 0,47 
PODVELKA 0,00 0,00 0,00 0,00 0,00 0,00 0,00 0,00 0,00 0,00 0,00 0,00 6,11 0,00 0,44 
HRPELJE-
KOZINA 1,23 1,36 0,97 0,96 0,89 0,34 0,23 0,01 0,00 0,00 0,00 0,00 0,00 0,00 0,43 
LENDAVA 0,00 0,00 0,00 0,00 0,00 4,47 0,00 0,00 0,00 0,00 0,00 0,00 0,00 1,49 0,43 
ŠTORE 0,00 0,00 5,83 0,00 0,00 0,00 0,00 0,00 0,00 0,00 0,00 0,00 0,00 0,00 0,42 
ŠENTJERNEJ 0,00 0,00 0,00 0,00 0,00 5,54 0,00 0,00 0,00 0,00 0,00 0,00 0,00 0,00 0,40 
BREZOVICA 4,20 0,00 0,00 0,00 0,00 0,26 0,00 0,00 0,00 0,00 0,00 0,00 0,00 0,00 0,32 
KOMENDA 0,00 0,00 0,00 0,00 0,00 0,00 0,00 4,43 0,00 0,00 0,00 0,00 0,00 0,00 0,32 
GROSUPLJE 0,00 0,00 0,00 0,29 0,00 0,00 0,00 0,00 0,00 1,91 2,15 0,00 0,00 0,00 0,31 
LUKOVICA 0,30 0,28 1,56 0,24 0,19 0,08 0,01 0,00 0,00 1,63 0,00 0,00 0,00 0,00 0,31 
MOZIRJE 0,70 0,73 0,65 0,73 0,66 0,45 0,40 0,06 0,00 0,00 0,00 0,00 0,00 0,00 0,31 
SLOVENSKA 
BISTRICA 0,92 0,61 0,46 0,44 0,45 0,34 0,29 0,06 0,00 0,00 0,00 0,00 0,00 0,78 0,31 
TIŠINA 0,00 0,00 0,00 0,00 0,00 0,00 0,00 0,00 0,00 0,00 4,05 0,00 0,00 0,00 0,29 
NOVA GORICA 0,27 0,32 0,63 0,27 0,32 0,44 0,29 0,00 0,00 0,00 0,18 0,00 0,36 0,53 0,26 
POLZELA 0,00 0,00 0,00 0,00 0,00 0,00 0,00 0,00 0,00 0,00 0,00 0,00 3,24 0,00 0,23 
TRNOVSKA VAS 0,47 0,47 0,47 0,47 0,47 0,32 0,18 0,00 0,00 0,00 0,00 0,00 0,00 0,00 0,20 
MIKLAVŽ NA 
DRAVSKEM 
POLJU 0,00 0,00 0,00 0,00 0,00 0,00 0,05 0,00 0,00 0,00 0,00 0,00 0,32 2,35 0,19 
MAKOLE 0,00 0,00 0,00 0,00 0,00 0,00 0,00 0,00 0,00 2,18 0,00 0,00 0,00 0,00 0,16 
MEDVODE 2,26 0,00 0,00 0,00 0,00 0,00 0,00 0,00 0,00 0,00 0,00 0,00 0,00 0,00 0,16 
MORAVSKE 
TOPLICE 0,00 0,00 1,59 0,00 0,00 0,00 0,00 0,00 0,57 0,00 0,00 0,00 0,00 0,00 0,15 
BELTINCI 0,46 0,31 0,20 0,20 0,19 0,12 0,09 0,00 0,00 0,00 0,08 0,06 0,00 0,00 0,12 
MURSKA 
SOBOTA 0,00 0,00 0,00 0,00 0,00 0,00 0,64 0,00 0,12 0,00 0,53 0,00 0,00 0,00 0,09 
RENČE-
VOGRSKO 0,00 0,00 0,00 0,00 0,00 0,00 0,00 0,00 0,00 0,87 0,00 0,30 0,00 0,00 0,08 

STARŠE 0,00 0,20 0,00 0,00 0,00 0,00 0,06 0,00 0,00 0,00 0,00 0,00 0,36 0,49 0,08 
HOČE-SLIVNICA 0,00 0,00 0,00 0,00 0,00 0,00 0,00 0,00 0,00 0,00 0,00 0,00 0,32 0,43 0,05 
RAČE-FRAM 0,00 0,00 0,00 0,00 0,00 0,00 0,00 0,00 0,00 0,00 0,00 0,00 0,28 0,38 0,05 
SODRAŽICA 0,00 0,00 0,00 0,63 0,00 0,00 0,00 0,00 0,00 0,00 0,00 0,00 0,00 0,00 0,05 
METLIKA 0,02 0,04 0,04 0,22 0,00 0,00 0,00 0,00 0,00 0,00 0,00 0,00 0,00 0,00 0,02 
ŠENTILJ 0,18 0,06 0,03 0,00 0,00 0,00 0,00 0,00 0,00 0,00 0,00 0,00 0,00 0,00 0,02 
VELIKE LAŠČE 0,00 0,00 0,00 0,00 0,00 0,32 0,00 0,00 0,00 0,00 0,00 0,00 0,00 0,00 0,02 
GORIŠNICA 0,00 0,00 0,00 0,00 0,00 0,00 0,00 0,00 0,00 0,00 0,00 0,00 0,00 0,15 0,01 
ANKARAN         0,00 0,00 0,00 0,00 0,00 0,00 0,00 
BLOKE 0,00 0,00 0,00 0,00 0,00 0,00 0,00 0,00 0,00 0,00 0,00 0,00 0,00 0,00 0,00 
CERKVENJAK 0,00 0,00 0,00 0,00 0,00 0,00 0,00 0,00 0,00 0,00 0,00 0,00 0,00 0,00 0,00 
DOBJE 0,00 0,00 0,00 0,00 0,00 0,00 0,00 0,00 0,00 0,00 0,00 0,00 0,00 0,00 0,00 
DOBROVA-
POLHOV 
GRADEC 0,00 0,00 0,00 0,00 0,00 0,00 0,00 0,00 0,00 0,00 0,00 0,00 0,00 0,00 0,00 
DOL PRI 
LJUBLJANI 0,00 0,00 0,00 0,00 0,00 0,00 0,00 0,00 0,00 0,00 0,00 0,00 0,00 0,00 0,00 
DOLENJSKE 
TOPLICE 0,00 0,00 0,00 0,00 0,00 0,00 0,00 0,00 0,00 0,00 0,00 0,00 0,00 0,00 0,00 
GORJE 0,00 0,00 0,00 0,00 0,00 0,00 0,00 0,00 0,00 0,00 0,00 0,00 0,00 0,00 0,00 
GORNJI 
PETROVCI 0,00 0,00 0,00 0,00 0,00 0,00 0,00 0,00 0,00 0,00 0,00 0,00 0,00 0,00 0,00 
HORJUL 0,00 0,00 0,00 0,00 0,00 0,00 0,00 0,00 0,00 0,00 0,00 0,00 0,00 0,00 0,00 
KIDRIČEVO 0,00 0,00 0,00 0,00 0,00 0,00 0,00 0,00 0,00 0,00 0,00 0,00 0,00 0,00 0,00 
KOSTEL 0,00 0,00 0,00 0,00 0,00 0,00 0,00 0,00 0,00 0,00 0,00 0,00 0,00 0,00 0,00 
KOZJE 0,00 0,00 0,00 0,00 0,00 0,00 0,00 0,00 0,00 0,00 0,00 0,00 0,00 0,00 0,00 
KUZMA 0,00 0,00 0,00 0,00 0,00 0,00 0,00 0,00 0,00 0,00 0,00 0,00 0,00 0,00 0,00 
LOG-
DRAGOMER 0,00 0,00 0,00 0,00 0,00 0,00 0,00 0,00 0,00 0,00 0,00 0,00 0,00 0,00 0,00 
MIRNA PEČ 0,00 0,00 0,00 0,00 0,00 0,00 0,00 0,00 0,00 0,00 0,00 0,00 0,00 0,00 0,00 
MOKRONOG-
TREBELNO 0,00 0,00 0,00 0,00 0,00 0,00 0,00 0,00 0,00 0,00 0,00 0,00 0,00 0,00 0,00 
OSILNICA 0,00 0,00 0,00 0,00 0,00 0,00 0,00 0,00 0,00 0,00 0,00 0,00 0,00 0,00 0,00 
PESNICA 0,02 0,00 0,00 0,00 0,00 0,00 0,00 0,00 0,00 0,00 0,00 0,00 0,00 0,00 0,00 
PODČETRTEK 0,00 0,00 0,00 0,00 0,00 0,00 0,00 0,00 0,00 0,00 0,00 0,00 0,00 0,00 0,00 
ROGAŠOVCI 0,00 0,00 0,00 0,00 0,00 0,00 0,00 0,00 0,00 0,00 0,00 0,00 0,00 0,00 0,00 
SREDIŠČE OB 
DRAVI 0,00 0,00 0,00 0,00 0,00 0,00 0,00 0,00 0,00 0,00 0,00 0,00 0,00 0,00 0,00 

STRAŽA 0,00 0,00 0,00 0,00 0,00 0,00 0,00 0,00 0,00 0,00 0,00 0,00 0,00 0,00 0,00 
SV. TROJICA V 
SLOVENSKIH 
GORICAH 0,00 0,00 0,00 0,00 0,00 0,00 0,00 0,00 0,00 0,00 0,00 0,00 0,00 0,00 0,00 
ŠENČUR 0,00 0,00 0,00 0,00 0,00 0,00 0,00 0,00 0,00 0,00 0,00 0,00 0,00 0,00 0,00 
ŠENTRUPERT 0,00 0,00 0,00 0,00 0,00 0,00 0,00 0,00 0,00 0,00 0,00 0,00 0,00 0,00 0,00 
ŠKOFLJICA 0,00 0,00 0,00 0,00 0,00 0,00 0,00 0,00 0,00 0,00 0,00 0,00 0,00 0,00 0,00 
ŠMARJEŠKE 
TOPLICE 0,00 0,00 0,00 0,00 0,00 0,00 0,00 0,00 0,00 0,00 0,00 0,00 0,00 0,00 0,00 
TRZIN 0,00 0,00 0,00 0,00 0,00 0,00 0,00 0,00 0,00 0,00 0,00 0,00 0,00 0,00 0,00 
VELIKA POLANA 0,00 0,00 0,00 0,00 0,00 0,00 0,00 0,00 0,00 0,00 0,00 0,00 0,00 0,00 0,00 
VIPAVA 0,00 0,00 0,00 0,00 0,00 0,00 0,00 0,00 0,00 0,00 0,00 0,00 0,00 0,00 0,00 
ŽETALE 0,00 0,00 0,00 0,00 0,00 0,00 0,00 0,00 0,00 0,00 0,00 0,00 0,00 0,00 0,00 
 
 
Tabela 35: Prihodek iz naslova Prihodki od prodaje kmetijskih zemljišč in gozdov (urejeno padajoče glede na povprečje 2007-2020) v absolutnih zneskih (v 
EUR) 
OBČINA 2007 2008 2009 2010 2011 2012 2013 2014 2015 2016 2017 2018 2019 2020 x̄ 
Skupaj občine  1775958 2262512 1385276 1839887 1059789 1497815 1436065 1456301 1662503 1403355 1374806 1569199 1772664 2446264 1638742 
SEVNICA 624194 26252,37 40162,99 108054,9 197572,6 39273,09 36297,3 56449,09 41131,28 5416,6 14301,25 28173,84 35845 19400,56 90894,64 
GORNJA 
RADGONA 0 4309,5 0 0 0 0 0 41618,61 18033,6 51855,19 36384,55 203610,7 1812 781809,9 81388,14 
TRŽIČ 15786 89700,81 243480,8 125341,1 37486,19 77388,12 93683,41 81653,34 43278,75 130667,6 51223,83 42002,83 44390,37 15058,94 77938,73 
RADOVLJICA 299246 556800 0 0 584,63 10835 0 0 12401,99 0 0 0 0 354 62872,97 
BREŽICE 33195 45326,82 9926,95 17353 31093,67 26623,78 27188 54334,7 368304,3 27718,35 17994 36716,24 87194,01 20602,61 57397,96 
KRŠKO 33637,6 45972,45 29112,38 28356,7 11741,37 34728,72 111789,7 7945,08 6261,52 54504,56 10162,82 27216,63 260455,4 21831,01 48836,85 
MIREN-
KOSTANJEVICA 0 4556,23 4846 483423,6 0 0 1500 0 1048,4 0 1896 8480 20269,9 466,5 37606,19 
MOKRONOG-
TREBELNO 0 5920 18746,92 9566,07 47583,8 19348 29597,65 45873 84288 9933,4 80999 31618 39094 33554,87 32580,19 
TURNIŠČE 0 0 120249,6 300 9841,56 15529,59 5731,29 26181,27 15325 9753,14 8811,1 1914,5 178833,6 33516,8 30427,68 
GORENJA VAS-
POLJANE 0 0 0 7535,08 6653,2 0 203958,5 3274,11 71429,01 18839,1 30848,91 10872 4383,76 32059,8 27846,68 
ČRNOMELJ 63769,45 84497,01 38319,99 18739,24 20239,3 13993,79 38667,92 1033 1734,62 24167,03 23502,6 30086,91 12022 17986,98 27768,56 
GROSUPLJE 151734 174,08 8959 45106 4585,92 3955,45 22851,56 795 15463,78 21234,5 18308,07 59572,5 9197,93 19574,44 27250,87 
VELENJE 0 0 0 58640,8 79985 67808,2 4641 21121,75 0 1605 0 9955,78 14131 116773,9 26761,6 
POSTOJNA 168765,9 41779,16 48485 23143,78 1500 0 8592,4 2693,8 12593,63 0 6826,56 5990,75 27250 15327,5 25924,89 
MORAVSKE 
TOPLICE 17347,91 9768,62 0 17412,35 25130,48 34014,25 30660,03 44499,15 50319,04 50855,13 22581,45 29518,97 7641,14 14981,58 25337,86 

IVANČNA 
GORICA 1066 31682,2 34053,1 4542,68 1168 70526,82 27935 22475 37561,23 22972,26 7716,17 47339,64 27479,05 2847 24240,3 
VIDEM 0 116340 6693 53287 75483,6 11446,5 32 6526,04 18084 111,5 13566,15 4308,98 15899 6350 23437,7 
TREBNJE 0 8101 37200 48394 186 60817,79 19436 35104,5 70231,8 10400 1588 11357,97 295 13085 22585,5 
BOVEC 0 161535 0 31092,22 33879,55 17191,5 690 1555,87 12560,4 25697,57 18007,13 10294,7 909,73 0 22386,69 
ŠENTJUR 8869 7792 28162,26 0 0 65212 646 14105,96 17274,13 62000 58614,4 10852,2 11715 22806,4 22003,53 
ŠALOVCI 10586 560 4872 0 292,43 0 2500 4259,51 3774,86 0 0 25803,13 129278,3 123378,2 21807,46 
CERKNICA 0 90860 25950 0 0 485 0 50455 52836,96 29409,09 16549 32000 2136 3469,37 21725,03 
ŠOŠTANJ 0 0 0 0 0 265000 0 7120 0 18321 0 0 0 13280 21694,36 
LJUBLJANA 0 0 0 266490 0 0 0 3812,4 0 0 1440 22995 2205,17 0 21210,18 
BLED 0 68902 4032 0 0 0 11870 0 20000 127577 10960 0 48737 4429 21179,07 
IG 0 5700 9831 2088 17733,4 1046 53131,82 1662,9 6293 68452 99515,5 1040 4652,29 20599,8 20838,98 
ŽIRI 0 243190 0 0 0 0 7916,66 0 0 0 0 0 0 0 17936,19 
KOČEVJE 0 0 0 0 134927 73244,83 1785,19 5390 19366 6395 0 9258,7 450 0 17915,48 
KOSTEL 11463 15768,07 1430 8322 0 377 0 2668 0 0 9121 0 92634,5 98040,57 17130,3 
RIBNICA 0 3936 18014,3 33416,71 9806,24 7144,95 25476,63 3192 7876,3 2759 45845,17 37213,93 20150,75 23116,07 16996,29 
TOLMIN 5201 0 15403,41 13203,61 5004,12 119784,4 11203,47 11509,03 478,89 24439,79 24968,47 0 763 4274,42 16873,83 
ŠENČUR 0 10092,43 12620 0 4258 15990,72 12635 28789,5 11016 3722,5 14505 39322,1 31060,5 35479 15677,91 
NOVA GORICA 4582,38 90306,86 24063,08 11957,07 2503 2491,32 10496 0 4500 14367 13151,96 31388,92 2505,2 3582,5 15421,09 
SEMIČ 80 8289 2238,21 2059,21 514,02 11762,21 987,09 2179,05 13015,7 71562,01 13630,46 80750,4 1036 0 14864,53 
ORMOŽ 0 0 8681,16 96 313,56 8280,8 29385,94 9864,21 3572,4 28346,2 46161,9 28967,62 25780,25 14009,4 14532,82 
SREDIŠČE OB 
DRAVI 0 0 0 0 0 70500 9500 14719 2355 910 0 0 0 85140 13080,29 
ILIRSKA 
BISTRICA 1255 5918,3 10988,46 2900,04 583,18 18035,56 33092,1 0 2071,46 24193,28 24606,44 16115,2 10744,5 30684,52 12942 
KOMENDA 59493 0 0 17085 0 0 6570,55 15740 825 3375 4685,22 1054,17 41502,67 26400 12623,62 
DESTRNIK 0 0 0 0 300 0 0 1889,1 0 25165,26 48201,23 3700 0 95945,76 12514,38 
PUCONCI 3033 9747,86 838,37 4543,47 3275,1 27866,06 5634,39 31364,07 3846,93 0 6052,54 2223,2 24817,27 49283,02 12323,23 
MARKOVCI 0 3241,68 0 60189,23 1245 14163,89 3654 0 0 8743 70986,37 0 10140 0 12311,66 
IDRIJA 0 0 63450 9051,14 0 14598,24 0 26887,91 0 0 49308,94 0 0 7246,92 12181,65 
REČICA OB 
SAVINJI 0 16300 0 0 0 0 62290 25946,4 4176,6 12851,95 25000 8592 1510 500 11226,21 
BELTINCI 3174,02 6248,36 0 219,96 19127,89 10018,93 12841,62 9212,54 16720,46 25529,94 11905,78 14946,36 4011,29 22142,89 11150 
MEDVODE 0 0 145442 3400 0 0 0 0 0 0 0 0 0 0 10631,57 
LJUTOMER 0 0 0 0 0 3554 19175,71 57240,19 4079,07 0 25666,69 6600,34 3726 16999,4 9788,671 
SEŽANA 0 0 0 3373 0 23425,38 1482,95 22992,77 13207,41 8220 2618 59848 0 0 9654,822 
KIDRIČEVO 0 0 0 2380 0 0 6770,57 8376,81 94764,58 0 13018 0 7080 0 9456,426 

AJDOVŠČINA 0 846 0 1580,1 1084,84 0 6331,3 6873 2592,22 1975 73 13728,86 94617 2365 9433,309 
ROGAŠKA 
SLATINA 0 0 125010 0 0 0 0 0 0 0 50 0 0 0 8932,857 
GORJE 0 0 0 0 0 0 0 0 0 0 115431 2138,5 7484,15 0 8932,404 
LOŠKA DOLINA 0 0 0 0 900 2723 6772,5 39525,5 1959,66 13116 19287 34348 0 3742,74 8741,029 
ROGAŠOVCI 0 21,11 0 14604,84 12308,8 1674,8 317,4 0 24438,27 12748,08 7197,13 2942,88 11112,85 33445,72 8629,42 
GRAD 0 0 0 0 1320 0 0 0 0 1260 790,3 0 41477,12 69002,64 8132,147 
ZREČE 0 0 1862 0 3178 0 0 0 96206,4 2326 0 3047 5145 0 7983,171 
KOZJE 0 1116 18545,93 16155,82 2160,62 825 28721 8160,4 12179 15437,63 7177,93 0 0 0 7891,381 
MOZIRJE 6896 95875,53 0 0 0 5356 0 1362 0 0 0 0 0 0 7820,681 
LENDAVA 0 0 1017,55 502 0 5275,25 3958,59 4598,1 6959,19 0 0 7740,24 39561,58 38735,46 7739,14 
MIRNA PEČ 0 76365,48 4005,2 3391 2170 3768 380 0 11271,2 0 1505 0 4921,05 0 7698,352 
SVETI JURIJ 0 0 0 0 0 22909,96 31117,82 3582 115 631,57 6371,06 34314,42 0 8093,81 7652,546 
LITIJA 0 3315 5200 0 1791,38 0 132 19671 994 1578 3839,89 60336,17 0 3395,58 7160,93 
ŠENTRUPERT 0 0 8732,54 16621,48 493 0 801 1507 49152,99 5395 1231,68 16042,01 0 0 7141,193 
BLOKE 53393 7339,5 1457 800 0 0 0 0 3307,74 917 9265 3600 19592 0 7119,374 
MAJŠPERK 5571,07 0 2788,46 9223,77 0 0 500 2940 610 11236,19 11484,5 54340,98 0 0 7049,641 
PODLEHNIK 0 0 12100 20000 47400 2089 0 8074,94 0 0 0 4140 455,69 3625,83 6991,819 
BOROVNICA 1826,16 0 0 650 3294,5 12103 4143,69 42247,5 23000 1800 1820 260 3908,35 1561,31 6901,036 
MIRNA     0 0 2166,03 5193,17 22208,45 6634,45 8099,97 6850,11 12660,45 2433,58 6624,621 
VOJNIK 0 39471,49 0 1633,84 394 3272,5 15500 8830 4022 0 0 0 18466,64 314,72 6564,656 
CANKOVA 348 328,2 8438,83 14185,52 4988,73 0 0 0 30021,08 0 2849,76 0 0 28459,47 6401,399 
ŽALEC 390 13 1356,41 0 368,78 17741,56 19253,73 33465,41 1595,28 158 7730 4228,96 860 0 6225,795 
KRANJ 2339,01 0 70,77 12327,75 0 7608,01 34713,3 1554 8175,29 2776,18 846,69 11779,9 0 2729,43 6065,738 
GORNJI 
PETROVCI 0 5598,68 0 3928,7 0 0 60847,96 1417,5 5247,9 0 1734,11 99,56 4360,6 342 5969,786 
RADENCI 1462,55 1437,54 0 0 970 0 1200 4532 0 2972,4 1337 17628,27 0 51967,47 5964,802 
DOBREPOLJE 0 45273,17 3573,34 0 2445 0 1054,56 8614 0 0 0 17210 0 0 5583,576 
ROGATEC 20830 4176,7 23806,64 8753,08 1906,58 0 0 0 0 12884,5 0 0 1694,55 176 5302,004 
PIVKA 1531,46 7038,65 7173,6 5419 1093,5 3404,25 11002,74 4797,5 31859,87 0 339 563,17 0 0 5301,624 
ŠKOFJA LOKA 0 0 0 0 0 0 0 0 0 0 0 45150,1 23762,84 1341 5018,139 
KRANJSKA 
GORA 0 0 0 1660 1255 559 0 65942,74 0 0 0 0 0 0 4958,339 
DOBROVA-
POLHOV 
GRADEC 4693,58 1345 1080 0 0 0 0 0 0 0 0 0 12826,31 48901 4917,564 
ANKARAN         0 0 0 0 0 29166,51 4861,085 

KOBARID 483 884 12276 0 1341 1628,59 450 414,8 5341,06 3260,5 3068,8 3516,05 1978 33209,8 4846,543 
STRAŽA 0 0 0 0 0 0 0 67337,17 326,25 0 0 0 0 0 4833,101 
IZOLA 0 0 0 0 0 0 0 0 0 0 0 1926 54315,75 11110,62 4810,884 
PODČETRTEK 55914 0 0 0 0 0 0 300 735 9000 0 0 0 0 4710,643 
KRIŽEVCI 3784,84 0 0 0 0 500 17843 2163 14283 6000 3300 17567 0 0 4674,346 
BENEDIKT 11200 1229,29 0 13604 0 27270 0 0 0 0 3199,52 4480 3680 486 4653,486 
SVETI TOMAŽ 0 0 0 0 0 475 0 26999,3 21615 3448,05 113 6463,31 4186,6 412 4550,876 
MARIBOR 0 0 0 815 10800,05 0 10549 19734 8808 7945,21 100,3 0 2446 2200 4528,397 
LAŠKO 0 0 0 8100 0 0 0 32308 4000 0 3975 0 1343 13583,2 4522,086 
METLIKA 0 0 794,16 0 0 311,46 240 4766 11923,77 961,6 43774,51 0 0 0 4483,679 
ŠKOCJAN 0 0 0 0 11575,31 0 0 0 3951 2431 16765,3 20386,4 103 6496,3 4407,736 
BRDA 2799 0 0 0 0 9450 13700 0 3261,94 0 10658,96 15611,88 835 4750 4361,913 
PIRAN 0 0 0 0 60000 0 0 0 0 0 0 0 0 0 4285,714 
LUKOVICA 0 0 45800 0 0 170 0 1334,6 200 5822,39 3738,5 2050,74 179 0 4235,374 
VODICE 0 0 0 40055 0 0 156 9803,22 3750 0 664 0 596 3995,71 4215,709 
HODOŠ 10147 2812,92 0 0 0 0 0 0 0 34256,1 0 4884,3 0 3256,92 3954,089 
KOSTANJEVICA 
NA KRKI 0 0 0 0 0 8335 5798,92 3469,71 0 4800 0 30302,89 1100 0 3843,323 
DOMŽALE 0 2371,4 0 0 0 7800 32214,82 0 0 0 10791,49 0 216,92 220 3829,616 
ŠMARTNO PRI 
LITIJI 6706,03 1771,5 2400 0 0 409,1 5760 20345,7 420 446,33 1234,6 0 1532,91 11984,38 3786,468 
MURSKA 
SOBOTA 0 1682,46 0 0 0 634,38 9149,94 27273,49 0 11479,31 0 0 2500 0 3765,684 
VIPAVA 0 8104,95 437,36 39360 0 0 0 0 0 923 64,41 1285 0 0 3583,909 
KUZMA 0 0 2047,2 7142,9 0 0 0 22475,82 0 0 0 1368,8 705 15748 3534,837 
PTUJ 0 0 0 111,27 5663,25 22500 4105,37 4154 2735 5347,85 2100 931 792 0 3459,981 
SODRAŽICA 2181,07 5380,77 13828,32 8859,69 1262,1 3253,49 1000 474,6 300,3 0 3318 3630,7 296,64 3438 3373,12 
DOBRNA 0 30045,2 0 0 0 0 0 0 0 0 0 0 0 16105 3296,443 
ZAGORJE OB 
SAVI 3919 58,5 2829,21 0 2648,42 0 13016,61 2777,44 141,12 69 0 0 19707,69 410,19 3255,513 
JEZERSKO 0 0 0 4292 4768 0 5230 15160 12582 0 0 593 275 1481 3170,071 
KANAL 353 8213,4 982 0 2359 14134 0 572,4 0 0 0 581,04 6736 8780 3050,774 
CERKNO 0 14870 13112,66 0 0 2318,29 325,5 9305,61 0 0 0 0 0 981,89 2922,425 
MORAVČE 0 0 0 0 0 22093,9 3446,6 8303 168 6857 0 0 0 0 2919,179 
ČRENŠOVCI 0 0 850 0 0 0 0 0 0 28569,14 6874,47 1868,98 1980,65 0 2867,374 
ŠENTJERNEJ 11445 0 2430 3499,07 782 0 11,9 4407,5 1483,54 1662 7479,05 3777,71 891,04 1731,04 2828,561 

ŠMARJE PRI 
JELŠAH 193,73 0 7036,28 4641,34 17533 0 0 216 3517,2 378 5314 263,3 0 0 2792,346 
DIVAČA 0 0 2214,08 0 0 0 0 34242 385 0 1096,86 0 0 1000 2781,281 
ŠEMPETER-
VRTOJBA 0 0 4326 4162 0 2102 0 8415 0 128 936,15 8363 0 9840,1 2733,732 
VELIKA POLANA 1632,8 3694,87 0 11975,44 13044,8 762,89 0 0 0 345,4 4297 0 0 1618,5 2669,407 
LJUBNO 0 12256,5 3947 12191,88 0 0 2200 0 0 0 0 0 4638,56 1560 2628,139 
LOŠKI POTOK 0 0 796,43 0 114 41,58 0 1352 1764,6 29500,53 1034,8 0 2037,98 0 2617,28 
KAMNIK 0 0 0 0 12450 0 0 4478 0 11885 3820 1036,35 1000 0 2476,382 
HORJUL 0 0 0 0 0 0 5532 0 0 28515 0 0 550 0 2471,214 
ODRANCI 0 0 0 0 0 0 0 0 0 0 0 0 0 33800 2414,286 
SV. ANDRAŽ V 
SLOVENSKIH 
GORICAH 0 0 300 0 0 0 13545 0 14340,6 1960,8 0 0 0 2415,18 2325,827 
DORNAVA 0 0 9800 0 0 0 0 0 9974,15 5812,16 6043,11 700 0 0 2309,244 
ŠKOFLJICA 2924,47 0 0 0 27675,96 0 0 0 0 0 0 161,28 0 0 2197,265 
DOBROVNIK 2559 0 0 0 4773,81 0 360,96 0 0 562 0 21750 0 0 2143,269 
SLOVENSKA 
BISTRICA 0 0 0 0 0 3300 9100 982 0 0 0 15650 0 0 2073,714 
ŠMARTNO OB 
PAKI 11873 7083 896 3837,5 0 0 946,32 0 0 0 0 0 0 0 1759,701 
ŽELEZNIKI 1149 18275,78 0 0 0 0 3000 1507,24 0 0 0 0 0 0 1709,43 
RUŠE 0 0 0 0 0 0 18403,6 0 0 0 58 0 4557,6 0 1644,229 
ŽUŽEMBERK 0 0 480,17 3990,75 0 0 17683,32 0 0 0 0 0 0 0 1582,446 
NAKLO 0 0 0 0 0 0 0 0 0 0 0 0 22047,72 0 1574,837 
MAKOLE 0 0 0 0 0 0 0 0 650 15005,64 0 0 0 5600 1518,26 
KUNGOTA 0 0 0 0 0 0 0 0 0 0 0 0 0 21105,39 1507,528 
GORNJI GRAD 0 0 0 0 0 0 0 0 0 0 0 0 16795,47 553 1239,176 
CIRKULANE 0 0 0 10522,15 0 0 2389 483 0 2788 26,31 0 0 0 1157,747 
ŠTORE 2420 0 5570 0 0 892 4033 0 0 0 0 0 940 2120 1141,071 
BISTRICA OB 
SOTLI 0 0 0 2640 0 0 0 0 0 13076 0 0 0 0 1122,571 
VRANSKO 0 0 0 0 0 0 1088,11 0 0 0 2365,44 1000 0 10868,42 1094,426 
DUPLEK 0 0 0 0 0 0 0 3408,6 3412,44 0 4577,1 1582,5 1582,75 0 1040,242 
CERKVENJAK 7691 0 0 0 0 0 0 0 0 0 5851,67 0 944,47 0 1034,796 
TABOR 0 0 0 0 0 0 6700 0 0 461 282 6910 0 0 1025,214 
ŠENTILJ 13007,43 586,71 0 0 0 0 0 0 0 0 0 0 619 0 1015,224 
HAJDINA 0 9967,45 0 0 0 0 0 810,27 0 2133,74 0 0 382 529 987,3186 

JESENICE 0 0 0 0 0 0 0 0 2314,75 0 2845,5 2859 5772 0 985,0893 
GORIŠNICA 0 0 0 0 0 0 1373,35 0 0 1128 462,5 0 5514 4839 951,2036 
SV. TROJICA V 
SLOVENSKIH 
GORICAH 0 0 0 0 0 0 3971,7 0 0 3161 0 6000 0 0 938,05 
NAZARJE 0 0 0 0 0 0 0 8611 2004 0 0 1836,39 0 0 889,385 
OPLOTNICA 0 0 0 0 0 0 0 0 355 1600 2640 0 7395,85 380 883,6321 
JURŠINCI 0 0 0 0 0 0 0 6523,96 0 5476,95 0 0 0 0 857,2079 
BRASLOVČE 0 0 0 1302,5 0 0 0 0 0 1740 0 0 3626,75 3720 742,0893 
DOBJE 0 157,44 45,51 1869,11 0 0 0 0 0 972,34 331,49 0 6372 404,89 725,1986 
RENČE-
VOGRSKO 0 0 0 0 0 501 433 0 0 8576,84 0 0 0 0 679,3457 
RADEČE 0 8445 0 0 0 0 0 0 0 0 0 804,9 0 0 660,7071 
VELIKE LAŠČE 0 0 0 0 0 0 0 0 0 1405 0 0 7837,6 0 660,1857 
OSILNICA 0 863,95 0 0 0 8301,65 0 0 0 0 0 0 0 0 654,6857 
ŠMARJEŠKE 
TOPLICE 8,11 0 0 0 0 0 0 6210,75 339,88 0 1546,8 0 0 985,93 649,3907 
PESNICA 7405 0 0 0 0 0 0 0 0 364 0 0 272,12 415 604,0086 
ČRNA NA 
KOROŠKEM 0 0 0 0 0 0 0 8152,46 0 0 0 0 0 0 582,3186 
ŽETALE 0 4958,79 2025,42 0 0 0 238 85 0 0 367,5 0 0 0 548,1936 
VUZENICA 0 0 0 0 0 5162,42 0 0 0 0 0 0 0 2492,36 546,77 
RADLJE OB 
DRAVI 0 0 0 0 0 7397,6 0 0 0 0 0 0 0 0 528,4 
SOLČAVA 0 0 66 4415 0 0 0 0 2039 0 0 660,3 0 0 512,8786 
HRASTNIK 0 0 6435 0 0 0 0 0 0 0 0 0 0 0 459,6429 
TIŠINA 0 0 0 0 0 0 0 0 1926,58 4029,23 0 0 73,47 0 430,6629 
KOBILJE 0 2152 0 0 0 0 0 0 211,05 0 0 3614,11 0 0 426,94 
STARŠE 0 0 0 0 5744 0 0 0 0 0 0 0 0 0 410,2857 
LENART 0 0 0 0 0 0 0 0 5227 0 0 0 0 0 373,3571 
CERKLJE NA 
GORENJSKEM 0 0 0 0 0 0 0 0 0 0 0 0 4312 0 308 
LUČE 0 4277 0 0 0 0 0 0 0 0 0 0 0 0 305,5 
MISLINJA 0 0 0 0 0 0 0 0 0 3156 0 0 0 0 225,4286 
DRAVOGRAD 403,28 2110 107,01 0 0 0 0 0 0 0 0 0 0 0 187,1636 
PREVALJE 0 0 0 0 0 0 0 0 0 0 0 0 2352 82,25 173,875 
TRNOVSKA VAS 0 0 0 0 0 0 0 0 0 0 0 0 0 2415,18 172,5129 
VITANJE 0 0 0 0 0 0 0 353,2 0 0 0 0 0 1936,61 163,5579 

RAČE-FRAM 0 1130 974 0 0 0 0 0 0 0 0 0 0 0 150,2857 
MUTA 0 0 0 0 0 0 0 0 0 0 0 2055,93 0 0 146,8521 
POLJČANE 0 0 0 0 1800 0 0 0 0 0 0 0 0 0 128,5714 
SLOVENSKE 
KONJICE 0 0 0 0 0 559 0 0 0 0 0 0 0 1015 112,4286 
BOHINJ 0 0 0 0 0 1500 0 0 0 0 0 0 0 0 107,1429 
ZAVRČ 0 0 0 0 1334,09 0 0 0 0 0 0 0 0 0 95,29214 
LOVRENC NA 
POHORJU 0 0 0 0 0 0 0 1194 0 0 0 0 0 0 85,28571 
TRBOVLJE 0 0 0 0 0 0 616 0 0 0 0 0 0 0 44 
ŽIROVNICA 0 0 0 0 0 240 243 0 0 0 0 0 0 0 34,5 
RAZKRIŽJE 0 0 0 0 0 0 0 0 0 0 0 300 0 0 21,42857 
HOČE-SLIVNICA 0 0 0 0 0 0 0 0 0 0 0 236 0 0 16,85714 
APAČE 0 0 0 0 0 0 0 0 0 0 0 0 0 0 0 
BREZOVICA 0 0 0 0 0 0 0 0 0 0 0 0 0 0 0 
CELJE 0 0 0 0 0 0 0 0 0 0 0 0 0 0 0 
DOL PRI 
LJUBLJANI 0 0 0 0 0 0 0 0 0 0 0 0 0 0 0 
DOLENJSKE 
TOPLICE 0 0 0 0 0 0 0 0 0 0 0 0 0 0 0 
HRPELJE-
KOZINA 0 0 0 0 0 0 0 0 0 0 0 0 0 0 0 
KOMEN 0 0 0 0 0 0 0 0 0 0 0 0 0 0 0 
KOPER 0 0 0 0 0 0 0 0 0 0 0 0 0 0 0 
LOGATEC 0 0 0 0 0 0 0 0 0 0 0 0 0 0 0 
LOG-
DRAGOMER 0 0 0 0 0 0 0 0 0 0 0 0 0 0 0 
MENGEŠ 0 0 0 0 0 0 0 0 0 0 0 0 0 0 0 
MEŽICA 0 0 0 0 0 0 0 0 0 0 0 0 0 0 0 
MIKLAVŽ NA 
DRAVSKEM 
POLJU 0 0 0 0 0 0 0 0 0 0 0 0 0 0 0 
NOVO MESTO 0 0 0 0 0 0 0 0 0 0 0 0 0 0 0 
PODVELKA 0 0 0 0 0 0 0 0 0 0 0 0 0 0 0 
POLZELA 0 0 0 0 0 0 0 0 0 0 0 0 0 0 0 
PREBOLD 0 0 0 0 0 0 0 0 0 0 0 0 0 0 0 
PREDDVOR 0 0 0 0 0 0 0 0 0 0 0 0 0 0 0 
RAVNE NA 
KOROŠKEM 0 0 0 0 0 0 0 0 0 0 0 0 0 0 0 

RIBNICA NA 
POHORJU 0 0 0 0 0 0 0 0 0 0 0 0 0 0 0 
SELNICA OB 
DRAVI 0 0 0 0 0 0 0 0 0 0 0 0 0 0 0 
SLOVENJ 
GRADEC 0 0 0 0 0 0 0 0 0 0 0 0 0 0 0 
SVETA ANA 0 0 0 0 0 0 0 0 0 0 0 0 0 0 0 
SV. JURIJ V 
SLOVENSKIH 
GORICAH 0 0 0 0 0 0 0 0 0 0 0 0 0 0 0 
TRZIN 0 0 0 0 0 0 0 0 0 0 0 0 0 0 0 
VERŽEJ 0 0 0 0 0 0 0 0 0 0 0 0 0 0 0 
VRHNIKA 0 0 0 0 0 0 0 0 0 0 0 0 0 0 0 
 
 
Tabela 36: Prihodek iz naslova Prihodki od prodaje kmetijskih zemljišč in gozdov (urejeno padajoče glede na povprečje 2007-2020) na prebivalca (v EUR) 
OBČINA 2007 2008 2009 2010 2011 2012 2013 2014 2015 2016 2017 2018 2019 2020 x̄ 
KOSTEL 17,45 24,00 2,18 12,67 0,00 0,57 0,00 4,06 0,00 0,00 13,88 0,00 141,00 149,22 26,07 
ŠALOVCI 7,39 0,39 3,40 0,00 0,20 0,00 1,74 2,97 2,63 0,00 0,00 18,01 90,22 86,10 15,22 
HODOŠ 33,27 9,22 0,00 0,00 0,00 0,00 0,00 0,00 0,00 112,32 0,00 16,01 0,00 10,68 12,96 
MOKRONOG-
TREBELNO 0,00 1,88 5,94 3,03 15,08 6,13 9,38 14,54 26,71 3,15 25,67 10,02 12,39 10,63 10,32 
GORNJA 
RADGONA 0,00 0,51 0,00 0,00 0,00 0,00 0,00 4,92 2,13 6,12 4,30 24,05 0,21 92,34 9,61 
TURNIŠČE 0,00 0,00 36,64 0,09 3,00 4,73 1,75 7,98 4,67 2,97 2,68 0,58 54,49 10,21 9,27 
MIREN-
KOSTANJEVICA 0,00 0,92 0,98 97,84 0,00 0,00 0,30 0,00 0,21 0,00 0,38 1,72 4,10 0,09 7,61 
BOVEC 0,00 51,22 0,00 9,86 10,74 5,45 0,22 0,49 3,98 8,15 5,71 3,26 0,29 0,00 7,10 
SREDIŠČE OB 
DRAVI 0,00 0,00 0,00 0,00 0,00 34,83 4,69 7,27 1,16 0,45 0,00 0,00 0,00 42,07 6,46 
SEVNICA 35,84 1,51 2,31 6,20 11,34 2,26 2,08 3,24 2,36 0,31 0,82 1,62 2,06 1,11 5,22 
TRŽIČ 1,05 5,98 16,23 8,35 2,50 5,16 6,24 5,44 2,88 8,71 3,41 2,80 2,96 1,00 5,19 
JEZERSKO 0,00 0,00 0,00 6,67 7,42 0,00 8,13 23,58 19,57 0,00 0,00 0,92 0,43 2,30 4,93 
REČICA OB 
SAVINJI 0,00 7,01 0,00 0,00 0,00 0,00 26,78 11,15 1,80 5,53 10,75 3,69 0,65 0,21 4,83 
DESTRNIK 0,00 0,00 0,00 0,00 0,11 0,00 0,00 0,72 0,00 9,54 18,26 1,40 0,00 36,36 4,74 
BLOKE 33,52 4,61 0,91 0,50 0,00 0,00 0,00 0,00 2,08 0,58 5,82 2,26 12,30 0,00 4,47 
VIDEM 0,00 20,93 1,20 9,59 13,58 2,06 0,01 1,17 3,25 0,02 2,44 0,78 2,86 1,14 4,22 
MORAVSKE 
TOPLICE 2,87 1,62 0,00 2,88 4,16 5,63 5,07 7,36 8,32 8,41 3,73 4,88 1,26 2,48 4,19 

PODLEHNIK 0,00 0,00 6,61 10,93 25,90 1,14 0,00 4,41 0,00 0,00 0,00 2,26 0,25 1,98 3,82 
GRAD 0,00 0,00 0,00 0,00 0,61 0,00 0,00 0,00 0,00 0,59 0,37 0,00 19,27 32,06 3,78 
SEMIČ 0,02 2,10 0,57 0,52 0,13 2,98 0,25 0,55 3,30 18,13 3,45 20,46 0,26 0,00 3,77 
GORENJA VAS-
POLJANE 0,00 0,00 0,00 0,98 0,86 0,00 26,49 0,43 9,28 2,45 4,01 1,41 0,57 4,16 3,62 
ŽIRI 0,00 48,75 0,00 0,00 0,00 0,00 1,59 0,00 0,00 0,00 0,00 0,00 0,00 0,00 3,60 
CANKOVA 0,19 0,18 4,65 7,82 2,75 0,00 0,00 0,00 16,54 0,00 1,57 0,00 0,00 15,68 3,53 
RADOVLJICA 15,89 29,57 0,00 0,00 0,03 0,58 0,00 0,00 0,66 0,00 0,00 0,00 0,00 0,02 3,34 
GORJE 0,00 0,00 0,00 0,00 0,00 0,00 0,00 0,00 0,00 0,00 40,67 0,75 2,64 0,00 3,15 
MARKOVCI 0,00 0,79 0,00 14,74 0,30 3,47 0,89 0,00 0,00 2,14 17,39 0,00 2,48 0,00 3,02 
GORNJI 
PETROVCI 0,00 2,75 0,00 1,93 0,00 0,00 29,92 0,70 2,58 0,00 0,85 0,05 2,14 0,17 2,93 
ŠENTRUPERT 0,00 0,00 3,54 6,73 0,20 0,00 0,32 0,61 19,90 2,18 0,50 6,49 0,00 0,00 2,89 
IG 0,00 0,79 1,35 0,29 2,44 0,14 7,32 0,23 0,87 9,43 13,71 0,14 0,64 2,84 2,87 
ROGAŠOVCI 0,00 0,01 0,00 4,55 3,83 0,52 0,10 0,00 7,61 3,97 2,24 0,92 3,46 10,41 2,69 
BLED 0,00 8,71 0,51 0,00 0,00 0,00 1,50 0,00 2,53 16,13 1,39 0,00 6,16 0,56 2,68 
SVETI JURIJ 0,00 0,00 0,00 0,00 0,00 7,80 10,60 1,22 0,04 0,22 2,17 11,69 0,00 2,76 2,61 
MIRNA PEČ 0,00 24,95 1,31 1,11 0,71 1,23 0,12 0,00 3,68 0,00 0,49 0,00 1,61 0,00 2,51 
ŠOŠTANJ 0,00 0,00 0,00 0,00 0,00 30,67 0,00 0,82 0,00 2,12 0,00 0,00 0,00 1,54 2,51 
KOZJE 0,00 0,35 5,75 5,01 0,67 0,26 8,91 2,53 3,78 4,79 2,23 0,00 0,00 0,00 2,45 
BREŽICE 1,37 1,87 0,41 0,71 1,28 1,10 1,12 2,24 15,16 1,14 0,74 1,51 3,59 0,85 2,36 
LOŠKA DOLINA 0,00 0,00 0,00 0,00 0,24 0,73 1,82 10,65 0,53 3,53 5,20 9,26 0,00 1,01 2,36 
KUZMA 0,00 0,00 1,30 4,53 0,00 0,00 0,00 14,25 0,00 0,00 0,00 0,87 0,45 9,99 2,24 
SVETI TOMAŽ 0,00 0,00 0,00 0,00 0,00 0,23 0,00 12,91 10,34 1,65 0,05 3,09 2,00 0,20 2,18 
PUCONCI 0,50 1,61 0,14 0,75 0,54 4,59 0,93 5,17 0,63 0,00 1,00 0,37 4,09 8,12 2,03 
KOMENDA 9,41 0,00 0,00 2,70 0,00 0,00 1,04 2,49 0,13 0,53 0,74 0,17 6,56 4,17 2,00 
ČRNOMELJ 4,44 5,89 2,67 1,31 1,41 0,97 2,69 0,07 0,12 1,68 1,64 2,10 0,84 1,25 1,93 
SV. ANDRAŽ V 
SLOVENSKIH 
GORICAH 0,00 0,00 0,25 0,00 0,00 0,00 11,17 0,00 11,82 1,62 0,00 0,00 0,00 1,99 1,92 
VELIKA POLANA 1,16 2,63 0,00 8,52 9,28 0,54 0,00 0,00 0,00 0,25 3,06 0,00 0,00 1,15 1,90 
CERKNICA 0,00 7,91 2,26 0,00 0,00 0,04 0,00 4,39 4,60 2,56 1,44 2,79 0,19 0,30 1,89 
MOZIRJE 1,64 22,81 0,00 0,00 0,00 1,27 0,00 0,32 0,00 0,00 0,00 0,00 0,00 0,00 1,86 
KRŠKO 1,28 1,75 1,11 1,08 0,45 1,32 4,25 0,30 0,24 2,07 0,39 1,03 9,89 0,83 1,85 
BENEDIKT 4,35 0,48 0,00 5,28 0,00 10,59 0,00 0,00 0,00 0,00 1,24 1,74 1,43 0,19 1,81 
MIRNA     0,00 0,00 0,83 1,98 8,47 2,53 3,09 2,61 4,83 0,93 1,81 

RIBNICA 0,00 0,42 1,91 3,55 1,04 0,76 2,71 0,34 0,84 0,29 4,87 3,95 2,14 2,46 1,81 
ŠENČUR 0,00 1,16 1,45 0,00 0,49 1,84 1,45 3,31 1,27 0,43 1,67 4,52 3,57 4,08 1,80 
TREBNJE 0,00 0,64 2,96 3,85 0,01 4,84 1,55 2,79 5,59 0,83 0,13 0,90 0,02 1,04 1,80 
MAJŠPERK 1,37 0,00 0,68 2,26 0,00 0,00 0,12 0,72 0,15 2,76 2,82 13,34 0,00 0,00 1,73 
ROGATEC 6,68 1,34 7,63 2,81 0,61 0,00 0,00 0,00 0,00 4,13 0,00 0,00 0,54 0,06 1,70 
OSILNICA 0,00 2,18 0,00 0,00 0,00 20,96 0,00 0,00 0,00 0,00 0,00 0,00 0,00 0,00 1,65 
POSTOJNA 10,52 2,60 3,02 1,44 0,09 0,00 0,54 0,17 0,79 0,00 0,43 0,37 1,70 0,96 1,62 
DOBROVNIK 1,91 0,00 0,00 0,00 3,57 0,00 0,27 0,00 0,00 0,42 0,00 16,27 0,00 0,00 1,60 
BOROVNICA 0,40 0,00 0,00 0,14 0,73 2,68 0,92 9,36 5,10 0,40 0,40 0,06 0,87 0,35 1,53 
KOSTANJEVICA 
NA KRKI 0,00 0,00 0,00 0,00 0,00 3,29 2,29 1,37 0,00 1,90 0,00 11,98 0,43 0,00 1,52 
DOBRNA 0,00 13,66 0,00 0,00 0,00 0,00 0,00 0,00 0,00 0,00 0,00 0,00 0,00 7,32 1,50 
TOLMIN 0,46 0,00 1,37 1,18 0,45 10,68 1,00 1,03 0,04 2,18 2,23 0,00 0,07 0,38 1,50 
DOBREPOLJE 0,00 11,97 0,95 0,00 0,65 0,00 0,28 2,28 0,00 0,00 0,00 4,55 0,00 0,00 1,48 
SODRAŽICA 0,96 2,37 6,08 3,89 0,55 1,43 0,44 0,21 0,13 0,00 1,46 1,60 0,13 1,51 1,48 
IVANČNA 
GORICA 0,06 1,89 2,03 0,27 0,07 4,21 1,67 1,34 2,24 1,37 0,46 2,83 1,64 0,17 1,45 
KIDRIČEVO 0,00 0,00 0,00 0,36 0,00 0,00 1,04 1,28 14,51 0,00 1,99 0,00 1,08 0,00 1,45 
ODRANCI 0,00 0,00 0,00 0,00 0,00 0,00 0,00 0,00 0,00 0,00 0,00 0,00 0,00 20,25 1,45 
LOŠKI POTOK 0,00 0,00 0,44 0,00 0,06 0,02 0,00 0,74 0,97 16,15 0,57 0,00 1,12 0,00 1,43 
KRIŽEVCI 1,11 0,00 0,00 0,00 0,00 0,15 5,21 0,63 4,17 1,75 0,96 5,13 0,00 0,00 1,37 
GROSUPLJE 7,45 0,01 0,44 2,21 0,23 0,19 1,12 0,04 0,76 1,04 0,90 2,92 0,45 0,96 1,34 
BELTINCI 0,38 0,75 0,00 0,03 2,29 1,20 1,53 1,10 2,00 3,05 1,42 1,79 0,48 2,65 1,33 
PODČETRTEK 15,76 0,00 0,00 0,00 0,00 0,00 0,00 0,08 0,21 2,54 0,00 0,00 0,00 0,00 1,33 
ŠKOCJAN 0,00 0,00 0,00 0,00 3,43 0,00 0,00 0,00 1,17 0,72 4,96 6,03 0,03 1,92 1,30 
STRAŽA 0,00 0,00 0,00 0,00 0,00 0,00 0,00 17,16 0,08 0,00 0,00 0,00 0,00 0,00 1,23 
ZREČE 0,00 0,00 0,29 0,00 0,49 0,00 0,00 0,00 14,88 0,36 0,00 0,47 0,80 0,00 1,23 
ORMOŽ 0,00 0,00 0,71 0,01 0,03 0,68 2,41 0,81 0,29 2,32 3,78 2,37 2,11 1,15 1,19 
RADENCI 0,29 0,28 0,00 0,00 0,19 0,00 0,23 0,89 0,00 0,58 0,26 3,45 0,00 10,17 1,17 
KOBARID 0,11 0,21 2,91 0,00 0,32 0,39 0,11 0,10 1,27 0,77 0,73 0,83 0,47 7,88 1,15 
KOČEVJE 0,00 0,00 0,00 0,00 8,53 4,63 0,11 0,34 1,22 0,40 0,00 0,59 0,03 0,00 1,13 
ŠENTJUR 0,45 0,40 1,44 0,00 0,00 3,33 0,03 0,72 0,88 3,16 2,99 0,55 0,60 1,16 1,12 
IDRIJA 0,00 0,00 5,45 0,78 0,00 1,25 0,00 2,31 0,00 0,00 4,24 0,00 0,00 0,62 1,05 
LJUBNO 0,00 4,64 1,50 4,62 0,00 0,00 0,83 0,00 0,00 0,00 0,00 0,00 1,76 0,59 1,00 
ILIRSKA 
BISTRICA 0,09 0,44 0,82 0,22 0,04 1,35 2,47 0,00 0,15 1,81 1,84 1,20 0,80 2,29 0,97 

KRANJSKA 
GORA 0,00 0,00 0,00 0,32 0,24 0,11 0,00 12,67 0,00 0,00 0,00 0,00 0,00 0,00 0,95 
SOLČAVA 0,00 0,00 0,12 8,21 0,00 0,00 0,00 0,00 3,79 0,00 0,00 1,23 0,00 0,00 0,95 
DORNAVA 0,00 0,00 3,66 0,00 0,00 0,00 0,00 0,00 3,73 2,17 2,26 0,26 0,00 0,00 0,86 
LJUTOMER 0,00 0,00 0,00 0,00 0,00 0,31 1,68 5,01 0,36 0,00 2,25 0,58 0,33 1,49 0,86 
VODICE 0,00 0,00 0,00 8,15 0,00 0,00 0,03 1,99 0,76 0,00 0,14 0,00 0,12 0,81 0,86 
PIVKA 0,25 1,13 1,15 0,87 0,18 0,55 1,76 0,77 5,11 0,00 0,05 0,09 0,00 0,00 0,85 
HORJUL 0,00 0,00 0,00 0,00 0,00 0,00 1,89 0,00 0,00 9,75 0,00 0,00 0,19 0,00 0,84 
VELENJE 0,00 0,00 0,00 1,78 2,43 2,06 0,14 0,64 0,00 0,05 0,00 0,30 0,43 3,55 0,81 
ROGAŠKA 
SLATINA 0,00 0,00 11,17 0,00 0,00 0,00 0,00 0,00 0,00 0,00 0,00 0,00 0,00 0,00 0,80 
Skupaj občine  0,86 1,10 0,67 0,90 0,52 0,73 0,70 0,71 0,81 0,68 0,67 0,76 0,86 1,19 0,80 
BISTRICA OB 
SOTLI 0,00 0,00 0,00 1,87 0,00 0,00 0,00 0,00 0,00 9,25 0,00 0,00 0,00 0,00 0,79 
SEŽANA 0,00 0,00 0,00 0,27 0,00 1,86 0,12 1,82 1,05 0,65 0,21 4,74 0,00 0,00 0,77 
BRDA 0,49 0,00 0,00 0,00 0,00 1,66 2,40 0,00 0,57 0,00 1,87 2,73 0,15 0,83 0,76 
KOBILJE 0,00 3,82 0,00 0,00 0,00 0,00 0,00 0,00 0,37 0,00 0,00 6,42 0,00 0,00 0,76 
LENDAVA 0,00 0,00 0,10 0,05 0,00 0,50 0,38 0,44 0,67 0,00 0,00 0,74 3,78 3,70 0,74 
MAKOLE 0,00 0,00 0,00 0,00 0,00 0,00 0,00 0,00 0,31 7,20 0,00 0,00 0,00 2,69 0,73 
VOJNIK 0,00 4,37 0,00 0,18 0,04 0,36 1,71 0,98 0,45 0,00 0,00 0,00 2,04 0,03 0,73 
DOBJE 0,00 0,16 0,04 1,84 0,00 0,00 0,00 0,00 0,00 0,96 0,33 0,00 6,28 0,40 0,72 
LUKOVICA 0,00 0,00 7,83 0,00 0,00 0,03 0,00 0,23 0,03 1,00 0,64 0,35 0,03 0,00 0,72 
ČRENŠOVCI 0,00 0,00 0,21 0,00 0,00 0,00 0,00 0,00 0,00 7,04 1,69 0,46 0,49 0,00 0,71 
DIVAČA 0,00 0,00 0,54 0,00 0,00 0,00 0,00 8,42 0,09 0,00 0,27 0,00 0,00 0,25 0,68 
ŠMARTNO PRI 
LITIJI 1,21 0,32 0,43 0,00 0,00 0,07 1,04 3,67 0,08 0,08 0,22 0,00 0,28 2,16 0,68 
ANKARAN         0,00 0,00 0,00 0,00 0,00 9,31 0,66 
MEDVODE 0,00 0,00 8,88 0,21 0,00 0,00 0,00 0,00 0,00 0,00 0,00 0,00 0,00 0,00 0,65 
VIPAVA 0,00 1,44 0,08 7,00 0,00 0,00 0,00 0,00 0,00 0,16 0,01 0,23 0,00 0,00 0,64 
DOBROVA-
POLHOV 
GRADEC 0,60 0,17 0,14 0,00 0,00 0,00 0,00 0,00 0,00 0,00 0,00 0,00 1,64 6,26 0,63 
CERKNO 0,00 3,11 2,74 0,00 0,00 0,48 0,07 1,95 0,00 0,00 0,00 0,00 0,00 0,21 0,61 
TABOR 0,00 0,00 0,00 0,00 0,00 0,00 3,88 0,00 0,00 0,27 0,16 4,01 0,00 0,00 0,59 
KANAL 0,06 1,50 0,18 0,00 0,43 2,58 0,00 0,10 0,00 0,00 0,00 0,11 1,23 1,60 0,56 
METLIKA 0,00 0,00 0,10 0,00 0,00 0,04 0,03 0,57 1,43 0,12 5,26 0,00 0,00 0,00 0,54 
MORAVČE 0,00 0,00 0,00 0,00 0,00 4,04 0,63 1,52 0,03 1,26 0,00 0,00 0,00 0,00 0,53 

ŠMARTNO OB 
PAKI 3,58 2,13 0,27 1,16 0,00 0,00 0,29 0,00 0,00 0,00 0,00 0,00 0,00 0,00 0,53 
CERKVENJAK 3,76 0,00 0,00 0,00 0,00 0,00 0,00 0,00 0,00 0,00 2,86 0,00 0,46 0,00 0,51 
GORNJI GRAD 0,00 0,00 0,00 0,00 0,00 0,00 0,00 0,00 0,00 0,00 0,00 0,00 6,79 0,22 0,50 
CIRKULANE 0,00 0,00 0,00 4,50 0,00 0,00 1,02 0,21 0,00 1,19 0,01 0,00 0,00 0,00 0,49 
NOVA GORICA 0,15 2,88 0,77 0,38 0,08 0,08 0,33 0,00 0,14 0,46 0,42 1,00 0,08 0,11 0,49 
AJDOVŠČINA 0,00 0,04 0,00 0,08 0,06 0,00 0,32 0,35 0,13 0,10 0,00 0,70 4,86 0,12 0,48 
LITIJA 0,00 0,22 0,34 0,00 0,12 0,00 0,01 1,28 0,06 0,10 0,25 3,92 0,00 0,22 0,47 
SV. TROJICA V 
SLOVENSKIH 
GORICAH 0,00 0,00 0,00 0,00 0,00 0,00 1,86 0,00 0,00 1,48 0,00 2,81 0,00 0,00 0,44 
ŠEMPETER-
VRTOJBA 0,00 0,00 0,69 0,67 0,00 0,34 0,00 1,35 0,00 0,02 0,15 1,34 0,00 1,58 0,44 
VRANSKO 0,00 0,00 0,00 0,00 0,00 0,00 0,41 0,00 0,00 0,00 0,90 0,38 0,00 4,14 0,42 
ŽETALE 0,00 3,79 1,55 0,00 0,00 0,00 0,18 0,06 0,00 0,00 0,28 0,00 0,00 0,00 0,42 
ŠENTJERNEJ 1,56 0,00 0,33 0,48 0,11 0,00 0,00 0,60 0,20 0,23 1,02 0,52 0,12 0,24 0,39 
JURŠINCI 0,00 0,00 0,00 0,00 0,00 0,00 0,00 2,73 0,00 2,29 0,00 0,00 0,00 0,00 0,36 
LAŠKO 0,00 0,00 0,00 0,61 0,00 0,00 0,00 2,44 0,30 0,00 0,30 0,00 0,10 1,03 0,34 
NAZARJE 0,00 0,00 0,00 0,00 0,00 0,00 0,00 3,23 0,75 0,00 0,00 0,69 0,00 0,00 0,33 
ŽUŽEMBERK 0,00 0,00 0,10 0,84 0,00 0,00 3,71 0,00 0,00 0,00 0,00 0,00 0,00 0,00 0,33 
KUNGOTA 0,00 0,00 0,00 0,00 0,00 0,00 0,00 0,00 0,00 0,00 0,00 0,00 0,00 4,35 0,31 
IZOLA 0,00 0,00 0,00 0,00 0,00 0,00 0,00 0,00 0,00 0,00 0,00 0,12 3,42 0,70 0,30 
NAKLO 0,00 0,00 0,00 0,00 0,00 0,00 0,00 0,00 0,00 0,00 0,00 0,00 4,10 0,00 0,29 
ŽALEC 0,02 0,00 0,06 0,00 0,02 0,82 0,89 1,55 0,07 0,01 0,36 0,20 0,04 0,00 0,29 
ŠMARJE PRI 
JELŠAH 0,02 0,00 0,68 0,45 1,68 0,00 0,00 0,02 0,34 0,04 0,51 0,03 0,00 0,00 0,27 
HAJDINA 0,00 2,59 0,00 0,00 0,00 0,00 0,00 0,21 0,00 0,55 0,00 0,00 0,10 0,14 0,26 
ŠTORE 0,55 0,00 1,27 0,00 0,00 0,20 0,92 0,00 0,00 0,00 0,00 0,00 0,21 0,48 0,26 
PIRAN 0,00 0,00 0,00 0,00 3,47 0,00 0,00 0,00 0,00 0,00 0,00 0,00 0,00 0,00 0,25 
ŽELEZNIKI 0,17 2,66 0,00 0,00 0,00 0,00 0,44 0,22 0,00 0,00 0,00 0,00 0,00 0,00 0,25 
GORIŠNICA 0,00 0,00 0,00 0,00 0,00 0,00 0,34 0,00 0,00 0,28 0,12 0,00 1,38 1,21 0,24 
RUŠE 0,00 0,00 0,00 0,00 0,00 0,00 2,54 0,00 0,00 0,00 0,01 0,00 0,63 0,00 0,23 
ŠKOFJA LOKA 0,00 0,00 0,00 0,00 0,00 0,00 0,00 0,00 0,00 0,00 0,00 1,96 1,03 0,06 0,22 
OPLOTNICA 0,00 0,00 0,00 0,00 0,00 0,00 0,00 0,00 0,08 0,38 0,62 0,00 1,75 0,09 0,21 
LUČE 0,00 2,81 0,00 0,00 0,00 0,00 0,00 0,00 0,00 0,00 0,00 0,00 0,00 0,00 0,20 
MURSKA 
SOBOTA 0,00 0,09 0,00 0,00 0,00 0,03 0,48 1,43 0,00 0,60 0,00 0,00 0,13 0,00 0,20 

ŠKOFLJICA 0,27 0,00 0,00 0,00 2,52 0,00 0,00 0,00 0,00 0,00 0,00 0,01 0,00 0,00 0,20 
VUZENICA 0,00 0,00 0,00 0,00 0,00 1,90 0,00 0,00 0,00 0,00 0,00 0,00 0,00 0,92 0,20 
ŠMARJEŠKE 
TOPLICE 0,00 0,00 0,00 0,00 0,00 0,00 0,00 1,85 0,10 0,00 0,46 0,00 0,00 0,29 0,19 
ZAGORJE OB 
SAVI 0,23 0,00 0,17 0,00 0,16 0,00 0,78 0,17 0,01 0,00 0,00 0,00 1,18 0,02 0,19 
ČRNA NA 
KOROŠKEM 0,00 0,00 0,00 0,00 0,00 0,00 0,00 2,58 0,00 0,00 0,00 0,00 0,00 0,00 0,18 
RENČE-
VOGRSKO 0,00 0,00 0,00 0,00 0,00 0,11 0,10 0,00 0,00 1,97 0,00 0,00 0,00 0,00 0,16 
DUPLEK 0,00 0,00 0,00 0,00 0,00 0,00 0,00 0,49 0,49 0,00 0,65 0,23 0,23 0,00 0,15 
PTUJ 0,00 0,00 0,00 0,00 0,25 0,98 0,18 0,18 0,12 0,23 0,09 0,04 0,03 0,00 0,15 
RADEČE 0,00 1,93 0,00 0,00 0,00 0,00 0,00 0,00 0,00 0,00 0,00 0,18 0,00 0,00 0,15 
VELIKE LAŠČE 0,00 0,00 0,00 0,00 0,00 0,00 0,00 0,00 0,00 0,32 0,00 0,00 1,77 0,00 0,15 
BRASLOVČE 0,00 0,00 0,00 0,23 0,00 0,00 0,00 0,00 0,00 0,30 0,00 0,00 0,63 0,65 0,13 
TRNOVSKA VAS 0,00 0,00 0,00 0,00 0,00 0,00 0,00 0,00 0,00 0,00 0,00 0,00 0,00 1,76 0,13 
ŠENTILJ 1,55 0,07 0,00 0,00 0,00 0,00 0,00 0,00 0,00 0,00 0,00 0,00 0,07 0,00 0,12 
DOMŽALE 0,00 0,07 0,00 0,00 0,00 0,22 0,90 0,00 0,00 0,00 0,30 0,00 0,01 0,01 0,11 
KRANJ 0,04 0,00 0,00 0,22 0,00 0,14 0,62 0,03 0,15 0,05 0,02 0,21 0,00 0,05 0,11 
STARŠE 0,00 0,00 0,00 0,00 1,40 0,00 0,00 0,00 0,00 0,00 0,00 0,00 0,00 0,00 0,10 
TIŠINA 0,00 0,00 0,00 0,00 0,00 0,00 0,00 0,00 0,47 0,98 0,00 0,00 0,02 0,00 0,10 
RADLJE OB 
DRAVI 0,00 0,00 0,00 0,00 0,00 1,21 0,00 0,00 0,00 0,00 0,00 0,00 0,00 0,00 0,09 
KAMNIK 0,00 0,00 0,00 0,00 0,43 0,00 0,00 0,15 0,00 0,41 0,13 0,04 0,03 0,00 0,08 
LJUBLJANA 0,00 0,00 0,00 0,98 0,00 0,00 0,00 0,01 0,00 0,00 0,01 0,08 0,01 0,00 0,08 
PESNICA 1,01 0,00 0,00 0,00 0,00 0,00 0,00 0,00 0,00 0,05 0,00 0,00 0,04 0,06 0,08 
SLOVENSKA 
BISTRICA 0,00 0,00 0,00 0,00 0,00 0,13 0,35 0,04 0,00 0,00 0,00 0,61 0,00 0,00 0,08 
VITANJE 0,00 0,00 0,00 0,00 0,00 0,00 0,00 0,16 0,00 0,00 0,00 0,00 0,00 0,86 0,07 
ZAVRČ 0,00 0,00 0,00 0,00 0,94 0,00 0,00 0,00 0,00 0,00 0,00 0,00 0,00 0,00 0,07 
HRASTNIK 0,00 0,00 0,70 0,00 0,00 0,00 0,00 0,00 0,00 0,00 0,00 0,00 0,00 0,00 0,05 
JESENICE 0,00 0,00 0,00 0,00 0,00 0,00 0,00 0,00 0,11 0,00 0,14 0,14 0,28 0,00 0,05 
LENART 0,00 0,00 0,00 0,00 0,00 0,00 0,00 0,00 0,66 0,00 0,00 0,00 0,00 0,00 0,05 
MISLINJA 0,00 0,00 0,00 0,00 0,00 0,00 0,00 0,00 0,00 0,67 0,00 0,00 0,00 0,00 0,05 
CERKLJE NA 
GORENJSKEM 0,00 0,00 0,00 0,00 0,00 0,00 0,00 0,00 0,00 0,00 0,00 0,00 0,57 0,00 0,04 
MARIBOR 0,00 0,00 0,00 0,01 0,10 0,00 0,10 0,19 0,08 0,08 0,00 0,00 0,02 0,02 0,04 
MUTA 0,00 0,00 0,00 0,00 0,00 0,00 0,00 0,00 0,00 0,00 0,00 0,59 0,00 0,00 0,04 

LOVRENC NA 
POHORJU 0,00 0,00 0,00 0,00 0,00 0,00 0,00 0,39 0,00 0,00 0,00 0,00 0,00 0,00 0,03 
POLJČANE 0,00 0,00 0,00 0,00 0,42 0,00 0,00 0,00 0,00 0,00 0,00 0,00 0,00 0,00 0,03 
PREVALJE 0,00 0,00 0,00 0,00 0,00 0,00 0,00 0,00 0,00 0,00 0,00 0,00 0,35 0,01 0,03 
BOHINJ 0,00 0,00 0,00 0,00 0,00 0,29 0,00 0,00 0,00 0,00 0,00 0,00 0,00 0,00 0,02 
DRAVOGRAD 0,05 0,24 0,01 0,00 0,00 0,00 0,00 0,00 0,00 0,00 0,00 0,00 0,00 0,00 0,02 
RAČE-FRAM 0,00 0,15 0,13 0,00 0,00 0,00 0,00 0,00 0,00 0,00 0,00 0,00 0,00 0,00 0,02 
RAZKRIŽJE 0,00 0,00 0,00 0,00 0,00 0,00 0,00 0,00 0,00 0,00 0,00 0,24 0,00 0,00 0,02 
SLOVENSKE 
KONJICE 0,00 0,00 0,00 0,00 0,00 0,04 0,00 0,00 0,00 0,00 0,00 0,00 0,00 0,07 0,01 
ŽIROVNICA 0,00 0,00 0,00 0,00 0,00 0,05 0,05 0,00 0,00 0,00 0,00 0,00 0,00 0,00 0,01 
APAČE 0,00 0,00 0,00 0,00 0,00 0,00 0,00 0,00 0,00 0,00 0,00 0,00 0,00 0,00 0,00 
BREZOVICA 0,00 0,00 0,00 0,00 0,00 0,00 0,00 0,00 0,00 0,00 0,00 0,00 0,00 0,00 0,00 
CELJE 0,00 0,00 0,00 0,00 0,00 0,00 0,00 0,00 0,00 0,00 0,00 0,00 0,00 0,00 0,00 
DOL PRI 
LJUBLJANI 0,00 0,00 0,00 0,00 0,00 0,00 0,00 0,00 0,00 0,00 0,00 0,00 0,00 0,00 0,00 
DOLENJSKE 
TOPLICE 0,00 0,00 0,00 0,00 0,00 0,00 0,00 0,00 0,00 0,00 0,00 0,00 0,00 0,00 0,00 
HOČE-SLIVNICA 0,00 0,00 0,00 0,00 0,00 0,00 0,00 0,00 0,00 0,00 0,00 0,02 0,00 0,00 0,00 
HRPELJE-
KOZINA 0,00 0,00 0,00 0,00 0,00 0,00 0,00 0,00 0,00 0,00 0,00 0,00 0,00 0,00 0,00 
KOMEN 0,00 0,00 0,00 0,00 0,00 0,00 0,00 0,00 0,00 0,00 0,00 0,00 0,00 0,00 0,00 
KOPER 0,00 0,00 0,00 0,00 0,00 0,00 0,00 0,00 0,00 0,00 0,00 0,00 0,00 0,00 0,00 
LOGATEC 0,00 0,00 0,00 0,00 0,00 0,00 0,00 0,00 0,00 0,00 0,00 0,00 0,00 0,00 0,00 
LOG-
DRAGOMER 0,00 0,00 0,00 0,00 0,00 0,00 0,00 0,00 0,00 0,00 0,00 0,00 0,00 0,00 0,00 
MENGEŠ 0,00 0,00 0,00 0,00 0,00 0,00 0,00 0,00 0,00 0,00 0,00 0,00 0,00 0,00 0,00 
MEŽICA 0,00 0,00 0,00 0,00 0,00 0,00 0,00 0,00 0,00 0,00 0,00 0,00 0,00 0,00 0,00 
MIKLAVŽ NA 
DRAVSKEM 
POLJU 0,00 0,00 0,00 0,00 0,00 0,00 0,00 0,00 0,00 0,00 0,00 0,00 0,00 0,00 0,00 
NOVO MESTO 0,00 0,00 0,00 0,00 0,00 0,00 0,00 0,00 0,00 0,00 0,00 0,00 0,00 0,00 0,00 
PODVELKA 0,00 0,00 0,00 0,00 0,00 0,00 0,00 0,00 0,00 0,00 0,00 0,00 0,00 0,00 0,00 
POLZELA 0,00 0,00 0,00 0,00 0,00 0,00 0,00 0,00 0,00 0,00 0,00 0,00 0,00 0,00 0,00 
PREBOLD 0,00 0,00 0,00 0,00 0,00 0,00 0,00 0,00 0,00 0,00 0,00 0,00 0,00 0,00 0,00 
PREDDVOR 0,00 0,00 0,00 0,00 0,00 0,00 0,00 0,00 0,00 0,00 0,00 0,00 0,00 0,00 0,00 
RAVNE NA 
KOROŠKEM 0,00 0,00 0,00 0,00 0,00 0,00 0,00 0,00 0,00 0,00 0,00 0,00 0,00 0,00 0,00 

RIBNICA NA 
POHORJU 0,00 0,00 0,00 0,00 0,00 0,00 0,00 0,00 0,00 0,00 0,00 0,00 0,00 0,00 0,00 
SELNICA OB 
DRAVI 0,00 0,00 0,00 0,00 0,00 0,00 0,00 0,00 0,00 0,00 0,00 0,00 0,00 0,00 0,00 
SLOVENJ 
GRADEC 0,00 0,00 0,00 0,00 0,00 0,00 0,00 0,00 0,00 0,00 0,00 0,00 0,00 0,00 0,00 
SVETA ANA 0,00 0,00 0,00 0,00 0,00 0,00 0,00 0,00 0,00 0,00 0,00 0,00 0,00 0,00 0,00 
SV. JURIJ V 
SLOVENSKIH 
GORICAH 0,00 0,00 0,00 0,00 0,00 0,00 0,00 0,00 0,00 0,00 0,00 0,00 0,00 0,00 0,00 
TRBOVLJE 0,00 0,00 0,00 0,00 0,00 0,00 0,04 0,00 0,00 0,00 0,00 0,00 0,00 0,00 0,00 
TRZIN 0,00 0,00 0,00 0,00 0,00 0,00 0,00 0,00 0,00 0,00 0,00 0,00 0,00 0,00 0,00 
VERŽEJ 0,00 0,00 0,00 0,00 0,00 0,00 0,00 0,00 0,00 0,00 0,00 0,00 0,00 0,00 0,00 
VRHNIKA 0,00 0,00 0,00 0,00 0,00 0,00 0,00 0,00 0,00 0,00 0,00 0,00 0,00 0,00 0,00 
 
 
Tabela 37: Prihodek iz naslova Prihodki od prodaje stavbnih zemljišč (urejeno padajoče glede na povprečje 2007-2020) v absolutnih zneskih (v EUR) 
OBČINA 2007 2008 2009 2010 2011 2012 2013 2014 2015 2016 2017 2018 2019 2020 x̄ 
Skupaj občine  82520576 81639848 64581717 58059093 38491404 34202236 15956199 19321001 24829429 31442474 38866406 49540023 38017517 53385502 45060959 
LJUBLJANA 11567187 18835980 10110632 21954555 13556049 8276477 1033240 3158518 6644823 8911358 6746485 6015519 6590785 14705640 9864803 
KOPER 4591058 16113116 5901926 3670140 3995635 3215265 1836235 935398,9 1377164 3732030 3569375 4679825 2056602 1773372 4103367 
MARIBOR 5106032 2754608 15103006 1819964 811561,5 7457367 1253351 1995891 1028157 595950,4 1097410 5108204 1416079 1147573 3335368 
CELJE 7677748 3405970 1547274 4469485 390762,5 470136,4 1062152 324095,4 1342538 1085816 705481 1778436 1265046 4225832 2125055 
ANKARAN         0 0 598067 2561129 0 9125526 2047454 
PIRAN 1684165 985942,8 2079781 1195131 2369013 1449729 1734436 849145,1 2221847 1444988 1244449 4471936 123036,2 55697,05 1564950 
IZOLA 2305141 1612429 4186109 291566 311350 153450,9 428413,6 828484,6 640254,8 419160,3 1228950 746860,9 3913818 1276211 1310157 
PTUJ 2885564 3421368 127424,8 82535 1467549 32583,98 49607 226825,1 129499,3 95825,71 1178288 477757 739930,2 564998,2 819982,5 
VRHNIKA 7237492 199191,2 289414 226509,6 71112,65 202747,7 85505 76107,13 189089,1 54469,05 90723 120559,9 58705,54 116914,6 644181,5 
NOVO MESTO 235922 239081,3 863071,8 618994,1 334615,9 722362,9 424467,7 209604,5 119768,1 689401,1 470809,6 1283742 1095343 832244,9 581387,8 
KOMENDA 828225 1592625 1228455 2192350 623981 251266,7 83153,97 479747,9 63623,1 237908,4 71966,96 33742,89 11412,88 165232,6 561692,2 
KOČEVJE 469130,3 724864,2 277032,9 733552 678191,8 426189,8 413419,7 189165,1 441098 305814 1156850 447397,2 857992,3 335617,8 532593,9 
BREŽICE 733859 882593 1314316 95021,86 67478,02 154013,4 306611,8 89400,87 99018,46 158290,2 383696,7 478117,2 1206648 1322575 520831,4 
RADOVLJICA 1161095 1388543 503069,1 341004,4 588811 621550,9 566686,3 205984,7 281012,6 142254,8 459815,7 196468,1 391060,5 370599,8 515568,3 
VELENJE 835470,4 945508,6 1325458 410477,4 112429,1 860945,1 115509,4 65748,42 212635,9 121833,6 368208 173969,3 1000897 617770,8 511918,6 
ŠENTJUR 437178 129866,4 308555,5 412868 248102,6 91248,99 136953,2 155398,3 263702,4 1339701 665036,4 264547,8 280128,1 2398907 509442,4 
LOGATEC 1025490 945225,1 1029470 94616,03 669902,3 362062,4 136863 364748,4 610938,8 1027045 402730 250269,2 143520,9 55135 508429,7 
AJDOVŠČINA 1305552 768109,8 171443,2 293664,6 162697,2 32458,93 239061 81670,15 12576,34 561560 609410 1038697 1502876 310103,4 506420 

ŠKOFJA LOKA 2227055 534113,6 57547,59 447521,6 620940,3 116380,7 295662,7 173777,5 288067 117917,5 799872,2 1012221 165035,2 170509,4 501901,5 
MURSKA 
SOBOTA 1851984 646838 435535,2 891313 278680 79567 47594,78 8153,61 48245,75 36138,37 467325,5 1761749 128914,5 12319 478168,5 
SEŽANA 619778 376334,6 1369485 726039 158697,3 116279,9 178312,4 51361,81 26601,82 102896,3 480159,5 901793,6 144386,5 1026441 448469,1 
KRŠKO 1295583 996413,4 49301 714005,4 407970 318991,7 179518,9 170025,5 459394 92082,54 321056,9 325399,4 141418,2 798268,5 447816,3 
SLOVENSKA 
BISTRICA 995897,5 1649686 336339,7 76936,88 12800 25595 50669,99 207343,1 34772,22 175690,8 128782,6 1008608 1336613 180476,7 444300,8 
KRANJ 2230163 555250,7 447441,5 368747,6 162368,5 110292,3 186606,8 1031190 83396,89 218795,6 322485,9 275954 99388,67 89859,61 441567,3 
SLOVENJ 
GRADEC 289361,6 427128,8 112219,8 69175,03 93936,62 45649,13 166564,3 375696,2 333838,5 271159,8 1138025 640189,5 539443,6 1159139 404394,7 
LENART 667555,4 31969,02 707946 2318632 255946 87660,67 82865,11 104374,2 272944,1 445093,1 208240,5 96574,73 188296,6 167519,4 402544,1 
ŽALEC 194322,4 304945 664940 183280 638538,6 293583,2 91290,47 43360,9 10066 137701 1473009 366692,7 134045,6 30509,36 326163,1 
HOČE-SLIVNICA 16124 92313 29516 147231 410570 348988,8 23706,7 18973,58 22815,91 9893 1242776 4080,96 1304992 721024,3 313786,1 
ŠENČUR 313957,9 505130,1 4333,56 2915100 15720 69598,22 137126,6 72843,94 34942,1 8037,54 55646,82 88628,32 64746,94 66553,28 310883,2 
LITIJA 775190 242933,7 527217 457033,3 117557,1 112750,1 112856,9 187857,6 208037 142327,6 297912,8 99617,45 160485,3 279240,4 265786,9 
NOVA GORICA 148368,8 2035096 69287,46 111480,5 38383,92 233585,5 76282,42 146089 71730,83 172743,6 242099,2 149640,3 13522,47 63941,41 255160,8 
RAVNE NA 
KOROŠKEM 179790 138842 217920,8 24738,48 266918,3 329405,9 36486,67 430634 202497,3 431980 226354,1 53449,3 45172 860818,7 246072 
KAMNIK 2008938 52862,98 52874,46 276119,4 72775 134048 12017 116944 100550,4 72535,86 27738,34 50234,87 29708,25 300751,8 236292,7 
ILIRSKA 
BISTRICA 31248 27326,85 59003,99 58489,4 51478,99 452429,4 85744,84 56264,14 142802,4 203905,5 905586,4 268218,3 313769 511149,2 226244 
GORENJA VAS-
POLJANE 196783 136884,7 421194,8 146040,9 491857,5 567267,5 83050 97770,77 380549,8 204262,1 103374,8 269891,7 6528,06 52864,4 225594,3 
DOMŽALE 1520628 51449,71 83586,35 86923,62 12809,76 20152,33 41583,74 31151,81 652242,7 63831,86 148394,5 75055,14 51144,74 261797,7 221482,3 
GROSUPLJE 142366 168438,7 77732 83702 71986,68 126543,3 168015,6 69473,37 313263,4 291497,6 265987,4 101644,5 721531,2 398510,4 214335,2 
TRŽIČ 38909 929034,1 896516,1 56997,77 222202,5 130441 52592,38 125873,5 13973,27 42250,54 81533,69 158234,2 93859,32 145956 213455,2 
VODICE 475830,6 146503,9 472933,9 211696,4 569049,9 69710,9 10420 16940 15440 39420,9 550936,7 99161 95726,52 70502,11 203162,3 
BLED 3689 126734,8 70305,03 201954,5 63208 5910 14200 69736,68 26689,5 296833,4 831867,8 412564,9 464423 11291 185672 
TREBNJE 208278,1 117135,2 80938,67 275783,5 25914,6 3826,8 48157,65 6947,54 23860 875460,7 146602 27805 678716,1 52156 183684,4 
ŠKOCJAN 9456 10899,04 0 65980,53 13416,31 1261,7 4670 0 0 159335,6 28163,07 1869510 375484,2 4218 181599,6 
ŠOŠTANJ 33653,6 440979,7 1358652 119120 49683 82005 39075 5692 36094,35 42167 25288,25 38782 134305,9 27763,67 173804,4 
POSTOJNA 7301 55686 484794,1 74371,04 85257 144958,1 45568,28 161494 137472,8 244338,4 167309,2 214829,5 190271,7 401711,5 172525,9 
NAZARJE 175113,5 34551 12528 787294,2 91168 13960 510 233864,8 509419,2 138829,4 51278,02 1620 231329,1 48700 166440,4 
GORNJA 
RADGONA 481246,1 586058,9 594654,5 207670,5 307934,5 59517,66 1797,36 9309,27 0 0 21823,19 25600 1554 31266,42 166316,6 
HRPELJE-
KOZINA 334593 743240,7 280224 261199,5 52137,65 28141,33 8560 24325,5 141133,8 3883,55 120679 41622,54 30531,52 213944,4 163158,3 
JESENICE 301268,4 141185,8 416969,9 65990,4 71929,68 41518,5 96427,96 249288,2 42721,44 451230,4 60783,23 37134,2 129616,4 174175,6 162874,3 

CERKLJE NA 
GORENJSKEM 30747 69168 84106 218325 247824 327464,2 171712,9 6954,05 82871,99 179704,5 299637,9 407714,1 13609,16 64330,3 157440,6 
IG 406375 94548,11 45982,62 192429,3 121410 436519,8 24187,79 211314 12762,2 47325 102318,1 408723,5 27921,08 8156 152855,2 
LJUTOMER 296730 47486,17 89161,07 125153,5 147378,6 129029,1 182589,9 117860,7 177475,5 159537,7 318476,5 136689,5 53635,68 156942,1 152724,7 
SEVNICA 255378,2 79519,76 145961,6 47940,15 66650,63 12132,53 49923 382396,7 68005,21 197410,9 99510,86 94056,59 545625,1 71879,61 151170,8 
NAKLO 231297,8 1176661 306680,8 66491,67 7281 235500 17650 24957,51 0 4550 1000 0 0 7300 148526,4 
MOZIRJE 589389 551695 12155,4 15510 260620 192579 6079 16292,2 52043,53 32107,44 0 201951,1 47850 4425 141621,2 
PESNICA 616052,6 203772 55231,05 303638 7731 45296 111582 194644 16060 29204,46 56235 57251 253900 14425,3 140358,7 
MIRNA     0 66940 100671,7 34870 276566,9 156378,1 208149,1 180759,7 221718,5 44810,68 129086,5 
BOHINJ 294084 202624 9704 20948,9 8000 0 83380 4920 887 11965 795844 150093,4 205857,6 14700 128786,3 
ŠMARJE PRI 
JELŠAH 330005,3 245457,4 54557 99020,8 42114,5 6523,5 27408,5 10649,3 243132 54335,6 44620 290267,2 5754 270032 123134,1 
ŠKOFLJICA 0 1412152 207754,3 64020 15872,64 0 0 0 0 13165,5 2042,11 2501 1649,76 0 122796,9 
TRBOVLJE 76186,69 96149,31 436219,3 54446,21 207427,2 29849,65 42125,2 62466,16 209781,4 37524,62 69160,1 24265,62 227034,2 64008,2 116903,1 
DOBRNA 310334 50545,66 219408,6 815899,1 16513 29189 5500 6020 1863 14057,39 86921 0 26424 38476,1 115796,5 
ORMOŽ 28348,99 408147,1 98317,91 176381,2 145325,7 5768,17 25189 29585,77 32462,78 75974,36 25809,12 88315,09 179814,9 286696,2 114724 
ROGAŠKA 
SLATINA 5289 689248 366865 252170 0 14360 85764 22471 21345 3255,37 2900 73173 53250 6570 114047,2 
ZREČE 0 41334,67 51330 1170 665216,7 85364,74 92482,29 29244,09 166118,5 54502 285247,9 17024 40751,3 52636,05 113030,2 
PREVALJE 102400 80746,02 105587,9 40229,7 592203,8 20540,63 32628,84 65331,96 145793,3 72764,35 13520,6 181368,6 35785,43 47658,24 109754,2 
DIVAČA 9147,5 264328,8 433995,6 90018,74 85979,33 69077 14248,36 67893,87 100073,9 32377,73 24550 167886,2 112470 23931,78 106855,6 
RUŠE 495295 691773,7 162737,5 -61017,3 8887,5 112351,3 9361,67 467,4 1534,8 10037,71 34035,98 23939,67 4293,54 1665,6 106811,7 
SLOVENSKE 
KONJICE 23416,04 38944,4 55538,58 94814,72 60053,98 70073,79 75009,28 116688,5 60121,23 42279,18 76494,02 423660,7 346817,5 2670 106184,4 
DOL PRI 
LJUBLJANI 1157581 102780 0 582,5 63180 0 84956 11100 44100 0 0 0 9999 0 105305,6 
MARKOVCI 333318 288566,2 113761,4 22352,62 33234,25 456555,2 108380 66902,99 2001,95 6876,35 8420 2350 0 2995,4 103265,3 
METLIKA 4296,4 126285,6 24384,89 49690,4 99356,66 2300 3764 9935 12683,91 64005,6 202601,4 180096,3 474352,2 36585,15 92166,97 
PIVKA 127867,7 57075 50575,17 59840,72 4474,07 47742,61 70195,37 321835,3 48445,52 33354,18 59945,42 23131,75 361066,5 9601,61 91082,21 
SVETA ANA 11538 91132,49 0 0 430870,2 111792,9 131878,7 107966,5 21734,25 43320,56 49848,28 116240 39155,22 107552,1 90216,37 
BREZOVICA 581504,6 9100 36270 16050 0 136588 116394,6 63686 0 48545,85 46803 6944 39044,89 104559,6 86106,47 
KRANJSKA 
GORA 120855,2 36872,66 99953,9 129950 119389,7 59899,5 22534 182657,6 90217,15 105609,6 70483,72 49132,88 51281,84 43867,84 84478,97 
ŠMARTNO OB 
PAKI 919580 6729 0 0 0 154372 12344,8 1499,1 7706,5 2402,79 5026,11 828,1 29803,95 36096,56 84027,78 
DRAVOGRAD 5493,5 99962,13 81697,31 66678,28 99492,64 86699,08 39350,98 4029,9 5994,25 232633,7 34960,92 44873,41 42102 279532 80250 
LENDAVA 202825 34779,47 33027,84 0 10937,29 174226,4 10760 2456,56 549,97 364044,1 16804,07 237546 10132,25 21047,15 79938,3 
KIDRIČEVO 210555 309978,6 34840 244514 0 10976,5 8816,84 82766,83 86630 15809,84 0 8576,74 101720,7 0 79656,08 

TOLMIN 33691 443049,3 56588,51 91988,89 75261,4 163137,3 15760,1 20380,19 20992,2 104073,3 15740,03 33506 20407,6 17028,5 79400,31 
BLOKE 11700 866961 27710 11500 0 0 0 0 7423 6635 9573 33870 57481 78057,2 79350,73 
CERKNICA 293343 287975,1 88837,8 43071,97 62048,05 39726,3 30951,13 42329 25310,95 33537,84 67998,5 15175 50619,72 28852 79269,74 
ZAGORJE OB 
SAVI 9294 52846,84 28681,03 82751,41 211372,9 78510,8 29434,04 20273,46 73900,47 23883,75 103270,9 54122,21 65016,83 273000,7 79025,66 
LAŠKO 1430 47960,26 0 136523,7 327,47 254962 13864,35 27357 28835 24084 91294,93 463705,3 9863,49 4873,18 78934,33 
RADLJE OB 
DRAVI 212669,1 73644,76 282877,9 28890,5 17032,06 19985,76 78821,76 106871,3 20508 46295,33 19329,87 110474,7 15002,66 70200,59 78757,44 
MORAVSKE 
TOPLICE 28717,45 11969,99 0 3850 8313,69 9673,6 30418,2 6153,2 269715,5 10617,98 476148 129232,9 61273,65 51827,28 78422,24 
IDRIJA 18079 71780,16 533293,8 30407,68 11013,21 6611,86 4608,77 30338,73 268711,1 33301,36 14598,35 39318,72 15933,87 16329,09 78166,12 
MEDVODE 380292 14301,98 2242,52 6285,18 2340 24662,69 33447,71 3950 103841,9 22739 17073,64 39502,66 186351,9 247175,5 77443,33 
VOJNIK 391833 299301,1 6219,03 12523,43 51971,46 73890,09 138184 30222,06 1754 3639 1005 592,28 9850,48 320 72950,35 
VIDEM 0 300 0 114608 78110,42 7990,26 139848,8 111749,6 219313,4 101591,9 39691,16 131007,9 46311,45 12298,48 71630,09 
RAČE-FRAM 142961 88176 625700 18540 6140 3430,5 352,55 2019,09 13660,89 3182 51400 16890 0 16239,43 70620,82 
BOVEC 95883 111056,6 83696,28 39109,42 88094,33 10719,32 8839,56 7295,5 12676,9 57511,5 71842,78 43775,32 157357,6 154600,7 67318,48 
KOBARID 119871 194371 164640 25722 16148 59883,8 26867,8 130106,4 87282 30018,65 17361,85 38682,88 7554,63 18125 66902,5 
DOLENJSKE 
TOPLICE 294202 44268 10446 58260,3 26399,01 21698,71 3203,51 0 0 6244,3 420 2045,6 411445 40050 65620,17 
ODRANCI 59181,01 232703,8 96762,07 316083,3 0 0 77940 32669 0 0 0 69580 0 11684,8 64043,14 
PUCONCI 481039,4 1391,18 6112,92 55187,54 10954,26 8500 34521,5 9434,92 2727,71 6302 15631,08 203594 51019,22 3124,41 63538,58 
POLZELA 17736,85 10446,67 225933 32545 19008 20141 10020,83 4340 5510 79175,5 7728,04 435 141569 308467,8 63075,47 
GORIŠNICA 321481,3 92588,32 27189,49 74888,28 107120 0 0 0 2569,67 33108,08 28227 144368,9 14665 31956,72 62725,91 
ŽIRI 196889 358500 961 0 21105 2880 2459,02 0 26975,41 38058,84 174443,7 40260,88 700 14185,25 62672,72 
RIBNICA 41334 96458 124241,1 41605,54 71860,66 7398,4 60544,36 14114,01 21035,49 79869,51 17069,9 182829 48895,43 69383,89 62617,09 
IVANČNA 
GORICA 76244 46965,22 53675,83 154071,7 180081 666,67 31057,17 440 28978,11 119022,5 29760,32 123828,9 22760,12 6094 62403,25 
ŠEMPETER-
VRTOJBA 66383 4662 207410,4 85948 11917,66 97081 5135 14478 70500 173353,2 14628,73 11460 44485 18211 58975,21 
TRZIN 38911 10818,96 143717,6 69073,16 11394,5 7677,5 35219 179240,9 25207 25064,97 33945,51 166822,6 43343,17 18779,3 57801,08 
ŽIROVNICA 202819,9 0 19159,24 21906 18611,52 92292,35 37341,01 23536,72 104641,3 13956,44 54111,32 87678,5 76419,49 20228,56 55193,03 
STRAŽA 0 0 13882,59 149733 0 0 5155,56 28246,93 48358,38 86516,27 1864 255041,9 175098,8 8420,06 55165,53 
VELIKE LAŠČE 0 0 0 3904 0 1188 0 0 1700 55796,72 193097,4 234667,6 171639,4 74022,89 52572,57 
ČRNOMELJ 8421,1 130217,1 5332,4 36662,24 8160,8 17012,93 17246,15 16574,28 31134,96 83025,95 35641,43 194576,6 42322 88347,85 51048,27 
SEMIČ 147375,1 14858 49343,9 30132,95 7336,07 23013,93 40011,72 112315,9 0 96357,74 6265,76 58403,44 125820,8 1164 50885,66 
BELTINCI 56613,1 226270,2 5238 390 0 22450 11123,97 4873 31138,51 30603,62 26719,13 52174,53 65023,37 169989,2 50186,19 
PREBOLD 6250,51 369028,2 9086,4 22910,74 118194,4 21735,37 3995,64 28269,12 1080 0 49684,85 17901 2299 52149,26 50184,61 

KOSTANJEVICA 
NA KRKI 197105 90530 24652 15579 3416,83 0 20596,46 186 4866 0 492,8 126029,2 156005 28950 47743,45 
LJUBNO 8836 0 0 17299 27235 5396 9040 83370,66 28991,2 74275,54 10726 322340 21010 55384,85 47421,73 
DUPLEK 340508,5 74467,4 32900,26 39753,3 0 8750 3141,35 720 4871,32 2157,37 5912,26 86447,24 59113,08 1240,93 47141,65 
ŠMARJEŠKE 
TOPLICE 1669,17 0 0 0 2745 2313,11 2922,92 2616,37 14282,66 19438,17 543546,9 14699,77 0 46194,25 46459,17 
CERKVENJAK 24046 0 130749,3 140737,5 82240 63594,33 20081,67 0 14579,44 9543 40411,38 109690,5 0 788,75 45461,56 
ROGATEC 174999 16023,6 37570 174327 35511,5 6990,76 6826,2 84027 16131 1059,5 41610 24654,06 10816,19 0 45038,99 
BOROVNICA 706,43 24550 26956,92 53407,28 52960,67 50239 6870,83 34472,4 5023 7080,56 169329,4 72566,61 56145 56417,92 44051,86 
ŠENTILJ 14972 103981,4 12989,84 20800 85614,36 3427 116354 1790 7497,09 3650 45144 5632 94015 80244 42579,33 
BENEDIKT 48634 372792 0 34087,7 5637 13378,29 353 2117,34 16677,47 27868,85 15984 12438,4 1336,64 10679,36 40141,72 
VELIKA POLANA 54023 0 287095,9 6652 12000 7341,05 0 27300,75 724,59 4456,71 2736,11 139382,1 11844 6765,46 40022,98 
KOMEN 3915 144301 10910,94 6083,43 49368 6035 17611 8064,62 43803,2 72360,76 6432 45955,27 48192,56 96701,3 39981,01 
ŽELEZNIKI 159858,9 46809,54 15313,39 36075,99 7330,76 6867,17 9545,66 105225 2801,76 57131,85 17508,16 52439,32 14237,29 26264,56 39814,95 
DOBROVA-
POLHOV 
GRADEC 14519,6 143305,4 12934,34 0 0 53596,87 491,8 36435,2 5460 96449,47 5666,69 100008,4 25980 25882,5 37195,02 
BRASLOVČE 303066 0 8333,34 57166,67 18636 1170 7280 22400 10100 62314,5 27960,2 0 1490,48 561,78 37177,07 
PODLEHNIK 0 0 0 0 1360 546,38 0 286962,9 95372 38090,62 13247 16579 15000 27132,27 35306,44 
APAČE 0 59728,29 35565,38 23407,64 9550,56 5676,77 1947,86 8998,41 29166,93 15013,27 30968,88 102037,7 38678,9 119952,3 34335,2 
TABOR 409146,8 0 0 0 12000 40000 6275 0 0 1580,04 3423 722 5072,39 110,9 34166,44 
MOKRONOG-
TREBELNO 0 1027 0 92345 70891 5332 0 19390 35528 18781 0 360 230860 0 33893,86 
HRASTNIK 14064,93 41706,87 90138,95 78210,25 38335,58 58062,77 23132,99 31933,74 19364,09 4595,29 9456,92 49535,39 1570,04 6197,5 33307,52 
ŽUŽEMBERK 9778 4894 46746,15 111352,5 54146,96 37226,42 27598,63 22636,73 50504,15 53693,9 4220,7 35497,74 1771,49 3361,83 33102,09 
RADENCI 6198,93 87758,09 3657,2 11485,3 0 3383,74 16172,3 168 47966,11 45087,82 29219 27783,5 119253 50936,68 32076,41 
MIKLAVŽ NA 
DRAVSKEM 
POLJU 5090 20552 0 0 88920,76 88207,35 29023 7253,36 8545 10511,98 21831,66 29260,62 24015,87 103365,7 31184,09 
MEŽICA 23541 135611 6719 17285 2734,77 25955,51 30425 17688,86 30101,5 9205,51 37258,2 15525,4 20211,14 63396,7 31118,47 
KUNGOTA 71202,8 3804,78 44984,34 800 0 0 65770,67 32396,73 12600 23380 96053,2 44946,14 15734,22 23611,59 31091,75 
ŠMARTNO PRI 
LITIJI 2138,97 119141,3 15903 7300 6218,72 11820,3 28423,9 103679,4 5560 2319,8 70356,66 613,73 7821,61 32088,77 29527,58 
VIPAVA 0 0 0 0 0 3120 6977 96000 0 6246 3882 6154 12825 272000 29086 
KRIŽEVCI 178515 384,93 27244,37 1028,15 0 1638 3242 0 17133,06 10000 83392,78 38119,79 10839,34 1418,03 26639,67 
LOG-
DRAGOMER 0 0 0 15939 0 64600 0 11370,42 0 0 0 0 5761,49 269663,5 26238,17 
OPLOTNICA 50466 227621,6 0 12506,97 27937,69 2734,97 16164,87 0 892,66 1500 5950 6526,23 2704,15 3620,49 25616,11 
ČRENŠOVCI 270 1637,82 3370,61 6513,03 336,54 216 570 67215,2 905,54 26500,08 91729,86 76287,32 46982,58 11175,91 23836,46 

RADEČE 130351 154214 4021 0 0 1535,83 307,17 6965,7 0 3180 27419,4 0 2145 0 23581,36 
LOŠKA DOLINA 25000 8857 181900 0 7800 2380 19882 940 17508 8725 10137,08 16025,47 21672 3954,08 23198,62 
MAJŠPERK 10143,39 61035,18 2844 2958 2400 16125 49402,69 21679,65 0 333,5 5231,86 5186,16 137180 2620 22652,81 
SV. JURIJ V 
SLOVENSKIH 
GORICAH 0 0 0 0 153419 0 14700 411 12264,34 12090,2 40585,21 50108,11 4886,91 21400,46 22133,23 
MIRNA PEČ 8478,31 14542 3280 11424,32 960 5982 19860 510 3000 232310 0 740 7275 1025 22099,05 
SODRAŽICA 1678,75 93037,1 20118,2 9619,91 14875,93 50809,07 4804,15 4978 9474,5 18503,4 750 58847,3 1200 5996 21049,45 
MENGEŠ 60098,47 14928,05 26484,43 3453,31 10988,66 2402,3 2772,97 13165,75 17775,11 3809,9 101737,9 5348,88 5117,41 20547,97 20616,51 
VITANJE 133522 52156,78 0 0 0 0 0 0 33843,19 746,83 0 40910 0 21770 20210,63 
MUTA 13826 26378,65 0 3865,96 0 10295,11 829,51 8499,79 20576,72 110744,4 2975 53488,7 8055 0 18538,2 
MORAVČE 101297 7018 64256 23761 0 2134,68 0 0 4876 9400,49 4380,6 10636,43 18425,09 0 17584,66 
BRDA 0 0 3160 1645 29130,09 2972 901,83 27759,99 85748,84 51500,97 0 22092,77 0 17350 17304,39 
MIREN-
KOSTANJEVICA 15289 9580 18050,77 21149,94 13189,8 6058,83 27750 29850 29104,5 35780 27172 570 2587,38 354 16891,87 
ŠENTJERNEJ 128205 0 11645,81 2872,8 1496,24 13366,5 20418,24 0 6438,44 1177,12 11580,06 2917,57 3684,02 22722,22 16180,29 
PREDDVOR 0 0 2970 5520 7000 47072 31359,96 15807,71 3066,68 1115,65 6030 92729,74 7920 0 15756,55 
ČRNA NA 
KOROŠKEM 53276 23918 5808 5288 14891 18404,57 30604,82 5769,39 7000 2040 1100 3232 42951,44 5289,5 15683,77 
VRANSKO 27930 0 0 15654,84 1029,7 85826,5 53150 2900 10600 7785,02 6325,04 409 0 743,82 15168,14 
PODVELKA 3960 16453,11 1204,85 1223,8 2394 46269,81 4604,71 28370,77 17425,38 33477,65 9540 17619,91 482,99 27601,64 15044,9 
POLJČANE 0 820 1900 138714,1 2124 8330 9864,5 24032,5 4497 11051,39 440 3252,6 0 236,5 14661,61 
KOZJE 12426 0 12172,49 152,46 71685 0 0 1541,61 1588 23144 6454,62 10062,97 47258 1960 13460,37 
RENČE-
VOGRSKO 0 2015 0 0 3118 21716,7 0 18400 0 0 12207 119900 3930 0 12949,05 
LOVRENC NA 
POHORJU 14168,17 26685,88 19035,51 36050,28 123132,2 -51929 -21898 7541 3306,72 6651,34 3955,66 7513,08 4920,49 1037,54 12869,34 
TIŠINA 26405 23590,65 6524,82 0 52889,99 315 3417,4 8316 11214 0 858,4 0 0 39636,5 12369,13 
ŠTORE 0 0 0 118626 0 4254,1 10980,12 3090 0 180 0 0 7455 9004,46 10970,69 
CIRKULANE 0 0 0 33713,41 11607,59 1020 256,56 600 0 2806,57 13018,6 321,64 84997 0 10595,81 
PODČETRTEK 0 1633 0 4078 63032 12290 1515 14087,5 1539 3750 305 0 13279,9 28557,69 10290,51 
STARŠE 0 84674 10436 18144 5796 7452 8117,37 2852 391 5083 0 644 0 418,03 10286,24 
GORNJI GRAD 13901,62 15378,51 6206,7 22235,3 360 4436 1670 40110,25 7921,2 0 3100,2 27619,19 0 0 10209,93 
LOŠKI POTOK 5880 38508 2030 1000 2826 2199 852 9996,96 34955,22 11170,56 7530,4 19210 5621,91 759,2 10181,38 
MISLINJA 0 0 0 0 3346 0 390 0 1307,34 2816,49 81414,98 12,2 23714,85 28287,5 10092,1 
SOLČAVA 0 0 1800,4 41172 18014,18 25181 57,2 19295,82 720 14723,6 316 19746,6 0 0 10073,34 
ŠENTRUPERT 0 0 7573 2700 476 0 42560 4638,91 0 9794 34818,66 36606,05 0 0 9940,473 

KANAL 2352 7962,8 8083,86 19804,19 0 2039,56 11496,1 5385 14706 5411 24228,2 21583,4 6873,5 3816 9552,972 
VUZENICA 9287,76 5711,29 20738,97 0 260 4957,19 0 0 2360 0 32112,47 49120 1770 7372,18 9549,276 
CERKNO 16379 1568 7299,16 19064,99 4899,16 9115,38 19456,01 3926,66 1893,76 2895,8 5828,67 15513,92 1879,29 10692,3 8600,864 
ZAVRČ 76466 0 2481,05 0 4584,05 4584,05 4017 1393,75 10122,52 0 730,83 0 2275,69 13727,6 8598,753 
VERŽEJ 15474,17 0 0 790,62 9526,26 0 873,2 0 0 2766 40446 0 43580 819,67 8162,566 
KUZMA 0 0 6506,53 0 8333,33 748,33 1225,02 15778,7 7904,92 8168,86 6870,89 0 0 53995,96 7823,753 
KOBILJE 9400 0 39718 30000 2910,03 0 3000 3000 0 18201,87 0 0 0 0 7587,85 
KOSTEL 6523 28223 0 16280 3376 0 0 3888 0 0 8853,25 7600 0 31205,33 7567,756 
LUKOVICA 4315,15 3648 26204 18666 3570 4807 2291,47 5595,72 521 8149,6 7894,98 10841,44 9262,59 0 7554,782 
SVETI JURIJ 0 0 0 25972,89 13817,59 21190,79 0 0 0 15617,95 6185,22 19170,2 0 0 7282,474 
ROGAŠOVCI 0 2637,7 9200 15100 14551,2 0 0 68,85 8246,83 8424,16 13364,41 7812,16 15203,19 280,07 6777,755 
RIBNICA NA 
POHORJU 16515 0 0 2495,93 23896 5274,24 0 0 0 0 1700 0 28920 13600 6600,084 
REČICA OB 
SAVINJI 0 0 0 6578 49466 1045 20880 6576,52 2825,48 0 4000 0 0 0 6526,5 
GRAD 0 0 55337,4 0 19400 11880 0 0 0 0 0 0 0 0 6186,957 
TRNOVSKA VAS 0 67726,77 0 0 0 0 305 0 0 826,59 3206,2 0 390 0 5175,326 
SREDIŠČE OB 
DRAVI 0 0 0 15735 0 3916,67 4383,33 0 0 4933,21 33427,29 5457,91 0 737,71 4899,366 
DOBREPOLJE 0 1919,3 0 0 15275 0 25028,15 0 0 16484,95 1487,25 2592 0 0 4484,761 
DORNAVA 0 0 14988,33 2158,33 0 21023,33 7366,66 0 615 7657,31 2313,11 4213,61 480 0 4343,977 
DOBROVNIK 0 0 0 0 0 0 0 0 0 1864,86 25887,75 1906 1731,36 27656,81 4217,627 
MAKOLE 0 0 0 14510 0 0 2900 0 275 3574 33623 1100 0 0 3998,714 
GORNJI 
PETROVCI 22222,72 1994,04 222 0 1213,5 245,88 18662,8 1200 7525,4 432,88 252,95 0 0 28,69 3857,204 
SELNICA OB 
DRAVI 42539 0 0 0 0 0 1404 3435 0 0 0 0 0 0 3384,143 
SV. ANDRAŽ V 
SLOVENSKIH 
GORICAH 0 0 0 0 0 2027 2474 4030,3 9005 1007,51 0 0 2352,6 24353 3232,101 
JEZERSKO 0 27320,01 0 0 0 0 2924,21 3186,89 6476,41 0 292,62 0 0 3994 3156,724 
HORJUL 4120 0 760 10920 0 0 16985,83 5825 0 3381,14 0 0 0 0 2999,426 
GORJE 0 0 0 0 4128 4288 1084 4747 0 0 4484,2 5974,8 3000 9000 2621,857 
SVETI TOMAŽ 0 0 0 280 0 0 14724 7717,3 0 5714,6 0 0 0 215 2046,493 
CANKOVA 0 1038 9441,43 2840 0 0 174 0 1370 2230,1 712,03 0 0 10467,28 2019,489 
LUČE 0 0 0 0 0 3383,44 0 6907,04 13010,4 539,6 2326,02 0 0 0 1869,036 
SV. TROJICA V 
SLOVENSKIH 
GORICAH 0 0 17226,2 1590 0 557 1631 0 0 1988 116,6 0 469,98 0 1684,199 

BISTRICA OB 
SOTLI 0 22000 0 0 0 0 0 0 0 0 1165,57 0 0 0 1654,684 
HAJDINA 0 0 0 6175 0 0 0 0 0 0 6898 0 3066 2616,3 1339,664 
DESTRNIK 0 0 0 0 0 11,5 103,5 0 1230 2556,54 13679,06 539,18 0 0 1294,27 
HODOŠ 0 0 0 0 0 0 0 0 10000 0 8000 0 0 0 1285,714 
ŠALOVCI 0 0 273 0 0 0 0 0 0 0 0 50 9633,68 2320,7 876,9557 
OSILNICA 0 10630,5 1173,35 0 0 0 0 0 0 0 0 0 0 0 843,1321 
DOBJE 0 0 0 0 272 117,13 0 1582,62 0 1014,86 5695,56 0 393 567 688,7264 
ŽETALE 751,8 0 0 0 0 0 0 0 0 2180 1019,57 0 0 980 352,2407 
JURŠINCI 0 0 0 4788 0 0 0 96,24 0 0 0 0 0 0 348,8743 
RAZKRIŽJE -151,2 0 745,5 858,15 0 0 0 0 0 0 0 0 0 11,48 104,5664 
TURNIŠČE 0 0 0 0 0 0 0 0 0 0 0 0 0 0 0 
 
 
Tabela 38: Prihodek iz naslova Prihodki od prodaje stavbnih zemljišč (urejeno padajoče glede na povprečje 2007-2020) na prebivalca (v EUR) 
OBČINA 2007 2008 2009 2010 2011 2012 2013 2014 2015 2016 2017 2018 2019 2020 x̄ 
ANKARAN         0,00 0,00 190,89 817,47 0,00 2912,71 280,08 
PIRAN 97,53 57,10 120,44 69,21 137,19 83,95 100,44 49,17 128,67 83,68 72,07 258,97 7,13 3,23 90,63 
KOMENDA 130,97 251,84 194,25 346,67 98,67 39,73 13,15 75,86 10,06 37,62 11,38 5,34 1,80 26,13 88,82 
IZOLA 145,10 101,49 263,49 18,35 19,60 9,66 26,97 52,15 40,30 26,38 77,36 47,01 246,35 80,33 82,47 
KOPER 91,01 319,41 116,99 72,75 79,21 63,74 36,40 18,54 27,30 73,98 70,76 92,77 40,77 35,15 81,34 
NAZARJE 65,66 12,96 4,70 295,20 34,18 5,23 0,19 87,69 191,01 52,05 19,23 0,61 86,74 18,26 62,41 
ŠKOCJAN 2,80 3,23 0,00 19,53 3,97 0,37 1,38 0,00 0,00 47,15 8,33 553,27 111,12 1,25 53,74 
DOBRNA 141,06 22,98 99,73 370,86 7,51 13,27 2,50 2,74 0,85 6,39 39,51 0,00 12,01 17,49 52,63 
LENART 84,42 4,04 89,52 293,20 32,37 11,09 10,48 13,20 34,51 56,28 26,33 12,21 23,81 21,18 50,90 
BLOKE 7,34 544,23 17,39 7,22 0,00 0,00 0,00 0,00 4,66 4,17 6,01 21,26 36,08 49,00 49,81 
CELJE 157,83 70,01 31,81 91,88 8,03 9,66 21,83 6,66 27,60 22,32 14,50 36,56 26,00 86,87 43,68 
VODICE 96,81 29,81 96,22 43,07 115,78 14,18 2,12 3,45 3,14 8,02 112,09 20,18 19,48 14,34 41,34 
SVETA ANA 5,07 40,04 0,00 0,00 189,31 49,12 57,94 47,44 9,55 19,03 21,90 51,07 17,20 47,25 39,64 
ODRANCI 35,46 139,43 57,98 189,38 0,00 0,00 46,70 19,57 0,00 0,00 0,00 41,69 0,00 7,00 38,37 
VRHNIKA 427,04 11,75 17,08 13,36 4,20 11,96 5,05 4,49 11,16 3,21 5,35 7,11 3,46 6,90 38,01 
HRPELJE-
KOZINA 75,67 168,08 63,37 59,07 11,79 6,36 1,94 5,50 31,92 0,88 27,29 9,41 6,90 48,38 36,90 
LOGATEC 73,39 67,65 73,68 6,77 47,94 25,91 9,79 26,10 43,72 73,50 28,82 17,91 10,27 3,95 36,39 
LJUBLJANA 42,36 68,97 37,02 80,39 49,64 30,31 3,78 11,57 24,33 32,63 24,70 22,03 24,13 53,85 36,12 
PTUJ 126,31 149,76 5,58 3,61 64,24 1,43 2,17 9,93 5,67 4,19 51,58 20,91 32,39 24,73 35,89 

ŠENČUR 36,12 58,11 0,50 335,38 1,81 8,01 15,78 8,38 4,02 0,92 6,40 10,20 7,45 7,66 35,77 
SEŽANA 49,11 29,82 108,52 57,53 12,58 9,21 14,13 4,07 2,11 8,15 38,05 71,46 11,44 81,33 35,54 
MIRNA     0,00 25,54 38,41 13,30 105,52 59,66 79,42 68,97 84,59 17,10 35,18 
MOZIRJE 140,20 131,23 2,89 3,69 61,99 45,81 1,45 3,88 12,38 7,64 0,00 48,04 11,38 1,05 33,69 
KOČEVJE 29,67 45,84 17,52 46,39 42,89 26,95 26,15 11,96 27,90 19,34 73,16 28,29 54,26 21,23 33,68 
MARIBOR 48,40 26,11 143,17 17,25 7,69 70,69 11,88 18,92 9,75 5,65 10,40 48,42 13,42 10,88 31,62 
GORENJA VAS-
POLJANE 25,56 17,78 54,71 18,97 63,89 73,68 10,79 12,70 49,43 26,53 13,43 35,06 0,85 6,87 29,30 
VELIKA POLANA 38,45 0,00 204,34 4,73 8,54 5,22 0,00 19,43 0,52 3,17 1,95 99,20 8,43 4,82 28,49 
NAKLO 43,04 218,95 57,07 12,37 1,35 43,82 3,28 4,64 0,00 0,85 0,19 0,00 0,00 1,36 27,64 
HOČE-SLIVNICA 1,41 8,05 2,58 12,85 35,82 30,45 2,07 1,66 1,99 0,86 108,44 0,36 113,86 62,91 27,38 
RADOVLJICA 61,66 73,74 26,72 18,11 31,27 33,01 30,09 10,94 14,92 7,55 24,42 10,43 20,77 19,68 27,38 
DIVAČA 2,25 65,03 106,76 22,14 21,15 16,99 3,51 16,70 24,62 7,97 6,04 41,30 27,67 5,89 26,29 
ŠENTJUR 22,31 6,63 15,75 21,07 12,66 4,66 6,99 7,93 13,46 68,36 33,94 13,50 14,29 122,41 26,00 
AJDOVŠČINA 67,01 39,42 8,80 15,07 8,35 1,67 12,27 4,19 0,65 28,82 31,28 53,31 77,13 15,92 25,99 
ŠMARTNO OB 
PAKI 277,15 2,03 0,00 0,00 0,00 46,53 3,72 0,45 2,32 0,72 1,51 0,25 8,98 10,88 25,32 
MARKOVCI 81,64 70,68 27,86 5,47 8,14 111,82 26,54 16,39 0,49 1,68 2,06 0,58 0,00 0,73 25,29 
MURSKA 
SOBOTA 97,19 33,95 22,86 46,78 14,63 4,18 2,50 0,43 2,53 1,90 24,53 92,46 6,77 0,65 25,09 
BOHINJ 56,60 39,00 1,87 4,03 1,54 0,00 16,05 0,95 0,17 2,30 153,16 28,89 39,62 2,83 24,79 
SLOVENJ 
GRADEC 17,07 25,19 6,62 4,08 5,54 2,69 9,82 22,16 19,69 15,99 67,12 37,76 31,82 68,37 23,85 
BLED 0,47 16,03 8,89 25,54 7,99 0,75 1,80 8,82 3,38 37,54 105,21 52,18 58,74 1,43 23,48 
CERKVENJAK 11,76 0,00 63,97 68,85 40,23 31,11 9,82 0,00 7,13 4,67 19,77 53,66 0,00 0,39 22,24 
Skupaj občine  40,19 39,76 31,45 28,27 18,75 16,66 7,77 9,41 12,09 15,31 18,93 24,13 18,51 26,00 21,94 
ŠKOFJA LOKA 96,79 23,21 2,50 19,45 26,99 5,06 12,85 7,55 12,52 5,12 34,76 43,99 7,17 7,41 21,81 
RAVNE NA 
KOROŠKEM 15,69 12,12 19,02 2,16 23,30 28,75 3,18 37,59 17,67 37,70 19,76 4,67 3,94 75,13 21,48 
BREŽICE 30,21 36,34 54,11 3,91 2,78 6,34 12,62 3,68 4,08 6,52 15,80 19,69 49,68 54,45 21,44 
BOVEC 30,40 35,21 26,54 12,40 27,93 3,40 2,80 2,31 4,02 18,23 22,78 13,88 49,89 49,02 21,34 
IG 56,01 13,03 6,34 26,52 16,73 60,16 3,33 29,12 1,76 6,52 14,10 56,33 3,85 1,12 21,07 
CERKLJE NA 
GORENJSKEM 4,06 9,12 11,09 28,80 32,69 43,19 22,65 0,92 10,93 23,70 39,52 53,77 1,79 8,48 20,77 
ŠOŠTANJ 3,90 51,05 157,27 13,79 5,75 9,49 4,52 0,66 4,18 4,88 2,93 4,49 15,55 3,21 20,12 
TABOR 237,19 0,00 0,00 0,00 6,96 23,19 3,64 0,00 0,00 0,92 1,98 0,42 2,94 0,06 19,81 
GORNJA 
RADGONA 56,84 69,22 70,23 24,53 36,37 7,03 0,21 1,10 0,00 0,00 2,58 3,02 0,18 3,69 19,64 

PODLEHNIK 0,00 0,00 0,00 0,00 0,74 0,30 0,00 156,81 52,12 20,81 7,24 9,06 8,20 14,83 19,29 
PESNICA 84,08 27,81 7,54 41,44 1,06 6,18 15,23 26,57 2,19 3,99 7,68 7,81 34,65 1,97 19,16 
KOSTANJEVICA 
NA KRKI 77,91 35,78 9,74 6,16 1,35 0,00 8,14 0,07 1,92 0,00 0,19 49,81 61,66 11,44 18,87 
SOLČAVA 0,00 0,00 3,35 76,53 33,48 46,80 0,11 35,87 1,34 27,37 0,59 36,70 0,00 0,00 18,72 
DOLENJSKE 
TOPLICE 82,76 12,45 2,94 16,39 7,43 6,10 0,90 0,00 0,00 1,76 0,12 0,58 115,74 11,27 18,46 
LJUBNO 3,35 0,00 0,00 6,56 10,32 2,04 3,43 31,59 10,99 28,15 4,06 122,14 7,96 20,99 17,97 
ZREČE 0,00 6,39 7,94 0,18 102,86 13,20 14,30 4,52 25,69 8,43 44,11 2,63 6,30 8,14 17,48 
LITIJA 50,39 15,79 34,27 29,71 7,64 7,33 7,34 12,21 13,52 9,25 19,37 6,48 10,43 18,15 17,28 
SLOVENSKA 
BISTRICA 38,65 64,02 13,05 2,99 0,50 0,99 1,97 8,05 1,35 6,82 5,00 39,14 51,87 7,00 17,24 
DOL PRI 
LJUBLJANI 187,22 16,62 0,00 0,09 10,22 0,00 13,74 1,80 7,13 0,00 0,00 0,00 1,62 0,00 17,03 
KRŠKO 49,21 37,85 1,87 27,12 15,50 12,12 6,82 6,46 17,45 3,50 12,19 12,36 5,37 30,32 17,01 
ILIRSKA 
BISTRICA 2,33 2,04 4,41 4,37 3,84 33,78 6,40 4,20 10,66 15,23 67,62 20,03 23,43 38,17 16,89 
PREVALJE 15,27 12,04 15,74 6,00 88,30 3,06 4,86 9,74 21,74 10,85 2,02 27,04 5,34 7,11 16,36 
KRANJSKA 
GORA 23,21 7,08 19,20 24,96 22,93 11,51 4,33 35,09 17,33 20,29 13,54 9,44 9,85 8,43 16,23 
NOVO MESTO 6,45 6,54 23,60 16,93 9,15 19,75 11,61 5,73 3,28 18,85 12,87 35,10 29,95 22,76 15,90 
KOBARID 28,44 46,11 39,06 6,10 3,83 14,21 6,37 30,87 20,71 7,12 4,12 9,18 1,79 4,30 15,87 
GORIŠNICA 80,25 23,11 6,79 18,69 26,74 0,00 0,00 0,00 0,64 8,26 7,05 36,04 3,66 7,98 15,66 
BENEDIKT 18,89 144,77 0,00 13,24 2,19 5,20 0,14 0,82 6,48 10,82 6,21 4,83 0,52 4,15 15,59 
VELENJE 25,39 28,73 40,28 12,47 3,42 26,16 3,51 2,00 6,46 3,70 11,19 5,29 30,42 18,77 15,56 
ŽALEC 9,02 14,16 30,88 8,51 29,65 13,63 4,24 2,01 0,47 6,39 68,40 17,03 6,22 1,42 15,15 
TRZIN 10,19 2,83 37,64 18,09 2,98 2,01 9,22 46,95 6,60 6,56 8,89 43,69 11,35 4,92 15,14 
RUŠE 68,30 95,39 22,44 -8,41 1,23 15,49 1,29 0,06 0,21 1,38 4,69 3,30 0,59 0,23 14,73 
TREBNJE 16,58 9,32 6,44 21,95 2,06 0,30 3,83 0,55 1,90 69,68 11,67 2,21 54,02 4,15 14,62 
PIVKA 20,49 9,15 8,11 9,59 0,72 7,65 11,25 51,58 7,76 5,35 9,61 3,71 57,87 1,54 14,60 
ROGATEC 56,09 5,14 12,04 55,87 11,38 2,24 2,19 26,93 5,17 0,34 13,34 7,90 3,47 0,00 14,44 
TRŽIČ 2,59 61,91 59,74 3,80 14,81 8,69 3,50 8,39 0,93 2,82 5,43 10,54 6,25 9,73 14,22 
STRAŽA 0,00 0,00 3,54 38,17 0,00 0,00 1,31 7,20 12,33 22,05 0,48 65,01 44,63 2,15 14,06 
ŠMARJEŠKE 
TOPLICE 0,50 0,00 0,00 0,00 0,82 0,69 0,87 0,78 4,26 5,79 161,96 4,38 0,00 13,76 13,84 
KOBILJE 16,70 0,00 70,55 53,29 5,17 0,00 5,33 5,33 0,00 32,33 0,00 0,00 0,00 0,00 13,48 
LJUTOMER 26,00 4,16 7,81 10,96 12,91 11,30 16,00 10,33 15,55 13,98 27,90 11,98 4,70 13,75 13,38 
MORAVSKE 
TOPLICE 4,75 1,98 0,00 0,64 1,38 1,60 5,03 1,02 44,61 1,76 78,75 21,37 10,13 8,57 12,97 

SEMIČ 37,34 3,76 12,50 7,63 1,86 5,83 10,14 28,46 0,00 24,41 1,59 14,80 31,88 0,29 12,89 
VIDEM 0,00 0,05 0,00 20,62 14,05 1,44 25,16 20,11 39,46 18,28 7,14 23,57 8,33 2,21 12,89 
RADLJE OB 
DRAVI 34,68 12,01 46,12 4,71 2,78 3,26 12,85 17,43 3,34 7,55 3,15 18,01 2,45 11,45 12,84 
ŽIRI 39,46 71,86 0,19 0,00 4,23 0,58 0,49 0,00 5,41 7,63 34,97 8,07 0,14 2,84 12,56 
KIDRIČEVO 32,24 47,46 5,33 37,44 0,00 1,68 1,35 12,67 13,26 2,42 0,00 1,31 15,58 0,00 12,20 
ŽIROVNICA 44,67 0,00 4,22 4,83 4,10 20,33 8,22 5,18 23,05 3,07 11,92 19,31 16,83 4,46 12,16 
VELIKE LAŠČE 0,00 0,00 0,00 0,88 0,00 0,27 0,00 0,00 0,38 12,60 43,59 52,97 38,74 16,71 11,87 
ŠMARJE PRI 
JELŠAH 31,69 23,57 5,24 9,51 4,04 0,63 2,63 1,02 23,35 5,22 4,29 27,88 0,55 25,93 11,83 
KOSTEL 9,93 42,96 0,00 24,78 5,14 0,00 0,00 5,92 0,00 0,00 13,48 11,57 0,00 47,50 11,52 
ŠKOFLJICA 0,00 128,52 18,91 5,83 1,44 0,00 0,00 0,00 0,00 1,20 0,19 0,23 0,15 0,00 11,18 
KOMEN 1,09 40,13 3,03 1,69 13,73 1,68 4,90 2,24 12,18 20,12 1,79 12,78 13,40 26,89 11,12 
METLIKA 0,52 15,17 2,93 5,97 11,94 0,28 0,45 1,19 1,52 7,69 24,35 21,64 57,00 4,40 11,08 
POSTOJNA 0,46 3,47 30,23 4,64 5,32 9,04 2,84 10,07 8,57 15,23 10,43 13,39 11,86 25,05 10,76 
MOKRONOG-
TREBELNO 0,00 0,33 0,00 29,26 22,46 1,69 0,00 6,14 11,26 5,95 0,00 0,11 73,15 0,00 10,74 
GROSUPLJE 6,99 8,27 3,81 4,11 3,53 6,21 8,24 3,41 15,37 14,30 13,05 4,99 35,41 19,55 10,52 
PUCONCI 79,24 0,23 1,01 9,09 1,80 1,40 5,69 1,55 0,45 1,04 2,57 33,54 8,40 0,51 10,47 
SV. JURIJ V 
SLOVENSKIH 
GORICAH 0,00 0,00 0,00 0,00 72,06 0,00 6,90 0,19 5,76 5,68 19,06 23,54 2,30 10,05 10,40 
POLZELA 2,87 1,69 36,61 5,27 3,08 3,26 1,62 0,70 0,89 12,83 1,25 0,07 22,94 49,98 10,22 
ROGAŠKA 
SLATINA 0,47 61,59 32,78 22,53 0,00 1,28 7,66 2,01 1,91 0,29 0,26 6,54 4,76 0,59 10,19 
PREBOLD 1,24 72,93 1,80 4,53 23,36 4,30 0,79 5,59 0,21 0,00 9,82 3,54 0,45 10,31 9,92 
BOROVNICA 0,16 5,44 5,97 11,83 11,74 11,13 1,52 7,64 1,11 1,57 37,52 16,08 12,44 12,50 9,76 
APAČE 0,00 16,63 9,90 6,52 2,66 1,58 0,54 2,51 8,12 4,18 8,62 28,41 10,77 33,40 9,56 
ŠEMPETER-
VRTOJBA 10,65 0,75 33,28 13,79 1,91 15,58 0,82 2,32 11,31 27,82 2,35 1,84 7,14 2,92 9,46 
ORMOŽ 2,32 33,42 8,05 14,44 11,90 0,47 2,06 2,42 2,66 6,22 2,11 7,23 14,72 23,47 9,39 
RAČE-FRAM 18,81 11,60 82,31 2,44 0,81 0,45 0,05 0,27 1,80 0,42 6,76 2,22 0,00 2,14 9,29 
SODRAŽICA 0,74 40,90 8,84 4,23 6,54 22,33 2,11 2,19 4,16 8,13 0,33 25,87 0,53 2,64 9,25 
DRAVOGRAD 0,63 11,46 9,36 7,64 11,40 9,94 4,51 0,46 0,69 26,66 4,01 5,14 4,82 32,03 9,20 
VITANJE 59,19 23,12 0,00 0,00 0,00 0,00 0,00 0,00 15,00 0,33 0,00 18,13 0,00 9,65 8,96 
MEŽICA 6,59 37,95 1,88 4,84 0,77 7,26 8,52 4,95 8,42 2,58 10,43 4,35 5,66 17,74 8,71 
SEVNICA 14,66 4,57 8,38 2,75 3,83 0,70 2,87 21,96 3,90 11,34 5,71 5,40 31,33 4,13 8,68 
NOVA GORICA 4,73 64,95 2,21 3,56 1,22 7,45 2,43 4,66 2,29 5,51 7,73 4,78 0,43 2,04 8,14 

KAMNIK 68,59 1,80 1,81 9,43 2,48 4,58 0,41 3,99 3,43 2,48 0,95 1,72 1,01 10,27 8,07 
VOJNIK 43,35 33,12 0,69 1,39 5,75 8,18 15,29 3,34 0,19 0,40 0,11 0,07 1,09 0,04 8,07 
KRANJ 40,11 9,99 8,05 6,63 2,92 1,98 3,36 18,55 1,50 3,94 5,80 4,96 1,79 1,62 7,94 
JESENICE 14,50 6,79 20,07 3,18 3,46 2,00 4,64 12,00 2,06 21,71 2,93 1,79 6,24 8,38 7,84 
KRIŽEVCI 52,14 0,11 7,96 0,30 0,00 0,48 0,95 0,00 5,00 2,92 24,36 11,13 3,17 0,41 7,78 
LENDAVA 19,38 3,32 3,16 0,00 1,05 16,65 1,03 0,23 0,05 34,79 1,61 22,70 0,97 2,01 7,64 
MIRNA PEČ 2,77 4,75 1,07 3,73 0,31 1,95 6,49 0,17 0,98 75,89 0,00 0,24 2,38 0,33 7,22 
LOG-
DRAGOMER 0,00 0,00 0,00 4,37 0,00 17,71 0,00 3,12 0,00 0,00 0,00 0,00 1,58 73,94 7,19 
SLOVENSKE 
KONJICE 1,58 2,64 3,76 6,42 4,06 4,74 5,08 7,90 4,07 2,86 5,18 28,67 23,47 0,18 7,19 
TRBOVLJE 4,66 5,88 26,70 3,33 12,70 1,83 2,58 3,82 12,84 2,30 4,23 1,49 13,90 3,92 7,15 
TOLMIN 3,00 39,49 5,04 8,20 6,71 14,54 1,40 1,82 1,87 9,28 1,40 2,99 1,82 1,52 7,08 
BREZOVICA 47,14 0,74 2,94 1,30 0,00 11,07 9,44 5,16 0,00 3,94 3,79 0,56 3,17 8,48 6,98 
ŽUŽEMBERK 2,05 1,03 9,80 23,34 11,35 7,80 5,79 4,75 10,59 11,26 0,88 7,44 0,37 0,70 6,94 
CERKNICA 25,55 25,08 7,74 3,75 5,40 3,46 2,70 3,69 2,20 2,92 5,92 1,32 4,41 2,51 6,90 
DUPLEK 48,48 10,60 4,68 5,66 0,00 1,25 0,45 0,10 0,69 0,31 0,84 12,31 8,42 0,18 6,71 
IDRIJA 1,55 6,17 45,81 2,61 0,95 0,57 0,40 2,61 23,08 2,86 1,25 3,38 1,37 1,40 6,71 
RIBNICA 4,39 10,25 13,20 4,42 7,63 0,79 6,43 1,50 2,23 8,48 1,81 19,42 5,19 7,37 6,65 
BRASLOVČE 52,65 0,00 1,45 9,93 3,24 0,20 1,26 3,89 1,75 10,83 4,86 0,00 0,26 0,10 6,46 
KUNGOTA 14,68 0,78 9,28 0,16 0,00 0,00 13,56 6,68 2,60 4,82 19,81 9,27 3,24 4,87 6,41 
RADENCI 1,21 17,17 0,72 2,25 0,00 0,66 3,16 0,03 9,38 8,82 5,72 5,43 23,33 9,96 6,27 
LOŠKA DOLINA 6,74 2,39 49,02 0,00 2,10 0,64 5,36 0,25 4,72 2,35 2,73 4,32 5,84 1,07 6,25 
VERŽEJ 11,84 0,00 0,00 0,60 7,29 0,00 0,67 0,00 0,00 2,12 30,95 0,00 33,34 0,63 6,25 
PODVELKA 1,64 6,82 0,50 0,51 0,99 19,18 1,91 11,76 7,22 13,88 3,96 7,31 0,20 11,44 6,24 
DOMŽALE 42,25 1,43 2,32 2,42 0,36 0,56 1,16 0,87 18,12 1,77 4,12 2,09 1,42 7,27 6,15 
OPLOTNICA 11,94 53,87 0,00 2,96 6,61 0,65 3,83 0,00 0,21 0,36 1,41 1,54 0,64 0,86 6,06 
ZAVRČ 53,77 0,00 1,74 0,00 3,22 3,22 2,82 0,98 7,12 0,00 0,51 0,00 1,60 9,65 6,05 
BELTINCI 6,77 27,04 0,63 0,05 0,00 2,68 1,33 0,58 3,72 3,66 3,19 6,24 7,77 20,32 6,00 
LAŠKO 0,11 3,63 0,00 10,32 0,02 19,27 1,05 2,07 2,18 1,82 6,90 35,05 0,75 0,37 5,97 
ČRENŠOVCI 0,07 0,40 0,83 1,60 0,08 0,05 0,14 16,55 0,22 6,53 22,59 18,79 11,57 2,75 5,87 
ŽELEZNIKI 23,30 6,82 2,23 5,26 1,07 1,00 1,39 15,34 0,41 8,33 2,55 7,64 2,08 3,83 5,80 
VRANSKO 10,64 0,00 0,00 5,96 0,39 32,70 20,25 1,10 4,04 2,97 2,41 0,16 0,00 0,28 5,78 
RIBNICA NA 
POHORJU 14,02 0,00 0,00 2,12 20,29 4,48 0,00 0,00 0,00 0,00 1,44 0,00 24,55 11,54 5,60 
LOŠKI POTOK 3,22 21,08 1,11 0,55 1,55 1,20 0,47 5,47 19,13 6,11 4,12 10,51 3,08 0,42 5,57 

MAJŠPERK 2,49 14,98 0,70 0,73 0,59 3,96 12,13 5,32 0,00 0,08 1,28 1,27 33,67 0,64 5,56 
RADEČE 29,86 35,32 0,92 0,00 0,00 0,35 0,07 1,60 0,00 0,73 6,28 0,00 0,49 0,00 5,40 
ŠMARTNO PRI 
LITIJI 0,39 21,52 2,87 1,32 1,12 2,13 5,13 18,72 1,00 0,42 12,71 0,11 1,41 5,80 5,33 
MUTA 3,94 7,51 0,00 1,10 0,00 2,93 0,24 2,42 5,86 31,54 0,85 15,23 2,29 0,00 5,28 
VIPAVA 0,00 0,00 0,00 0,00 0,00 0,56 1,24 17,08 0,00 1,11 0,69 1,09 2,28 48,39 5,17 
ŠENTILJ 1,79 12,42 1,55 2,48 10,22 0,41 13,89 0,21 0,90 0,44 5,39 0,67 11,23 9,58 5,08 
ČRNA NA 
KOROŠKEM 16,85 7,56 1,84 1,67 4,71 5,82 9,68 1,82 2,21 0,65 0,35 1,02 13,58 1,67 4,96 
KUZMA 0,00 0,00 4,13 0,00 5,28 0,47 0,78 10,01 5,01 5,18 4,36 0,00 0,00 34,24 4,96 
JEZERSKO 0,00 42,49 0,00 0,00 0,00 0,00 4,55 4,96 10,07 0,00 0,46 0,00 0,00 6,21 4,91 
DOBROVA-
POLHOV 
GRADEC 1,86 18,34 1,66 0,00 0,00 6,86 0,06 4,66 0,70 12,34 0,73 12,80 3,32 3,31 4,76 
MEDVODE 23,21 0,87 0,14 0,38 0,14 1,51 2,04 0,24 6,34 1,39 1,04 2,41 11,38 15,09 4,73 
ZAGORJE OB 
SAVI 0,56 3,16 1,71 4,95 12,64 4,69 1,76 1,21 4,42 1,43 6,18 3,24 3,89 16,32 4,73 
MIKLAVŽ NA 
DRAVSKEM 
POLJU 0,75 3,03 0,00 0,00 13,09 12,99 4,27 1,07 1,26 1,55 3,21 4,31 3,54 15,22 4,59 
CIRKULANE 0,00 0,00 0,00 14,41 4,96 0,44 0,11 0,26 0,00 1,20 5,56 0,14 36,32 0,00 4,53 
PREDDVOR 0,00 0,00 0,83 1,54 1,95 13,11 8,73 4,40 0,85 0,31 1,68 25,82 2,21 0,00 4,39 
HODOŠ 0,00 0,00 0,00 0,00 0,00 0,00 0,00 0,00 32,79 0,00 26,23 0,00 0,00 0,00 4,22 
LOVRENC NA 
POHORJU 4,62 8,70 6,20 11,75 40,12 -16,92 -7,14 2,46 1,08 2,17 1,29 2,45 1,60 0,34 4,19 
KOZJE 3,86 0,00 3,78 0,05 22,24 0,00 0,00 0,48 0,49 7,18 2,00 3,12 14,66 0,61 4,18 
GORNJI GRAD 5,62 6,22 2,51 8,99 0,15 1,79 0,68 16,22 3,20 0,00 1,25 11,17 0,00 0,00 4,13 
ŠENTRUPERT 0,00 0,00 3,07 1,09 0,19 0,00 17,23 1,88 0,00 3,97 14,10 14,82 0,00 0,00 4,02 
TRNOVSKA VAS 0,00 49,22 0,00 0,00 0,00 0,00 0,22 0,00 0,00 0,60 2,33 0,00 0,28 0,00 3,76 
IVANČNA 
GORICA 4,55 2,81 3,21 9,20 10,76 0,04 1,86 0,03 1,73 7,11 1,78 7,40 1,36 0,36 3,73 
HRASTNIK 1,52 4,51 9,75 8,46 4,15 6,28 2,50 3,45 2,09 0,50 1,02 5,36 0,17 0,67 3,60 
ČRNOMELJ 0,59 9,07 0,37 2,55 0,57 1,19 1,20 1,15 2,17 5,78 2,48 13,55 2,95 6,15 3,56 
VUZENICA 3,41 2,10 7,62 0,00 0,10 1,82 0,00 0,00 0,87 0,00 11,80 18,05 0,65 2,71 3,51 
MIREN-
KOSTANJEVICA 3,09 1,94 3,65 4,28 2,67 1,23 5,62 6,04 5,89 7,24 5,50 0,12 0,52 0,07 3,42 
POLJČANE 0,00 0,19 0,44 32,19 0,49 1,93 2,29 5,58 1,04 2,56 0,10 0,75 0,00 0,05 3,40 
MORAVČE 18,54 1,28 11,76 4,35 0,00 0,39 0,00 0,00 0,89 1,72 0,80 1,95 3,37 0,00 3,22 
DOBROVNIK 0,00 0,00 0,00 0,00 0,00 0,00 0,00 0,00 0,00 1,39 19,36 1,43 1,29 20,69 3,15 

BRDA 0,00 0,00 0,55 0,29 5,10 0,52 0,16 4,86 15,02 9,02 0,00 3,87 0,00 3,04 3,03 
TIŠINA 6,40 5,72 1,58 0,00 12,83 0,08 0,83 2,02 2,72 0,00 0,21 0,00 0,00 9,61 3,00 
RENČE-
VOGRSKO 0,00 0,46 0,00 0,00 0,72 4,98 0,00 4,22 0,00 0,00 2,80 27,51 0,90 0,00 2,97 
PODČETRTEK 0,00 0,46 0,00 1,15 17,77 3,46 0,43 3,97 0,43 1,06 0,09 0,00 3,74 8,05 2,90 
GRAD 0,00 0,00 25,71 0,00 9,01 5,52 0,00 0,00 0,00 0,00 0,00 0,00 0,00 0,00 2,87 
REČICA OB 
SAVINJI 0,00 0,00 0,00 2,83 21,27 0,45 8,98 2,83 1,21 0,00 1,72 0,00 0,00 0,00 2,81 
SV. ANDRAŽ V 
SLOVENSKIH 
GORICAH 0,00 0,00 0,00 0,00 0,00 1,67 2,04 3,32 7,42 0,83 0,00 0,00 1,94 20,08 2,66 
MENGEŠ 7,70 1,91 3,40 0,44 1,41 0,31 0,36 1,69 2,28 0,49 13,04 0,69 0,66 2,63 2,64 
ŠTORE 0,00 0,00 0,00 27,13 0,00 0,97 2,51 0,71 0,00 0,04 0,00 0,00 1,70 2,06 2,51 
STARŠE 0,00 20,60 2,54 4,41 1,41 1,81 1,97 0,69 0,10 1,24 0,00 0,16 0,00 0,10 2,50 
SVETI JURIJ 0,00 0,00 0,00 8,85 4,71 7,22 0,00 0,00 0,00 5,32 2,11 6,53 0,00 0,00 2,48 
SREDIŠČE OB 
DRAVI 0,00 0,00 0,00 7,77 0,00 1,94 2,17 0,00 0,00 2,44 16,52 2,70 0,00 0,36 2,42 
ŠENTJERNEJ 17,48 0,00 1,59 0,39 0,20 1,82 2,78 0,00 0,88 0,16 1,58 0,40 0,50 3,10 2,21 
MISLINJA 0,00 0,00 0,00 0,00 0,71 0,00 0,08 0,00 0,28 0,60 17,31 0,00 5,04 6,02 2,15 
OSILNICA 0,00 26,84 2,96 0,00 0,00 0,00 0,00 0,00 0,00 0,00 0,00 0,00 0,00 0,00 2,13 
ROGAŠOVCI 0,00 0,82 2,86 4,70 4,53 0,00 0,00 0,02 2,57 2,62 4,16 2,43 4,73 0,09 2,11 
MAKOLE 0,00 0,00 0,00 6,96 0,00 0,00 1,39 0,00 0,13 1,71 16,13 0,53 0,00 0,00 1,92 
GORNJI 
PETROVCI 10,93 0,98 0,11 0,00 0,60 0,12 9,18 0,59 3,70 0,21 0,12 0,00 0,00 0,01 1,90 
CERKNO 3,42 0,33 1,53 3,99 1,02 1,91 4,07 0,82 0,40 0,61 1,22 3,24 0,39 2,24 1,80 
KANAL 0,43 1,45 1,48 3,61 0,00 0,37 2,10 0,98 2,68 0,99 4,42 3,94 1,25 0,70 1,74 
DORNAVA 0,00 0,00 5,60 0,81 0,00 7,86 2,75 0,00 0,23 2,86 0,86 1,58 0,18 0,00 1,62 
LUKOVICA 0,74 0,62 4,48 3,19 0,61 0,82 0,39 0,96 0,09 1,39 1,35 1,85 1,58 0,00 1,29 
LUČE 0,00 0,00 0,00 0,00 0,00 2,22 0,00 4,54 8,55 0,35 1,53 0,00 0,00 0,00 1,23 
DOBREPOLJE 0,00 0,51 0,00 0,00 4,04 0,00 6,62 0,00 0,00 4,36 0,39 0,69 0,00 0,00 1,19 
BISTRICA OB 
SOTLI 0,00 15,56 0,00 0,00 0,00 0,00 0,00 0,00 0,00 0,00 0,82 0,00 0,00 0,00 1,17 
CANKOVA 0,00 0,57 5,20 1,56 0,00 0,00 0,10 0,00 0,75 1,23 0,39 0,00 0,00 5,77 1,11 
HORJUL 1,41 0,00 0,26 3,73 0,00 0,00 5,81 1,99 0,00 1,16 0,00 0,00 0,00 0,00 1,03 
SVETI TOMAŽ 0,00 0,00 0,00 0,13 0,00 0,00 7,04 3,69 0,00 2,73 0,00 0,00 0,00 0,10 0,98 
GORJE 0,00 0,00 0,00 0,00 1,45 1,51 0,38 1,67 0,00 0,00 1,58 2,11 1,06 3,17 0,92 
SV. TROJICA V 
SLOVENSKIH 
GORICAH 0,00 0,00 8,05 0,74 0,00 0,26 0,76 0,00 0,00 0,93 0,05 0,00 0,22 0,00 0,79 

SELNICA OB 
DRAVI 9,23 0,00 0,00 0,00 0,00 0,00 0,30 0,75 0,00 0,00 0,00 0,00 0,00 0,00 0,73 
DOBJE 0,00 0,00 0,00 0,00 0,27 0,12 0,00 1,56 0,00 1,00 5,62 0,00 0,39 0,56 0,68 
ŠALOVCI 0,00 0,00 0,19 0,00 0,00 0,00 0,00 0,00 0,00 0,00 0,00 0,03 6,72 1,62 0,61 
DESTRNIK 0,00 0,00 0,00 0,00 0,00 0,00 0,04 0,00 0,47 0,97 5,18 0,20 0,00 0,00 0,49 
HAJDINA 0,00 0,00 0,00 1,61 0,00 0,00 0,00 0,00 0,00 0,00 1,79 0,00 0,80 0,68 0,35 
ŽETALE 0,57 0,00 0,00 0,00 0,00 0,00 0,00 0,00 0,00 1,67 0,78 0,00 0,00 0,75 0,27 
JURŠINCI 0,00 0,00 0,00 2,00 0,00 0,00 0,00 0,04 0,00 0,00 0,00 0,00 0,00 0,00 0,15 
RAZKRIŽJE -0,12 0,00 0,58 0,67 0,00 0,00 0,00 0,00 0,00 0,00 0,00 0,00 0,00 0,01 0,08 
TURNIŠČE 0,00 0,00 0,00 0,00 0,00 0,00 0,00 0,00 0,00 0,00 0,00 0,00 0,00 0,00 0,00