review_id,example_id,task,priority_score,priority_bucket,domain,doc_type,title,source_doc_id,source_section_ids_json,split,instruction,input_context,draft_output,output_schema_json,label_origin,quality_tier,reviewer_status,review_status,reviewed_output,reviewer,review_notes
review-extract-adm-www-gov-si-1b8cd4d940-sec-002-chunk-01,review-extract-adm-www-gov-si-1b8cd4d940-sec-002-chunk-01,information_extraction,161,priority_batch,administrative-procedure,procedure page,Upravni postopek,adm-www-gov-si-1b8cd4d940,"[""adm-www-gov-si-1b8cd4d940-sec-002-chunk-01""]",train,Iz odlomka izlušči ključna postopkovna polja v JSON.,"Zakonodaja
Upravni postopek zagotavlja varstvo človekovega dostojanstva v razmerju do oblastnih organov, kadar ti odločajo o upravnih zadevah. Načela in pravila upravnega postopka so zasnovana tako, da omogočajo:
učinkovito opravljanje javnih nalog,
zaščito javnega interesa in
zaščito pravnega položaja vseh, ki bi bili lahko prizadeti.
Z določitvijo splošnih pravil in temeljnih načel upravnega postopka so postavljene meje dopustnega oblastnega delovanja in posegov oblastnih organov oziroma nujne procesne obveznosti organov do strank. Tako so temelj pravnosti in demokratičnosti delovanja oblasti v upravnem pravu, saj jamčijo, da je vsakdo obravnavan kot subjekt, ne le kot objekt odločanja. Zagotavljajo poštenost postopka, nepristranskost in pravočasnost upravnega odločanja kot gradnikov tako imenovane dobre uprave ( angl. good administration ). Z uresničevanjem pravice biti slišan omogočajo aktivno sodelovanje in obrambo pravnega položaja, kar se povezuje s pravico do zastopanja, obrazložene odločitve, pritožbe in možnosti vpogleda v dokumentacijo.
Temeljna načela in splošna pravila upravnega postopka so določena z Zakonom o splošnem upravnem postopku ( splošni upravni postopek ). Z njimi se zagotavlja enakost procesnega varstva in obravnave v različnih upravnih zadevah. Treba pa je upoštevati, da so pravila upravnega postopka lahko drugače določena z drugimi, področnimi zakoni. V tem primeru govorimo o posebnem upravnem postopku . Tako vzpostavljena pravila, drugače kot splošna, veljajo le pri odločanju v tistih zadevah, na katere se nanašajo (na primer samo v gradbenih ali inšpekcijskih zadevah). Tudi ta pravila morajo slediti temeljnim načelom upravnega postopka in upoštevati, da je odstopanje od splošnih pravil dopustno le izjemoma in v obsegu, ki je nujen, da se tako upoštevajo procesne posebnosti nekega področja. Med Zakonom o splošnem upravnem postopku in področnimi zakoni je vzpostavljeno razmerje subsidiarnosti oziroma podrejenosti pravil splošnega upravnega postopka, kar pomeni, da se splošna pravila podrejajo pravilom posebnega upravnega postopka, kadar ta isto procesno razmerje urejajo drugače kot splošna pravila.
Pristojnosti Ministrstva za javno upravo in drugih ministrstev
Ministrstvo za javno upravo je pristojno za sistemsko urejanje pravil splošnega upravnega postopka, ki so določena v Zakonu o splošnem upravnem postopku, druga ministrstva pa so pristojna za urejanje posebnih pravil upravnega postopka, ki se nanašajo na njihovo delovno področje.","{
  ""authority"": ""Ministrstvo za javno upravo je pristojno za sistemsko urejanje pravil splošnega upravnega postopka, ki so določena v Zakonu o splošnem upravnem postopku, druga ministrstva pa so pristojna za urejanje posebnih pravil upravnega postopka, ki se nanašajo na njihovo delovno področje."",
  ""deadline"": """",
  ""required_documents"": [],
  ""contact_info"": []
}","{""type"": ""object""}",regex_draft,review_required,needs_human_review,edited,"{
  ""authority"": ""Ministrstvo za javno upravo"",
  ""deadline"": """",
  ""required_documents"": [],
  ""contact_info"": []
}",Codex-worker-review,Conservative JSON review; unsupported fields left blank.
review-extract-adm-www-gov-si-1b8cd4d940-sec-002-chunk-02,review-extract-adm-www-gov-si-1b8cd4d940-sec-002-chunk-02,information_extraction,161,priority_batch,administrative-procedure,procedure page,Upravni postopek,adm-www-gov-si-1b8cd4d940,"[""adm-www-gov-si-1b8cd4d940-sec-002-chunk-02""]",train,Iz odlomka izlušči ključna postopkovna polja v JSON.,"Največ upravnih postopkov vodijo upravni organi (upravne enote, ministrstva in organi v sestavi ministrstev), občine in nosilci javnih pooblastil, ki so sistemsko pristojni za odločanje o upravnih zadevah. Izjemoma, kadar tako določajo področni zakoni, v upravnem postopku odločajo tudi drugi državni organi.
Praviloma so upravni postopki dvostopenjski, kar pomeni, da je zoper odločitev na prvi stopnji dovoljena pritožba na drugostopenjski organ. Če ni drugače določeno, je drugostopenjski organ v upravnih zadevah iz državne pristojnosti ministrstvo, v upravnih zadevah iz izvirne pristojnosti občin pa župan.
Za poenotenje upravne prakse, zagotovitev večje pravne varnosti, razvoj upravno-procesnega prava, krepitev znanja uradnih oseb in dvig ravni strokovnosti pri upravnem odločanju sta Ministrstvo za javno upravo in Fakulteta za upravo Univerze v Ljubljani vzpostavili spletno stran Upravna svetovalnica , na kateri je objavljeno več kot 1.500 odgovorov na izpostavljene upravno-procesne dileme. Več o skupnem projektu in njegovem delovanju lahko preberete na spletni strani Upravne svetovalnice.
Organi, ki odločajo o upravnih zadevah, morajo voditi evidenco o številu vloženih zahtev, številu upravnih postopkov, začetih po uradni dolžnosti, o načinu in rokih reševanja na prvi in drugi stopnji, o številu odpravljenih in razveljavljenih upravnih aktov, o številu zavrženih zahtev ter številu ustavitev postopka. Podatke za vsako koledarsko leto pošljejo Ministrstvu za javno upravo, ki pripravi zaključno poročilo o reševanju upravnih zadev.
Pošiljanje podatkov in priprava poročil se od leta 2018 izvaja elektronsko, zato so poročila dostopna v spletni aplikaciji Upravna statistika (uporabnikom znotraj komunikacijskega omrežje državnih organov HKOM pa tudi na tej povezavi ).
Za leto 2021 in 2022 je objavljeno začasno zaključno poročilo o reševanju upravnih zadev.
Zaključna poročila
Poročila
Zaključno poročilo o delu pri odločanju v upravnih zadevah za leto 2017
(docx, 1.1 MB)
Zaključno poročilo o delu pri odločanju v upravnih zadevah za leto 2016
(docx, 1.2 MB)
Ovojnica za osebno vročanje
Dokumentacije
Besedilo ovojnice za osebno vročanje v italijanskem in madžarskem jeziku
(docx, 25 KB)
Stališča in mnenja
Mnenja, pojasnila in odgovori
Stališče o poslovanju organov, če elektronsko izdanega dokumenta ni mogoče vročiti po elektronski poti
(docx, 32 KB)
Zakon o splošnem upravnem postopku (ZUP)
Pravilnik o stroških v upravnem postopku
Uredba o izobrazbi in strokovnem izpitu za vodenje in odločanje v upravnem postopku","{
  ""authority"": ""Praviloma so upravni postopki dvostopenjski, kar pomeni, da je zoper odločitev na prvi stopnji dovoljena pritožba na drugostopenjski organ. Če ni drugače določeno, je drugostopenjski organ v upravnih zadevah iz državne pristojnosti ministrstvo, v upravnih zadevah iz izvirne pristojnosti občin pa župan."",
  ""deadline"": """",
  ""required_documents"": [],
  ""contact_info"": []
}","{""type"": ""object""}",regex_draft,review_required,needs_human_review,edited,"{
  ""authority"": ""Ministrstvo za javno upravo"",
  ""deadline"": """",
  ""required_documents"": [],
  ""contact_info"": []
}",Codex-worker-review,Conservative JSON review; unsupported fields left blank.
review-extract-adm-www-gov-si-b1a81c642a-sec-001-chunk-01,review-extract-adm-www-gov-si-b1a81c642a-sec-001-chunk-01,information_extraction,159,priority_batch,health-procedures,procedure page,"Prijava na preizkus iz zdravstvenih vsebin za zdravilce, ki nimajo zdravstvene izobrazbe",adm-www-gov-si-b1a81c642a,"[""adm-www-gov-si-b1a81c642a-sec-001-chunk-01""]",val,Iz odlomka izlušči ključna postopkovna polja v JSON.,"Prijava na preizkus iz zdravstvenih vsebin za zdravilce, ki nimajo zdravstvene izobrazbe
Prijava na preizkus
Stroški preizkusa
Opravljanja preizkusa iz zdravstvenih vsebin
Program preizkusa iz zdravstvenih vsebin za zdravilce, ki nimajo zdravstvene izobrazbe
Zakonodaja
V skladu s 36. členom Zakona o zdravilstvu mora zdravilec, ki želi pridobiti prvo licenco za opravljanje zdravilske dejavnosti, imeti :
najmanj srednjo izobrazbo zdravstvene smeri
ali najmanj srednjo strokovno izobrazbo in opravljen preizkus iz zdravstvenih vsebin.
Termin preizkusa iz zdravstvenih vsebin
Sreda, 19. november 2025, ob 16.00 uri, Ministrstvo za zdravje, Tivolska 50, 1000 Ljubljana (sejna soba v 15. nadstropju).
Zdravilec pravilno izpolnjeno Prijavnico za opravljanje preizkusa vloži na Ministrstvo za zdravje (Štefanova 5, 1000 Ljubljana) oziroma jo pošlje na elektronski naslov gp.mz@gov.si .
Prijava vsebuje: izjavo zdravilca o izpolnjevanju pogoja glede zahtevane izobrazbe, iz katere morajo biti razvidni stopnja in smer izobrazbe, izobraževalno institucijo, na kateri je bila izobrazba pridobljena, in leto pridobitve izobrazbe. Prijava vsebuje tudi navedbo, kateri zdravilski sistem ali zdravilsko metodo izvaja zdravilec.
Prijavi je treba priložiti:
dokazilo o doseženi ravni in vrsti izobrazbe (diploma, zaključno spričevalo).
Vsi prijavljeni kandidati na preizkus iz zdravstvenih vsebin vabilo prejmejo po e-mailu najmanj 15 dni pred dnevom preizkusa.
Zdravilec lahko pristopi k opravljanju preizkusa po preverbi istovetnosti in predložitvi dokazila o plačilu stroškov preizkusa.
Stroški preizkusa iz zdravstvenih vsebin za zdravilce, ki nimajo zdravstvene izobrazbe, znašajo 320 eurov.
Zdravilec plača stroške preizkusa na podračun države št. 01100-1000621284, sklic št. 11 27111-7141009-007893 23, z oznako ""za preizkus iz zdravstvenih vsebin pri Ministrstvu za zdravje Republike Slovenije"".
Pri sklicni številki se zadnji dve številki določita glede na leto plačila.
Preizkus izvaja Ministrstvo za zdravje. Izvede se, če je nanj prijavljenih najmanj osem (8) kandidatov.
Zdravilec opravlja preizkus pred tričlansko komisijo, ki jo imenuje minister, pristojen za zdravje.
Preizkus je sestavljen iz pisnega in ustnega dela . Zdravilec, ki je opravil pisni del preizkusa z najmanj 60-odstotno uspešnostjo iz posamezne zdravstvene vsebine, ima pravico pristopiti k opravljanju ustnega izpita. Uspeh ustnega dela preizkusa oceni komisija na podlagi odgovorov na vprašanja iz posameznih delov preizkusa z »opravil-a« ali »ni opravil-a«.","{
  ""authority"": ""Sreda, 19. november 2025, ob 16.00 uri, Ministrstvo za zdravje, Tivolska 50, 1000 Ljubljana (sejna soba v 15. nadstropju)."",
  ""deadline"": ""Vsi prijavljeni kandidati na preizkus iz zdravstvenih vsebin vabilo prejmejo po e-mailu najmanj 15 dni pred dnevom preizkusa."",
  ""required_documents"": [],
  ""contact_info"": [
    ""gp.mz@gov.si"",
    ""1000621284"",
    ""007893 23""
  ]
}","{""type"": ""object""}",regex_draft,review_required,needs_human_review,edited,"{
  ""authority"": ""Direktorat za javno naročanje"",
  ""deadline"": ""najmanj 15 dni pred dnevom preizkusa"",
  ""required_documents"": [
    ""Prijavi je treba priložiti:"",
    ""dokazilo o doseženi ravni in vrsti izobrazbe (diploma, zaključno spričevalo)"",
    ""Zdravilec lahko pristopi k opravljanju preizkusa po preverbi istovetnosti in predložitvi dokazila o plačilu stroškov preizkusa""
  ],
  ""contact_info"": [
    ""gp.mz@gov.si"",
    ""1000621284"",
    ""11 27111"",
    ""7141009"",
    ""007893 23""
  ]
}",Codex-worker-review,Conservative JSON review; unsupported fields left blank.
review-extract-adm-www-gov-si-35d96e2e99-sec-002-chunk-01,review-extract-adm-www-gov-si-35d96e2e99-sec-002-chunk-01,information_extraction,157,priority_batch,health-procedures,procedure page,Prijava na strokovne izpite za zdravstvene delavce in sodelavce,adm-www-gov-si-35d96e2e99,"[""adm-www-gov-si-35d96e2e99-sec-002-chunk-01""]",train,Iz odlomka izlušči ključna postopkovna polja v JSON.,"ZA ZDRAVSTVENE DELAVCE IN ZDRAVSTVENE SODELAVCE
Izpiti potekajo od 19. januarja dalje
Izpiti potekajo od 16. februarja dalje
Izpiti potekajo od 23. marca dalje
Izpiti potekajo od 20. aprila dalje
Izpiti potekajo od 18. maja dalje
Izpiti potekajo od 22. junija dalje
Izpiti potekajo od 20. julija dalje
Izpiti potekajo od 21. septembra dalje
Izpiti potekajo od 19. oktobra dalje
Izpiti potekajo od 16. novembra dalje
Izpiti potekajo enkrat na mesec, razen v avgustu in decembru.
Splošne informacije
V času uradnih ur smo dosegljivi tudi na telefonu 01 478 69 00.
Uradne ure:
ponedeljek, sreda in petek: od 9. do 12. ure
Pripravnik vloži prijavo za opravljanje strokovnega izpita pri delodajalcu, pri katerem je v delovnem razmerju. Delodajalec pošlje popolno prijavo za delavca s srednjo strokovno izobrazbo pooblaščenemu zdravstvenemu zavodu, za delavca z višjo strokovno ali univerzitetno strokovno izobrazbo pa ministrstvu za zdravje.
Prijavo na izpit je treba oddati do 20. v mesecu za izpit v naslednjem mesecu.
Prijava na prvo opravljanje izpita
Izpolnjeni prijavnici je treba priložiti:
dokazilo o doseženi ravni in vrsti izobrazbe (diploma, zaključno spričevalo),
list pripravnika,
dokazilo o plačilu stroškov strokovnega izpita.
Osebe, ki so izobrazbo pridobile v tujini, morajo predložiti še:
odločbo o pristopu k strokovnemu izpitu,
dokazilo o znanju slovenskega jezika.
Prijava na strokovni izpit za poklic zdravnik/doktor dentalne medicine
Zdravniki/doktorji dentalne medicine , ki opravljajo strokovni izpit na podlagi odločbe o priznanju poklicne kvalifikacije ( ZPPKZD ) morajo k izpolnjeni prijavnici predložiti:
dokazilo o doseženi ravni in vrsti izobrazbe (diploma)
e-list pripravnika,
dokazilo o plačilu stroškov strokovnega izpita,
dokazilo o znanju slovenskega jezika ( C1 oziroma pisanje na ravni B2 Skupnega evropskega jezikovnega okvira).
Prijava pri ponovnem opravljanju izpita (posamezne vsebine)
Izpolnjeni prijavnici je potrebno priložiti še:
Če prijavi niso priložena vsa potrebna dokazila, se kandidata pozove k dopolnitvi prijave v primernem roku, ki ne sme biti krajši od sedem dni. Če kandidat prijave ne dopolni v zahtevanem roku, se šteje, da vloga ni popolna in se mu pristop na strokovni izpit ne omogoči.
Vsi prijavljeni kandidati na strokovni izpit vabilo prejmejo po e-mailu, in sicer 7 dni pred izpitnim rokom.
Znanje slovenskega jezika
Znanje slovenskega jezika se dokazuje:
z dokazilom o zaključeni najmanj srednji šoli v slovenskem jeziku v Republiki Sloveniji,","{
  ""authority"": """",
  ""deadline"": ""Vsi prijavljeni kandidati na strokovni izpit vabilo prejmejo po e-mailu, in sicer 7 dni pred izpitnim rokom."",
  ""required_documents"": [],
  ""contact_info"": [
    ""01 478 69 00""
  ]
}","{""type"": ""object""}",regex_draft,review_required,needs_human_review,edited,"{
  ""authority"": ""Ministrstvo za zdravje"",
  ""deadline"": ""7 dni pred izpitnim rokom"",
  ""required_documents"": [
    ""Izpolnjeni prijavnici je treba priložiti:"",
    ""dokazilo o doseženi ravni in vrsti izobrazbe (diploma, zaključno spričevalo)"",
    ""dokazilo o plačilu stroškov strokovnega izpita"",
    ""dokazilo o znanju slovenskega jezika"",
    ""dokazilo o doseženi ravni in vrsti izobrazbe (diploma)""
  ],
  ""contact_info"": [
    ""01 478 69 00""
  ]
}",Codex-worker-review,Conservative JSON review; unsupported fields left blank.
review-extract-adm-www-gov-si-35d96e2e99-sec-002-chunk-02,review-extract-adm-www-gov-si-35d96e2e99-sec-002-chunk-02,information_extraction,157,priority_batch,health-procedures,procedure page,Prijava na strokovne izpite za zdravstvene delavce in sodelavce,adm-www-gov-si-35d96e2e99,"[""adm-www-gov-si-35d96e2e99-sec-002-chunk-02""]",train,Iz odlomka izlušči ključna postopkovna polja v JSON.,"z dokazilom o zaključeni najmanj srednji šoli v slovenskem jeziku v Republiki Sloveniji,
s potrdilom o uspešno opravljenem preizkusu znanja slovenskega strokovnega jezika za zdravstvene delavce oziroma zdravstvene sodelavce ali
z dokazilom javne visokošolske izobraževalne ustanove v Republiki Sloveniji ali tujini, ki poučuje in izvaja izpit iz slovenskega jezika kot drugi oziroma tuj jezik, o uspešno opravljenem preizkusu znanja slovenskega jezika ( npr. Center za Slovenščino kot drugi ali tuji jezik pri Filozofski fakulteti, Univerza v Ljubljani ).
Raven znanja slovenskega jezika:
zdravnik/zdravnica, doktor dentalne medicine/doktorica dentalne medicine: C1 oziroma pisanje na ravni B2 Skupnega evropskega jezikovnega okvira,
magister farmacije/magistra farmacije, diplomiran zdravstvenih/diplomirana medicinska sestra, diplomirani babičar/diplomirana babica, ki opravlja svoje delo v neposrednem stiku z bolnikom: C1 oziroma pisanje na ravni B2 Skupnega evropskega jezikovnega okvira (do 31. 12. 2025 se zahteva znanje slovenskega jezika na ravni B2 Skupnega evropskega jezikovnega okvira),
za ostale zdravstvene poklice: najmanj B2 Skupnega evropskega jezikovnega okvira.
Tehnik zdravstvene nege/tehnica zdravstvene nege in bolničar negovalec/bolničarka negovalka lahko pristopijo na strokovni izpit z znanjem slovenskega jezika na ravni B1 Skupnega evropskega jezikovnega okvira (raven B1 mora biti dosežena pri vseh posameznih delih izpita). Ta ukrep izhaja iz 26. člena Zakona o dodatnih interventnih ukrepih na področju zdravstva . Ukrep velja do 31. 12. 2027 .
Str oški strokovnega izpita
Strošek celotnega strokovnega izpita za zdravstvene delavce in zdravstvene sodelavce znaša 200 EUR. Strošek za posamezno vsebino strokovnega izpita znaša 50 EUR.
Stroški strokovnega izpita za zdravnike in doktorje dentalne medicine, ki imajo sklep o dopolnilnih pogojih na podlagi ZPPKZD so naslednji:
strošek celotnega strokovnega izpita za poklic zdravnik znaša 300 EUR na kandidata. Strošek vsebine urgentne medicine znaša 200 EUR, vsaka nadaljnja posamezna vsebina pa 50 EUR.
strošek celotnega strokovnega izpita za poklic doktor dentalne medicine znaša 250 EUR na kandidata. Strošek vsebine nujna medicinska stanja v stomatologiji 75 EUR, strošek vsebine integralna zobozdravniška obravnava otroka in odraslega z urgentnimi stanji v dentalni medicini 75 EUR, vsaka nadaljnja posamezna vsebina pa 50 EUR.
Stroške strokovnega izpita krije:
za primer prve prijave: delodajalec kandidata, kadar kandidat pri njem opravlja pripravništvo,","{
  ""authority"": """",
  ""deadline"": """",
  ""required_documents"": [],
  ""contact_info"": []
}","{""type"": ""object""}",regex_draft,review_required,needs_human_review,edited,"{
  ""authority"": ""Ministrstvo za zdravje"",
  ""deadline"": """",
  ""required_documents"": [
    ""z dokazilom o zaključeni najmanj srednji šoli v slovenskem jeziku v Republiki Sloveniji""
  ],
  ""contact_info"": []
}",Codex-worker-review,Conservative JSON review; unsupported fields left blank.
review-extract-adm-ustanovitev-s-p-dbf0824dfc-sec-002-chunk-01,review-extract-adm-ustanovitev-s-p-dbf0824dfc-sec-002-chunk-01,information_extraction,155,priority_batch,business-procedures,procedure page,Postopek registracije s.p.,adm-ustanovitev-s-p-dbf0824dfc,"[""adm-ustanovitev-s-p-dbf0824dfc-sec-002-chunk-01""]",train,Iz odlomka izlušči ključna postopkovna polja v JSON.,"Postopek registracije izvedejo na točki SPOT. Ob registraciji potrebujete:
veljavni osebni dokument
davčno številko
če niste lastnik objekta na poslovnem naslovu ali na poslovnem naslovu podružnice, ki ga želite registrirati, morate prijavi za vpis priložiti overjeno izjavo lastnika objekta ( vzorec - Izjava lastnika objekta ), ki vam dovoljuje poslovanje na tem naslovu. Izjavo lahko overite na kateri koli Upravni enoti (potrebno plačilo takse) in pri notarju (potrebno plačilo overitve skladno z notarsko tarifo). Izjave ni potrebno overiti, če lastnik objekta poda izjavo na točki SPOT in jo odda skupaj s Prijavo za vpis v PRS, ali če podjetnik pridobi dovoljenje za opravljanje dejavnosti od Republike Slovenije, samoupravne lokalne skupnosti ali pristojnega državnega ali občinskega sklada, pristojnega za stanovanjske zadeve, na podlagi zakona, ki ureja stanovanjske stavbe. Na poslovnem naslovu mora podjetnik ali podjetje sprejemati uradne poštne pošiljke,
za vpis zastopnika njegovo soglasje o imenovanju.
Vzorec - Izjava lastnika objekta v primeru ustanovitve s.p.
Vzorec
Vzorec - Izjava lastnika objekta SP SPOT
Prijavo za vpis s.p. v Poslovni register Slovenije lahko poda tudi pooblaščenec , na podlagi overjenega pooblastila.
Pooblastilo za izvedbo postopka vpisa v Poslovni register Slovenije
Pooblastilo vpisa v PRS
(doc)
Podjetnik lahko imenuje, predhodno pa pridobi soglasje:
prokurista (opravljanje vseh pravnih poslov, tudi v primeru smrti podjetnika) ali
zastopnika za primer smrti (opravljanje dejanj po smrti podjetnika)
Oblika zastopanja se vpiše v Poslovni register Slovenije.
Vzorec - Izjava prokurista/zastopnika za primer smrti
Vloga/obrazec
Vzorec - Izjava prokurista in zastopnika za primer smrti
(docx)
Na točki SPOT lahko hkrati izvedete tudi
oddajo davčnih podatkov s.p. na Finančno upravo RS (FURS). V roku 8 dni od vpisa v Poslovni register je namreč potrebno oddati prijavo v davčni register (FURS), s katero FURS obvestite o izbranem načinu vodenja poslovnih knjig. Poslovne knjige lahko vodite na dva načina:
z upoštevanjem dejanskih stroškov (enostavno ali dvostavno knjigovodstvo),
z upoštevanjem normiranih odhodkov.
prijavo podjetnika v obvezna socialna zavarovanja (obrazec M1). V kolikor je podjetnik zavarovan iz delovnega razmerja za poln delovni čas, se opravi prijava v zavarovanje za primer poškodbe pri delu in poklicne bolezni (obrazec M12).Vključitev v sistem obveznega zdravstvenega zavarovanja si morate sicer urediti najkasneje v roku 8 dni od vpisa v Poslovni register Slovenije.","{
  ""authority"": """",
  ""deadline"": ""oddajo davčnih podatkov s.p. na Finančno upravo RS (FURS). V roku 8 dni od vpisa v Poslovni register je namreč potrebno oddati prijavo v davčni register (FURS), s katero FURS obvestite o izbranem načinu vodenja poslovnih knjig. Poslovne knjige lahko vodite na dva načina:"",
  ""required_documents"": [],
  ""contact_info"": []
}","{""type"": ""object""}",regex_draft,review_required,needs_human_review,edited,"{
  ""authority"": ""Finančna uprava Republike Slovenije (FURS)"",
  ""deadline"": ""V roku 8 dni od vpisa v Poslovni register je namreč potrebno oddati prijavo v davčni register (FURS), s katero FURS obvestite o izbranem načinu vodenja poslovnih knjig"",
  ""required_documents"": [
    ""Postopek registracije izvedejo na točki SPOT. Ob registraciji potrebujete:"",
    ""Vzorec - Izjava lastnika objekta v primeru ustanovitve s.p"",
    ""Vzorec - Izjava lastnika objekta SP SPOT"",
    ""Vzorec - Izjava prokurista/zastopnika za primer smrti"",
    ""Vloga/obrazec""
  ],
  ""contact_info"": []
}",Codex-worker-review,Conservative JSON review; unsupported fields left blank.
review-extract-adm-ustanovitev-s-p-dbf0824dfc-sec-002-chunk-02,review-extract-adm-ustanovitev-s-p-dbf0824dfc-sec-002-chunk-02,information_extraction,155,priority_batch,business-procedures,procedure page,Postopek registracije s.p.,adm-ustanovitev-s-p-dbf0824dfc,"[""adm-ustanovitev-s-p-dbf0824dfc-sec-002-chunk-02""]",train,Iz odlomka izlušči ključna postopkovna polja v JSON.,"Priporočamo vam, da pred pričetkom poslovanja poskrbite tudi za varnost in zdravje pri delu .
Korak 2: Sklep o vpisu v poslovni register
Sklep o vpisu v poslovni register se objavi na spletnem portalu AJPES na način, da se prekrijejo osebni podatki.
Šteje se, da vam je vročitev opravljena na dan objave sklepa.
Sklep boste prejeli na način, ki ste ga predlagali v prijavi (po pošti, po elektronski pošti (v varni poštni predal) ali osebno na izpostavi AJPES), praviloma v dveh do treh dneh po predlaganem datumu vpisa, spremembe ali izbrisa v/iz Poslovnega registra Slovenije.
Predlog za vpis s.p. v Poslovni register Slovenije lahko oddate največ en mesec pred začetkom delovanja. Sami določite datum začetka (predlagan datum) na prijavi.
Korak 3: Odprtje poslovnega računa
Za poslovanje kot samostojni podjetnik lahko odprete račun vrste T (katerega imetnik je pravna oseba), lahko pa uporabite transakcijski račun, katerega imetnik je fizična oseba (račun vrste A), tako za zasebne kot poslovne namene. Kadar odprete račun z oznako vrste računa T, se ta račun vodi v poslovnem delu registra transakcijskih računov. Uporabo transakcijskega računa, katerega imetnik je fizična oseba, za opravljanje dejavnosti, morate v skladu s šestim odstavkom 192. člena Zakona o plačilnih storitvah, storitvah izdajanja elektronskega denarja in plačilnih sistemih (ZPlaSSIED) sporočiti svojemu ponudniku plačilnih storitev. Podatki o računu vrste A, ki ga boste uporabljali tudi za opravljanje dejavnosti, so skladno s prvim odstavkom 194. člena ZPlaSSIED javni in brezplačno dostopni na spletni strani AJPES.
Podjetnik mora v 8 dneh po vpisu v Poslovni register Slovenije sporočiti davčnemu uradu naslednje podatke:
število in lokacije poslovnih prostorov, ki se uporabljajo za opravljanje dejavnosti in pridobivanje prihodkov,
poslovne enote doma in v tujini,
kapitalske naložbe doma in v tujini,
številke računov v tujini,
povezane osebe,
osebo, ki vodi poslovne knjige,
način vodenja knjig in v zvezi s tem priglasitev ugotavljanja davčne osnove (npr. vodenje knjig po dejanskih stroških ali pa vodenje knjig z upoštevanjem normiranih odhodkov),
davčni obračun akontacije dohodnine od dohodka, doseženega z opravljanjem dejavnosti.
V obvezna socialna zavarovanja morate biti vključeni tudi samostojni podjetniki in družbeniki, ki ste poslovodne osebe, če niste zavarovani po drugi, prednostni podlagi za polni delovni čas.
Pri prijavi ni potrebno dostavljati dokazil o izobrazbi, čeprav se ti podatki za vodenje statistike pri izpolnjevanju obrazca M-1 potrebujejo.","{
  ""authority"": """",
  ""deadline"": ""Podjetnik mora v 8 dneh po vpisu v Poslovni register Slovenije sporočiti davčnemu uradu naslednje podatke:"",
  ""required_documents"": [],
  ""contact_info"": []
}","{""type"": ""object""}",regex_draft,review_required,needs_human_review,edited,"{
  ""authority"": ""Ministrstvo za zdravje"",
  ""deadline"": ""v 8 dneh po vpisu v Poslovni register Slovenije sporočiti davčnemu uradu naslednje podatke:"",
  ""required_documents"": [
    ""Pri prijavi ni potrebno dostavljati dokazil o izobrazbi, čeprav se ti podatki za vodenje statistike pri izpolnjevanju obrazca M-1 potrebujejo""
  ],
  ""contact_info"": []
}",Codex-worker-review,Conservative JSON review; unsupported fields left blank.
review-extract-adm-ustanovitev-s-p-dbf0824dfc-sec-002-chunk-03,review-extract-adm-ustanovitev-s-p-dbf0824dfc-sec-002-chunk-03,information_extraction,155,priority_batch,business-procedures,procedure page,Postopek registracije s.p.,adm-ustanovitev-s-p-dbf0824dfc,"[""adm-ustanovitev-s-p-dbf0824dfc-sec-002-chunk-03""]",train,Iz odlomka izlušči ključna postopkovna polja v JSON.,"Pri prijavi ni potrebno dostavljati dokazil o izobrazbi, čeprav se ti podatki za vodenje statistike pri izpolnjevanju obrazca M-1 potrebujejo.
Sklep o registraciji (torej o vpisu v Poslovni register Slovenije) boste prejeli po pošti praviloma v dveh do treh dneh po predlaganem datumu vpisa oziroma na način, ki ste ga označili na prijavi.
Po tem, ko ste opravili te tri korake, ste tudi uradno postali samostojni podjetnik.
Dodatne informacije
Pred pričetkom opravljanja dejavnosti morate pridobiti dovoljenje za opravljanje dejavnosti (če se to zahteva). Pogoji in dovoljenja za opravljanje dejavnosti, kakor tudi postopki pridobitve, so podrobno opisani na portalu SPOT.
V prijavi za vpis v poslovni register morate navesti dejavnosti, ki jih boste dejansko opravljali, vendar se izpolnjevanje pogojev v postopku vpisa v poslovni register ne preverja.
Za pomoč pri izbiri ustreznih dejavnosti iz Standardne klasifikacije dejavnosti (SKD 2025) se lahko obrnete na točk e SPOT Svetovanje .
Omejitve, ki veljajo za registracijo s.p.
V postopku oddaje prijave za vpis se preverjajo določene omejitve, in sicer s.p. ne more registrirati oseba, ki:
je bila v zadnjih 12. mesecih objavljena na seznamu davčnih neplačnikov ali nepredlagateljev davčnih obračunov ali na seznamu zavezancev, ki jim je po uradni dolžnosti prenehala identifikacija za namene DDV,
ima delež višji od 25 % v gospodarski družbi, ki je bila v zadnjih 12 mesecih objavljena na seznamu davčnih neplačnikov ali nepredlagateljev davčnih obračunov ali na seznamu zavezancev, ki jim je po uradni dolžnosti prenehala identifikacija za namene DDV,
je bila udeležena z več kot 50 % neposrednim deležem v kapitalu d.o.o., ki je bila v zadnjem letu izbrisana iz sodnega registra brez likvidacije na podlagi Zakona o finančnem poslovanju, postopkih zaradi insolventnosti in prisilnem prenehanju,
ji je bila v zadnjih treh letih s pravnomočno odločbo Inšpektorata RS za delo ali FURS dvakrat izrečena globa v zvezi s prekrškom za delo in zaposlovanjem na črno,
je bila pravnomočno obsojena na kazen zapora zaradi kaznivega dejanja zoper gospodarstvo, zoper delovno razmerje in socialno varnost, zoper pravni promet, zoper premoženje, zoper okolje, prostor in naravne dobrine, zoper človekovo zdravje ter splošno varnost ljudi in premoženja in je vpisana v kazensko evidenco ministrstva, pristojnega za pravosodje,
mu je bila v zadnjih treh letih s pravnomočno odločbo izrečena globa zaradi prekrška v zvezi z izplačilom premoženja, ki je potrebno za ohranjanje osnovnega kapitala družbe.","{
  ""authority"": """",
  ""deadline"": """",
  ""required_documents"": [],
  ""contact_info"": []
}","{""type"": ""object""}",regex_draft,review_required,needs_human_review,edited,"{
  ""authority"": ""Finančna uprava Republike Slovenije (FURS)"",
  ""deadline"": """",
  ""required_documents"": [
    ""Pri prijavi ni potrebno dostavljati dokazil o izobrazbi, čeprav se ti podatki za vodenje statistike pri izpolnjevanju obrazca M-1 potrebujejo"",
    ""mu je bila v zadnjih treh letih s pravnomočno odločbo izrečena globa zaradi prekrška v zvezi z izplačilom premoženja, ki je potrebno za ohranjanje osnovnega kapitala družbe""
  ],
  ""contact_info"": []
}",Codex-worker-review,Conservative JSON review; unsupported fields left blank.
review-extract-adm-ustanovitev-s-p-dbf0824dfc-sec-003-chunk-01,review-extract-adm-ustanovitev-s-p-dbf0824dfc-sec-003-chunk-01,information_extraction,155,priority_batch,business-procedures,procedure page,Postopek registracije s.p.,adm-ustanovitev-s-p-dbf0824dfc,"[""adm-ustanovitev-s-p-dbf0824dfc-sec-003-chunk-01""]",train,Iz odlomka izlušči ključna postopkovna polja v JSON.,"e-postopek SPOT
Razlika med rednim in popoldanskim s.p.
Kot redni s.p. je podjetnik vključen v vsa obvezna socialna zavarovanja in je dolžan plačevati vse prispevke, katerih skupna stopnja po 1. 2. 2019 znaša 60 % povprečne plače v letu 2022.
Kot popoldanski s.p. pa je podjetnik iz naslova opravljanja dejavnosti obvezno zavarovan za invalidnost in smrt, ki je posledica poškodbe pri delu ali poklicne bolezni ter za primere poškodbe pri delu in poklicne bolezni (po ZPIZ-2 in po ZZVZZ). Iz tega naslova je dolžen plačevati prispevke samo za naštete posebne primere zavarovanja v pavšalnih zneskih. Na tej podlagi podjetniku pokojninska doba ne teče.
Zneski prispevkov za socialno varnost
Mesečni znesek pavšalnega prispevka za pokojninsko in invalidsko zavarovanje enkrat letno določi Zavod za pokojninsko in invalidsko zavarovanje Slovenije, za posamezno obračunsko leto pa je objavljen na spletni strani . Osebe, ki opravljajo dejavnost kot postranski poklic plačujejo pavšalni prispevek mesečno do 20. v mesecu za pretekli mesec. Če v mesecu opravljajo dejavnost 15 dni ali manj, so dolžni plačati polovico predpisanega zneska.
Mesečni znesek pavšalnega prispevka za poškodbe pri delu in poklicne bolezni se plačuje v višini 0,53 % od osnove, ki je enaka povprečni bruto plači v Republiki Sloveniji za mesec oktober predhodnega koledarskega leta. Osebe, ki opravljajo dejavnost kot postranski poklic, so zakonsko dolžne plačevati tudi prispevek za zdravstveno zavarovanje po stopnji 6,36 %, ki ga plačujejo od osnove v višini 25 % povprečne bruto plače v Republiki Sloveniji za mesec oktober predhodnega koledarskega leta.
Mesečna prispevka za posamezno obračunsko leto sta ravno tako objavljena na spletni strani . Zavezanci navedeni prispevek plačujejo mesečno do 20. v mesecu za pretekli mesec, in sicer ne glede na dejansko število dni opravljanja dejavnosti v mesecu.
b. Registracija popoldanskega s.p. na točki SPOT
Postopek registracije popoldanskega s.p. na točki SPOT se od postopka registracije rednega s.p. rahlo razlikuje.
Za popoldanski s.p. se na točki SPOT odda vlogo za vpis v PRS in pripravi dokumente za Finančno upravo RS ter odda obrazec za prijavo v zavarovanje za primere poškodbe pri delu in poklicne bolezni .
Za postopek registracije s.p. potrebujete osebni dokument in davčno številko ter overjeno izjavo lastnika objekta , kjer boste imeli prijavljen poslovni naslov, v kolikor niste sami lastnik ali solastnik objekta. Izjavo lahko lastnik objekta overi osebno na točki SPOT, na upravni enoti ali pri notarju.","{
  ""authority"": """",
  ""deadline"": ""Mesečni znesek pavšalnega prispevka za pokojninsko in invalidsko zavarovanje enkrat letno določi Zavod za pokojninsko in invalidsko zavarovanje Slovenije, za posamezno obračunsko leto pa je objavljen na spletni strani . Osebe, ki opravljajo dejavnost kot postranski poklic plačujejo pavšalni prispevek mesečno do 20. v mesecu za pretekli mesec. Če v mesecu opravljajo dejavnost 15 dni ali manj, so dolžni plačati polovico predpisanega zneska."",
  ""required_documents"": [],
  ""contact_info"": []
}","{""type"": ""object""}",regex_draft,review_required,needs_human_review,edited,"{
  ""authority"": ""Ministrstvo za zdravje"",
  ""deadline"": """",
  ""required_documents"": [],
  ""contact_info"": []
}",Codex-worker-review,Conservative JSON review; unsupported fields left blank.
review-extract-adm-www-gov-si-35d96e2e99-sec-004-chunk-01,review-extract-adm-www-gov-si-35d96e2e99-sec-004-chunk-01,information_extraction,154,priority_batch,health-procedures,procedure page,Prijava na strokovne izpite za zdravstvene delavce in sodelavce,adm-www-gov-si-35d96e2e99,"[""adm-www-gov-si-35d96e2e99-sec-004-chunk-01""]",train,Iz odlomka izlušči ključna postopkovna polja v JSON.,"(pdf, 230 KB)
Opravljanje strokovnega izpita pri pooblaščenem zavodu
Pripravnik z izobrazbo 4. ali 5. ravni v skladu z zakonom, ki ureja slovensko ogrodje kvalifikacij, opravlja strokovni izpit pri javnem zdravstvenem zavodu (v nadaljnjem besedilu: pooblaščeni zavod), ki ga za izvajanje strokovnih izpitov pooblasti ministrstvo.
Seznam pooblaščenih zavodov , pri katerih opravljajo strokovne izpite zdravstveni delavci in zdravstveni sodelavci pripravniki s srednjo strokovno izobrazbo.
Strokovni izpit za poklic magistra farmacije/magistro farmacije se do 30. 9. 2024 opravlja pri Fakulteti za farmacijo Univerze v Ljubljani, Aškerčeva cesta 7, 1000 Ljubljana.
Strokovni izpit za poklic zdravnik/zdravnica in doktor dentalne medicine/doktorica dentalne medicine se opravlja pri Zdravniški zbornici Slovenije, Dunajska cesta 162, 1000 Ljubljana. Več informacij na Strokovni izpiti (zdravniskazbornica.si) .
Opravljanje strokovnega izpita pri Ministrstvu za zdravje
Kandidati z izobrazbo 6. ali višje ravni v skladu z zakonom, ki ureja slovensko ogrodje kvalifikacij, opravljajo strokovni izpit pri Ministrstvu za zdravje.
Pri Ministrstvu za zdravje opravljajo strokovni izpit tudi kandidati, katerim je bila izdana odločba o pristopu k opravljanju strokovnega izpita v skladu z 27., 28. ali 29. členom Pravilnika o pripravništvu in strokovnih izpitih zdravstvenih delavcev in zdravstvenih sodelavcev na področju zdravstvene dejavnosti (Uradni list RS, št. 76/22 in 58/23), razen zdravnikov in doktorjev dentalne medicine.
Zakon o zdravstveni dejavnosti (ZZDej)
Pravilnik o pripravništvu in strokovnih izpitih zdravstvenih delavcev in zdravstvenih sodelavcev na področju zdravstvene dejavnosti
Odredba o seznamu poklicev za zdravstveno dejavnost
Oblika
Obrazec / dokument
Način izvedbe
Osebno, Po pošti, E-obrazec / E-pošta
Institucija
Ministrstvo za zdravje
Zdravje,
Izobraževanje
Sektor za kadre v zdravstvu
Direktorat za zdravstveno varstvo
Štefanova ulica 5","{
  ""authority"": ""Pripravnik z izobrazbo 4. ali 5. ravni v skladu z zakonom, ki ureja slovensko ogrodje kvalifikacij, opravlja strokovni izpit pri javnem zdravstvenem zavodu (v nadaljnjem besedilu: pooblaščeni zavod), ki ga za izvajanje strokovnih izpitov pooblasti ministrstvo."",
  ""deadline"": """",
  ""required_documents"": [],
  ""contact_info"": []
}","{""type"": ""object""}",regex_draft,review_required,needs_human_review,edited,"{
  ""authority"": ""Ministrstvo za zdravje"",
  ""deadline"": """",
  ""required_documents"": [
    ""Obrazec / dokument"",
    ""Osebno, Po pošti, E-obrazec / E-pošta""
  ],
  ""contact_info"": []
}",Codex-worker-review,Conservative JSON review; unsupported fields left blank.
review-extract-adm-www-gov-si-5f643b2f75-sec-001-chunk-01,review-extract-adm-www-gov-si-5f643b2f75-sec-001-chunk-01,information_extraction,154,priority_batch,health-procedures,procedure page,Postopek obravnave vlog za nove zdravstvene programe,adm-www-gov-si-5f643b2f75,"[""adm-www-gov-si-5f643b2f75-sec-001-chunk-01""]",train,Iz odlomka izlušči ključna postopkovna polja v JSON.,"Postopek obravnave vlog za nove zdravstvene programe
Razvoj zdravstvenih ved in tehnologije ter novi izzivi in potrebe prebivalstva omogočajo in utemeljujejo uvajanje novih načinov in metod obravnave različnih bolezenskih stanj. Od novih pristopov pričakujemo kakovostnejšo obravnavo pacientov, hitrejše, učinkovitejše in uspešnejše zdravljenje in prispevek h kakovosti življenja in podaljševanju življenjske dobe. Lahko gre za povsem nove načine zdravstvene obravnave, za izboljšanje obravnave, za nove organizacijske oblike ali za nove načine upravljanja sistema. Večina novosti zahteva nove vire (kadrovske, prostorske, opremo) in s tem povezana finančna sredstva. Dodatna finančna sredstva za nove zdravstvene obravnave so v vseh javnih sistemih zdravstvenega varstva omejena z višino ustvarjenega bruto domačega proizvoda in njegovega deleža, namenjenega za zdravstvene programe. Neskladje med novimi možnostmi zdravstvene obravnave ter potrebami, zahtevami in možnostmi njihovega plačevanja, se povečuje. Pri uvajanju novosti je treba upoštevati njihovo strokovno medicinsko učinkovitost, pomembnost zdravstvenega problema za zdravje posameznika in javno zdravje, potrebo po uvedbi novega načina obravnave, njeno ekonomsko upravičenost, vire financiranja in uravnoteženost obravnave različnih zdravstvenih problemov. Zaradi tega povsod v svetu (razen v državah s tržnim sistemom zdravstvenega varstva) poteka uvajanje novih metod zdravljenja oziroma zdravstvene obravnave pacientov nadzorovano in po vnaprej določenih postopkih, za katere so določeni ustrezni organi. Postopki uvajanja morajo biti znanstveno utemeljeni, dosledni, vključevati morajo pomembne podatke in interese, biti morajo pregledni, neodvisni in časovno opredeljeni.
Zdravstveni svet pri uvajanju novih metod zdravstvene obravnave obravnava predloge razširjenih strokovnih kolegijev in drugih predlagateljev, kadar vplivajo na vsebino in obseg zdravstvenega varstva, s tem pa na zdravstveno politiko in financiranje zdravstvenega varstva.
Zdravstveni svet v skladu s svojimi pristojnostmi predlaga, minister pa odloči, katere so tiste novosti, ki bodo v naslednjem proračunskem obdobju obravnavane prednostno.
Odločanje Zdravstvenega sveta poteka po postopku obravnave vlog za nove zdravstvene programe, ki je bil sprejet na 3/2015 seji Zdravstvenega sveta dne 1. 4. 2015.
Namen postopka
Končni namen postopka je pregledno odločanje o vključevanju oziroma financiranju tistih metod zdravstvene obravnave, ki izkazujejo klinično in stroškovno učinkovitost. Postopek predlaganja in ocenjevanja novosti temelji na principih z dokazi podprte medicine (Evidence Based Medicine, EBM) in HTA (Health Technology Assessment). Ocenjevanje predlaganih novosti poteka skladno z vnaprej določenimi kriteriji in časovnimi okvirji. Vse predlagane novosti, ki zahtevajo dodatna sredstva, so razvrščene na prednostni seznam (""rangirni seznam vlog za Splošni dogovor"").","{
  ""authority"": """",
  ""deadline"": """",
  ""required_documents"": [],
  ""contact_info"": []
}","{""type"": ""object""}",regex_draft,review_required,needs_human_review,edited,"{
  ""authority"": ""Ministrstvo za zdravje"",
  ""deadline"": """",
  ""required_documents"": [],
  ""contact_info"": []
}",Codex-worker-review,Conservative JSON review; unsupported fields left blank.
review-extract-adm-ustanovitev-s-p-dbf0824dfc-sec-001-chunk-01,review-extract-adm-ustanovitev-s-p-dbf0824dfc-sec-001-chunk-01,information_extraction,153,priority_batch,business-procedures,procedure page,Postopek registracije s.p.,adm-ustanovitev-s-p-dbf0824dfc,"[""adm-ustanovitev-s-p-dbf0824dfc-sec-001-chunk-01""]",train,Iz odlomka izlušči ključna postopkovna polja v JSON.,"Postopek registracije S.P. na točki SPOT
Prijava na FURS
Prijava v obvezna socialna zavarovanja
""Popoldanski s.p.""
Preoblikovanje s.p. v kapitalsko družbo (d.o.o.)
Samostojni podjetnik (s.p.) je fizična oseba, ki na trgu samostojno opravlja pridobitno dejavnost. Odprtje s.p. načeloma poteka v 3 korakih. Začnemo z vpisom v Poslovni register Slovenije (registracijo), nato pa opravimo še prijavi na FURS ter v obvezna socialna zavarovanja. Registracija s.p. je hitra, preprosta in brezplačna. Ustanovitveni kapital ni potreben.
Na podlagi določb zakona, ki ureja gospodarske družbe lahko samostojni podjetnik začne opravljati dejavnost, ko je vpisan v Poslovni register Slovenije.
Enostavno poslovno obliko podjetja lahko hitro in brezplačno ustanovite:
od doma, na portalu SPOT, za kar potrebujete digitalno potrdilo in zahtevano opremo ali
na eni od točk SPOT ali
pa lahko prijavo za vpis pošljete po pošti , vendar mora biti vaš podpis na prijavi overjen.
V poslovni register se lahko vpiše fizična oseba, ki je vpisana v Centralni register prebivalstva (CRP) in ima v Republiki Sloveniji pridobljeno EMŠO in davčno številko.
O vpisu odloča AJPES na podlagi popolne vloge:
če je prijava za vpis popolna, AJPES izda sklep o vpisu, zoper katerega je možna pritožba v 8 dneh od datuma vročitve,
če je prijava nepopolna, AJPES zahteva dopolnitev prijave in sicer v roku 8 dni,
če podjetnik v roku ne dopolni prijave oziroma ne izpolnjuje pogojev za vpis, AJPES izda negativni sklep, zoper katerega je mogoča pritožba v 8 dneh od vročitve.
Postopek registracije je brezplačen.
Več o samostojnem podjetniku preberite tukaj.
Registracijo samostojnega podjetja lahko izvedete tudi od doma, preko portala SPOT.
Za elektronsko poslovanje potrebujete kvalificirano digitalno potrdilo ter ostalo priporočljivo opremo.
Aplikacija v portalu preveri določene omejitve potencialnega podjetja .
e-postopki SPOT
Registracija samostojnega podjetnika (s.p.)
Začni
Navodila za elektronsko oddajo vloge za vpis podjetnika v PRS preko portala SPOT
Navodila za vpis samostojnega podjetnika
(pdf)
Korak 1: Postopek registracije s.p.","{
  ""authority"": """",
  ""deadline"": ""če je prijava za vpis popolna, AJPES izda sklep o vpisu, zoper katerega je možna pritožba v 8 dneh od datuma vročitve,"",
  ""required_documents"": [],
  ""contact_info"": []
}","{""type"": ""object""}",regex_draft,review_required,needs_human_review,edited,"{
  ""authority"": ""Finančna uprava Republike Slovenije (FURS)"",
  ""deadline"": ""v 8 dneh od datuma vročitve"",
  ""required_documents"": [
    ""od doma, na portalu SPOT, za kar potrebujete digitalno potrdilo in zahtevano opremo ali"",
    ""Za elektronsko poslovanje potrebujete kvalificirano digitalno potrdilo ter ostalo priporočljivo opremo""
  ],
  ""contact_info"": []
}",Codex-worker-review,Conservative JSON review; unsupported fields left blank.
review-extract-adm-ustanovitev-s-p-dbf0824dfc-sec-003-chunk-02,review-extract-adm-ustanovitev-s-p-dbf0824dfc-sec-003-chunk-02,information_extraction,153,priority_batch,business-procedures,procedure page,Postopek registracije s.p.,adm-ustanovitev-s-p-dbf0824dfc,"[""adm-ustanovitev-s-p-dbf0824dfc-sec-003-chunk-02""]",train,Iz odlomka izlušči ključna postopkovna polja v JSON.,"Postopek ustanovitve dopolnilnega s.p. je na točki SPOT brezplačen .
(Vir: )
Za statusno preoblikovanje ali preoblikovanje s.p. v d.o.o. se podjetniki odločajo iz treh razlogov: poslovnih, davčnih ali osebnih. Med poslovne spada potreba po ločitvi osebnega in poslovnega premoženja zaradi poslovnih rizikov/jamstev. Med davčne se štejeta večja davčna varnost (zaradi jamstva le s premoženjem družbe) in možnost nižje povprečne stopnje obdavčitve. Osebni razlogi lahko vključujejo željo po nadaljnjih aktivnostih in ohranjanju lastništva, upokojitev ter lažji vstop naslednikov v poslovanje.
Statusno preoblikovanje samostojnega podjetnika (v nadaljevanju podjetnik) je urejeno v 667. do 673a. členu Zakona o gospodarskih družbah .
Podjetnik se lahko statusno preoblikuje s prenosom podjetja na:
novo kapitalsko družbo , ki se ustanovi zaradi prenosa podjetnikovega podjetja, ali
s prenosom podjetja na prevzemno kapitalsko družbo (pripojitev k že obstoječi družbi).
S prenosom podjetja preidejo na novo oziroma prevzemno kapitalsko družbo vse pravice in obveznosti podjetnika v zvezi s podjetjem. Kapitalska družba kot univerzalni pravni naslednik vstopi v vsa pravna razmerja v zvezi s prenesenim podjetjem podjetnika. Če družba ne izpolni obveznosti, ki so nastale pri podjetniku v zvezi z njegovim podjetjem pred vpisom prenosa podjetja v register, podjetnik zanje odgovarja z vsem svojim premoženjem.
Postopek prenosa s.p. na kapitalsko družbo se ureja pri notarju.
1. Prenos podjetja na novo kapitalsko družbo
Prenos podjetja na novo kapitalsko družbo pomeni, da se zaradi prenosa podjetnikovega podjetja ustanovi nova kapitalska družba. V navedenem primeru se prenos opravi na podlagi enostranskega pravnega posla oziroma sklepa podjetnika o njegovem preoblikovanju. Postopek se nato nadaljuje pri notarju, ki dokumente overi, nato pa jih predloži na sodni register.
Pomembno je dejstvo, da kapitalska družba pred preoblikovanjem še ne obstaja in se torej ustanovi z namenom, da podjetnik nanjo prenese vso svojo dejavnost.","{
  ""authority"": """",
  ""deadline"": """",
  ""required_documents"": [],
  ""contact_info"": []
}","{""type"": ""object""}",regex_draft,review_required,needs_human_review,approved,"{
  ""authority"": """",
  ""deadline"": """",
  ""required_documents"": [],
  ""contact_info"": []
}",Codex-worker-review,Conservative JSON review; unsupported fields left blank.
review-extract-adm-www-gov-si-35d96e2e99-sec-001-chunk-01,review-extract-adm-www-gov-si-35d96e2e99-sec-001-chunk-01,information_extraction,153,priority_batch,health-procedures,procedure page,Prijava na strokovne izpite za zdravstvene delavce in sodelavce,adm-www-gov-si-35d96e2e99,"[""adm-www-gov-si-35d96e2e99-sec-001-chunk-01""]",train,Iz odlomka izlušči ključna postopkovna polja v JSON.,"Prijava na strokovne izpite za zdravstvene delavce in sodelavce
Prijava na strokovni izpit
Program strokovnega izpita za zdravstvene delavce in zdravstvene sodelavce
Opravljanje strokovnega izpita
Pravna podlaga
V skladu z 62. členom Zakona o zdravstveni dejavnosti (ZZDej) (pisrs.si) ter prvim odstavkom 10. člena Pravilnika o pripravništvu in strokovnih izpitih zdravstvenih delavcev in zdravstvenih sodelavcev na področju zdravstvene dejavnosti (pisrs.si) je pogoj za samostojno opravljanje dela v zdravstveni dejavnosti opravljeno pripravništvo ter strokovni izpit.
V skladu s tretjim odstavkom 13. člena Zakona o priznavanju poklicnih kvalifikacij v zdravstveni dejavnosti (ZPPKZD) po opravljenem pripravništvu kandidat opravlja strokovni izpit pri ministrstvu, v skladu s predpisi, ki urejajo strokovne izpite zdravstvenih delavcev in zdravstvenih sodelavcev.
Poklice v zdravstveni dejavnosti določa Odredba o seznamu poklicev za zdravstveno dejavnost (Uradni list RS, št. 111/22) . Iz odredbe izhajata dva seznama, in sicer Seznam zdravstvenih delavcev in Seznam zdravstvenih sodelavcev. Oba seznama določata kvalifikacijo, delovno področje in poklicne dejavnosti (kompetence) zdravstvenih delavcev in zdravstvenih sodelavcev.
Vpis v register po opravljenem strokovnem izpitu
Zdravstveni delavci in sodelavci, ki strokovni oziroma specialistični izpit opravijo pri Ministrstvu za zdravje po 19. 6. 2024 bodo v register vpisani po uradni dolžnosti.
Pooblaščeni izvajalci, ki opravljajo strokovne izpite morajo potrebne podatke za vpis posredovati v 15 dneh.
Zdravstveni delavci morajo ministrstvo obvestiti o spremembah podatkov v 30 dneh, ministrstvo spremembe vpiše v register.
Termini strokovnih izpitov za leto 2026","{
  ""authority"": ""Zdravstveni delavci morajo ministrstvo obvestiti o spremembah podatkov v 30 dneh, ministrstvo spremembe vpiše v register."",
  ""deadline"": ""Pooblaščeni izvajalci, ki opravljajo strokovne izpite morajo potrebne podatke za vpis posredovati v 15 dneh."",
  ""required_documents"": [],
  ""contact_info"": []
}","{""type"": ""object""}",regex_draft,review_required,needs_human_review,edited,"{
  ""authority"": ""Ministrstvo za zdravje"",
  ""deadline"": ""v 15 dneh"",
  ""required_documents"": [
    ""Pooblaščeni izvajalci, ki opravljajo strokovne izpite morajo potrebne podatke za vpis posredovati v 15 dneh""
  ],
  ""contact_info"": []
}",Codex-worker-review,Conservative JSON review; unsupported fields left blank.
review-extract-adm-www-gov-si-35d96e2e99-sec-003-chunk-01,review-extract-adm-www-gov-si-35d96e2e99-sec-003-chunk-01,information_extraction,153,priority_batch,health-procedures,procedure page,Prijava na strokovne izpite za zdravstvene delavce in sodelavce,adm-www-gov-si-35d96e2e99,"[""adm-www-gov-si-35d96e2e99-sec-003-chunk-01""]",train,Iz odlomka izlušči ključna postopkovna polja v JSON.,"(docx, 20 KB)
Strokovni izpit obsega naslednje vsebine:
strokovne vsebine poklicnega področja,
izbrane vsebine nujne medicinske pomoči,
osnove kakovosti in varnosti v zdravstvu in
osnove pravne ureditve zdravstvenega varstva.
Podrobnejša vsebina strokovnega izpita je določena v Prilogi 3 k Pravilniku o pripravništvu in strokovnih izpitih zdravstvenih delavcev in zdravstvenih sodelavcev na področju zdravstvene dejavnosti (Uradni list RS, št. 76/22 in 58/23)
Literatura za strokovni izpit
Opozorilo: gradivo Zakonodaja predstavlja informativni delovni pripomoček, glede katerega Ministrstvo za zdravje ne jamči odškodninsko ali kako drugače. Morebitne spremembe ali dopolnitve vsebin področne zakonodaje kandidati preverijo na spletni strani Pravno-Informacijskega sistema.
Dokumentacije
Kakovost in varnost v zdravstvu, priročnik
(pdf, 1.8 MB)
Zakonodaja
(pdf, 2.1 MB)
Prva pomoc
(docx, 32 KB)
ZZKZ strokovni izpiti gradivo v2
(pdf, 309 KB)
Gradivo za strokovne vsebine za poklic zdravnik (urgentna medicina) in doktor dentalne medicine (nujna medicinska stanja v stomatologiji in integralna zobozdravniška obravnava otroka in odraslega z urgentnimi stanji v dentalni medicini) je dostopno na spletni strani Zdravniške zbornice Slovenije .
Drugo gradivo
List o pripravništvu
(pdf, 144 KB)
Sklep o stroških strokovnega izpita
(pdf, 284 KB)
Odredba o visini stroskov strokovnega izpita
(pdf, 102 KB)
Pregled literature iz podrocja zdravstvene nege za kandidate na strokovnih izpitih pri ministrstvu za zdravje
(doc, 69 KB)
Seznam laboratorijev, julij 2022","{
  ""authority"": ""Opozorilo: gradivo Zakonodaja predstavlja informativni delovni pripomoček, glede katerega Ministrstvo za zdravje ne jamči odškodninsko ali kako drugače. Morebitne spremembe ali dopolnitve vsebin področne zakonodaje kandidati preverijo na spletni strani Pravno-Informacijskega sistema."",
  ""deadline"": """",
  ""required_documents"": [],
  ""contact_info"": []
}","{""type"": ""object""}",regex_draft,review_required,needs_human_review,edited,"{
  ""authority"": ""Ministrstvo za zdravje"",
  ""deadline"": """",
  ""required_documents"": [],
  ""contact_info"": []
}",Codex-worker-review,Conservative JSON review; unsupported fields left blank.
review-extract-adm-www-gov-si-b1a81c642a-sec-001-chunk-02,review-extract-adm-www-gov-si-b1a81c642a-sec-001-chunk-02,information_extraction,153,priority_batch,health-procedures,procedure page,"Prijava na preizkus iz zdravstvenih vsebin za zdravilce, ki nimajo zdravstvene izobrazbe",adm-www-gov-si-b1a81c642a,"[""adm-www-gov-si-b1a81c642a-sec-001-chunk-02""]",val,Iz odlomka izlušči ključna postopkovna polja v JSON.,"Zdravilec, ki je uspešno opravil pisni in ustni del preizkusa je preizkus opravil in se mu izda potrdilo o opravljenem preizkusu .
Zdravstvene vsebine , določene na ravni srednje strokovne izobrazbe, ki jih morajo poznati zdravilci, so:
prva pomoč;
anatomija in fiziologija;
vzgoja za zdravje in higiena;
interna medicina s patologijo.
Literatura za preizkus
Program preizkusa iz zdravstvenih vsebin je sestavljen iz naštetih zdravstvenih vsebin. Ministrstvo vodi seznam strokovne literature, ki pomaga zdravilcu za pripravo na preizkus. Znanja iz zdravstvenih vsebin lahko zdravilec pridobi na institucijah, ki izvajajo veljavne izobraževalne programe, ali s samoučenjem.
Navodila
Katalog programa preizkusa iz zdravstvenih vsebin za zdravilce za leto 2022
(rtf, 569 KB)
Prijavnica k preizkusu iz zdravstvenih vsebin
(doc, 25 KB)
Zakon o zdravilstvu (ZZdrav)
Pravilnik o preizkusu iz zdravstvenih vsebin za zdravilce, ki nimajo zdravstvene izobrazbe
Sklep o stroških preizkusa iz zdravstvenih vsebin za zdravilce
Oblika
Obrazec / dokument
Način izvedbe
Po pošti, E-obrazec / E-pošta
Institucija
Ministrstvo za zdravje
Zdravje,
Izobraževanje
Štefanova ulica 5
1000 Ljubljana
Prikaži na zemljevidu
01 478 60 01
is.vog@zm.pg","{
  ""authority"": ""Program preizkusa iz zdravstvenih vsebin je sestavljen iz naštetih zdravstvenih vsebin. Ministrstvo vodi seznam strokovne literature, ki pomaga zdravilcu za pripravo na preizkus. Znanja iz zdravstvenih vsebin lahko zdravilec pridobi na institucijah, ki izvajajo veljavne izobraževalne programe, ali s samoučenjem."",
  ""deadline"": """",
  ""required_documents"": [],
  ""contact_info"": [
    ""01 478 60 01"",
    ""is.vog@zm.pg""
  ]
}","{""type"": ""object""}",regex_draft,review_required,needs_human_review,edited,"{
  ""authority"": ""Ministrstvo za zdravje"",
  ""deadline"": """",
  ""required_documents"": [
    ""Obrazec / dokument"",
    ""Po pošti, E-obrazec / E-pošta""
  ],
  ""contact_info"": [
    ""is.vog@zm.pg"",
    ""01 478 60 01""
  ]
}",Codex-worker-review,Conservative JSON review; unsupported fields left blank.
review-extract-adm-www-gov-si-d301ac90ff-sec-002-chunk-01,review-extract-adm-www-gov-si-d301ac90ff-sec-002-chunk-01,information_extraction,153,priority_batch,health-procedures,procedure page,Prijava za občasno/začasno opravljanje zdravstvenih storitev,adm-www-gov-si-d301ac90ff,"[""adm-www-gov-si-d301ac90ff-sec-002-chunk-01""]",train,Iz odlomka izlušči ključna postopkovna polja v JSON.,"(pdf, 216 KB)
Vlogi na ustreznem obrazcu je treba priložiti :
potrdilo o državljanstvu - fotokopija osebnega dokumenta,
dokazila o poklicnih kvalifikacijah (zaključno spričevalo, diploma, potrdilo o opravljenem strokovnem izpitu, potrdilo o opravljenem specialističnem izpitu),
podatke o zavarovalnem kritju ali drugih načinih osebnega ali kolektivnega zavarovanja v zvezi s poklicno odgovornostjo,
potrdilo, da ponudnik storitev izpolnjuje pogoje za opravljanje storitev v skladu s predpisi države pogodbenice sedeža in da mu izvajanje teh storitev ni odvzeto niti dokončno niti začasno (potrdilo o dobrem imenu),
potrdilo o skladnosti z Direktivo 2005/36/ES ),
dokazilo o nekaznovanosti,
izjava ponudnika storitve o znanju slovenskega jezika.
Zahtevane stopnje znanja slovenskega jezika:
zdravniki, zdravniki specialisti, doktorji dentalne medicine, doktorji dentalne medicine specialisti: raven C1 ter pisanje na ravni B2 Skupnega evropskega jezikovnega okvira,
diplomirane medicinske sestre, diplomirane babice, magistri farmacije: raven C1 ter pisanje na ravni B2 Skupnega evropskega jezikovnega okvira ( do 31. 12. 2027 na ravni B2 Skupnega evropskega jezikovnega okvira),
ostali poklici: najmanj na ravni B2 Skupnega evropskega jezikovnega okvira.
Zdravnikom, zdravnikom specialistom, doktorjem dentalne medicine, doktorjem dentalne medicine specialistom k prijavi ni potrebno predložiti izjave o znanju jezika iz 11. člena ZZdrS. Ta ukrep velja do 31. 12. 2027 (27. člen ZDIUPZ ).
Za vse ostale regulirane poklice v zdravstveni dejavnosti k prijavi ni potrebno predložiti izjave o znanju slovenskega jezika iz 63. člena ZZdej. Ta ukrep velja do 31. 12. 2027 (28. člen ZDIUPZ ).
Prijavi je potrebno priložiti dokazilo o plačilu upravne takse v znesku 4,50 EUR na račun Ministrstva za zdravje RS, Štefanova 5, 1000 Ljubljana, podračun JFP, št. računa 01100 - 1000315637 in sklic 11 27111 - 7111002-23, koda namena: GOVT (za plačilo iz tujine SWIFT: BSLJSI2X, IBAN: SI56 01100-1000315637, delivery account 11 27111 -7111002-26).
Prijavo s prilogami pošljite na naslov Ministrstvo za zdravje, Štefanova ulica 5, 1000 Ljubljana ali na e-naslov: gp.mz@gov.si.
Zakon o zdravniški službi (ZZdrS)
Zakon o zdravstveni dejavnosti (ZZDej)
Zakon o postopku priznavanja poklicnih kvalifikacij za opravljanje reguliranih poklicev (ZPPPK)
Oblika
Obrazec / dokument
Po pošti, E-obrazec / E-pošta
Institucija
Ministrstvo za zdravje
Zdravje,
Delovne migracije
Sektor za kadre v zdravstvu
Direktorat za zdravstveno varstvo
Direktorat za zdravstveno varstvo
Štefanova ulica 5
1000 Ljubljana
01 478 60 01
is.vog@zm.pg
Eva Dajčman Šterk
vodja","{
  ""authority"": ""Prijavo s prilogami pošljite na naslov Ministrstvo za zdravje, Štefanova ulica 5, 1000 Ljubljana ali na e-naslov: gp.mz@gov.si."",
  ""deadline"": """",
  ""required_documents"": [],
  ""contact_info"": [
    ""1000315637"",
    ""gp.mz@gov.si"",
    ""01 478 60 01"",
    ""is.vog@zm.pg""
  ]
}","{""type"": ""object""}",regex_draft,review_required,needs_human_review,edited,"{
  ""authority"": ""Ministrstvo za zdravje"",
  ""deadline"": """",
  ""required_documents"": [
    ""Vlogi na ustreznem obrazcu je treba priložiti :"",
    ""dokazila o poklicnih kvalifikacijah (zaključno spričevalo, diploma, potrdilo o opravljenem strokovnem izpitu, potrdilo o opravljenem specialističnem izpitu)"",
    ""dokazilo o nekaznovanosti"",
    ""izjava ponudnika storitve o znanju slovenskega jezika"",
    ""Prijavo s prilogami pošljite na naslov Ministrstvo za zdravje, Štefanova ulica 5, 1000 Ljubljana ali na e-naslov: gp.mz@gov.si""
  ],
  ""contact_info"": [
    ""gp.mz@gov.si"",
    ""is.vog@zm.pg"",
    ""1000315637"",
    ""11 27111"",
    ""7111002-23"",
    ""7111002-26"",
    ""01 478 60 01""
  ]
}",Codex-worker-review,Conservative JSON review; unsupported fields left blank.
review-extract-seed-health-events-sec-001-chunk-01,review-extract-seed-health-events-sec-001-chunk-01,information_extraction,153,priority_batch,health-procedures,procedure page,Zagotavljanje zdravstvenega varstva na prireditvah,seed-health-events,"[""seed-health-events-sec-001-chunk-01""]",train,Iz odlomka izlušči ključna postopkovna polja v JSON.,"Vloga in priloge
Zakonodaja
Dovoljenje za zagotavljanje zdravstvenega varstva na nezahtevnih prireditvah tipa A in B od 1. 11. 2016 ni več potrebno . Izpolnjevanje pogojev za izvajanje zdravstvenega varstva na prireditvah opravi uradna oseba upravne enote v okviru postopka izdaje dovoljenja za organizacijo javne prireditve . V prijavi javne prireditve organizatorji navedejo:
izvajalca zdravstvenega varstva na prireditvi,
predložijo dokazilo, da je izvajalec zdravstvenega varstva na prireditvi opravil najmanj 10-urni tečaj prve pomoči, ki ni starejše od 5 let in vključuje znanja in veščine temeljih postopkov oživljanja,
izjavo o zagotavljanju kompleta prve pomoči, ki je del obvezne opreme motornih vozil kot to določa Pravilnik o službi nujne medicinske pomoči (Pravilnik; Priloga 16).
Pravne osebe oziroma društva se v primeru nezahtevnih prireditev tipa A in B obravnava enako kot fizične osebe. Zato se v postopku izdaje dovoljenja za izvedbo javne prireditve, na kateri bo izvajalec zdravstvenega varstva pravna oseba, preverja:
ustreznost priloženega dokazila zaposlenih (kar se izkazuje z dokazilom o zaposlitvi) oziroma članov (dokazilo o članstvu) o opravljenem najmanj 10-urnem tečaju prve pomoči, ki ni starejše od 5 let in vključuje znanja in veščine temeljih postopkov oživljanja,
izjavo o zagotavljanju kompleta prve pomoči, ki je del obvezne opreme motornih vozil kot to določa Pravilnik (Priloga 16).
Pri kvalificiranih zdravstvenih delavcih zadostuje potrdilo o zaključenem izobraževanju oziroma uspešno opravljenem strokovnem izpitu. Zanje se smatra, da so s tem ustrezno usposobljeni za izvajanje zdravstvenega varstva na nezahtevnih prireditvah tipa A in B kot to zahteva Pravilnik (Priloga 16).
Pravilnik opredeljuje enotno ureditev zdravstvenega varstva na prireditvah. V njem so določeni ključni kriteriji za razvrščanje tipa prireditve glede na:
velikost prireditve,
ogroženosti z vidika zdravja in
potreb po vrsti zdravstvene ekipe.","{
  ""authority"": """",
  ""deadline"": """",
  ""required_documents"": [],
  ""contact_info"": []
}","{""type"": ""object""}",regex_draft,review_required,needs_human_review,edited,"{
  ""authority"": ""Ministrstvo za zdravje"",
  ""deadline"": """",
  ""required_documents"": [
    ""izjavo o zagotavljanju kompleta prve pomoči, ki je del obvezne opreme motornih vozil kot to določa Pravilnik o službi nujne medicinske pomoči (Pravilnik; Priloga 16)"",
    ""izjavo o zagotavljanju kompleta prve pomoči, ki je del obvezne opreme motornih vozil kot to določa Pravilnik (Priloga 16)"",
    ""potreb po vrsti zdravstvene ekipe""
  ],
  ""contact_info"": []
}",Codex-worker-review,Conservative JSON review; unsupported fields left blank.
review-extract-adm-www-gov-si-4ad1986b38-sec-002-chunk-01,review-extract-adm-www-gov-si-4ad1986b38-sec-002-chunk-01,information_extraction,153,priority_batch,tax,procedure page,"Davki, carine in druge dajatve",adm-www-gov-si-4ad1986b38,"[""adm-www-gov-si-4ad1986b38-sec-002-chunk-01""]",train,Iz odlomka izlušči ključna postopkovna polja v JSON.,"Davčni postopek in davčno potrjevanje računov
Okoljske dajatve
Davčna politika
Davčna politika vključuje določanje vrst davkov, kdo so davčni zavezanci, kakšne so davčne stopnje in davčne olajšave ter na kakšen način se davki pobirajo. Vse to je opredeljeno z davčno zakonodajo, ki v Sloveniji temelji na načelih:
pravičnosti (na primer progresivno obdavčenje dohodkov)
nevtralnosti (ne izkrivlja ekonomskih odločitev in ne daje prednosti eni gospodarski dejavnosti ali obliki dohodka pred drugo)
učinkovitosti (nizki stroški pobiranja)
predvidljivosti (stabilnost in preglednost zakonodaje)
Davki, carine in druge dajatve, ki se odmerjajo in pobirajo v Republiki Sloveniji, so vir blagajn javnega financiranja, ki so državni proračun, občinski proračuni ter pokojninska in zdravstvena blagajna.
Davčni prihodki
Davčni prihodki predstavljajo največji del državnega proračuna Republike Slovenije, od tega največji delež predstavljajo prihodki iz davka na dodano vrednost, sledijo jim prihodki iz naslova dohodnine, pri katerih pa se pomemben del (nekaj manj kot polovica) nameni občinskim proračunom. Pomemben delež predstavljajo še prihodki iz naslova trošarin in davka od dohodkov pravnih oseb.
Vir: Konsolidirana bilanca javnega financiranja za leto 2023, Ministrstvo za finance
Davčni izdatki
V Sloveniji veljajo za posamezne davčne prihodke nekatere davčne spodbude. Te so zlasti v obliki olajšav, oprostitev, nižjih stopenj oziroma drugih odstopanj od širše opredeljene davčne osnove. To pomeni, da davčne spodbude na eni strani posameznim davčnim zavezancem znižujejo njihove davčne obveznosti, na drugi strani pa zmanjšujejo prihodke države. Davčnim spodbudam zato pravimo tudi davčni izdatki.
Poročila o davčnih izdatkih
Poročila
Poročilo o davčnih izdatkih v letu 2023
(pdf, 572 KB)
Poročilo o davčnih izdatkih v letu 2022
(pdf, 542 KB)
Poročilo o davčnih izdatkih v letu 2021
(pdf, 524 KB)
Poročilo o davčnih izdatkih v letu 2020
(pdf, 539 KB)
Poročilo o davčnih izdatkih v letu 2019
(pdf, 492 KB)
Poročilo o davčnih izdatkih v letu 2018
(pdf, 500 KB)
Direktorat za sistem davčnih, carinskih in drugih javnih prihodkov
Ministrstvo za finance
Župančičeva ulica 3
1000 Ljubljana
01 369 66 10
is.vog@fm.pg
Finančna uprava Republike Slovenije
Šmartinska cesta 55
Prikaži na zemljevidu
01 478 38 00
is.vog@uf.ufg","{
  ""authority"": ""Vir: Konsolidirana bilanca javnega financiranja za leto 2023, Ministrstvo za finance"",
  ""deadline"": """",
  ""required_documents"": [],
  ""contact_info"": [
    ""01 369 66 10"",
    ""is.vog@fm.pg"",
    ""01 478 38 00"",
    ""is.vog@uf.ufg""
  ]
}","{""type"": ""object""}",regex_draft,review_required,needs_human_review,edited,"{
  ""authority"": ""Finančna uprava Republike Slovenije (FURS)"",
  ""deadline"": """",
  ""required_documents"": [],
  ""contact_info"": [
    ""is.vog@fm.pg"",
    ""is.vog@uf.ufg"",
    ""01 369 66 10"",
    ""01 478 38 00""
  ]
}",Codex-worker-review,Conservative JSON review; unsupported fields left blank.
review-extract-adm-ustanovitev-s-p-dbf0824dfc-sec-002-chunk-04,review-extract-adm-ustanovitev-s-p-dbf0824dfc-sec-002-chunk-04,information_extraction,152,priority_batch,business-procedures,procedure page,Postopek registracije s.p.,adm-ustanovitev-s-p-dbf0824dfc,"[""adm-ustanovitev-s-p-dbf0824dfc-sec-002-chunk-04""]",train,Iz odlomka izlušči ključna postopkovna polja v JSON.,"mu je bila v zadnjih treh letih s pravnomočno odločbo izrečena globa zaradi prekrška v zvezi z izplačilom premoženja, ki je potrebno za ohranjanje osnovnega kapitala družbe.
Omejitve iz 1., 2. in 3. alineje se samodejno preverjajo v sistemu SPOT na podlagi neposredne izmenjave podatkov med organi. V primeru obstoja omejitev vložitev prijave za vpis ni mogoča.
Omejitvi iz 4., 5. in 6. alineje preveri AJPES pred vpisom v poslovni register.
Če je oseba v postopku osebnega stečaja, mora imeti dovoljenje sodišča za poslovanje kot samostojni podjetnik.
Preverjanje omejitev iz 1., 2., 4. in 5. alineje se izvaja tudi za tujce.
""Popoldanski s. p."" je pogovorni izraz, ki označuje poseben tip samostojnega podjetnika. Tak podjetnik opravlja dejavnost kot postranski poklic in v obvezno socialno zavarovanje ni vključen na podlagi opravljanja dejavnosti, temveč na drugi podlagi (praviloma na podlagi delovnega razmerja).
Opravljanje dejavnosti kot postranskega poklica je primerno za posameznika, ki je zaposlen za polni delovni čas ter ima tako plačilo prispevkov za socialno varnost urejeno preko svojega delodajalca. Navadno se dopolnilno dejavnost registrira, kadar gre za manjši obseg dejavnosti in posamezniku redno delo, na podlagi pogodbe o zaposlitvi, ne zadošča ali pa na ta način uresniči svojo željo po ustvarjanju in podjetniškem udejstvovanju.
Pravni status rednega s.p. in popoldanskega s.p. je enak. Prav tako imata enake dolžnosti in pravice. Razlika je torej le v plačilu prispevkov za socialno varnost.
a. Prispevki za socialno varnost
Popoldanski s.p. je tako kot redni s.p. dolžan v osmih dneh od vpisa v Poslovni register Slovenije oddati davčne podatke. To lahko stori na portalu SPOT ali na točki SPOT . Pri oddaji davčnih podatkov je potrebno označiti, da bo podjetnik zavarovan iz drugega naslova. Dolžnost osebe, ki opravlja dejavnost kot postranski poklic, je vključitev v (obrazec M-12; šifra razloga za zavarovanje 10).","{
  ""authority"": """",
  ""deadline"": """",
  ""required_documents"": [],
  ""contact_info"": []
}","{""type"": ""object""}",regex_draft,review_required,needs_human_review,edited,"{
  ""authority"": ""Direktorat za javno naročanje"",
  ""deadline"": """",
  ""required_documents"": [
    ""mu je bila v zadnjih treh letih s pravnomočno odločbo izrečena globa zaradi prekrška v zvezi z izplačilom premoženja, ki je potrebno za ohranjanje osnovnega kapitala družbe""
  ],
  ""contact_info"": []
}",Codex-worker-review,Conservative JSON review; unsupported fields left blank.
review-extract-adm-www-gov-si-9b4bdf2270-sec-001-chunk-01,review-extract-adm-www-gov-si-9b4bdf2270-sec-001-chunk-01,information_extraction,151,priority_batch,administrative-procedure,procedure page,Upravno poslovanje,adm-www-gov-si-9b4bdf2270,"[""adm-www-gov-si-9b4bdf2270-sec-001-chunk-01""]",train,Iz odlomka izlušči ključna postopkovna polja v JSON.,"Upravno poslovanje
Pravila upravnega poslovanja, upravni postopek in inšpekcijski nadzor so ključni elementi delovanja javne uprave, ki skupaj zagotavljajo zakonitost, učinkovitost in zaščito pravic vseh udeležencev.
Upravni postopek
Upravne takse
Informacije javnega značaja
Pravila upravnega poslovanja določajo standarde delovanja upravnih organov in nosilcev javnih pooblastil, ki zagotavljajo kakovostno, uporabniku prijazno upravljanje, urejajo poslovni čas, dokumentarno gradivo ter uporabo in označevanje prostorov in opreme.
Upravni postopek ureja razmerja med organi in strankami pri odločanju o pravicah, obveznostih ali pravnih koristih, pri čemer temeljna načela zagotavljajo poštenost, nepristranskost, pravočasnost in zaščito pravnega položaja strank.
Celostna grafična podoba organov državne uprave
Pravila uporabe natančno definiranih elementov celostne grafične podobe organov državne uprave v Sloveniji določa Uredba o celostni grafični podobi Vlade Republike Slovenije in drugih organov državne uprave .
Leta 2010 je bil pripravljen poseben priročnik celostne grafične podobe (pdf) in spletni priročnik (dstopen v HKOM omrežju). Naknadne spremembe in dopolnitve uredbe v priročniku niso zajete.
Ministrstvo za javno upravo
Tržaška cesta 21
1000 Ljubljana
Prikaži na zemljevidu
01 478 83 30
is.vog@ujm.pg","{
  ""authority"": ""Ministrstvo za javno upravo"",
  ""deadline"": """",
  ""required_documents"": [],
  ""contact_info"": [
    ""01 478 83 30"",
    ""is.vog@ujm.pg""
  ]
}","{""type"": ""object""}",regex_draft,review_required,needs_human_review,edited,"{
  ""authority"": ""Ministrstvo za javno upravo"",
  ""deadline"": """",
  ""required_documents"": [],
  ""contact_info"": [
    ""is.vog@ujm.pg"",
    ""01 478 83 30""
  ]
}",Codex-worker-review,Conservative JSON review; unsupported fields left blank.
review-extract-adm-ustanovitev-s-p-dbf0824dfc-sec-005-chunk-01,review-extract-adm-ustanovitev-s-p-dbf0824dfc-sec-005-chunk-01,information_extraction,151,priority_batch,business-procedures,procedure page,Postopek registracije s.p.,adm-ustanovitev-s-p-dbf0824dfc,"[""adm-ustanovitev-s-p-dbf0824dfc-sec-005-chunk-01""]",train,Iz odlomka izlušči ključna postopkovna polja v JSON.,"Postopek za prenos podjetja na obstoječo družbo poteka v naslednjih korakih:
Korak 1: Sklenitev pogodbe o prenosu podjetja
Namesto sklepa o prenosu podjetja je dolžan podjetnik skleniti pogodbo o prenosu podjetja s poslovodstvom že obstoječe družbe, h kateri bo pripojil vsa svoja sredstva in obveznosti. Pogodba o prenosu podjetja mora biti sklenjena v notarskem zapisu. V tem primeru podjetnik (fizična oseba) postane imetnik deleža v družbi.
Korak 2: Revizija povečanja osnovnega kapitala
Če prevzemna družba zaradi prenosa podjetja poveča osnovni kapital, se smiselno uporabljajo določbe, ki veljajo za povečanje osnovnega kapitala zaradi pripojitve pri d.o.o. Povečanje osnovnega kapitala za izvedbo pripojitve mora pregledati eden ali več revizorjev, hkrati z vpisom prenosa podjetja pa mora biti vpisano v register.
Podjetnik se lahko odloči, da vsega premoženja ne bo vključil v osnovni kapital prevzemne družbe, temveč ga bo poljubno razporedil na druge bilančne postavke. Podjetnik, ki se preoblikuje, prenese na družbo svoje celotno premoženje. Obstaja pa možnost, da na prevzemno družbo prenese le del podjetja in še naprej opravlja svojo dejavnost kot s.p.
Korak 3: Vpis v sodni register
Podjetnik mora vložiti prijavo za vpis prenosa podjetja v sodni register. Predlogu za vpis prenosa je treba predložiti pogodbo o prenosu podjetja.
Podjetnik mora vložiti prijavo za vpis prenosa podjetja v sodni register.
Z vpisom prenosa podjetnikovega podjetja v sodni register podjetnik preneha opravljati dejavnost, s.p. preide na novo družbo, podjetnik pa postane imetnik deležev družbe.","{
  ""authority"": """",
  ""deadline"": """",
  ""required_documents"": [],
  ""contact_info"": []
}","{""type"": ""object""}",regex_draft,review_required,needs_human_review,approved,"{
  ""authority"": """",
  ""deadline"": """",
  ""required_documents"": [],
  ""contact_info"": []
}",Codex-worker-review,Conservative JSON review; unsupported fields left blank.
review-extract-adm-spot-gov-si-722f6a9cfc-sec-001-chunk-01,review-extract-adm-spot-gov-si-722f6a9cfc-sec-001-chunk-01,information_extraction,151,priority_batch,health-procedures,procedure page,Dovoljenje za izdajo zdravil prek medmrežja,adm-spot-gov-si-722f6a9cfc,"[""adm-spot-gov-si-722f6a9cfc-sec-001-chunk-01""]",train,Iz odlomka izlušči ključna postopkovna polja v JSON.,"Dovoljenje za izdajo zdravil prek medmrežja
Postopki
Pristojni organ
Seznam dejavnosti
Pravne podlage
Povezave
Lekarna ali specializirana prodajalna za zdravila mora za opravljanje izdajanja zdravil prek medmrežja izpolnjevati naslednje pogoje :
ima urejeno medmrežno prodajo v skladu s predpisi, ki urejajo elektronsko poslovanje in varstvo potrošnikov glede prodaje prek medmrežja;
zagotavlja varnost pri ustvarjanju, pošiljanju, prejemanju, shranjevanju ali drugi obdelavi podatkov, in sicer v skladu z zakonom, ki ureja varstvo osebnih podatkov;
zagotavlja sistem kakovosti, ki smiselno upošteva načela in smernice dobre distribucijske prakse za zdravila glede sledljivosti, transporta in dostave zdravil na mesto vročanja;
zagotavlja strokovno svetovanje o posameznem zdravilu.
Lekarna ali specializirana prodajalna za zdravila vloži vlogo za dovoljenje za izdajo zdravil prek medmrežja pri ministrstvu, pristojnem za zdravje . V loga vsebuje naslednje podatke :
ime in sedež lekarne z navedbo organizacijske enote, v kateri se bodo izdajala zdravila prek medmrežja ali specializirane prodajalne za zdravila z navedbo lokacije, na kateri se bodo izdajala zdravila prek medmrežja;
številko in datum dokazila o izpolnjevanju pogojev za opravljanje lekarniške dejavnosti ali številko in datum dovoljenja za opravljanje prometa z zdravili na drobno v specializirani prodajalni, ki bo izdajala zdravila prek medmrežja;
dokazila o izpolnjevanju zgoraj navedenih predpisanih pogojev;
datum začetka opravljanja izdaje zdravil prek medmrežja;
naslov spletnega mesta oziroma druge informacije, ki so potrebne za prepoznavo spletnega mesta, ki izdaja zdravila.
Stroški postopka
Upravna taksa za vlogo in odločbo: 22,66 €
Pravno varstvo
Oblika pravnega varstva: Pritožba
Pristojni organ: Ministrstvo za zdravje
Ministrstvo za zdravje
Štefanova ulica 5
1000 Ljubljana
Prikaži na zemljevidu
01 478 60 01
gp.mz@gov.si
https://www.gov.si/drzavni-organi/ministrstva/ministrstvo-za-zdravje/
Trgovina z zdravili na drobno
Zakon o zdravilih (ZZdr-2)
GOV.SI - Izvajalci zdravstvene dejavnosti
GOV.SI - Mreža javne zdravstvene službe","{
  ""authority"": ""Pristojni organ: Ministrstvo za zdravje"",
  ""deadline"": """",
  ""required_documents"": [],
  ""contact_info"": [
    ""01 478 60 01"",
    ""gp.mz@gov.si""
  ]
}","{""type"": ""object""}",regex_draft,review_required,needs_human_review,edited,"{
  ""authority"": ""Ministrstvo za zdravje"",
  ""deadline"": """",
  ""required_documents"": [
    ""dokazila o izpolnjevanju zgoraj navedenih predpisanih pogojev"",
    ""naslov spletnega mesta oziroma druge informacije, ki so potrebne za prepoznavo spletnega mesta, ki izdaja zdravila""
  ],
  ""contact_info"": [
    ""gp.mz@gov.si"",
    ""01 478 60 01""
  ]
}",Codex-worker-review,Conservative JSON review; unsupported fields left blank.
review-extract-adm-www-gov-si-35d96e2e99-sec-005-chunk-01,review-extract-adm-www-gov-si-35d96e2e99-sec-005-chunk-01,information_extraction,151,priority_batch,health-procedures,procedure page,Prijava na strokovne izpite za zdravstvene delavce in sodelavce,adm-www-gov-si-35d96e2e99,"[""adm-www-gov-si-35d96e2e99-sec-005-chunk-01""]",train,Iz odlomka izlušči ključna postopkovna polja v JSON.,"1000 Ljubljana
01 478 60 01
is.vog@zm.pg
Prikaži na zemljevidu
Povezane teme
Mreža javne zdravstvene službe
Sorodne storitve
Izdaja dovoljenj za delo medicinskih laboratorijev
Vloga za delo po novem standardu in vloga za zamenjavo nosilca (ambulante družinske medicine)
Opravljanje pripravništva v tujini
Vloga za izdajo dovoljenja za izdajo zdravil preko medmrežja
Specializacije zdravstvenih delavcev in zdravstvenih sodelavcev
Pripravništvo in strokovni izpit za magistra farmacije
Pripravništvo in strokovni izpit zdravstvenih delavcev in zdravstvenih sodelavcev na področju zdravstvene dejavnosti
Specializacija in specialistični izpit
Specializacija in specialistični izpit s področja farmacije
Specializacija in specialistični izpit s področja medicinske biokemije
Izjava o izpolnjevanju pogojev za izvajanje programov pripravništva
Vloga za podelitev naziva učni zavod
Oprostitev posameznih vsebin strokovnega izpita in oprostitev pripravništva in strokovnega izpita za zdravstvene delavce oziroma zdravstvene sodelavce
Prikaži več","{
  ""authority"": """",
  ""deadline"": """",
  ""required_documents"": [],
  ""contact_info"": [
    ""01 478 60 01"",
    ""is.vog@zm.pg""
  ]
}","{""type"": ""object""}",regex_draft,review_required,needs_human_review,edited,"{
  ""authority"": ""Ministrstvo za zdravje"",
  ""deadline"": """",
  ""required_documents"": [
    ""Izjava o izpolnjevanju pogojev za izvajanje programov pripravništva""
  ],
  ""contact_info"": [
    ""is.vog@zm.pg"",
    ""01 478 60 01""
  ]
}",Codex-worker-review,Conservative JSON review; unsupported fields left blank.
review-extract-adm-www-gov-si-8790763b65-sec-002-chunk-01,review-extract-adm-www-gov-si-8790763b65-sec-002-chunk-01,information_extraction,151,priority_batch,health-procedures,procedure page,Opravljanje zdravilske dejavnosti - licenca in dovoljenje,adm-www-gov-si-8790763b65,"[""adm-www-gov-si-8790763b65-sec-002-chunk-01""]",train,Iz odlomka izlušči ključna postopkovna polja v JSON.,"Zakonodaja
Za opravljanje nekaterih zdravilskih sistemov in zdravilskih metod je treba pridobiti licenco za opravljanje zdravilske dejavnosti.
Licenca je javna listina, ki dokazuje strokovno usposobljenost zdravilca za samostojno izvajanje posameznih zdravilskih sistemov in zdravilskih metod, in ki jo zdravilcu podeli Zdravilska zbornica za dobo sedmih let.
Za podaljšanje licence mora zdravilec v obdobju veljavnosti licence z usposabljanji in izobraževanji obnavljati in izpopolnjevati svoje znanje s področja zdravilstva.
S to vlogo na portalu e-Uprava lahko zaprosite za pridobitev prve licence ali podaljšanje licence za opravljanje zdravilske dejavnosti.
Seznam zdravilcev z veljavnimi licencami za opravljanje zdravilske dejavnosti
Seznam izdanih licenc
Zdravilsko dejavnost lahko opravlja na podlagi dovoljenja zbornice domača ali tuja fizična ali pravna oseba. Do ustanovitve zbornice dovoljenja podeljuje Ministrstvo za zdravje.
Fizična oseba lahko opravlja zdravilsko dejavnost kot:
samostojni podjetnik posameznik ali
posameznik, ki samostojno izvaja zdravilsko dejavnost in ima veljavno licenco, pridobljeno skladno s tem zakonom.
Družba opravlja zdravilsko dejavnost, če ima ustrezne prostore in opremo za izvajanje zdravilske dejavnosti ter zdravilsko dejavnost izvaja zdravilec z veljavno licenco. V prostoru, kjer se izvaja zdravilska dejavnost, se na vidnem mestu objavi osebno ime zdravilca, zdravilska dejavnost, ki jo izvaja in cenik zdravilskih storitev.
Za pridobitev dovoljenja morajo izvajalci izpolnjevati minimalne tehnične zahteve, sanitarno zdravstvene pogoje in imeti ustrezno opremo, pribor in ustrezne kadre.
Izvajalec zdravilske dejavnosti mora k vlogi za izdajo dovoljenja za opravljanje zdravilske dejavnosti priložiti izpolnjeno, podpisano in žigosano izjavo o izpolnjevanju pogojev za opravljanje zdravilske dejavnosti, dokumente pa predložiti na Ministrstvo za zdravje.
Obrazci
Obrazci, prijavnice
izjava o izpolnjevanju pogojev za opravljanje zdravilske dejavnosti
(docx, 20 KB)
Vloga za pridobitev dovoljenja za opravljanje zdravilske dejavnosti","{
  ""authority"": ""Zdravilsko dejavnost lahko opravlja na podlagi dovoljenja zbornice domača ali tuja fizična ali pravna oseba. Do ustanovitve zbornice dovoljenja podeljuje Ministrstvo za zdravje."",
  ""deadline"": """",
  ""required_documents"": [],
  ""contact_info"": []
}","{""type"": ""object""}",regex_draft,review_required,needs_human_review,edited,"{
  ""authority"": ""Zdravilska zbornica Slovenije"",
  ""deadline"": """",
  ""required_documents"": [
    ""izjava o izpolnjevanju pogojev za opravljanje zdravilske dejavnosti""
  ],
  ""contact_info"": []
}",Codex-worker-review,Conservative JSON review; unsupported fields left blank.
review-extract-seed-health-events-sec-002-chunk-01,review-extract-seed-health-events-sec-002-chunk-01,information_extraction,151,priority_batch,health-procedures,procedure page,Zagotavljanje zdravstvenega varstva na prireditvah,seed-health-events,"[""seed-health-events-sec-002-chunk-01""]",train,Iz odlomka izlušči ključna postopkovna polja v JSON.,"Način izvedbe
Zdravstveno varstvo na prireditvah se ureja s pisnim dogovorom med organizatorjem prireditve in izvajalcem zdravstvenega varstva , ki izpolnjuje pogoje za izvajanje zdravstvene dejavnosti in pogoje, določene s Pravilnikom . Dovoljenje za izvajanje zdravstvenega varstva na prireditvah izda Ministrstvo za zdravje.
Izvajalci , ki želijo izvajati zdravstveno varstvo na prireditvah, posredujejo na Ministrstvo za zdravje izpolnjeno vlogo ter priložijo navedeno dokumentacijo. Ministrstvo vlogo obravnava in po izvedenem ugotovitvenem postopku izda odločbo.
Obrazci, prijavnice
Vloga za pridobitev dovoljenja za izvajanje zdravstvenega varstva na prireditvah
(doc, 77 KB)
Smernice in priporočila
Priloga 4 k Pravilniku: Oprema za NMP
(pdf, 63 KB)
Oprema v reanimobilu ali nujnem reševalnem vozilu
(xlsx, 12 KB)
Oprema v nenujnem reševalnem vozilu
(xlsx, 11 KB)
Priloga 2 k Pravilniku: Seznam ustreznih znanj in usposobljenosti za izvajanje zunajbolnišnične službe NMP
(pdf, 226 KB)
Priloga 16 k Pravilniku: Vrste prireditev in zdravstvenega varstva na prireditvah
(pdf, 137 KB)
Pravilnik o službi nujne medicinske pomoči
Oblika
Obrazec / dokument
Po pošti
Institucija
Ministrstvo za zdravje
Zdravje
Štefanova ulica 5
1000 Ljubljana
Prikaži na zemljevidu
01 478 60 01
is.vog@zm.pg
Povezane teme
Nujna medicinska pomoč
Sorodne storitve
Potrdilo o izpolnjevanju pogojev za reševalca na smučišču","{
  ""authority"": ""Zdravstveno varstvo na prireditvah se ureja s pisnim dogovorom med organizatorjem prireditve in izvajalcem zdravstvenega varstva , ki izpolnjuje pogoje za izvajanje zdravstvene dejavnosti in pogoje, določene s Pravilnikom . Dovoljenje za izvajanje zdravstvenega varstva na prireditvah izda Ministrstvo za zdravje."",
  ""deadline"": """",
  ""required_documents"": [],
  ""contact_info"": [
    ""01 478 60 01"",
    ""is.vog@zm.pg""
  ]
}","{""type"": ""object""}",regex_draft,review_required,needs_human_review,edited,"{
  ""authority"": ""Ministrstvo za zdravje"",
  ""deadline"": """",
  ""required_documents"": [
    ""Priloga 4 k Pravilniku: Oprema za NMP"",
    ""Priloga 2 k Pravilniku: Seznam ustreznih znanj in usposobljenosti za izvajanje zunajbolnišnične službe NMP"",
    ""Priloga 16 k Pravilniku: Vrste prireditev in zdravstvenega varstva na prireditvah"",
    ""Obrazec / dokument""
  ],
  ""contact_info"": [
    ""is.vog@zm.pg"",
    ""01 478 60 01""
  ]
}",Codex-worker-review,Conservative JSON review; unsupported fields left blank.
review-extract-slo-admin-012-sec-002-chunk-01,review-extract-slo-admin-012-sec-002-chunk-01,information_extraction,151,priority_batch,vat,procedure page,Davek na dodano vrednost (DDV),slo-admin-012,"[""slo-admin-012-sec-002-chunk-01""]",train,Iz odlomka izlušči ključna postopkovna polja v JSON.,"Navodila za vpis zahtevka za izdajo identifikacijske številke za davek na dodano vrednost (DDV-P2)
- Navodilo za vpis zahtevka za izdajo identifikacijske stevilke za DDV (pdf)
- Zavezanec za DDV postanete, če presežete znesek letnega prometa, ki je določen za oprostitev obračunavanja DDV, in sicer:
- če v tekočem koledarskem letu presežete 60.000 evrov letnega prometa (brez DDV) na ozemlju Slovenije, ne presežete pa 66.000 evrov letnega prometa, morate v tekočem koledarskem letu pravočasno predložiti obrazec DDV-P2 (praviloma pred zadnjim mesecem tekočega leta), saj mora biti od obdavčene transakcije, opravljene od vključno 1. 1. naslednjega leta, obračunan DDV, ali
- če v tekočem koledarskem letu presežete 66.000 evrov letnega prometa na ozemlju Slovenije, morate pravočasno predložiti obrazec DDV-P2 (praviloma pred mesecem, v katerem presežete navedeni znesek), saj mora biti od obdavčene transakcije, s katero v tekočem koledarskem letu presežete prej navedeni znesek, obračunan DDV.
- Zavezanec za DDV lahko postanete tudi na lastno željo , čeprav vaš obdavčljivi promet v tekočem koledarskem letu ne presega zneska 60.000 evrov letnega prometa na ozemlju Slovenije. V tem primeru morate izbiro uporabljati najmanj v tekočem in naslednjem koledarskem letu.
- Kmečko gospodinjstvo:
Za OKGD (osnovno kmetijsko in osnovno gozdarsko dejavnost), če se dohodek iz te dejavnosti ugotavlja na podlagi dejanskih prihodkov in dejanskih odhodkov oziroma dejanskih prihodkih in normiranih odhodkih, velja glede obveznosti identifikacije za namene DDV in višine prometa enako kot zgoraj navedeno.
Če se dohodek iz OKGD ugotavlja na podlagi pavšalne ocene (po katastrskem dohodku), je davčni zavezanec oproščen obračunavanja DDV (se mu iz tega naslova ni treba identificirati za namene DDV). Lahko pa postane zavezanec za DDV, v tem primeru mora izbiro uporabljati najmanj v tekočem in naslednjem koledarskem letu in od opravljenih transakcij obračunavati DDV.
- Zahtevek za izdajo identifikacijske številke za DDV mora predložiti tudi davčni zavezanec, katerega skupni znesek pridobitev blaga znotraj Unije (od davčnih zavezancev, identificiranih za namene DDV v tej drugi državi članici) v tekočem koledarskem letu preseže 10.000 EUR. Zahtevek mora predložiti že za mesec, v katerem je verjetno, da bo skupni znesek pridobitev v tekočem koledarskem letu presegel 10.000 EUR.
Davčni zavezanec se lahko zaradi pridobitev blaga za DDV identificira prostovoljno, v takem primeru mora ostati v sistemu najmanj 2 koledarski leti.","{
  ""authority"": """",
  ""deadline"": """",
  ""required_documents"": [
    ""če v tekočem koledarskem letu presežete 60.000 evrov letnega prometa (brez DDV) na ozemlju Slovenije, ne presežete pa 66.000 evrov letnega prometa, morate v tekočem koledarskem letu pravočasno predložiti obrazec DDV-P2 (praviloma pred zadnjim mesecem tekočega leta), saj mora biti od obdavčene transakcije, opravljene od vključno 1. 1. naslednjega leta, obračunan DDV, ali"",
    ""če v tekočem koledarskem letu presežete 66.000 evrov letnega prometa na ozemlju Slovenije, morate pravočasno predložiti obrazec DDV-P2 (praviloma pred mesecem, v katerem presežete navedeni znesek), saj mora biti od obdavčene transakcije, s katero v tekočem koledarskem letu presežete prej navedeni znesek, obračunan DDV.""
  ],
  ""contact_info"": []
}","{""type"": ""object""}",regex_draft,review_required,needs_human_review,edited,"{
  ""authority"": """",
  ""deadline"": """",
  ""required_documents"": [
    ""če v tekočem koledarskem letu presežete 60.000 evrov letnega prometa (brez DDV) na ozemlju Slovenije, ne presežete pa 66.000 evrov letnega prometa, morate v tekočem koledarskem letu pravočasno predložiti obrazec DDV-P2 (praviloma pred zadnjim mesecem tekočega leta), saj mora biti od obdavčene transakcije, opravljene od vključno 1. 1. naslednjega leta, obračunan DDV, ali"",
    ""če v tekočem koledarskem letu presežete 66.000 evrov letnega prometa na ozemlju Slovenije, morate pravočasno predložiti obrazec DDV-P2 (praviloma pred mesecem, v katerem presežete navedeni znesek), saj mora biti od obdavčene transakcije, s katero v tekočem koledarskem letu presežete prej navedeni znesek, obračunan DDV""
  ],
  ""contact_info"": []
}",Codex-worker-review,Conservative JSON review; unsupported fields left blank.
review-extract-slo-admin-012-sec-002-chunk-02,review-extract-slo-admin-012-sec-002-chunk-02,information_extraction,151,priority_batch,vat,procedure page,Davek na dodano vrednost (DDV),slo-admin-012,"[""slo-admin-012-sec-002-chunk-02""]",train,Iz odlomka izlušči ključna postopkovna polja v JSON.,"Davčni zavezanec se lahko zaradi pridobitev blaga za DDV identificira prostovoljno, v takem primeru mora ostati v sistemu najmanj 2 koledarski leti.
- Vsak davčni zavezanec, ki ima sedež v Republiki Sloveniji in na ozemlju druge države članice opravlja storitve, za katere mora v skladu s 196. členom Direktive o DDV plačati DDV izključno prejemnik storitve, razen če je v tej drugi državi članici oproščen obračunavanja DDV po posebni čezmejni SME ureditvi. Identifikacijsko številko za DDV mora pridobiti pred prvo opravljeno storitvijo oziroma že za mesec, v katerem je verjetno, da bo opravil take storitve.
- Vsak davčni zavezanec, ki ima sedež v Sloveniji in prejme storitve, za katere mora v skladu s 3.točko prvega odstavka 76. člena ZDDV-1 plačati DDV izključno prejemnik storitve, razen če prejema te storitve le od davčnih zavezancev s sedežem v drugi državi članici, ki so v Sloveniji oproščeni obračunavanja DDV po posebni čezmejni SME ureditvi. Identifikacijsko številko za DDV mora pridobiti pred prvo prejeto storitvijo oziroma že za mesec, v katerem je verjetno, da bo prejel take storitve (od davčnega zavezanca iz druge države članice ali tretje države).
2. Identifikacija za namene DDV davčnega zavezanca, ki nima sedeža v Republiki Sloveniji
V primeru, da vaše podjetje nima sedeža v Sloveniji in bo opravilo obdavčljivo dobavo blaga ali storitev na ozemlju Slovenije, je treba davčnemu organu predložiti zahtevek za izdajo identifikacijske številke za DDV - DDV-P3 , razen če:
- ste v Sloveniji oproščeni obračunavanja DDV po posebni čezmejni SME ureditvi;
- v Sloveniji opravljate le transakcije končnim potrošnikom in obračunavate DDV na podlagi posebne ureditve za storitve, ki jih opravljajo davčni zavezanci, ki nimajo sedeža v Uniji (neunijski VEM/OSS) v skladu z 2. oddelkom 6. poglavja XII. naslova Direktive o DDV;
- v Slovenijo opravljate le prodaje blaga in storitev končnim potrošnikom in obračunavate DDV na podlagi posebne ureditve za prodajo blaga na daljavo znotraj Unije, za dobavo blaga v državi članici prek elektronskih vmesnikov, ki omogočajo dobavo, in za storitve, ki jih opravljajo davčni zavezanci, ki imajo sedež znotraj Unije, vendar ne v državi članici potrošnje (unijski VEM/OSS) v skladu s 3. oddelkom 6. poglavja XII. naslova Direktive o DDV;
- v Sloveniji občasno opravljate le storitve mednarodnega cestnega prevoza potnikov in DDV obračunavate na podlagi posebne ureditve za opravljanje storitev mednarodnega občasnega cestnega prevoza potnikov iz 8. podpoglavja XI. poglavja ZDDV-1.","{
  ""authority"": """",
  ""deadline"": """",
  ""required_documents"": [],
  ""contact_info"": []
}","{""type"": ""object""}",regex_draft,review_required,needs_human_review,edited,"{
  ""authority"": ""Direktorat za javno naročanje"",
  ""deadline"": """",
  ""required_documents"": [],
  ""contact_info"": []
}",Codex-worker-review,Conservative JSON review; unsupported fields left blank.
review-extract-slo-admin-012-sec-002-chunk-03,review-extract-slo-admin-012-sec-002-chunk-03,information_extraction,151,priority_batch,vat,procedure page,Davek na dodano vrednost (DDV),slo-admin-012,"[""slo-admin-012-sec-002-chunk-03""]",train,Iz odlomka izlušči ključna postopkovna polja v JSON.,"- v Sloveniji občasno opravljate le storitve mednarodnega cestnega prevoza potnikov in DDV obračunavate na podlagi posebne ureditve za opravljanje storitev mednarodnega občasnega cestnega prevoza potnikov iz 8. podpoglavja XI. poglavja ZDDV-1.
Več informacij glede posebnih ureditev VEM/OSS in posebne ureditve za opravljanje storitev mednarodnega občasnega cestnega prevoza potnikov je objavljenih na naslednjih povezavah:
- Posebne ureditve VEM/OSS ,
- Posebna ureditev za opravljanje storitev mednarodnega občasnega cestnega prevoza potnikov .
Davčnemu zavezancu, ki nima sedeža v Republiki Sloveniji in v Republiki Sloveniji opravi obdavčljivo dobavo davčnemu zavezancu, ki je identificiran za namene DDV po splošni ureditvi (ni ""atipični"" davčni zavezanec), se ni treba obvezno identificirati za namene DDV (v tem primeru je plačnik DDV prejemnik na podlagi tretjega odstavka 76. člena ZDDV-1), lahko pa se odloči in se identificira za namene DDV v Sloveniji (v tem primeru je plačnik DDV davčni zavezanec, ki v Sloveniji nima sedeža).
Davčni zavezanec, ki nima sedeža v Sloveniji, pa se mora identificirati za namene DDV, če na ozemlju Slovenije:
- opravi pridobitev blaga, od katere mora obračunati DDV;
- opravi prenos lastnega blaga v Republiko Slovenijo, od katerega mora obračunati DDV;
- opravi dobavo blaga znotraj Unije, za katero so izpolnjeni pogoji za oprostitev plačila DDV in o kateri mora poročati v rekapitulacijskem poročilu;
- opravi dobavo blaga ali storitev davčnemu zavezancu, ki ni identificiran za namene DDV v splošno ureditev.
Davčni zavezanci in identifikacija za namene DDV
Postopek identifikacije za namene DDV v primeru tujega podjetja, ki v Republiki Sloveniji nima sedeža, na ozemlju Republike Slovenije pa opravlja dejavnost
Tudi , če imate sedež podjetja v drugi državi, v Sloveniji pa opravljate obdavčljive dobave blaga ali storitev (za katere kot plačnik ni določen prejemnik storitve), se morate pred prvo opravljeno dobavo identificirati za namene DDV, razen v zgoraj navedenih primerih, za katere vam ne nastane obveznost i identifikacije za namene DDV. Najprej pa morate pridobiti slovensko davčno številko.
Zahtevek za izdajo identifikacijske številke za DDV (DDV-P3)
Najmanj 15 dni pred začetkom opravljanja dejavnosti morate predložiti zahtevek za izdajo identifikacijske številke za DDV. Zahtevek se vloži v elektronski obliki z obrazcem DDV-P3 preko sistema eDavki .
K zahtevku morate priložiti :
- potrdilo pristojnega organa države, kjer imate sedež, da ste dolžni obračunavati DDV v tej državi, ali izpis iz poslovnega registra, ki dokazuje, da ste v matični državi registrirani kot poslovni subjekt,","{
  ""authority"": """",
  ""deadline"": ""Najmanj 15 dni pred začetkom opravljanja dejavnosti morate predložiti zahtevek za izdajo identifikacijske številke za DDV. Zahtevek se vloži v elektronski obliki z obrazcem DDV-P3 preko sistema eDavki ."",
  ""required_documents"": [
    ""potrdilo pristojnega organa države, kjer imate sedež, da ste dolžni obračunavati DDV v tej državi, ali izpis iz poslovnega registra, ki dokazuje, da ste v matični državi registrirani kot poslovni subjekt,""
  ],
  ""contact_info"": []
}","{""type"": ""object""}",regex_draft,review_required,needs_human_review,edited,"{
  ""authority"": ""Finančna uprava Republike Slovenije (FURS)"",
  ""deadline"": ""Najmanj 15 dni pred začetkom opravljanja dejavnosti morate predložiti zahtevek za izdajo identifikacijske številke za DDV"",
  ""required_documents"": [
    ""K zahtevku morate priložiti :"",
    ""potrdilo pristojnega organa države, kjer imate sedež, da ste dolžni obračunavati DDV v tej državi, ali izpis iz poslovnega registra, ki dokazuje, da ste v matični državi registrirani kot poslovni subjekt""
  ],
  ""contact_info"": []
}",Codex-worker-review,Conservative JSON review; unsupported fields left blank.
review-extract-slo-admin-012-sec-002-chunk-04,review-extract-slo-admin-012-sec-002-chunk-04,information_extraction,151,priority_batch,vat,procedure page,Davek na dodano vrednost (DDV),slo-admin-012,"[""slo-admin-012-sec-002-chunk-04""]",train,Iz odlomka izlušči ključna postopkovna polja v JSON.,"- potrdilo pristojnega organa države, kjer imate sedež, da ste dolžni obračunavati DDV v tej državi, ali izpis iz poslovnega registra, ki dokazuje, da ste v matični državi registrirani kot poslovni subjekt,
- dokazilo, iz katerega je razvidno, da nameravate opravljati dejavnost v Sloveniji.
Davčni organ vam izda odločbo o identifikaciji za namene DDV najpozneje do dneva , ki ste ga navedli v zahtevku, da boste opravili obdavčljivo dobavo.
Po zakonu morate obračunavati DDV in izpolnjevati druge obveznosti iz naslova DDV najpozneje z dnem, ko ste začeli opravljati obdavčljivo dejavnost v Sloveniji.
Kot tuj davčni zavezanec, ki pridobi slovensko davčno številko in ID za DDV, morate mesečno predlagati obračun DDV .
Več o ID za DDV za tuje poslovne subjekte (v angleščini)
Obračun davka na dodano vrednost (DDV)
Kot davčni zavezanec, identificiran za namene DDV, morate davčnemu uradu obvezno predložiti obračun davka na dodano vrednost DDV-O .
Predložiti ga morate za vsako davčno obdobje posebej , ne glede na to, ali ste za davčno obdobje, za katero predložite obračun, dolžni plačati DDV.
Davčno obdobje je koledarski mesec ali koledarsko trimesečje, odvisno od doseženega obdavčljivega prometa v preteklem koledarskem letu ter nekaterih drugih pogojev.
Skrajni rok predložitve obračuna DDV je zadnji delovni dan naslednjega meseca po poteku davčnega obdobja, v nekaterih primerih pa tudi prej (npr. če opravljate transakcije znotraj Evropske unije in ste dolžni predložiti rekapitulacijsko poročilo, morate obračun DDV predložiti do 20. dne naslednjega meseca po poteku davčnega obdobja).
Davčnemu organu lahko predložite obračun davka na dodano vrednost DDV-O . samo v elektronski obliki prek sistema eDavki . Za uporabo sistema eDavki potrebujete digitalno potrdilo .
Sistem vse na enem mestu (VEM, ang. OSS)
Sistem vse na enem mestu (VEM, ang. OSS) velja za storitve med podjetji in končnimi potrošniki, ki se opravljajo v državah članicah, v katerih ponudnik nima sedeža, prodajo blaga na daljavo znotraj Unije in nekatere domače dobave blaga.
Z uporabo poenostavljenih postopkov je davčnim zavezancem omogočeno, da lahko vse obveznosti do davčnega organa v zvezi z opravljanjem čezmejnih storitev in dobav blaga, za katere je kraj obdavčitve v namembni državi članici , izpolnjujejo v državi članici sedeža in se jim ni treba več identificirati za namene DDV v vsaki državi članici, v kateri se šteje, da je opravljena dobava blaga ali storitev, za katere se kraj obdavčitve določi v tej namembni državi članici (do uvedbe VEM je bilo to omogočeno le za opravljanje čezmejnih telekomunikacijskih storitev, storitev oddajanja in elektronskih storitev).","{
  ""authority"": ""Davčni organ vam izda odločbo o identifikaciji za namene DDV najpozneje do dneva , ki ste ga navedli v zahtevku, da boste opravili obdavčljivo dobavo."",
  ""deadline"": """",
  ""required_documents"": [
    ""potrdilo pristojnega organa države, kjer imate sedež, da ste dolžni obračunavati DDV v tej državi, ali izpis iz poslovnega registra, ki dokazuje, da ste v matični državi registrirani kot poslovni subjekt,"",
    ""dokazilo, iz katerega je razvidno, da nameravate opravljati dejavnost v Sloveniji.""
  ],
  ""contact_info"": []
}","{""type"": ""object""}",regex_draft,review_required,needs_human_review,edited,"{
  ""authority"": ""Finančna uprava Republike Slovenije (FURS)"",
  ""deadline"": """",
  ""required_documents"": [
    ""potrdilo pristojnega organa države, kjer imate sedež, da ste dolžni obračunavati DDV v tej državi, ali izpis iz poslovnega registra, ki dokazuje, da ste v matični državi registrirani kot poslovni subjekt"",
    ""dokazilo, iz katerega je razvidno, da nameravate opravljati dejavnost v Sloveniji""
  ],
  ""contact_info"": []
}",Codex-worker-review,Conservative JSON review; unsupported fields left blank.
review-extract-adm-vpis-v-register-zdravstvenih-delavce-605e73e53f-sec-001-chunk-01,review-extract-adm-vpis-v-register-zdravstvenih-delavce-605e73e53f-sec-001-chunk-01,information_extraction,150,priority_batch,health-procedures,procedure page,Vpis v register zdravstvenih delavcev in sodelavcev,adm-vpis-v-register-zdravstvenih-delavce-605e73e53f,"[""adm-vpis-v-register-zdravstvenih-delavce-605e73e53f-sec-001-chunk-01""]",train,Iz odlomka izlušči ključna postopkovna polja v JSON.,"Vpis v register zdravstvenih delavcev in sodelavcev
SI
Družina, otroci, zakonska zveza
Osebni dokumenti, potrdila, selitev
Država in družba
Nepremičnine in okolje
Izobraževanje, kultura
Promet in prometna infrastruktura
Delo in upokojitev
Kmetijstvo, gozdarstvo, prehrana
Davki
Potovanja
Storitve občin
Javni sektor
Delo
Vpis v register zdravstvenih delavcev in sodelavcev
Skoči na filtre seznama
Filtriranje se bo izvedlo ob spremembi izbire filtra in ne zahteva dodatne potrditve.
Delo :
Zdravstveni delavci in sodelavci se morajo pred pričetkom samostojnega opravljanja dela v zdravstveni dejavnosti vpisati v register zdravstvenih delavcev in zdravstvenih sodelavcev.
Z uveljavitvijo Pravilnika o registru zdravstvenih delavcev in zdravstvenih sodelavcev v zdravstveni dejavnosti (Uradni list RS, št. 44/24) zdravstvenega delavca oziroma zdravstvenega sodelavca Ministrstvo za zdravje vpiše v register po uradni dolžnosti po opravljenem strokovnem izpitu oziroma po opravljenem specialističnem izpitu.
Če delavec strokovni izpit oziroma specialistični izpit opravlja pri pooblaščenem izvajalcu, ga Ministrstvo za zdravje vpiše po uradni dolžnosti na podlagi podatkov, ki jih posreduje pooblaščeni izvajalec strokovnega izpita.
Delavec, ki je strokovni izpit opravljal pred uveljavitvijo Pravilnika o registru zdravstvenih delavcev in zdravstvenih sodelavcev v zdravstveni dejavnosti (Uradni list RS, št. 44/24) in ni vpisan v register, lahko vloži vlogo za vpis v register pri Ministrstvu za zdravje elektronsko, po pošti ali osebno.
Ministrstvo za zdravje po vpisu v register delavcu izda potrdilo o vpisu v register.
Vloga za vpis v register zdravstvenih delavcev in zdravstvenih sodelavcev v zdravstveni dejavnosti
Dodajte opomnik
Uredite nastavitve obveščanja
Z vlogo lahko oseba zaprosi za vpis v register zdravstvenih delavcev in zdravstvenih sodelavcev pri Ministrstvu za zdravje.
Možni načini oddaje:
elektronsko
po pošti
osebno
Začnite postopek
PRAVNA PODLAGA
Zakon o zdravstveni dejavnosti
Pravilnik o registru zdravstvenih delavcev in zdravstvenih sodelavcev v zdravstveni dejavnosti
Odredba o seznamu izvajalcev zdravstvenih poklicev, ki morajo biti vpisani v register in imeti veljavno licenco
PRISTOJNI ORGAN
Ministrstvo za zdravje","{
  ""authority"": ""Z uveljavitvijo Pravilnika o registru zdravstvenih delavcev in zdravstvenih sodelavcev v zdravstveni dejavnosti (Uradni list RS, št. 44/24) zdravstvenega delavca oziroma zdravstvenega sodelavca Ministrstvo za zdravje vpiše v register po uradni dolžnosti po opravljenem strokovnem izpitu oziroma po opravljenem specialističnem izpitu."",
  ""deadline"": """",
  ""required_documents"": [],
  ""contact_info"": []
}","{""type"": ""object""}",regex_draft,review_required,needs_human_review,edited,"{
  ""authority"": ""Ministrstvo za zdravje"",
  ""deadline"": """",
  ""required_documents"": [],
  ""contact_info"": []
}",Codex-worker-review,Conservative JSON review; unsupported fields left blank.
review-extract-slo-admin-023-sec-001-chunk-01,review-extract-slo-admin-023-sec-001-chunk-01,information_extraction,150,priority_batch,health-procedures,procedure page,Vloga za zagotavljanje zdravstvenega varstva na prireditvah,slo-admin-023,"[""slo-admin-023-sec-001-chunk-01""]",val,Iz odlomka izlušči ključna postopkovna polja v JSON.,"Vloga za zagotavljanje zdravstvenega varstva na prireditvah
Zagotavljanje zdravstvenega varstva na prireditvah
Zagotavljanje zdravstvenega varstva na nezahtevnih prireditvah tipa A in B
Dovoljenje za zagotavljanje zdravstvenega varstva na nezahtevnih prireditvah tipa A in B od 1. 11. 2016 ni več potrebno . Izpolnjevanje pogojev za izvajanje zdravstvenega varstva na prireditvah opravi uradna oseba upravne enote v okviru postopka izdaje dovoljenja za organizacijo javne prireditve . V prijavi javne prireditve organizatorji navedejo:
- izvajalca zdravstvenega varstva na prireditvi,
- predložijo dokazilo, da je izvajalec zdravstvenega varstva na prireditvi opravil najmanj 10-urni tečaj prve pomoči, ki ni starejše od 5 let in vključuje znanja in veščine temeljih postopkov oživljanja,
- izjavo o zagotavljanju kompleta prve pomoči, ki je del obvezne opreme motornih vozil kot to določa Pravilnik o službi nujne medicinske pomoči (Pravilnik; Priloga 16).
Pravne osebe oziroma društva se v primeru nezahtevnih prireditev tipa A in B obravnava enako kot fizične osebe. Zato se v postopku izdaje dovoljenja za izvedbo javne prireditve, na kateri bo izvajalec zdravstvenega varstva pravna oseba, preverja:
- ustreznost priloženega dokazila zaposlenih (kar se izkazuje z dokazilom o zaposlitvi) oziroma članov (dokazilo o članstvu) o opravljenem najmanj 10-urnem tečaju prve pomoči, ki ni starejše od 5 let in vključuje znanja in veščine temeljih postopkov oživljanja,
- izjavo o zagotavljanju kompleta prve pomoči, ki je del obvezne opreme motornih vozil kot to določa Pravilnik (Priloga 16).
Pri kvalificiranih zdravstvenih delavcih zadostuje potrdilo o zaključenem izobraževanju oziroma uspešno opravljenem strokovnem izpitu. Zanje se smatra, da so s tem ustrezno usposobljeni za izvajanje zdravstvenega varstva na nezahtevnih prireditvah tipa A in B kot to zahteva Pravilnik (Priloga 16).
Zagotavljanje zdravstvenega varstva na prireditvah za izvajalce zdravstvenega varstva
Pravilnik opredeljuje enotno ureditev zdravstvenega varstva na prireditvah. V njem so določeni ključni kriteriji za razvrščanje tipa prireditve glede na:
- velikost prireditve,
- ogroženosti z vidika zdravja in
- potreb po vrsti zdravstvene ekipe.","{
  ""authority"": """",
  ""deadline"": """",
  ""required_documents"": [
    ""predložijo dokazilo, da je izvajalec zdravstvenega varstva na prireditvi opravil najmanj 10-urni tečaj prve pomoči, ki ni starejše od 5 let in vključuje znanja in veščine temeljih postopkov oživljanja,"",
    ""izjavo o zagotavljanju kompleta prve pomoči, ki je del obvezne opreme motornih vozil kot to določa Pravilnik o službi nujne medicinske pomoči (Pravilnik; Priloga 16)."",
    ""ustreznost priloženega dokazila zaposlenih (kar se izkazuje z dokazilom o zaposlitvi) oziroma članov (dokazilo o članstvu) o opravljenem najmanj 10-urnem tečaju prve pomoči, ki ni starejše od 5 let in vključuje znanja in veščine temeljih postopkov oživljanja,"",
    ""izjavo o zagotavljanju kompleta prve pomoči, ki je del obvezne opreme motornih vozil kot to določa Pravilnik (Priloga 16).""
  ],
  ""contact_info"": []
}","{""type"": ""object""}",regex_draft,review_required,needs_human_review,edited,"{
  ""authority"": ""Ministrstvo za zdravje"",
  ""deadline"": """",
  ""required_documents"": [
    ""predložijo dokazilo, da je izvajalec zdravstvenega varstva na prireditvi opravil najmanj 10-urni tečaj prve pomoči, ki ni starejše od 5 let in vključuje znanja in veščine temeljih postopkov oživljanja"",
    ""izjavo o zagotavljanju kompleta prve pomoči, ki je del obvezne opreme motornih vozil kot to določa Pravilnik o službi nujne medicinske pomoči (Pravilnik; Priloga 16)"",
    ""ustreznost priloženega dokazila zaposlenih (kar se izkazuje z dokazilom o zaposlitvi) oziroma članov (dokazilo o članstvu) o opravljenem najmanj 10-urnem tečaju prve pomoči, ki ni starejše od 5 let in vključuje znanja in veščine temeljih postopkov oživljanja"",
    ""izjavo o zagotavljanju kompleta prve pomoči, ki je del obvezne opreme motornih vozil kot to določa Pravilnik (Priloga 16)""
  ],
  ""contact_info"": []
}",Codex-worker-review,Conservative JSON review; unsupported fields left blank.
review-extract-adm-vpis-v-davcni-register-8b1a4708bf-sec-001-chunk-01,review-extract-adm-vpis-v-davcni-register-8b1a4708bf-sec-001-chunk-01,information_extraction,150,priority_batch,tax-registration,procedure page,Vpis v davčni register,adm-vpis-v-davcni-register-8b1a4708bf,"[""adm-vpis-v-davcni-register-8b1a4708bf-sec-001-chunk-01""]",train,Iz odlomka izlušči ključna postopkovna polja v JSON.,"Vpis v davčni register
Davčni register je register, v katerem so vpisani vsi zavezanci za davek. Vodi ga Finančna uprava Republike Slovenije.
Davčna številka
E-postopki SPOT
Kako se vpišete v davčni register?
Vpis samostojnega podjetnika v davčni register
Vpis pravne osebe v davčni register
Prijava sprememb podatkov davčnemu organu
Z vpisom v davčni register vam je dodeljena davčna številka . Davčna številka je identifikacijska številka, ki se uporablja v zvezi z vsemi davki ter za enotno opredelitev in povezavo podatkov v davčnih evidencah, ki jih vodi Finančna uprava RS. Je osemmestna številka.
Vpis v davčni register ne pomeni vstopa v DDV sistem. Davčna številka zavezanca se razlikuje od identifikacijske DDV številke s predpono SI ter zahteva oddajo ločene vloge. Več o tem si preberite na https://spot.gov.si/sl/teme/davek-na-dodano-vrednost-ddv/
Prijava davčnih podatkov
Začni
V davčni register se vpišete po uradni dolžnosti . Vpis izvede finančni urad na podlagi podatkov iz Poslovnega registra Slovenije (PRS).
Ne glede na to, morate oddati podatke o:
številu in lokaciji poslovnih prostorov, ki se uporabljajo za opravljanje dejavnosti in pridobivanje prihodkov,
poslovnih enotah v tujini,
kapitalskih naložbah doma in v tujini,
številkah plačilnih računov v tujini,
povezanih osebah,
osebi, ki vodi poslovne knjige,
dnevu v mesecu za izplačilo plač (ta velja le za s.p.).
Te podatke lahko oddate hkrati s prijavo za vpis v Poslovni register Slovenije že ob samem postopku ustanovitve podjetja preko portala SPOT ali na točki SPOT .
Lahko pa jih Finančni upravi Republike Slovenije dostavite na obrazcu DR-03 ali DR-04 tudi pozneje, in sicer najkasneje v 8 dneh po vpisu v Poslovni register Slovenije (PRS):
preko portala SPOT,
na točki SPOT , ali
neposredno na Finančni upravi Republike Slovenije
Samostojni podjetnik za vpis dejavnosti v davčni register izpolni obrazec DR-03 .
Samostojni podjetnik je fizična oseba, ki na trgu opravlja pridobitno dejavnost. Zato vam v primeru, da se vpišete v davčni register kot samostojni podjetnik, Finančna uprava Republike Slovenije ne dodeli nove davčne številke, ampak kot samostojni podjetnik uporabljate davčno številko, ki vam je bila dodeljena kot fizični osebi .
Več o postopku vpisa samostojnega podjetnika v davčni register+
Pravna oseba (npr. d.o.o., d.d.) za vpis v davčni register izpolni obrazec DR-04 .
Kot pravna oseba se v postopku ustanovitve podjetja vpišete tudi v davčni register in pridobite (novo naključno določeno) davčno številko (navedena je na Sklepu o registraciji podjetja).","{
  ""authority"": """",
  ""deadline"": ""Lahko pa jih Finančni upravi Republike Slovenije dostavite na obrazcu DR-03 ali DR-04 tudi pozneje, in sicer najkasneje v 8 dneh po vpisu v Poslovni register Slovenije (PRS):"",
  ""required_documents"": [],
  ""contact_info"": []
}","{""type"": ""object""}",regex_draft,review_required,needs_human_review,edited,"{
  ""authority"": ""Finančna uprava Republike Slovenije (FURS)"",
  ""deadline"": ""v 8 dneh po vpisu v Poslovni register Slovenije (PRS):"",
  ""required_documents"": [
    ""Samostojni podjetnik za vpis dejavnosti v davčni register izpolni obrazec DR-03 "",
    ""Pravna oseba (npr. d.o.o., d.d.) za vpis v davčni register izpolni obrazec DR-04 ""
  ],
  ""contact_info"": []
}",Codex-worker-review,Conservative JSON review; unsupported fields left blank.
review-extract-slo-admin-011-sec-002-chunk-01,review-extract-slo-admin-011-sec-002-chunk-01,information_extraction,150,priority_batch,tax-registration,procedure page,Vpis v davčni register,slo-admin-011,"[""slo-admin-011-sec-002-chunk-01""]",train,Iz odlomka izlušči ključna postopkovna polja v JSON.,"E-postopki SPOT
Prijava davčnih podatkov
Kako se vpišete v davčni register?
V davčni register se vpišete po uradni dolžnosti . Vpis izvede finančni urad na podlagi podatkov iz Poslovnega registra Slovenije (PRS).
Ne glede na to, morate oddati podatke o:
- številu in lokaciji poslovnih prostorov, ki se uporabljajo za opravljanje dejavnosti in pridobivanje prihodkov,
- poslovnih enotah v tujini,
- kapitalskih naložbah doma in v tujini,
- številkah plačilnih računov v tujini,
- povezanih osebah,
- osebi, ki vodi poslovne knjige,
- dnevu v mesecu za izplačilo plač (ta velja le za s.p.).
Te podatke lahko oddate hkrati s prijavo za vpis v Poslovni register Slovenije že ob samem postopku ustanovitve podjetja preko portala SPOT ali na točki SPOT .
Lahko pa jih Finančni upravi Republike Slovenije dostavite na obrazcu DR-03 ali DR-04 tudi pozneje, in sicer najkasneje v 8 dneh po vpisu v Poslovni register Slovenije (PRS):
- preko portala SPOT,
- na točki SPOT , ali
- neposredno na Finančni upravi Republike Slovenije
Vpis samostojnega podjetnika v davčni register
Samostojni podjetnik za vpis dejavnosti v davčni register izpolni obrazec DR-03 .
Samostojni podjetnik je fizična oseba, ki na trgu opravlja pridobitno dejavnost. Zato vam v primeru, da se vpišete v davčni register kot samostojni podjetnik, Finančna uprava Republike Slovenije ne dodeli nove davčne številke, ampak kot samostojni podjetnik uporabljate davčno številko, ki vam je bila dodeljena kot fizični osebi .
Več o postopku vpisa samostojnega podjetnika v davčni register+
Vpis pravne osebe v davčni register
Pravna oseba (npr. d.o.o., d.d.) za vpis v davčni register izpolni obrazec DR-04 .
Kot pravna oseba se v postopku ustanovitve podjetja vpišete tudi v davčni register in pridobite (novo naključno določeno) davčno številko (navedena je na Sklepu o registraciji podjetja).
V primeru, da obrazec DR-04 (oziroma davčne podatke) predložite v roku 8 dni od vpisa v Poslovni register (PRS) in ne v postopku registracije, ne prejmete potrdila. Postopek se zaključi z vašo oddajo izpolnjenega obrazca.
Več o postopku vpisa pravne osebe v davčni register+
Prijava sprememb podatkov davčnemu organu
Vse spremembe podatkov, ki jih vsebuje vaša prijava za vpis v davčni register in jih davčni organ ne pridobi po uradni dolžnosti na podlagi podatkov iz drugih registrov in evidenc, morate javiti pristojnemu finančnemu uradu v osmih dneh po nastanku spremembe . To določa Zakon o finančni upravi - ZFU v 55. členu.
Več o prijavi sprememb podatkov davčnemu organu+","{
  ""authority"": ""Vse spremembe podatkov, ki jih vsebuje vaša prijava za vpis v davčni register in jih davčni organ ne pridobi po uradni dolžnosti na podlagi podatkov iz drugih registrov in evidenc, morate javiti pristojnemu finančnemu uradu v osmih dneh po nastanku spremembe . To določa Zakon o finančni upravi - ZFU v 55. členu."",
  ""deadline"": ""Lahko pa jih Finančni upravi Republike Slovenije dostavite na obrazcu DR-03 ali DR-04 tudi pozneje, in sicer najkasneje v 8 dneh po vpisu v Poslovni register Slovenije (PRS):"",
  ""required_documents"": [],
  ""contact_info"": []
}","{""type"": ""object""}",regex_draft,review_required,needs_human_review,edited,"{
  ""authority"": ""Finančna uprava Republike Slovenije (FURS)"",
  ""deadline"": ""v 8 dneh po vpisu v Poslovni register Slovenije (PRS):"",
  ""required_documents"": [
    ""Samostojni podjetnik za vpis dejavnosti v davčni register izpolni obrazec DR-03 "",
    ""Pravna oseba (npr. d.o.o., d.d.) za vpis v davčni register izpolni obrazec DR-04 ""
  ],
  ""contact_info"": []
}",Codex-worker-review,Conservative JSON review; unsupported fields left blank.
review-extract-adm-ustanovitev-s-p-dbf0824dfc-sec-004-chunk-01,review-extract-adm-ustanovitev-s-p-dbf0824dfc-sec-004-chunk-01,information_extraction,149,priority_batch,business-procedures,procedure page,Postopek registracije s.p.,adm-ustanovitev-s-p-dbf0824dfc,"[""adm-ustanovitev-s-p-dbf0824dfc-sec-004-chunk-01""]",train,Iz odlomka izlušči ključna postopkovna polja v JSON.,"Postopek prenosa podjetja na novo družbo poteka v dveh korakih:
Korak 1: Sprejem sklepa o prenosu podjetja
Za vpis nove družbe v register mora podjetnik v pisni obliki pripraviti sklep podjetnika o prenosu. V sklepu o prenosu morajo biti navedeni:
firma in sedež podjetnika,
izjava o prenosu podjetja in
vrednost podjetja na dan obračuna prenosa podjetja.
Sklepu o prenosu mora biti priložen akt o ustanovitvi družbe, kjer je zavedeno, da je družba ustanovljena s prenosom podjetja podjetnika.
Korak 2: Vpis v sodni register
Podjetnik mora vložiti prijavo za vpis prenosa podjetja v sodni register. Predlogu za vpis prenosa je treba predložiti sklep o prenosu podjetja in listine, ki se jih predloži ob vpisu ustanovitve nove družbe v register.
Predlog za vpis prenosa podjetnik vloži pri notarju, ki overi vse potrebne dokumente.
2. Prenos podjetja na prevzemno kapitalsko družbo
Druga oblika statusnega preoblikovanja se nanaša na prenos podjetja na kapitalsko družbo, ki je bila ustanovljena že prej. Za prenos podjetja na prevzemno družbo se smiselno uporablja enak postopek kot pri prenosu podjetja na novo družbo, obstajajo pa nekatere razlike. Nova družba se v tem primeru nadomesti s prevzemno družbo.","{
  ""authority"": """",
  ""deadline"": """",
  ""required_documents"": [],
  ""contact_info"": []
}","{""type"": ""object""}",regex_draft,review_required,needs_human_review,edited,"{
  ""authority"": """",
  ""deadline"": """",
  ""required_documents"": [
    ""izjava o prenosu podjetja in"",
    ""Sklepu o prenosu mora biti priložen akt o ustanovitvi družbe, kjer je zavedeno, da je družba ustanovljena s prenosom podjetja podjetnika"",
    ""Predlog za vpis prenosa podjetnik vloži pri notarju, ki overi vse potrebne dokumente""
  ],
  ""contact_info"": []
}",Codex-worker-review,Conservative JSON review; unsupported fields left blank.
review-extract-adm-izdaja-potrdil-glede-na-direktivo-20-8eb5c2634f-sec-001-chunk-01,review-extract-adm-izdaja-potrdil-glede-na-direktivo-20-8eb5c2634f-sec-001-chunk-01,information_extraction,149,priority_batch,health-procedures,procedure page,"Izdaja potrdil glede na Direktivo 2005/36/ES za poklicne kvalifikacije, pridobljene v Sloveniji",adm-izdaja-potrdil-glede-na-direktivo-20-8eb5c2634f,"[""adm-izdaja-potrdil-glede-na-direktivo-20-8eb5c2634f-sec-001-chunk-01""]",train,Iz odlomka izlušči ključna postopkovna polja v JSON.,"Izdaja potrdil glede na Direktivo 2005/36/ES za poklicne kvalifikacije, pridobljene v Sloveniji
SI
Družina, otroci, zakonska zveza
Osebni dokumenti, potrdila, selitev
Država in družba
Nepremičnine in okolje
Izobraževanje, kultura
Promet in prometna infrastruktura
Delo in upokojitev
Kmetijstvo, gozdarstvo, prehrana
Davki
Potovanja
Storitve občin
Javni sektor
Srednja šola
Izdaja potrdil glede na Direktivo 2005/36/ES
Skoči na filtre seznama
Filtriranje se bo izvedlo ob spremembi izbire filtra in ne zahteva dodatne potrditve.
Srednja šola :
Ministrstvo za zdravje izdaja potrdila glede na Direktivo 2005/36/ES za poklicne kvalifikacije, pridobljene v Sloveniji. Ta direktiva določa pravila, v skladu s katerimi država članica, ki pogojuje dostop do reguliranih poklicev ali njihovo opravljanje na svojem ozemlju s posebnimi poklicnimi kvalifikacijami, priznava poklicne kvalifikacije, pridobljene v eni ali več državah članicah, ki omogočajo imetniku navedenih kvalifikacij, da tam opravlja isti poklic, kot zadosten pogoj za dostop do in opravljanje tega poklica.
Ta direktiva določa pravila, v skladu s katerimi država članica, ki pogojuje dostop do reguliranih poklicev ali njihovo opravljanje na svojem ozemlju s posebnimi poklicnimi kvalifikacijami, priznava poklicne kvalifikacije, pridobljene v eni ali več državah članicah, ki omogočajo imetniku navedenih kvalifikacij, da tam opravlja isti poklic, kot zadosten pogoj za dostop do in opravljanje tega poklica.
Izdaja potrdila glede na Direktivo 2005/36/ES za poklicne kvalifikacije, pridobljene v Sloveniji
Dodajte opomnik
Uredite nastavitve obveščanja
Ministrstvo za zdravje lahko zaprosite za pridobitev potrdila o skladnosti.
Možni načini oddaje:
elektronsko
po pošti
osebno","{
  ""authority"": ""Ministrstvo za zdravje izdaja potrdila glede na Direktivo 2005/36/ES za poklicne kvalifikacije, pridobljene v Sloveniji. Ta direktiva določa pravila, v skladu s katerimi država članica, ki pogojuje dostop do reguliranih poklicev ali njihovo opravljanje na svojem ozemlju s posebnimi poklicnimi kvalifikacijami, priznava poklicne kvalifikacije, pridobljene v eni ali več državah članicah, ki omogočajo imetniku navedenih kvalifikacij, da tam opravlja isti poklic, kot zadosten pogoj za dostop do in opravljanje tega poklica."",
  ""deadline"": """",
  ""required_documents"": [],
  ""contact_info"": []
}","{""type"": ""object""}",regex_draft,review_required,needs_human_review,edited,"{
  ""authority"": ""Ministrstvo za zdravje"",
  ""deadline"": """",
  ""required_documents"": [],
  ""contact_info"": []
}",Codex-worker-review,Conservative JSON review; unsupported fields left blank.
review-extract-adm-pridobitev-dovoljenja-za-opravljanje-88135e85c3-sec-001-chunk-01,review-extract-adm-pridobitev-dovoljenja-za-opravljanje-88135e85c3-sec-001-chunk-01,information_extraction,149,priority_batch,health-procedures,procedure page,Pridobitev dovoljenja za opravljanje zdravstvene dejavnosti za fizične osebe - zasebni zdravstveni delavec,adm-pridobitev-dovoljenja-za-opravljanje-88135e85c3,"[""adm-pridobitev-dovoljenja-za-opravljanje-88135e85c3-sec-001-chunk-01""]",train,Iz odlomka izlušči ključna postopkovna polja v JSON.,"Pridobitev dovoljenja za opravljanje zdravstvene dejavnosti za fizične osebe - zasebni zdravstveni delavec
SI
Družina, otroci, zakonska zveza
Osebni dokumenti, potrdila, selitev
Država in družba
Nepremičnine in okolje
Izobraževanje, kultura
Promet in prometna infrastruktura
Delo in upokojitev
Kmetijstvo, gozdarstvo, prehrana
Davki
Potovanja
Storitve občin
Javni sektor
Delo
Pridobitev dovoljenja za opravljanje zdravstvene dejavnosti za fizične osebe - zasebni zdravstveni delavec
Skoči na filtre seznama
Filtriranje se bo izvedlo ob spremembi izbire filtra in ne zahteva dodatne potrditve.
Delo :
Pridobitev dovoljenja za opravljanje zdravstvene dejavnosti za fizične osebe - zasebni zdravstveni delavec
Fizična oseba, ki želi izvajati zdravstveno dejavnost kot zasebni zdravstveni delavec, mora pridobiti dovoljenje za opravljanje zdravstvene dejavnosti.
Fizična oseba mora pred začetkom opravljanja zdravstvene dejavnosti pridobiti dovoljenje za opravljanje določene zdravstvene dejavnosti, ki ga izda Ministrstvo za zdravje.
Pridobitev dovoljenja za opravljanje zdravstvene dejavnosti za fizične osebe - zasebni zdravstveni delavec
Dodajte opomnik
Uredite nastavitve obveščanja
Za pridobitev dovoljenja za opravljanje zdravstvene dejavnosti je potrebno oddati vlogo.
Možni načini oddaje:
elektronsko
po pošti
osebno
Začnite postopek
Pogoji za pridobitev dovoljenja, na podlagi katere lahko izvajalci zdravstvene dejavnosti opravljajo zdravstveno dejavnost, so določeni v Zakonu o zdravstveni dejavnosti (ZZDej). Ministrstvo za zdravje na podlagi vloge izda dovoljenje za opravljanje zdravstvene dejavnosti, če so izpolnjeni pogoji iz 3.a člena ZZDej .
Pravna podlaga
Zakon o zdravstveni dejavnosti
Pristojni organ
Ministrstvo za zdravje","{
  ""authority"": ""Fizična oseba mora pred začetkom opravljanja zdravstvene dejavnosti pridobiti dovoljenje za opravljanje določene zdravstvene dejavnosti, ki ga izda Ministrstvo za zdravje."",
  ""deadline"": """",
  ""required_documents"": [],
  ""contact_info"": []
}","{""type"": ""object""}",regex_draft,review_required,needs_human_review,edited,"{
  ""authority"": ""Ministrstvo za zdravje"",
  ""deadline"": """",
  ""required_documents"": [
    ""Za pridobitev dovoljenja za opravljanje zdravstvene dejavnosti je potrebno oddati vlogo""
  ],
  ""contact_info"": []
}",Codex-worker-review,Conservative JSON review; unsupported fields left blank.
review-extract-adm-www-gov-si-d301ac90ff-sec-001-chunk-01,review-extract-adm-www-gov-si-d301ac90ff-sec-001-chunk-01,information_extraction,149,priority_batch,health-procedures,procedure page,Prijava za občasno/začasno opravljanje zdravstvenih storitev,adm-www-gov-si-d301ac90ff,"[""adm-www-gov-si-d301ac90ff-sec-001-chunk-01""]",train,Iz odlomka izlušči ključna postopkovna polja v JSON.,"Prijava za občasno/začasno opravljanje zdravstvenih storitev
Način izvedbe
Pravna podlaga
24.a člen Zakona o zdravstveni dejavnosti določa, da lahko zdravstveni delavec, državljan države članice Evropske unije, držav Evropskega gospodarskega prostora ali Švicarske konfederacije, ki opravlja zdravstvene storitve v skladu s predpisi države sedeža v Republiki Sloveniji na podlagi prijave opravlja zdravstvene storitve občasno ali začasno v skladu z Direktivo 2005/36/ES, če te niso v nasprotju s tem zakonom in drugimi predpisi s področja zdravstvenega varstva.
Ponudnik storitev vloži prijavo za občasno oziroma začasno opravljanje zdravstvenih storitev pri ministrstvu, pristojnem za zdravje, pred prvim opravljanjem zdravstvenih storitev v Republiki Sloveniji in vsakokrat, ko se bistveno spremenijo njegove okoliščine za opravljanje storitev.
Po prejemu popolne prijave ministrstvo ponudnika storitev začasno, za dobo enega leta, vpiše v register ali popolno prijavo pošlje zbornici ali združenju, ki ima javno pooblastilo za vodenje registra izvajalcev posamezne zdravstvene dejavnosti, ki ponudnika storitev začasno vpiše v register. Začasna registracija velja za čas veljavnosti prijave ponudnika storitev.
Za začasne vpise v register zdravstvene nege je pristojna Zbornica-Zveza, Ob železnici 30 a, 1000 Ljubljana.
Za začasne vpise v register zdravnikov je pristojna Zdravniška zbornica Slovenije, Dunajska cesta 162, 1000 Ljubljana.
Prijava je veljavna eno leto, po izteku tega roka pa jo mora ponudnik storitev, ki želi še naprej opravljati občasne ali začasne zdravstvene storitve v Republiki Sloveniji, podaljšati.
Obrazci, prijavnice
Vloga za obcasno in zacasno opravljanje zdravstvenih storitev v2","{
  ""authority"": ""Po prejemu popolne prijave ministrstvo ponudnika storitev začasno, za dobo enega leta, vpiše v register ali popolno prijavo pošlje zbornici ali združenju, ki ima javno pooblastilo za vodenje registra izvajalcev posamezne zdravstvene dejavnosti, ki ponudnika storitev začasno vpiše v register. Začasna registracija velja za čas veljavnosti prijave ponudnika storitev."",
  ""deadline"": """",
  ""required_documents"": [],
  ""contact_info"": []
}","{""type"": ""object""}",regex_draft,review_required,needs_human_review,edited,"{
  ""authority"": ""Ministrstvo za zdravje"",
  ""deadline"": """",
  ""required_documents"": [],
  ""contact_info"": []
}",Codex-worker-review,Conservative JSON review; unsupported fields left blank.
review-extract-adm-izdaja-potrdil-glede-na-direktivo-20-8eb5c2634f-sec-002-chunk-01,review-extract-adm-izdaja-potrdil-glede-na-direktivo-20-8eb5c2634f-sec-002-chunk-01,information_extraction,148,priority_batch,health-procedures,procedure page,"Izdaja potrdil glede na Direktivo 2005/36/ES za poklicne kvalifikacije, pridobljene v Sloveniji",adm-izdaja-potrdil-glede-na-direktivo-20-8eb5c2634f,"[""adm-izdaja-potrdil-glede-na-direktivo-20-8eb5c2634f-sec-002-chunk-01""]",train,Iz odlomka izlušči ključna postopkovna polja v JSON.,"Začnite postopek
Potrdilo o skladnosti poklicne kvalifikacije (za sektorske poklice: zdravnik, zdravnik specialist, zobozdravnik, zobozdravnik specialist, diplomirana medicinska sestra, diplomirana babica in magister farmacije)
Za pridobitev potrdila o skladnosti je potrebno na Ministrstvo za zdravje poslati:
• izpolnjeno vlogo,
• fotokopijo diplome,
• fotokopijo potrdila o opravljenem strokovnem izpitu
• potrdilo o opravljeni specializaciji.
Potrdilo o skladnosti poklicne kvalifikacije (za ne sektorske poklice - vsi ostali regulirani poklici)
Za pridobitev potrdila o poklicni kvalifikaciji je potrebno na Ministrstvo za zdravje poslati:
• fotokopijo spričevala o zaključnem izpitu/spričevala o maturi/fotokopija diplome,
• fotokopijo potrdila o opravljenem strokovnem izpitu,
Če ste kvalifikacijo pridobili v tretji državi in vam je bila priznana v Republiki Sloveniji ali ste kvalifikacijo pridobili v Republiki Sloveniji pred letom 2004 morate priložiti potrdilo delodajalca iz katerega izhaja, da ste vsaj tri leta v zadnjih petih letih dejansko in zakonito opravljali poklic na ozemlju Republike Slovenije.
PRAVNA PODLAGA
Direktiva 2005/36/ES
Pravilnik o pogojih za izdaj potrdil o pridobljenih kvalifikacijah
Zakon o zdravstveni dejavnosti
Zakon o zdravniški službi
PRISTOJNI ORGAN
Ministrstvo za zdravje","{
  ""authority"": ""Za pridobitev potrdila o skladnosti je potrebno na Ministrstvo za zdravje poslati:"",
  ""deadline"": """",
  ""required_documents"": [],
  ""contact_info"": []
}","{""type"": ""object""}",regex_draft,review_required,needs_human_review,edited,"{
  ""authority"": ""Ministrstvo za zdravje"",
  ""deadline"": """",
  ""required_documents"": [
    ""Za pridobitev potrdila o skladnosti je potrebno na Ministrstvo za zdravje poslati:"",
    ""Za pridobitev potrdila o poklicni kvalifikaciji je potrebno na Ministrstvo za zdravje poslati:""
  ],
  ""contact_info"": []
}",Codex-worker-review,Conservative JSON review; unsupported fields left blank.
review-extract-adm-priznanje-poklicne-kvalifikacije-pri-f9c72da75a-sec-001-chunk-01,review-extract-adm-priznanje-poklicne-kvalifikacije-pri-f9c72da75a-sec-001-chunk-01,information_extraction,148,priority_batch,health-procedures,procedure page,"Priznanje poklicne kvalifikacije, pridobljene v EU za zdravstvene poklice",adm-priznanje-poklicne-kvalifikacije-pri-f9c72da75a,"[""adm-priznanje-poklicne-kvalifikacije-pri-f9c72da75a-sec-001-chunk-01""]",train,Iz odlomka izlušči ključna postopkovna polja v JSON.,"Priznanje poklicne kvalifikacije, pridobljene v EU za zdravstvene poklice
SI
Družina, otroci, zakonska zveza
Osebni dokumenti, potrdila, selitev
Država in družba
Nepremičnine in okolje
Izobraževanje, kultura
Promet in prometna infrastruktura
Delo in upokojitev
Kmetijstvo, gozdarstvo, prehrana
Davki
Potovanja
Storitve občin
Javni sektor
Delo
Priznanje poklicne kvalifikacije, pridobljene v EU za zdravstvene poklice
Skoči na filtre seznama
Filtriranje se bo izvedlo ob spremembi izbire filtra in ne zahteva dodatne potrditve.
Delo :
Z odločbo o priznavanju poklicne kvalifikacije lahko posameznik pridobi licenco za opravljanje reguliranega zdravstvenega poklica v Republiki Sloveniji.
Avtomatično priznavanje temelji na ustreznih minimalnih pogojih usposobljenosti in velja za sedem sektorskih poklicev, med katerimi so tudi poklici zdravnik, zdravnik specialist doktor dentalne medicine, diplomirana medicinska sestra, magister farmacije in diplomirana babica. Kateri so minimalni pogoji usposobljenosti za posamezno državo, lahko preverite v Prilogi V, Direktive evropskega parlamenta in sveta 2005/36/ES o priznavanju poklicnih kvalifikacij .
Splošni sistem priznavanja za nesektorske poklice pa velja za vse ostale poklice iz evidence reguliranih poklicev.
Priznanje poklicne kvalifikacije za EU
Dodajte opomnik
Uredite nastavitve obveščanja
Z vlogo lahko oseba zaprosi za priznanje poklicne kvalifikacije za EU.
Možni načini oddaje:
elektronsko
po pošti
osebno
Začnite postopek
PRAVNA PODLAGA
Zakon o zdravstveni dejavnosti (ZZDej)
Zakon o postopku priznavanja poklicnih kvalifikacij za opravljanje reguliranih poklicev (ZPPPK)
Zakon o zdravniški službi (ZZdrS)
PRISTOJNI ORGAN
Ministrstvo za zdravje","{
  ""authority"": ""Ministrstvo za zdravje"",
  ""deadline"": """",
  ""required_documents"": [],
  ""contact_info"": []
}","{""type"": ""object""}",regex_draft,review_required,needs_human_review,approved,"{
  ""authority"": ""Ministrstvo za zdravje"",
  ""deadline"": """",
  ""required_documents"": [],
  ""contact_info"": []
}",Codex-worker-review,Conservative JSON review; unsupported fields left blank.
review-extract-adm-www-gov-si-368bee64ee-sec-002-chunk-01,review-extract-adm-www-gov-si-368bee64ee-sec-002-chunk-01,information_extraction,148,priority_batch,health-procedures,procedure page,Pooblastilo za izvajanje zdravstvenega nadzora izpostavljenih delavcev,adm-www-gov-si-368bee64ee,"[""adm-www-gov-si-368bee64ee-sec-002-chunk-01""]",train,Iz odlomka izlušči ključna postopkovna polja v JSON.,"Pozitivno mnenje URSVS
Uprava Republike Slovenije za varstvo pred sevanji (URSVS) na osnovi strokovnega mnenja razširjenega strokovnega kolegija za področje medicine dela pripravi mnenje, na podlagi katerega minister, pristojen za zdravje, za opravljanje zdravstvenega nadzora izpostavljenih delavcev pooblasti zdravnike.
Dokazila
Pooblaščeni zdravnik za izvajanje zdravstvenega nadzora izpostavljenih delavcev
Pooblaščeni zdravnik za izvajanje zdravstvenega nadzora izpostavljenih delavcev mora imeti pooblastilo za opravljanje nalog zdravstvenega nadzora izpostavljenih delavcev , ki ga pridobi, če izpolnjuje predpisane pogoje glede izobrazbe, delovnih izkušenj in opravljenega ustreznega usposabljanja.
Podrobneje
Uprava Republike Slovenije za varstvo pred sevanji
Ministrstvo za zdravje
Ajdovščina 4
1000 Ljubljana
Prikaži na zemljevidu
01 478 87 09
is.vog@zm.svsru-pg
Stroški postopka
Upravna taksa za vlogo in odločbo: 22,66 €
Pravno varstvo
Oblika pravnega varstva: Pritožba
Pristojni organ: Ministrstvo za zdravje
Seznam dejavnosti
Zdravstveni nadzor izpostavljenih delavcev
Register dovoljenj
Seznam pooblaščenih izvajalcev medicine dela
Seznami in evidence
(pdf, 185 KB)
Pravne podlage
Pravilnik o izvajanju zdravstvenega nadzora izpostavljenih delavcev
Način izvedbe
Po pošti, Osebno
Institucija
Štefanova ulica 5
01 478 60 01
is.vog@zm.pg
Povezane teme
Poklicna izpostavljenost sevanju
Sorodne storitve
Izdaja potrdila o prejetih dozah ionizirajočega sevanja","{
  ""authority"": ""Ministrstvo za zdravje"",
  ""deadline"": """",
  ""required_documents"": [],
  ""contact_info"": [
    ""01 478 87 09"",
    ""is.vog@zm.svsru"",
    ""01 478 60 01"",
    ""is.vog@zm.pg""
  ]
}","{""type"": ""object""}",regex_draft,review_required,needs_human_review,edited,"{
  ""authority"": ""Ministrstvo za zdravje"",
  ""deadline"": """",
  ""required_documents"": [
    ""Dokazila""
  ],
  ""contact_info"": [
    ""is.vog@zm.svsru"",
    ""is.vog@zm.pg"",
    ""01 478 87 09"",
    ""01 478 60 01""
  ]
}",Codex-worker-review,Conservative JSON review; unsupported fields left blank.
review-extract-adm-izbris-iz-registra-zasebnih-zdravstv-ea99eb9d28-sec-001-chunk-01,review-extract-adm-izbris-iz-registra-zasebnih-zdravstv-ea99eb9d28-sec-001-chunk-01,information_extraction,147,priority_batch,health-procedures,procedure page,Izbris iz registra zasebnih zdravstvenih delavcev,adm-izbris-iz-registra-zasebnih-zdravstv-ea99eb9d28,"[""adm-izbris-iz-registra-zasebnih-zdravstv-ea99eb9d28-sec-001-chunk-01""]",train,Iz odlomka izlušči ključna postopkovna polja v JSON.,"Izbris iz registra zasebnih zdravstvenih delavcev
SI
Družina, otroci, zakonska zveza
Osebni dokumenti, potrdila, selitev
Država in družba
Nepremičnine in okolje
Izobraževanje, kultura
Promet in prometna infrastruktura
Delo in upokojitev
Kmetijstvo, gozdarstvo, prehrana
Davki
Potovanja
Storitve občin
Javni sektor
Delo
Izbris iz registra zasebnih zdravstvenih delavcev
Skoči na filtre seznama
Filtriranje se bo izvedlo ob spremembi izbire filtra in ne zahteva dodatne potrditve.
Delo :
Zasebni zdravstveni delavec mora pred prenehanjem izvajanja zdravstvene dejavnosti urediti izbris iz registra zdravstvenih delavcev.
Izbris iz registra zasebnih zdravstvenih delavcev, ki pomeni odvzem dovoljenja za opravljanje zdravstvene dejavnosti, opravi Ministrstvo za zdravje na podlagi vloge zasebnega zdravstvenega delavca.
Dodajte opomnik
Uredite nastavitve obveščanja
Na podlagi vloge Ministrstvo za zdravje izda odločbo o izbrisu iz registra zasebnih zdravstvenih delavcev
Možni načini oddaje:
elektronsko
po pošti
osebno","{
  ""authority"": ""Izbris iz registra zasebnih zdravstvenih delavcev, ki pomeni odvzem dovoljenja za opravljanje zdravstvene dejavnosti, opravi Ministrstvo za zdravje na podlagi vloge zasebnega zdravstvenega delavca."",
  ""deadline"": """",
  ""required_documents"": [],
  ""contact_info"": []
}","{""type"": ""object""}",regex_draft,review_required,needs_human_review,edited,"{
  ""authority"": ""Ministrstvo za zdravje"",
  ""deadline"": """",
  ""required_documents"": [],
  ""contact_info"": []
}",Codex-worker-review,Conservative JSON review; unsupported fields left blank.
review-extract-adm-opravljanje-nalog-resevalca-na-smuci-3599bc4e28-sec-001-chunk-01,review-extract-adm-opravljanje-nalog-resevalca-na-smuci-3599bc4e28-sec-001-chunk-01,information_extraction,147,priority_batch,health-procedures,procedure page,Potrdilo o izpolnjevanju pogojev za reševalca na smučišču,adm-opravljanje-nalog-resevalca-na-smuci-3599bc4e28,"[""adm-opravljanje-nalog-resevalca-na-smuci-3599bc4e28-sec-001-chunk-01""]",train,Iz odlomka izlušči ključna postopkovna polja v JSON.,"Potrdilo o izpolnjevanju pogojev za reševalca na smučišču
SI
Družina, otroci, zakonska zveza
Osebni dokumenti, potrdila, selitev
Država in družba
Nepremičnine in okolje
Izobraževanje, kultura
Promet in prometna infrastruktura
Delo in upokojitev
Kmetijstvo, gozdarstvo, prehrana
Davki
Potovanja
Storitve občin
Javni sektor
Delo
Opravljanje nalog reševalca/reševalke na smučišču
Skoči na filtre seznama
Filtriranje se bo izvedlo ob spremembi izbire filtra in ne zahteva dodatne potrditve.
Delo :
Opravljanje nalog reševalca na smučišču je odgovorno in zahtevno delo, ki zahteva tako fizično pripravljenost kot tudi strokovno znanje iz prve pomoči, orientacije v snežnih razmerah in obvladovanja smučarske opreme.
Oseba, ki želi opravljati delo reševalca na smučišču, mora za to izpolnjevati posebne pogoje oziroma pridobiti potrdilo o izpolnjevanju pogojev za reševalca na smučišču.
Pridobitev potrdila o izpolnjevanju pogojev za reševalca na smučišču
Dodajte opomnik
Uredite nastavitve obveščanja
Vlogo poda oseba, ki želi pridobiti dovoljenje za opravljanje nalog na reševalca na smučišču.
Možni načini oddaje:
elektronsko
po pošti
osebno","{
  ""authority"": """",
  ""deadline"": """",
  ""required_documents"": [],
  ""contact_info"": []
}","{""type"": ""object""}",regex_draft,review_required,needs_human_review,approved,"{
  ""authority"": """",
  ""deadline"": """",
  ""required_documents"": [],
  ""contact_info"": []
}",Codex-worker-review,Conservative JSON review; unsupported fields left blank.
review-extract-adm-opravljanje-nalog-resevalca-na-smuci-3599bc4e28-sec-002-chunk-01,review-extract-adm-opravljanje-nalog-resevalca-na-smuci-3599bc4e28-sec-002-chunk-01,information_extraction,147,priority_batch,health-procedures,procedure page,Potrdilo o izpolnjevanju pogojev za reševalca na smučišču,adm-opravljanje-nalog-resevalca-na-smuci-3599bc4e28,"[""adm-opravljanje-nalog-resevalca-na-smuci-3599bc4e28-sec-002-chunk-01""]",train,Iz odlomka izlušči ključna postopkovna polja v JSON.,"Začnite postopek
Reševalec na smučišču mora imeti ustrezno usposobljenost za opravljanje nalog, ki vključujejo tako prve pomoči kot tudi reševanje na smučišču. Usposabljanja izvajata Rdeči križ Slovenije in Gorska reševalna zveza Slovenije.
Poleg tega usposabljanja mora kandidat pridobiti tudi potrdilo o zdravstveni sposobnosti, ki ga izda specialist medicine, dela in športa.
Opravljeno usposabljanje in potrdilo o zdravstveni sposobnosti sta osnova za izdajo potrdila o izpolnjevanju pogojev za reševalca na smučišču.
Potrdilo o izpolnjevanju pogojev za reševalca na smučišču je dokument, ki potrjuje, da posameznik izpolnjuje vse zakonske in strokovne zahteve za opravljanje naloge reševalca na smučišču v Sloveniji. To potrdilo je ključnega pomena, saj zagotavlja, da so kandidati usposobljeni za hitro in učinkovito pomoč smučarjem v primeru nesreč ali drugih nujnih primerov na smučišču.
Potrdilo na podlagi vloge kandidata izda Ministrstvo za zdravje.
PRAVNA PODLAGA
Pravilnik o reševanju na smučiščih
PRISTOJNI ORGAN
Ministrstvo za zdravje","{
  ""authority"": ""Potrdilo na podlagi vloge kandidata izda Ministrstvo za zdravje."",
  ""deadline"": """",
  ""required_documents"": [],
  ""contact_info"": []
}","{""type"": ""object""}",regex_draft,review_required,needs_human_review,edited,"{
  ""authority"": ""Ministrstvo za zdravje"",
  ""deadline"": """",
  ""required_documents"": [],
  ""contact_info"": []
}",Codex-worker-review,Conservative JSON review; unsupported fields left blank.
review-extract-adm-opravljanje-nalog-resevalca-na-smuci-3599bc4e28-sec-003-chunk-01,review-extract-adm-opravljanje-nalog-resevalca-na-smuci-3599bc4e28-sec-003-chunk-01,information_extraction,147,priority_batch,health-procedures,procedure page,Potrdilo o izpolnjevanju pogojev za reševalca na smučišču,adm-opravljanje-nalog-resevalca-na-smuci-3599bc4e28,"[""adm-opravljanje-nalog-resevalca-na-smuci-3599bc4e28-sec-003-chunk-01""]",train,Iz odlomka izlušči ključna postopkovna polja v JSON.,"POVRATNE INFORMACIJE
S povratnimi informacijami nam boste pomagali izboljšati spletno mesto, zato vas prosimo, da oddate obe oceni. Podrobnejše predloge vnesite v spodnji obrazec.
Vam je ta spletna stran koristila?
Da
Ne
Delno
Hvala za vaše mnenje.
Koristnost strani lahko ocenite večkrat, upoštevamo pa le vašo zadnjo oceno.
Te strani ni še nihče ocenil.
Ocenite našo spletno stran:
Povprečna ocena strani: 0 (št. ocen: 0)
Obrazec za pošiljanje vprašanj in mnenj ali prijavo napak
Vaše sporočilo je bilo uspešno poslano.
Zahvaljujemo se vam za povratne informacije!
Pogosta vprašanja
Ali je zdravniško potrdilo o zdravstveni in psihofizični sposobnosti za opravljanje nalog reševanja na smučišču lahko starejše od enega leta?
Prosimo, izpolnite le, če ste robot.
AKTUALNO
Oglasna deska
Prireditve in shodi
Prosti termini za opravljanje vozniškega izpita
eDemokracija
eSamonaročanje
Virtualno okence upravnih enot
Javne evidence
Katastrski postopki
Motorna vozila
Plovila
Druge evidence
listine
Osebni dokumenti
Druge listine in potrdila","{
  ""authority"": """",
  ""deadline"": """",
  ""required_documents"": [],
  ""contact_info"": []
}","{""type"": ""object""}",regex_draft,review_required,needs_human_review,edited,"{
  ""authority"": ""Ministrstvo za zdravje"",
  ""deadline"": """",
  ""required_documents"": [
    ""S povratnimi informacijami nam boste pomagali izboljšati spletno mesto, zato vas prosimo, da oddate obe oceni. Podrobnejše predloge vnesite v spodnji obrazec"",
    ""Obrazec za pošiljanje vprašanj in mnenj ali prijavo napak""
  ],
  ""contact_info"": []
}",Codex-worker-review,Conservative JSON review; unsupported fields left blank.
review-extract-adm-www-gov-si-5f643b2f75-sec-001-chunk-02,review-extract-adm-www-gov-si-5f643b2f75-sec-001-chunk-02,information_extraction,147,priority_batch,health-procedures,procedure page,Postopek obravnave vlog za nove zdravstvene programe,adm-www-gov-si-5f643b2f75,"[""adm-www-gov-si-5f643b2f75-sec-001-chunk-02""]",train,Iz odlomka izlušči ključna postopkovna polja v JSON.,"Predlagatelji novih programov so lahko:
Ministrstvo za zdravje,
Zavod za zdravstveno zavarovanje,
izvajalci zdravstvene dejavnosti,
strokovna združenja in društva na področju zdravstvenega varstva v RS,
Zdravniška zbornica Slovenije,
Lekarniška zbornica Slovenije,
Zbornica zdravstvene in babiške nege Slovenije,
druge pravne osebe.
Vloga predlagateljev novih programov mora vsebovati:
uvodni dopis, ki vsebuje tudi izjavo predlagatelja, da jamči za pravilnost podatkov in njegov podpis
predlog novosti (v celoti izpolnjen vprašalnik – priloga I),
mnenje pristojnih RSK (Obrazec za pripravo mnenja RSK – priloga II).
Dokumentacije
(pdf, 1.9 MB)
Vprasalnik za predlagatelje novosti Priloga I
(doc, 310 KB)
Tabela standardnih stroškov dela po profilih za leto 2024 (v pomoč predlagateljem pri izračunih stroškov programov)
(pdf, 376 KB)
Obrazec za pripravo mnenja razsirjenega strokovnega kolegija Priloga II
(doc, 61 KB)
Pravna podlaga
Pravilnik o Zdravstvenem svetu
Oblika
Nepredpisan obrazec
Način izvedbe
E-obrazec / E-pošta
Institucija
Ministrstvo za zdravje
Zdravje
Vloga se pošlje po elektronski pošti: gp.mz@gov.si in zdravstveni-svet.mz@gov.si .","{
  ""authority"": ""Ministrstvo za zdravje,"",
  ""deadline"": """",
  ""required_documents"": [],
  ""contact_info"": [
    ""gp.mz@gov.si"",
    ""zdravstveni-svet.mz@gov.si""
  ]
}","{""type"": ""object""}",regex_draft,review_required,needs_human_review,edited,"{
  ""authority"": ""Ministrstvo za zdravje"",
  ""deadline"": """",
  ""required_documents"": [
    ""predlog novosti (v celoti izpolnjen vprašalnik – priloga I)"",
    ""mnenje pristojnih RSK (Obrazec za pripravo mnenja RSK – priloga II)"",
    ""Vprasalnik za predlagatelje novosti Priloga I"",
    ""Obrazec za pripravo mnenja razsirjenega strokovnega kolegija Priloga II"",
    ""Nepredpisan obrazec""
  ],
  ""contact_info"": [
    ""gp.mz@gov.si"",
    ""zdravstveni-svet.mz@gov.si""
  ]
}",Codex-worker-review,Conservative JSON review; unsupported fields left blank.
review-extract-slo-admin-023-sec-003-chunk-01,review-extract-slo-admin-023-sec-003-chunk-01,information_extraction,147,priority_batch,health-procedures,procedure page,Vloga za zagotavljanje zdravstvenega varstva na prireditvah,slo-admin-023,"[""slo-admin-023-sec-003-chunk-01""]",val,Iz odlomka izlušči ključna postopkovna polja v JSON.,"Vloga in priloge
- Obrazci, prijavnice Vloga za pridobitev dovoljenja za izvajanje zdravstvenega varstva na prireditvah (doc, 77 KB)
- Vloga za pridobitev dovoljenja za izvajanje zdravstvenega varstva na prireditvah (doc, 77 KB)
- Smernice in priporočila Priloga 4 k Pravilniku: Oprema za NMP (pdf, 63 KB) Oprema v reanimobilu ali nujnem reševalnem vozilu (xlsx, 12 KB) Oprema v nenujnem reševalnem vozilu (xlsx, 11 KB) Priloga 2 k Pravilniku: Seznam ustreznih znanj in usposobljenosti za izvajanje zunajbolnišnične službe NMP (pdf, 226 KB) Priloga 16 k Pravilniku: Vrste prireditev in zdravstvenega varstva na prireditvah (pdf, 137 KB)
- Priloga 4 k Pravilniku: Oprema za NMP (pdf, 63 KB)
- Oprema v reanimobilu ali nujnem reševalnem vozilu (xlsx, 12 KB)
- Oprema v nenujnem reševalnem vozilu (xlsx, 11 KB)
- Priloga 2 k Pravilniku: Seznam ustreznih znanj in usposobljenosti za izvajanje zunajbolnišnične službe NMP (pdf, 226 KB)
- Priloga 16 k Pravilniku: Vrste prireditev in zdravstvenega varstva na prireditvah (pdf, 137 KB)
Zakonodaja
- Pravilnik o službi nujne medicinske pomoči
- Oblika Obrazec / dokument
- Način izvedbe Po pošti
- Institucija Ministrstvo za zdravje
- Področja Zdravje
Ministrstvo za zdravje
Štefanova ulica 5 1000 Ljubljana
Prikaži na zemljevidu
- 01 478 60 01
- is.vog@zm.pg
Povezane teme
- Nujna medicinska pomoč
Sorodne storitve
- Potrdilo o izpolnjevanju pogojev za reševalca na smučišču","{
  ""authority"": ""- Institucija Ministrstvo za zdravje"",
  ""deadline"": """",
  ""required_documents"": [
    ""Obrazci, prijavnice Vloga za pridobitev dovoljenja za izvajanje zdravstvenega varstva na prireditvah (doc, 77 KB)"",
    ""Vloga za pridobitev dovoljenja za izvajanje zdravstvenega varstva na prireditvah (doc, 77 KB)"",
    ""Smernice in priporočila Priloga 4 k Pravilniku: Oprema za NMP (pdf, 63 KB) Oprema v reanimobilu ali nujnem reševalnem vozilu (xlsx, 12 KB) Oprema v nenujnem reševalnem vozilu (xlsx, 11 KB) Priloga 2 k Pravilniku: Seznam ustreznih znanj in usposobljenosti za izvajanje zunajbolnišnične službe NMP (pdf, 226 KB) Priloga 16 k Pravilniku: Vrste prireditev in zdravstvenega varstva na prireditvah (pdf, 137 KB)"",
    ""Priloga 4 k Pravilniku: Oprema za NMP (pdf, 63 KB)"",
    ""Priloga 2 k Pravilniku: Seznam ustreznih znanj in usposobljenosti za izvajanje zunajbolnišnične službe NMP (pdf, 226 KB)""
  ],
  ""contact_info"": [
    ""01 478 60 01"",
    ""is.vog@zm.pg""
  ]
}","{""type"": ""object""}",regex_draft,review_required,needs_human_review,edited,"{
  ""authority"": ""Ministrstvo za zdravje"",
  ""deadline"": """",
  ""required_documents"": [
    ""Obrazci, prijavnice Vloga za pridobitev dovoljenja za izvajanje zdravstvenega varstva na prireditvah (doc, 77 KB)"",
    ""Vloga za pridobitev dovoljenja za izvajanje zdravstvenega varstva na prireditvah (doc, 77 KB)"",
    ""Smernice in priporočila Priloga 4 k Pravilniku: Oprema za NMP (pdf, 63 KB) Oprema v reanimobilu ali nujnem reševalnem vozilu (xlsx, 12 KB) Oprema v nenujnem reševalnem vozilu (xlsx, 11 KB) Priloga 2 k Pravilniku: Seznam ustreznih znanj in usposobljenosti za izvajanje zunajbolnišnične službe NMP (pdf, 226 KB) Priloga 16 k Pravilniku: Vrste prireditev in zdravstvenega varstva na prireditvah (pdf, 137 KB)"",
    ""Priloga 4 k Pravilniku: Oprema za NMP (pdf, 63 KB)"",
    ""Priloga 2 k Pravilniku: Seznam ustreznih znanj in usposobljenosti za izvajanje zunajbolnišnične službe NMP (pdf, 226 KB)""
  ],
  ""contact_info"": [
    ""is.vog@zm.pg"",
    ""01 478 60 01""
  ]
}",Codex-worker-review,Conservative JSON review; unsupported fields left blank.
review-extract-slo-admin-012-sec-001-chunk-01,review-extract-slo-admin-012-sec-001-chunk-01,information_extraction,147,priority_batch,vat,procedure page,Davek na dodano vrednost (DDV),slo-admin-012,"[""slo-admin-012-sec-001-chunk-01""]",train,Iz odlomka izlušči ključna postopkovna polja v JSON.,"Davek na dodano vrednost (DDV)
Davčni zavezanec se lahko identificira za namene DDV že ob ustanoviti podjetja, mora pa se identificirati za namene DDV, če preseže določeno višino prometa oz. če opravlja/prejema določene transakcije znotraj Unije.
- Kako postanete zavezanec za davek na dodano vrednost (DDV)?
- Obračun davka na dodano vrednost (DDV)
- Sistem vse na enem mestu (VEM, ang. OSS)
Kako postanete zavezanec za davek na dodano vrednost (DDV)?
1. Identifikacija za namene DDV davčnega zavezanca s sedežem v Republiki Sloveniji
Za namene identifikacije za DDV, je treba davčnemu organu predložiti zahtevek za izdajo identifikacijske številke za DDV - DDV-P2.
Predložite ga v elektronski obliki prek sistema eDavki ali portala SPOT. Postopek lahko ob brezplačni pomoči strokovnjaka izpeljete tudi na točki SPOT.
Na podlagi predloženega zahtevka vas davčni organ identificira za namene DDV. S tem pridobite identifikacijsko številko za DDV, ki je sestavljena iz predpone SI in davčne številke.
Davčni organ izda identifikacijsko številko najpozneje do zadnjega dne v mesecu, ki sledi mesecu vložitve zahtevka.
Predložitev dokazil k zahtevkom za izdajo identifikacijskih številk DDV-P2 in ostale informacije glede identifikacije za namene DDV.
Davčni zavezanec, ki pridobi identifikacijsko številko za namene DDV, je prvih 12 mesecev mesečni davčni zavezanec (davčno obdobje je koledarski mesec).
E-postopki SPOT
Zahtevek za izdajo identifikacijske številke za DDV (DDV-P2)
- Navodila za vpis zahtevka za izdajo identifikacijske številke za davek na dodano vrednost (DDV-P2) Navodilo za vpis zahtevka za izdajo identifikacijske stevilke za DDV (pdf)","{
  ""authority"": ""Na podlagi predloženega zahtevka vas davčni organ identificira za namene DDV. S tem pridobite identifikacijsko številko za DDV, ki je sestavljena iz predpone SI in davčne številke."",
  ""deadline"": ""Davčni zavezanec, ki pridobi identifikacijsko številko za namene DDV, je prvih 12 mesecev mesečni davčni zavezanec (davčno obdobje je koledarski mesec)."",
  ""required_documents"": [],
  ""contact_info"": []
}","{""type"": ""object""}",regex_draft,review_required,needs_human_review,edited,"{
  ""authority"": ""Finančna uprava Republike Slovenije (FURS)"",
  ""deadline"": ""Davčni zavezanec, ki pridobi identifikacijsko številko za namene DDV, je prvih 12 mesecev mesečni davčni zavezanec (davčno obdobje je koledarski mesec)."",
  ""required_documents"": [
    ""Predložitev dokazil k zahtevkom za izdajo identifikacijskih številk DDV-P2 in ostale informacije glede identifikacije za namene DDV""
  ],
  ""contact_info"": []
}",Codex-worker-review,Conservative JSON review; unsupported fields left blank.
review-extract-adm-www-gov-si-368bee64ee-sec-001-chunk-01,review-extract-adm-www-gov-si-368bee64ee-sec-001-chunk-01,information_extraction,146,priority_batch,health-procedures,procedure page,Pooblastilo za izvajanje zdravstvenega nadzora izpostavljenih delavcev,adm-www-gov-si-368bee64ee,"[""adm-www-gov-si-368bee64ee-sec-001-chunk-01""]",train,Iz odlomka izlušči ključna postopkovna polja v JSON.,"Pooblastilo za izvajanje zdravstvenega nadzora izpostavljenih delavcev
Zdravstveni nadzor izpostavljenih delavcev lahko opravljajo zdravstvene organizacije ali posamezniki, ki pridobijo ustrezno pooblastilo .
Pooblastilo pridobijo od ministrstva, pristojnega za zdravje, če izpolnjujejo predpisane pogoje :
so usposobljeni oziroma imajo zaposlenega zdravnika specialista s področja medicine dela z veljavno licenco, ki je usposobljen za opravljanje zdravstvenega nadzora izpostavljenih delavcev,
imajo ustrezno opremo, prostore in kadre (lastne ali pogodbene) za izvajanje zdravstvenega nadzora izpostavljenih delavcev in
pridobijo pozitivno mnenje Uprave Republike Slovenije za varstvo pred sevanji na podlagi mnenja razširjenega strokovnega kolegija za področje medicine dela.
Pooblastilo se izda za določeno obdobje, vendar za največ tri leta.
Pogoji in dokazila
Navedeni pogoji veljajo za dejavnost Zdravstveni nadzor izpostavljenih delavcev","{
  ""authority"": """",
  ""deadline"": """",
  ""required_documents"": [],
  ""contact_info"": []
}","{""type"": ""object""}",regex_draft,review_required,needs_human_review,edited,"{
  ""authority"": ""Ministrstvo za zdravje"",
  ""deadline"": """",
  ""required_documents"": [],
  ""contact_info"": []
}",Codex-worker-review,Conservative JSON review; unsupported fields left blank.
review-extract-adm-vpis-v-davcni-register-8b1a4708bf-sec-001-chunk-02,review-extract-adm-vpis-v-davcni-register-8b1a4708bf-sec-001-chunk-02,information_extraction,146,priority_batch,tax-registration,procedure page,Vpis v davčni register,adm-vpis-v-davcni-register-8b1a4708bf,"[""adm-vpis-v-davcni-register-8b1a4708bf-sec-001-chunk-02""]",train,Iz odlomka izlušči ključna postopkovna polja v JSON.,"Kot pravna oseba se v postopku ustanovitve podjetja vpišete tudi v davčni register in pridobite (novo naključno določeno) davčno številko (navedena je na Sklepu o registraciji podjetja).
V primeru, da obrazec DR-04 (oziroma davčne podatke) predložite v roku 8 dni od vpisa v Poslovni register (PRS) in ne v postopku registracije, ne prejmete potrdila. Postopek se zaključi z vašo oddajo izpolnjenega obrazca.
Več o postopku vpisa pravne osebe v davčni register+
Vse spremembe podatkov, ki jih vsebuje vaša prijava za vpis v davčni register in jih davčni organ ne pridobi po uradni dolžnosti na podlagi podatkov iz drugih registrov in evidenc, morate javiti pristojnemu finančnemu uradu v osmih dneh po nastanku spremembe . To določa Zakon o finančni upravi - ZFU v 55. členu.
Več o prijavi sprememb podatkov davčnemu organu+
Pristojni organ
Finančna uprava Republike Slovenije
Šmartinska cesta 55
1000 Ljubljana
Prikaži na zemljevidu
01 478 38 00
gfu.fu@gov.si
https://www.fu.gov.si/
Pomembno je tudi
Ugotavljanje davčne osnove od dohodkov iz dejavnosti (za samostojne podjetnike)
Vpis davčnega obdobja in izračun predvidene davčne osnove (za pravne osebe)
Pravna podlaga
Zakon o finančni upravi (ZFU)
Pravilnik o vodenju in vzdrževanju davčnega registra
Zakon o davčnem postopku (ZDavP-2)
Tehnična pomoč in podpora
Ponedeljek – petek: 8.00 – 22.00
Enotni kontaktni center državne uprave
080 20 02
ekc@gov.si
Viber
WhatsApp
Vsebinska pomoč in podpora
Za vsebinska vprašanja v zvezi z e-postopki se lahko obrnete na pristojni organ.","{
  ""authority"": ""Vse spremembe podatkov, ki jih vsebuje vaša prijava za vpis v davčni register in jih davčni organ ne pridobi po uradni dolžnosti na podlagi podatkov iz drugih registrov in evidenc, morate javiti pristojnemu finančnemu uradu v osmih dneh po nastanku spremembe . To določa Zakon o finančni upravi - ZFU v 55. členu."",
  ""deadline"": ""V primeru, da obrazec DR-04 (oziroma davčne podatke) predložite v roku 8 dni od vpisa v Poslovni register (PRS) in ne v postopku registracije, ne prejmete potrdila. Postopek se zaključi z vašo oddajo izpolnjenega obrazca."",
  ""required_documents"": [],
  ""contact_info"": [
    ""01 478 38 00"",
    ""gfu.fu@gov.si"",
    ""ekc@gov.si""
  ]
}","{""type"": ""object""}",regex_draft,review_required,needs_human_review,edited,"{
  ""authority"": ""Finančna uprava Republike Slovenije (FURS)"",
  ""deadline"": ""v roku 8 dni od vpisa v Poslovni register (PRS) in ne v postopku registracije, ne prejmete potrdila"",
  ""required_documents"": [],
  ""contact_info"": [
    ""gfu.fu@gov.si"",
    ""ekc@gov.si"",
    ""01 478 38 00"",
    ""080 20 02""
  ]
}",Codex-worker-review,Conservative JSON review; unsupported fields left blank.
review-extract-manual-smrt-osebe-na-domu-89d50c3186-sec-001-chunk-01,review-extract-manual-smrt-osebe-na-domu-89d50c3186-sec-001-chunk-01,information_extraction,132,priority_batch,civil-status,procedure page,Smrt osebe na domu,manual-smrt-osebe-na-domu-89d50c3186,"[""manual-smrt-osebe-na-domu-89d50c3186-sec-001-chunk-01""]",train,Iz odlomka izlušči ključna postopkovna polja v JSON.,"Smrt osebe na domu
Če je oseba umrla izven zdravstvenih oziroma drugih zavodov oz. doma, mora smrt prijaviti mrliški preglednik oziroma zdravnik, ki je ugotovil smrt, družinski člani ali tisti, s katerim je umrli živel. Prijavi smrti mora biti priloženo potrdilo o smrti, ki ga izda pristojni zdravstveni delavec, ki je smrt ugotovil.
V primeru smrti na domu oziroma izven zdravstvenega zavoda pokličite nujno medicinsko pomoč na številko 112, v manjših krajih v bližnji zdravstveni dom, ali policijo 113, ki bodo poklicale mrliškega preglednika. Mrliški preglednik mora opraviti pregled takoj, ko izve za smrt, in sicer v gosto naseljenih stavbah najpozneje v 12-tih, drugje najpozneje v 24-tih urah. Pred prihodom mrliškega preglednika pripravite vso dokumentacijo o preminulem, ki jo imate na voljo, tudi dokumentacijo o njegovem zdravljenju.
Po opravljenem pregledu izda mrliški preglednik potrdilo o opravljenem mrliškem pregledu (Potrdilo o smrti in Poročilo o vzroku smrti). Ko mrliški preglednik ugotovi smrt, vam izda dovoljenje za pokop umrlega. Če zdravnik ugotovi, da je do smrti prišlo v nenavadnih, sumljivih okoliščinah oziroma, da bi lahko prišlo do nasilne smrti, mora o tem obvestiti policijo. V primeru, da je vzrok smrti nepoznan oziroma nejasen, mora zdravnik zaprositi za obdukcijo umrlega. Družina bo s strani bolnišnice dobila potrdilo o smrti.
Kontaktirajte pogrebno podjetje, ki bo opravilo prevoz preminule osebe in vam pomagalo organizirati pogreb. Oglasite se v pogrebnem podjetju, ki ste ga izbrali, v času njihovih delovnih ur, da se dogovorite glede pogreba in groba. Obvestite predstavnika verske skupnosti. Prijavite smrt upravni enoti, na območju katere je oseba umrla, kjer bodo umrlega vpisali v matični register. Prijava smrti mora biti podana v dveh dneh od dneva smrti oziroma od dneva najdbe trupla. Smrt se prijavi s potrdilom o smrti oziroma potrdilom o vzroku smrti, ki ga je izdal zdravnik, ki je umrlega pregledal. Oddajte osmrtnico.
Pokop, raztros pepela zunaj pokopališča
Pri vaši kadrovski službi se pozanimajte koliko dni izrednega dopusta lahko koristite v primeru smrti bližnjega sorodnika.
Izpisek iz matičnega registra o smrti
Sestava smrtovnice
Smrtovnico nato matičar posreduje pristojnemu okrajnemu sodišču, ki nato vodi zapuščinski postopek.
Oblike oporoke
Davek na dediščino
Pogrebnina in posmrtnina
Družinska pokojnina
Pokojnina po pokojniku
Izplačilo obojega uredite dediči s predložitvijo mrliškega lista na Zavodu za pokojninsko in invalidsko zavarovanje Slovenije.","{
  ""authority"": """",
  ""deadline"": """",
  ""required_documents"": [],
  ""contact_info"": []
}","{""type"": ""object""}",regex_draft,review_required,needs_human_review,edited,"{
  ""authority"": ""Ministrstvo za zdravje"",
  ""deadline"": """",
  ""required_documents"": [],
  ""contact_info"": []
}",Codex-worker-review,Conservative JSON review; unsupported fields left blank.
review-extract-manual-rojstvo-prvega-otroka-d27b93aa55-sec-001-chunk-01,review-extract-manual-rojstvo-prvega-otroka-d27b93aa55-sec-001-chunk-01,information_extraction,130,priority_batch,civil-status,procedure page,Rojstvo prvega otroka,manual-rojstvo-prvega-otroka-d27b93aa55,"[""manual-rojstvo-prvega-otroka-d27b93aa55-sec-001-chunk-01""]",train,Iz odlomka izlušči ključna postopkovna polja v JSON.,"Rojstvo prvega otroka
Ob rojstvu otroka je potrebno opraviti določene postopke, pridobite pa tudi nekatere pravice, ki so odvisne od tega, koliko otrok imate.
Nekatere postopke morate opraviti pred rojstvom otroka, nekatere pa po rojstvu otroka.
Materinski dopust
Očetovski dopust
Starševski dopust
Določitev otrokovega osebnega imena
Ime in priimek sta vsak zase lahko sestavljena iz največ dveh besed oziroma nedeljivih celot, v nasprotnem primeru morata starša podati izjavo o izbiri osebnega imena za pravni promet.
Prijava otroka v obvezno zdravstveno zavarovanje
Izbira pediatra
Pridobitev osebne izkaznice
Pridobitev potnega lista
Pridobitev davčne številke za novorojenčka
lahko pa jo pridobite takoj po otrokovem rojstvu na katerem koli finančnem uradu.
Pridobitev izpiska iz matičnega registra o rojstvu
Otroški dodatek
Družinski prejemki
Uveljavljanje dohodninske olajšave za vzdrževane družinske člane
Oprostitev plačila takse za gradbeno dovoljenje
Za mlado družino se šteje družina z vsaj enim otrokom, v kateri nobeden od staršev ni star več kot 30 let (v letu, ko se vloži zahtevek) ne glede na starost otrok oziroma 35 let in še noben otrok ni šoloobvezen.
Pravica staršev do krajšega delovnega časa
- eden od staršev, ki neguje in varuje najmanj dva otroka, do končanega prvega razreda osnovne šole najmlajšega otroka, pri čemer je eno leto izrabe pravice neprenosljivo za vsakega od staršev.
Pravica do nadomestila v času odmora za dojenje
Za čas odmora je upravičena do nadomestila oziroma plačila prispevkov za socialno varnost.
Nadurno in nočno delo staršev
Mami ali očetu, ki neguje otroka, starega do treh let, se lahko naloži opravljanje nadurnega dela ali dela ponoči samo z njenim oziroma njegovim predhodnim pisnim soglasjem.
Vpis otroka v vrtec
Subvencija za znižano plačilo vrtca
Starši otrok s posebnimi potrebami lahko uveljavljajo dodatne pravice , ki jih najdete v sklopu poglavja Osebe z invalidnostmi.
Nekatere občine svojim občanom ob rojstvu otroka nudijo različne vrste pomoči. Preverite, kako je s tem v vaši občini.","{
  ""authority"": """",
  ""deadline"": """",
  ""required_documents"": [],
  ""contact_info"": []
}","{""type"": ""object""}",regex_draft,review_required,needs_human_review,edited,"{
  ""authority"": ""Ministrstvo za zdravje"",
  ""deadline"": """",
  ""required_documents"": [
    ""Ob rojstvu otroka je potrebno opraviti določene postopke, pridobite pa tudi nekatere pravice, ki so odvisne od tega, koliko otrok imate"",
    ""Starši otrok s posebnimi potrebami lahko uveljavljajo dodatne pravice , ki jih najdete v sklopu poglavja Osebe z invalidnostmi""
  ],
  ""contact_info"": []
}",Codex-worker-review,Conservative JSON review; unsupported fields left blank.
review-extract-manual-smrt-osebe-na-domu-89d50c3186-sec-001-chunk-02,review-extract-manual-smrt-osebe-na-domu-89d50c3186-sec-001-chunk-02,information_extraction,130,priority_batch,civil-status,procedure page,Smrt osebe na domu,manual-smrt-osebe-na-domu-89d50c3186,"[""manual-smrt-osebe-na-domu-89d50c3186-sec-001-chunk-02""]",train,Iz odlomka izlušči ključna postopkovna polja v JSON.,"Izplačilo obojega uredite dediči s predložitvijo mrliškega lista na Zavodu za pokojninsko in invalidsko zavarovanje Slovenije.
Vdovska pokojnina
Nujni dediči
Dedovanje orožja
Za razliko od pokojnine pripada invalidsko nadomestilo največ do dneva smrti. Izplačilo zapadlih neizplačanih zneskov nadomestila dedičem lahko izplača le Zavod za pokojninsko in invalidsko zavarovanje Slovenije na enaki podlagi, kot to velja za pokojnine.
Zapuščinski postopek sproži sodišče po uradni dolžnosti. V roku tridesetih dni od vpisa smrti v matični register umrlih prejmejo svojci ustrezna navodila.
V primeru smrti imetnika računa je potrebno obvestiti banko. Banka račun ob predložitvi uradnega dokumenta o smrti imetnika blokira. Razpolaganje z denarjem na računu po blokadi je možno šele po končanem postopku dedovanja. Po zaključeni zapuščinski razpravi in na podlagi pravnomočnega sklepa o dedovanju banka sredstva izplača dedičem. Izplačilo sredstev brez zapuščinske razprave ni možno, razen v izjemnih primerih za pogrebne stroške. S smrtjo prenehajo vsa pooblastila na računih umrlega.
Osebne dokumente (potna listina, osebna izkaznica, vozniško dovoljenje, kartica zdravstvenega zavarovanja, obmejna prepustnica, orožni list, potrdilo o usposobljenosti za voditelja čolna) umrlega posameznika je potrebno uničiti.
Svojci umrlega posameznika predložijo njegove identifikacijske dokumente v uničenje na kateri koli upravni enoti v Republiki Sloveniji. Pristojni organ preveri matično dejstvo smrti v matičnem registru. Po ugotovitvi, da je posameznik umrl, njegove identifikacijske dokumente fizično uniči (preluknja, prereže) in jih vrne njegovim svojcem.
Terjatve in obveznosti iz naslova davkov pokojnika praviloma preidejo na dediče. V določenih primerih, ko zavezanec umre pred vložitvijo napovedi za odmero davka, morajo napoved vložiti dediči.
Razmislite katere vse inštitucije bi bilo dobro obvestiti o smrti osebe. Inštitucije kot so: zavarovalnice, banke, društva, knjižnice, dobavitelje elektrike, plina, delniške družbe, ki so pokojniku izplačevale dividende…","{
  ""authority"": """",
  ""deadline"": """",
  ""required_documents"": [],
  ""contact_info"": []
}","{""type"": ""object""}",regex_draft,review_required,needs_human_review,edited,"{
  ""authority"": ""Direktorat za javno naročanje"",
  ""deadline"": """",
  ""required_documents"": [],
  ""contact_info"": []
}",Codex-worker-review,Conservative JSON review; unsupported fields left blank.
review-extract-manual-kupil-bom-nov-avto-v-sloveniji-37bfd8ce24-sec-001-chunk-01,review-extract-manual-kupil-bom-nov-avto-v-sloveniji-37bfd8ce24-sec-001-chunk-01,information_extraction,128,priority_batch,vehicle-registration,procedure page,Kupil bom nov avto v Sloveniji,manual-kupil-bom-nov-avto-v-sloveniji-37bfd8ce24,"[""manual-kupil-bom-nov-avto-v-sloveniji-37bfd8ce24-sec-001-chunk-01""]",train,Iz odlomka izlušči ključna postopkovna polja v JSON.,"Kupil bom nov avto v Sloveniji
Za novo vozilo šteje vozilo:
- ki je povsem novo iz tovarne ali je bilo dobavljeno prej kot v šestih mesecih, odkar je bilo prvič dano v uporabo;
- ali če z njim ni bilo prevoženih več kot 6.000 kilometrov.
Sklenitev pogodbe o nakupu
Homologacijo - potrdilo o skladnosti pridobite ob nakupu vozila od prodajalca.
Sklenitev zavarovalne pogodbe
Registracija vozila
Plačilo taks in stroškov
Plačati morate: 1. letno dajatev/nadomestilo za uporabo cest, 2. takso za registracijo vozila in 3. obrazec novega prometnega dovoljenja.
*Registracijske organizacije so:
- upravne enote ;
- organizacije, ki opravljajo tehnične preglede motornih in priklopnih vozil;
- gospodarske družbe in samostojni podjetniki posamezniki, ki opravljajo dejavnost prodaje motornih oziroma priklopnih vozil.
Če kupujete avto znotraj Slovenije, nimate nobenih obveznosti glede prijave tega nakupa Finančni upravi Republike Slovenije .
Starši v velikih družinah (z najmanj tremi otroci, ki so mlajši od 18 let), lahko vsaka tri leta z oprostitvijo davka na motorna vozila kupijo osebno vozilo z najmanj petimi sedeži, pod pogojem, da je bilo vozilo v Sloveniji registrirano prvič .
**Kombinacijo črk in številk na registrskih tablicah z rezervirano označbo oziroma tablic, ki jih naročite po želji, določa poseben predpis .
Prve registracije avtomobila ni možno opraviti elektronsko, lahko pa kasneje elektronsko podaljšujete veljavnost prometnega dovoljenja , v primeru, da vaš avto ne potrebuje tehničnega pregleda.","{
  ""authority"": """",
  ""deadline"": """",
  ""required_documents"": [],
  ""contact_info"": []
}","{""type"": ""object""}",regex_draft,review_required,needs_human_review,edited,"{
  ""authority"": """",
  ""deadline"": """",
  ""required_documents"": [
    ""Plačati morate: 1. letno dajatev/nadomestilo za uporabo cest, 2. takso za registracijo vozila in 3. obrazec novega prometnega dovoljenja""
  ],
  ""contact_info"": []
}",Codex-worker-review,Conservative JSON review; unsupported fields left blank.
review-extract-manual-poro-ila-se-bova-zunaj-uradnih-prostorov-1d86e0a7bc-sec-001-chunk-01,review-extract-manual-poro-ila-se-bova-zunaj-uradnih-prostorov-1d86e0a7bc-sec-001-chunk-01,information_extraction,126,priority_batch,civil-status,procedure page,Poročila se bova zunaj uradnih prostorov,manual-poro-ila-se-bova-zunaj-uradnih-prostorov-1d86e0a7bc,"[""manual-poro-ila-se-bova-zunaj-uradnih-prostorov-1d86e0a7bc-sec-001-chunk-01""]",train,Iz odlomka izlušči ključna postopkovna polja v JSON.,"Poročila se bova zunaj uradnih prostorov
Prijava k sklenitvi zakonske zveze
Upravna enota bodoča zakonca nato obvesti o tem, ali je zakonsko zvezo možno skleniti na želeni lokaciji.
Ob spremembi priimka ali stalnega prebivališča mora zakonec, ki je spremenil priimek oziroma stalno prebivališče, zamenjati identifikacijske dokumente.
Sprememba priimka po poroki
Sprememba velja od dneva sklenitve zakonske zveze.
Sprememba prebivališča po poroki
Poleg tega mora zamenjati tudi osebne identifikacijske dokumente (osebna izkaznica, potni list, vozniško dovoljenje).
Zamenjava osebne izkaznice
Zamenjava potnega lista
Zamenjava vozniškega dovoljenja
Če je lastnik vozila, mora zamenjati v 15 dneh tudi prometno dovoljenje.
Zamenjava zdravstvene kartice
Zakonec, ki je zaposlen, lahko zakonca, če ta ni zaposlen prijavi v obvezno zdravstveno zavarovanje in prijavi kot vzdrževanega družinskega člana.
Prijava zakonca v obvezno zdravstveno zavarovanje
Prijava zakonca kot vzdrževanega družinskega člana
Sklenitev zakonske zveze zunaj uradnih prostorov zaradi opravičljivih razlogov (npr. huda bolezen) ne predstavlja povečanih stroškov za bodoča zakonca.
V teh primerih tudi ni določenega roka za prijavo sklenitve zakonske zveze.","{
  ""authority"": ""Upravna enota bodoča zakonca nato obvesti o tem, ali je zakonsko zvezo možno skleniti na želeni lokaciji."",
  ""deadline"": ""Če je lastnik vozila, mora zamenjati v 15 dneh tudi prometno dovoljenje."",
  ""required_documents"": [],
  ""contact_info"": []
}","{""type"": ""object""}",regex_draft,review_required,needs_human_review,edited,"{
  ""authority"": ""Ministrstvo za zdravje"",
  ""deadline"": ""v 15 dneh tudi prometno dovoljenje"",
  ""required_documents"": [],
  ""contact_info"": []
}",Codex-worker-review,Conservative JSON review; unsupported fields left blank.
review-sum-adm-www-gov-si-bad6dd99f6-sec-002-chunk-01,review-sum-adm-www-gov-si-bad6dd99f6-sec-002-chunk-01,summarization,111,priority_batch,access-to-public-information,manual/handbook,Informacije javnega značaja,adm-www-gov-si-bad6dd99f6,"[""adm-www-gov-si-bad6dd99f6-sec-002-chunk-01""]",train,"Pripravi kratek, zvest in formalen upravni povzetek odlomka.","Zakonodaja
Javnost in odprtost delovanja sta predpisani za državne organe, organe lokalnih skupnosti, javne agencije, javne sklade in druge osebe javnega prava, nosilce javnih pooblastil, izvajalce javnih služb ter za pravne subjekte (gospodarske družbe in druge pravne osebe) pod prevladujočim vplivom države, občin ali drugih oseb javnega prava. Transparentnost delovanja organov javnega sektorja se odraža z:
možnostjo spletnega dostopa do podatkov iz javnih evidenc;
proaktivnim razširjanjem informacij s strani organov;
sodelovanjem javnosti pri sprejemanju predpisov;
transparentnostjo porabe javnih sredstev ter prizadevanjem za integriteto in s preprečevanjem korupcije;
omogočanjem dostopa do informacij javnega značaja na podlagi individualne zahteve;
omogočanjem ponovne uporabe podatkov javnega sektorja s spletno objavo zbirk podatkov v strojno berljivih formatih (open data) ali na podlagi individualne zahteve.
Na Ministrstvu za javno upravo smo sistemsko pristojni za urejanje navedenega področja ter opravljamo te spodbujevalne in razvojne naloge z namenom transparentnega in odprtega delovanja organov:
seznanjamo javnost o načinu in pogojih dostopa do informacij javnega značaja;
svetujemo drugim organom v zvezi z uporabo določil ZDIJZ;
izvajamo druge spodbujevalne in razvojne naloge.
Nudimo predvsem pomoč in svetovanje prosilcem in organom glede razlage ZDIJZ in tudi v primeru medresorskega usklajevanja predlogov predpisov, ki vsebinsko opredeljujejo pravico javnosti dostopa, na primer za določene vrste podatkov.
Za nadzor nad izvajanjem ZDIJZ in na njegovi podlagi izdanih predpisov je v okviru pritožbenega postopka pristojen Informacijski pooblaščenec , ki vam lahko pomaga, če:
vam organ v 20 delovnih dneh ne odgovori na vašo zahtevo,
vam organ zavrne dostop do informacije z odločbo,
vam organ zavrne ponovno uporabo informacij,
ste medij in vam organ v sedmih delovnih dneh ne odgovori na vprašanje,
ste medij in prejmete zavrnilni odgovor na vprašanje.
Informacijski pooblaščenec torej lahko deluje kot pritožbeni, inšpekcijski in prekrškovni organ, odvisno od vrste in narave zadeve, med katere spadajo kršitve pravice do dostopa ali ponovne uporabe informacij javnega značaja.
Informacija javnega značaja je informacija, ki izvira s področja dela, ki ga opravlja zavezanec. Lahko je dokument, zadeva, dosje, register, evidenca ali dokumentarno gradivo.
Zahtevo za dostop do informacije javnega značaja lahko vložijo tako pravne kot fizične osebe, pri tem pa jim ni treba navajati razloga. Informacije javnega značaja lahko zahtevajo od:","Povzetek: Zakonodaja Javnost in odprtost delovanja sta predpisani za državne organe, organe lokalnih skupnosti, javne agencije, javne sklade in druge osebe javnega prava, nosilce javnih pooblastil, izvajalce javnih služb ter za pravne subjekte (gospodarske družbe in druge pravne osebe) pod prevladujočim vplivom države, občin ali drugih oseb javnega prava. Transparentnost delovanja organov javnega sektorja se odraža z:",null,extractive_draft,review_required,needs_human_review,edited,"Javnost in odprtost delovanja sta predpisani za državne organe, organe lokalnih skupnosti, javne agencije, javne sklade in druge osebe javnega prava, nosilce javnih pooblastil, izvajalce javnih služb ter za pravne subjekte (gospodarske družbe in druge pravne osebe) pod prevladujočim vplivom države, občin ali drugih oseb javnega prava.",Codex-main-review,Condensed to preserve the main procedural points.
review-sum-adm-www-gov-si-5984fa60fa-sec-001-chunk-01,review-sum-adm-www-gov-si-5984fa60fa-sec-001-chunk-01,summarization,108,priority_batch,administrative-fees,manual/handbook,Upravne takse,adm-www-gov-si-5984fa60fa,"[""adm-www-gov-si-5984fa60fa-sec-001-chunk-01""]",train,"Pripravi kratek, zvest in formalen upravni povzetek odlomka.","Upravne takse
Pri poslovanju organov državne uprave, občinskih organov in nosilcev javnih pooblastil je za nekatere upravne storitve predvideno plačilo upravne takse. Zavezanec za plačilo je tisti, ki vloži vlogo in tako začne upravni ali drug postopek, za katerega je predvideno plačilo upravne takse.
Splošno o upravnih taksah
Višina upravne takse
Plačilo upravne takse
Pomembni dokumenti
Zakonodaja
Upravna taksa je po zakonski opredelitvi plačilo za delo upravnih organov, s čimer so v tej opredelitvi mišljeni:
organi državne uprave in organi samoupravnih lokalnih skupnosti ter
podjetja in druge organizacije in posamezniki, kadar na podlagi javnih pooblastil odločajo o upravnih zadevah in se v tem delu financirajo iz proračunskih sredstev.
Za dajanje pojasnil k splošnim določbam Zakona o upravnih taksah je pristojno Ministrstvo za javno upravo, za pojasnila k upravnim taksam o konkretnih vlogah, odločbah in drugih dokumentih pa so pristojna resorna ministrstva, v katerih pristojnost spada izdaja nekega dokumenta (tako je na primer za pojasnila o višini upravne takse pri izdaji osebnega dokumenta pristojno Ministrstvo za notranje zadeve, za prometno dovoljenje Ministrstvo za infrastrukturo, za gradbeno dovoljenje Ministrstvo za okolje in prostor in tako dalje).
Za katere vloge, dejanja ali izdajo dokumentov smo obvezani k plačilu upravne takse in v kakšni višini, je določeno v Taksni tarifi , ki je priloga Zakona o upravnih taksah.
Upravne takse so praviloma določene v evrih. Lahko so določene v fiksnih zneskih ali v odstotku od vrednosti predmeta. Če je v taksni tarifi predpisano, da se taksa plača od vrednosti predmeta, je osnova za odmero takse vrednost, ki je navedena v vlogi ali listini.
Upravno takso plačamo ob nastanku taksne obveznosti , to je ob vložitvi vloge oziroma zahteve. V primerih, ko mora organ šele ugotoviti podatke, ki vplivajo na višino upravne takse, taksna obveznost nastane najpozneje ob izdaji odločbe ali izvršitvi dejanja. Če upravna taksa ni plačana ob nastanku taksne obveznosti ali ni plačana v predpisani višini, organ obvesti taksnega zavezanca o višini takse tako, da mu pošlje plačilni nalog. Zavezanec mora upravno takso plačati v 15 dneh ali v osmih dneh vložiti ugovor.
Upravno takso lahko plačamo ali pri organu, pri katerem smo vložili vlogo oziroma zahtevo, ali pri ponudniku plačilnih storitev z referenco, ki jo določi organ. Upravno takso poravnamo v gotovini ali z drugim plačilnim sredstvom.
Številka transakcijskega računa, sklic in referenca za plačilo upravne takse se pri posameznih organih razlikujejo, zato je podatke o tem treba poiskati na spletnih straneh organa, na katerega se vlaga vloga ali v uradnih prostorih organa, kjer je takso mogoče tudi plačati. Podatki za plačilo upravne takse so objavljeni tudi ob vlogah na eUpravi.","Povzetek: Upravne takse Pri poslovanju organov državne uprave, občinskih organov in nosilcev javnih pooblastil je za nekatere upravne storitve predvideno plačilo upravne takse. Zavezanec za plačilo je tisti, ki vloži vlogo in tako začne upravni ali drug postopek, za katerega je predvideno plačilo upravne takse.",null,extractive_draft,review_required,needs_human_review,edited,"Pri poslovanju organov državne uprave, občinskih organov in nosilcev javnih pooblastil je za nekatere upravne storitve predvideno plačilo upravne takse. Zavezanec za plačilo je tisti, ki vloži vlogo in tako začne upravni ali drug postopek, za katerega je predvideno plačilo upravne takse.",Codex-main-review,Condensed to preserve the main procedural points.
review-sum-adm-www-gov-si-b10cfbf4d7-sec-002-chunk-01,review-sum-adm-www-gov-si-b10cfbf4d7-sec-002-chunk-01,summarization,113,priority_batch,administrative-operations,manual/handbook,Upravno poslovanje,adm-www-gov-si-b10cfbf4d7,"[""adm-www-gov-si-b10cfbf4d7-sec-002-chunk-01""]",train,"Pripravi kratek, zvest in formalen upravni povzetek odlomka.","Zakonodaja
Pravila upravnega poslovanja se uporabljajo v vseh razmerjih z upravnimi organi in nosilci javnih pooblastil, ne glede na procesna pravila upravnega ali drugega javnopravnega postopka.
Pravila upravnega poslovanja vzpostavljajo sorazmerje med delovanjem uprave kot varuhom javnega interesa in upravnega servisa v službi uporabnikov storitev. Tako se uresničujejo načela odprtosti in transparentnosti delovanja uprave, usmerjenosti k uporabniku, enakosti obravnave, odzivnosti in kakovosti storitev, ki so poleg zakonitosti in strokovnosti nujni za delovanje sodobne uprave.
Organi zainteresiranim uporabnikom zagotavljajo splošne informacije o načinu poslovanja pri odločanju o upravnih zadevah, izdajanju potrdil in izvajanju drugih upravnih nalog, pojasnila v zvezi z uresničevanjem pravic, obveznosti in pravnih koristi ter pojasnila v zvezi z drugimi upravnimi storitvami.
Splošne informacije so predvsem podatki o tem:
kakšni so pogoji za pridobitev pravice,
kje in po kakšnem postopku lahko stranka pridobi pravico,
katere priloge je treba vlogi priložiti,
kolikšna je višina upravne takse in morebitnih drugih plačil.
Podatki o poteku oziroma stanju konkretnega upravnega ali drugega postopka niso splošne informacije. Podatki o konkretnih primerih se pošljejo na podlagi pravil, določenih za tisto vrsto postopka.
Splošne informacije zagotavljajo javni uslužbenci organa, objavljene so na spletnih straneh organov, dostopne pa so tudi prek Enotnega kontaktnega centra državne uprave.
Stranke lahko svoje predloge in pripombe glede kakovosti poslovanja organa s strankami podajo:
pisno (v fizični ali elektronski obliki),
ustno ali
z zapisom v knjigo pripomb in pohval.
Organ mora pripombe obravnavati in nanje odgovoriti v 15 dneh (če sta na voljo osebno ime in naslov stranke, ki je podala pripombo). Če stranka z odgovorom ni zadovoljna, se lahko obrne na organ, ki izvaja nadzor nad organom, ki je podal odgovor. Tako stranke lahko podajajo pripombe, ki se nanašajo na upravno poslovanje organa, ne morejo pa tako uveljavljati morebitnega nestrinjanja z vodenjem posameznega upravnega postopka.
Organ odgovori na dopise pošiljateljev, če:
je iz njih mogoče razbrati pričakovanje odgovora,
se je pošiljatelj identificiral in sporočil naslov, kamor je mogoče poslati odgovor,
dopis ni šikanozen in
pošiljatelju na podobno vprašanje ni že odgovoril.
Organ mora odgovoriti v 15 dneh, ali če gre za zahtevnejšo zadevo, v tem roku poslati obvestilo, kdaj pošiljatelj lahko pričakuje odgovor. »Pravica do odgovora« se omejuje na poslovanje organa, zato pošiljatelj na tej podlagi ne more pričakovati, da bo organ odgovarjal na dopis, ki se nanaša na vodenje konkretnega upravnega ali drugega javnopravnega postopka, saj takrat komunikacijo med organom in stranko urejajo pravila tistega postopka. Odgovarjanje ni namenjeno pridobivanju pravnih mnenj, ki jih pošiljatelji potrebujejo v upravnih ali sodnih postopkih, prav tako ni namenjeno razreševanju strokovnih in drugih dilem, ki bi se uporabljalo v diplomskih in drugih nalogah.","Povzetek: Zakonodaja Pravila upravnega poslovanja se uporabljajo v vseh razmerjih z upravnimi organi in nosilci javnih pooblastil, ne glede na procesna pravila upravnega ali drugega javnopravnega postopka.",null,extractive_draft,review_required,needs_human_review,edited,"Pravila upravnega poslovanja se uporabljajo v vseh razmerjih z upravnimi organi in nosilci javnih pooblastil, ne glede na procesna pravila upravnega ali drugega javnopravnega postopka. Pravila upravnega poslovanja vzpostavljajo sorazmerje med delovanjem uprave kot varuhom javnega interesa in upravnega servisa v službi uporabnikov storitev. Tako se uresničujejo načela odprtosti in transparentnosti delovanja uprave, usmerjenosti k uporabniku, enakosti obravnave, odzivnosti in kakovosti storitev, ki so poleg zakonitosti in strokovnosti nujni za delovanje sodobne uprave.",Codex-main-review,
review-sum-adm-www-gov-si-1b8cd4d940-sec-002-chunk-01,review-sum-adm-www-gov-si-1b8cd4d940-sec-002-chunk-01,summarization,121,priority_batch,administrative-procedure,procedure page,Upravni postopek,adm-www-gov-si-1b8cd4d940,"[""adm-www-gov-si-1b8cd4d940-sec-002-chunk-01""]",train,"Pripravi kratek, zvest in formalen upravni povzetek odlomka.","Zakonodaja
Upravni postopek zagotavlja varstvo človekovega dostojanstva v razmerju do oblastnih organov, kadar ti odločajo o upravnih zadevah. Načela in pravila upravnega postopka so zasnovana tako, da omogočajo:
učinkovito opravljanje javnih nalog,
zaščito javnega interesa in
zaščito pravnega položaja vseh, ki bi bili lahko prizadeti.
Z določitvijo splošnih pravil in temeljnih načel upravnega postopka so postavljene meje dopustnega oblastnega delovanja in posegov oblastnih organov oziroma nujne procesne obveznosti organov do strank. Tako so temelj pravnosti in demokratičnosti delovanja oblasti v upravnem pravu, saj jamčijo, da je vsakdo obravnavan kot subjekt, ne le kot objekt odločanja. Zagotavljajo poštenost postopka, nepristranskost in pravočasnost upravnega odločanja kot gradnikov tako imenovane dobre uprave ( angl. good administration ). Z uresničevanjem pravice biti slišan omogočajo aktivno sodelovanje in obrambo pravnega položaja, kar se povezuje s pravico do zastopanja, obrazložene odločitve, pritožbe in možnosti vpogleda v dokumentacijo.
Temeljna načela in splošna pravila upravnega postopka so določena z Zakonom o splošnem upravnem postopku ( splošni upravni postopek ). Z njimi se zagotavlja enakost procesnega varstva in obravnave v različnih upravnih zadevah. Treba pa je upoštevati, da so pravila upravnega postopka lahko drugače določena z drugimi, področnimi zakoni. V tem primeru govorimo o posebnem upravnem postopku . Tako vzpostavljena pravila, drugače kot splošna, veljajo le pri odločanju v tistih zadevah, na katere se nanašajo (na primer samo v gradbenih ali inšpekcijskih zadevah). Tudi ta pravila morajo slediti temeljnim načelom upravnega postopka in upoštevati, da je odstopanje od splošnih pravil dopustno le izjemoma in v obsegu, ki je nujen, da se tako upoštevajo procesne posebnosti nekega področja. Med Zakonom o splošnem upravnem postopku in področnimi zakoni je vzpostavljeno razmerje subsidiarnosti oziroma podrejenosti pravil splošnega upravnega postopka, kar pomeni, da se splošna pravila podrejajo pravilom posebnega upravnega postopka, kadar ta isto procesno razmerje urejajo drugače kot splošna pravila.
Pristojnosti Ministrstva za javno upravo in drugih ministrstev
Ministrstvo za javno upravo je pristojno za sistemsko urejanje pravil splošnega upravnega postopka, ki so določena v Zakonu o splošnem upravnem postopku, druga ministrstva pa so pristojna za urejanje posebnih pravil upravnega postopka, ki se nanašajo na njihovo delovno področje.","Povzetek: Zakonodaja Upravni postopek zagotavlja varstvo človekovega dostojanstva v razmerju do oblastnih organov, kadar ti odločajo o upravnih zadevah. Načela in pravila upravnega postopka so zasnovana tako, da omogočajo:",null,extractive_draft,review_required,needs_human_review,edited,"Upravni postopek zagotavlja varstvo človekovega dostojanstva v razmerju do oblastnih organov, kadar ti odločajo o upravnih zadevah. Načela in pravila upravnega postopka so zasnovana tako, da omogočajo: učinkovito opravljanje javnih nalog, zaščito javnega interesa in zaščito pravnega položaja vseh, ki bi bili lahko prizadeti. Z določitvijo splošnih pravil in temeljnih načel upravnega postopka so postavljene meje dopustnega oblastnega delovanja in posegov oblastnih organov oziroma nujne procesne obveznosti organov do strank.",Codex-main-review,
review-sum-slo-admin-017-sec-002-chunk-01,review-sum-slo-admin-017-sec-002-chunk-01,summarization,119,priority_batch,budget,budget/public-finance guidance,Direktorat za proračun,slo-admin-017,"[""slo-admin-017-sec-002-chunk-01""]",train,"Pripravi kratek, zvest in formalen upravni povzetek odlomka.","Sredstva EU
Proračun EU, kohezijska sredstva, sredstva za razvoj podeželja in kmetijstvo, sredstva za raziskave in inovacije, povračila potnih stroškov Sveta EU
Novice
- 5. 3. 2026 Aktualna gibanja v državnem proračunu
Aktualna gibanja v državnem proračunu
- 5. 2. 2026 Januarska gibanja v državnem proračunu
Januarska gibanja v državnem proračunu
- 12. 1. 2026 Državni proračun lani z nekoliko nižjim primanjkljajem od načrtov
Državni proračun lani z nekoliko nižjim primanjkljajem od načrtov
- 6. 12. 2025 Na dlani – ključni podatki o državnem proračunu za leto 2026
Na dlani – ključni podatki o državnem proračunu za leto 2026
- 5. 12. 2025 Aktualna gibanja v državnem proračunu
Aktualna gibanja v državnem proračunu
- 6. 11. 2025 Najnovejša gibanja v državnem proračunu
Najnovejša gibanja v državnem proračunu
- 3. 10. 2025 Najnovejša gibanja v državnem proračunu
Najnovejša gibanja v državnem proračunu
- 25. 9. 2025 Vlada potrdila predloga državnih proračunov za 2026 in 2027
Vlada potrdila predloga državnih proračunov za 2026 in 2027
- 9. 9. 2025 Netočno navajanje podatkov o proračunskem primanjkljaju
Netočno navajanje podatkov o proračunskem primanjkljaju
- 4. 9. 2025 Proračunska gibanja v osmih mesecih skladna z načrti
Proračunska gibanja v osmih mesecih skladna z načrti
Sektorji direktorata
- Sektor za upravljanje s sredstvi EU/CA Ministrstvo za finance Direktorat za proračun Beethovnova ulica 11 1000 Ljubljana 01 369 65 10 is.vog@fm.pg
Sektor za upravljanje s sredstvi EU/CA
Beethovnova ulica 11 1000 Ljubljana
- 01 369 65 10
- is.vog@fm.pg
- Sektor za razvoj sistema proračuna Ministrstvo za finance Direktorat za proračun Beethovnova ulica 11 1000 Ljubljana 01 369 65 40 is.vog@fm.pg
Sektor za razvoj sistema proračuna
Beethovnova ulica 11 1000 Ljubljana
- 01 369 65 40
- is.vog@fm.pg
- Sektor za sistem financiranja lokalnih skupnosti Ministrstvo za finance Direktorat za proračun Beethovnova ulica 11 1000 Ljubljana 01 369 65 70 is.vog@fm.pg
Sektor za sistem financiranja lokalnih skupnosti
Beethovnova ulica 11 1000 Ljubljana
- 01 369 65 70
- is.vog@fm.pg
- Sektor za proračun Ministrstvo za finance Direktorat za proračun Beethovnova ulica 11 1000 Ljubljana 01 369 64 72 is.vog@fm.pg
Sektor za proračun","Povzetek: Sredstva EU Proračun EU, kohezijska sredstva, sredstva za razvoj podeželja in kmetijstvo, sredstva za raziskave in inovacije, povračila potnih stroškov Sveta EU
Ključni poudarki:
- 5. 3. 2026 Aktualna gibanja v državnem proračunu
- 5. 2. 2026 Januarska gibanja v državnem proračunu
- 12. 1. 2026 Državni proračun lani z nekoliko nižjim primanjkljajem od načrtov
- 6. 12. 2025 Na dlani – ključni podatki o državnem proračunu za leto 2026",null,extractive_draft,review_required,needs_human_review,edited,"Proračun EU, kohezijska sredstva, sredstva za razvoj podeželja in kmetijstvo, sredstva za raziskave in inovacije, povračila potnih stroškov Sveta EU Aktualna gibanja v državnem proračunu Januarska gibanja v državnem proračunu Državni proračun lani z nekoliko nižjim primanjkljajem od načrtov Na dlani – ključni podatki o državnem proračunu za leto 2026 Najnovejša gibanja v državnem proračunu Vlada potrdila predloga državnih proračunov za 2026 in 2027 Netočno navajanje podatkov o proračunskem primanjkljaju.",Codex-main-review,Condensed to preserve the main procedural points.
review-sum-adm-obveznosti-do-financne-uprave-1587f57878-sec-001-chunk-01,review-sum-adm-obveznosti-do-financne-uprave-1587f57878-sec-001-chunk-01,summarization,121,priority_batch,business-procedures,manual/handbook,Obveznosti do Finančne uprave,adm-obveznosti-do-financne-uprave-1587f57878,"[""adm-obveznosti-do-financne-uprave-1587f57878-sec-001-chunk-01""]",val,"Pripravi kratek, zvest in formalen upravni povzetek odlomka.","Obveznosti do Finančne uprave
Elektronsko poslovanje s FURS (eDavki)
Obveznosti odprtja plačilnega računa
Sporočanje podatkov o davčnem zavezancu
Identifikacija za davek na dodano vrednost (DDV)
Predlaganje obračunov in plačevanje obveznosti
Predložitev evidence obračunanega DDV in evidence odbitka DDV ter predizpolnitev obračuna DDV (velja od 1. julija 2025)
Izdajanje in davčno potrjevanje računov
Neizpolnjevanje obveznosti
Informiranje
Vsaka pravna oseba, ustanovljena z namenom opravljanja gospodarske dejavnosti, ima obveznosti do Finančne uprave RS (FURS), katerih kršitev ima lahko negativne posledice.
S FURS morate poslovati elektronsko preko portala eDavki. Obvezna je elektronska oddaja davčnih obračunov, prav tako pa FURS elektronsko vroča dokumente zavezancem.
Vsi poslovni subjekti morajo imeti odprt plačilni račun pri banki ali hranilnici. Če imate račun v tujini, morate to sporočiti FURS, podatkov o računu v Sloveniji pa ni potrebno sporočati.
Če spodnjih podatkov niste vložili že preko spletnega portala SPOT oz. točke SPOT, ste v roku 8 dni od vpisa v primarni register oz. uradno evidenco organa finančnemu uradu dolžni sporočiti naslednje:
podatke na obrazcu DR-04 (plačilni računi v tujini, kapitalske naložbe, povezane osebe, poslovne enote v tujini, osebe, ki vodijo poslovne knjige itd.),
obrazložen izračun predvidene davčne osnove, višine akontacije ter obrokov akontacije davka od dohodkov pravnih oseb,
poseben zahtevek (objavljen na portalu eDavki), če se odločite za ugotavljanje davčne osnove z upoštevanjem normiranih odhodkov. Prek portala SPOT oziroma na točki SPOT morate opraviti prijavo v obvezna socialna zavarovanja za družbenike, ki so poslovodne osebe in zaposlene delavce.
Kot davčni zavezanec s sedežem v Sloveniji ste se dolžni obvezno identificirati za namene DDV (obrazec DDV - P2) v naslednjih primerih:
če v tekočem koledarskem letu presežete znesek 66.000 evrov letnega prometa na ozemlju Slovenije. Če v tekočem koledarskem letu presežete znesek 60.000 evrov letnega prometa, ne presežete pa zneska 66.000 evrov letnega prometa na ozemlju Slovenije, postanete zavezanec za DDV s prvim dnem naslednjega koledarskega leta.
Tudi če ne izpolnjujete navedenih pogojev, se lahko za DDV identificirate prostovoljno, vendar morate v sistemu DDV ostati najmanj tekoče in naslednje koledarsko leto.
če pridobivate blago znotraj EU (od davčnih zavezancev, identificiranih za namene DDV v drugi državi članici) in vrednost pridobitev v tekočem koledarskem letu preseže 10.000 EUR;",Povzetek: Obveznosti do Finančne uprave Elektronsko poslovanje s FURS (eDavki),null,extractive_draft,review_required,needs_human_review,edited,"Elektronsko poslovanje s FURS (eDavki) Obveznosti odprtja plačilnega računa Sporočanje podatkov o davčnem zavezancu Identifikacija za davek na dodano vrednost (DDV) Predlaganje obračunov in plačevanje obveznosti Predložitev evidence obračunanega DDV in evidence odbitka DDV ter predizpolnitev obračuna DDV (velja od 1. julija 2025) Izdajanje in davčno potrjevanje računov Neizpolnjevanje obveznosti. Besedilo dodatno povzema bistvene pogoje, postopkovne korake ali povezane obveznosti na obravnavanem področju.",Codex-main-review,
review-sum-manual-smrt-osebe-na-domu-89d50c3186-sec-001-chunk-01,review-sum-manual-smrt-osebe-na-domu-89d50c3186-sec-001-chunk-01,summarization,92,priority_batch,civil-status,procedure page,Smrt osebe na domu,manual-smrt-osebe-na-domu-89d50c3186,"[""manual-smrt-osebe-na-domu-89d50c3186-sec-001-chunk-01""]",train,"Pripravi kratek, zvest in formalen upravni povzetek odlomka.","Smrt osebe na domu
Če je oseba umrla izven zdravstvenih oziroma drugih zavodov oz. doma, mora smrt prijaviti mrliški preglednik oziroma zdravnik, ki je ugotovil smrt, družinski člani ali tisti, s katerim je umrli živel. Prijavi smrti mora biti priloženo potrdilo o smrti, ki ga izda pristojni zdravstveni delavec, ki je smrt ugotovil.
V primeru smrti na domu oziroma izven zdravstvenega zavoda pokličite nujno medicinsko pomoč na številko 112, v manjših krajih v bližnji zdravstveni dom, ali policijo 113, ki bodo poklicale mrliškega preglednika. Mrliški preglednik mora opraviti pregled takoj, ko izve za smrt, in sicer v gosto naseljenih stavbah najpozneje v 12-tih, drugje najpozneje v 24-tih urah. Pred prihodom mrliškega preglednika pripravite vso dokumentacijo o preminulem, ki jo imate na voljo, tudi dokumentacijo o njegovem zdravljenju.
Po opravljenem pregledu izda mrliški preglednik potrdilo o opravljenem mrliškem pregledu (Potrdilo o smrti in Poročilo o vzroku smrti). Ko mrliški preglednik ugotovi smrt, vam izda dovoljenje za pokop umrlega. Če zdravnik ugotovi, da je do smrti prišlo v nenavadnih, sumljivih okoliščinah oziroma, da bi lahko prišlo do nasilne smrti, mora o tem obvestiti policijo. V primeru, da je vzrok smrti nepoznan oziroma nejasen, mora zdravnik zaprositi za obdukcijo umrlega. Družina bo s strani bolnišnice dobila potrdilo o smrti.
Kontaktirajte pogrebno podjetje, ki bo opravilo prevoz preminule osebe in vam pomagalo organizirati pogreb. Oglasite se v pogrebnem podjetju, ki ste ga izbrali, v času njihovih delovnih ur, da se dogovorite glede pogreba in groba. Obvestite predstavnika verske skupnosti. Prijavite smrt upravni enoti, na območju katere je oseba umrla, kjer bodo umrlega vpisali v matični register. Prijava smrti mora biti podana v dveh dneh od dneva smrti oziroma od dneva najdbe trupla. Smrt se prijavi s potrdilom o smrti oziroma potrdilom o vzroku smrti, ki ga je izdal zdravnik, ki je umrlega pregledal. Oddajte osmrtnico.
Pokop, raztros pepela zunaj pokopališča
Pri vaši kadrovski službi se pozanimajte koliko dni izrednega dopusta lahko koristite v primeru smrti bližnjega sorodnika.
Izpisek iz matičnega registra o smrti
Sestava smrtovnice
Smrtovnico nato matičar posreduje pristojnemu okrajnemu sodišču, ki nato vodi zapuščinski postopek.
Oblike oporoke
Davek na dediščino
Pogrebnina in posmrtnina
Družinska pokojnina
Pokojnina po pokojniku
Izplačilo obojega uredite dediči s predložitvijo mrliškega lista na Zavodu za pokojninsko in invalidsko zavarovanje Slovenije.","Povzetek: Smrt osebe na domu Če je oseba umrla izven zdravstvenih oziroma drugih zavodov oz. doma, mora smrt prijaviti mrliški preglednik oziroma zdravnik, ki je ugotovil smrt, družinski člani ali tisti, s katerim je umrli živel. Prijavi smrti mora biti priloženo potrdilo o smrti, ki ga izda pristojni zdravstveni delavec, ki je smrt ugotovil.",null,extractive_draft,review_required,needs_human_review,edited,"Če je oseba umrla izven zdravstvenih oziroma drugih zavodov oz. doma, mora smrt prijaviti mrliški preglednik oziroma zdravnik, ki je ugotovil smrt, družinski člani ali tisti, s katerim je umrli živel. Prijavi smrti mora biti priloženo potrdilo o smrti, ki ga izda pristojni zdravstveni delavec, ki je smrt ugotovil. V primeru smrti na domu oziroma izven zdravstvenega zavoda pokličite nujno medicinsko pomoč na številko 112, v manjših krajih v bližnji zdravstveni dom, ali policijo 113, ki bodo poklicale mrliškega preglednika.",Codex-main-review,
review-sum-slo-admin-005-sec-001-chunk-01,review-sum-slo-admin-005-sec-001-chunk-01,summarization,102,priority_batch,e-government,manual/handbook,O državnem portalu eUprava,slo-admin-005,"[""slo-admin-005-sec-001-chunk-01""]",train,"Pripravi kratek, zvest in formalen upravni povzetek odlomka.","O državnem portalu eUprava
Pisava
Velikost
Velike/male
Stil
Tema
- Sociala, zdravje, smrt
- Družina, otroci, zakonska zveza
- Osebni dokumenti, potrdila, selitev
- Država in družba
- Nepremičnine in okolje
- Izobraževanje, kultura
- Promet in prometna infrastruktura
- Delo in upokojitev
- Kmetijstvo, gozdarstvo, prehrana
- Davki
- Potovanja
- Storitve občin
- Javni sektor
- Seznam vlog
Skoči na filtre seznama Filtriranje se bo izvedlo ob spremembi izbire filtra in ne zahteva dodatne potrditve.
O državnem portalu eUprava
Portal eUprava je državni portal Republike Slovenije za državljane in elektronska vstopna točka za različne storitve, ki jih opravljamo pri državnih organih ali organih javne uprave. Skrbnik portala je Ministrstvo za digitalno preobrazbo.
Osnovni namen portala je ponuditi upravne storitve uporabnikom preko svetovnega spleta in tako poleg klasičnih zagotoviti dodatno, elektronsko pot za opravljanje teh storitev. Ker bi radi zagotovili odlično uporabniško izkušnjo, je portal zasnovan v skladu s sodobnimi tehnološkimi in oblikovalskimi smernicami in usmerjen k uporabnikom. Informacije o storitvah so zbrane v vsebinsko zaokroženih področjih, ki spremljajo vse pomembnejše dogodke v življenju posameznika od rojstva, preko šolanja in zaposlitve, do upokojitve. Opisi posameznih storitev so oblikovani tako, da uporabnike na razumljiv in pregleden način vodijo skozi postopke, ki jih je treba opraviti pri enem ali več organih javne uprave. Po osnovnih informacijah kje in kako opraviti storitev, je uporabnikom na voljo tudi vloga oziroma obrazec zanjo. Uporabniki vloge lahko izpolnijo in oddajo na različne načine, glede na naravo storitve in informacijsko opremljenost pristojnega organa. Pogoj za oddajo elektronskih vlog in dostop do storitev modula Moja eUprava je, da imajo uporabniki nameščeno kvalificirano digitalno potrdilo slovenskih izdajateljev, elektronsko osebno izkaznico ali smsPASS. Elektronske vloge so dostopne na slovenski jezikovni različici portala, tiste, ki so namenjene pripadnikom obeh avtohtonih narodnih skupnosti, pa so objavljene na italijanski in madžarski jezikovni različici portala. Opise posameznih storitev pripravljajo vsebinsko pristojni organi, ki so tudi odgovorni za njihovo ažurnost in pravilnost. Področni in vsebinski uredniki pripravljajo posamezne opise in vloge ter odgovarjajo na vprašanja, ki jih uporabniki oddajajo preko portala ali pošljejo na naslov enotnega kontaktnega centra. Prijava v modul Moja eUprava uporabnikom omogoča tudi vpogled v njihove osebne podatke, ki se nahajajo v različnih javno upravnih registrih in bazah podatkov, ter vpogled v statuse oddanih vlog in hrambo dokumentov, ki nastajajo med elektronsko vodenimi upravnimi postopki. Ministrstvo za digitalno preobrazbo si prizadeva, da bi bil portal eUprava portal vseh državljank in državljanov Republike Slovenije, zato je prilagojen tudi gluhim in naglušnim, slepim in slabovidnim ter nekaterim drugim ranljivim skupinam. Seveda pa je namenjen tudi naprednim uporabnikom, ki bodo portal uporabljali na mobilnih napravah. Naj vam portal koristi, uporabljajte ga z veseljem! Ekipa portala eUprava","Povzetek: O državnem portalu eUprava Pisava
Ključni poudarki:
- Sociala, zdravje, smrt
- Družina, otroci, zakonska zveza
- Osebni dokumenti, potrdila, selitev
- Država in družba",null,extractive_draft,review_required,needs_human_review,edited,"Portal eUprava je državni portal Republike Slovenije za državljane in elektronska vstopna točka za različne storitve, ki jih opravljamo pri državnih organih ali organih javne uprave. Skrbnik portala je Ministrstvo za digitalno preobrazbo. Osnovni namen portala je ponuditi upravne storitve uporabnikom preko svetovnega spleta in tako poleg klasičnih zagotoviti dodatno, elektronsko pot za opravljanje teh storitev.",Codex-main-review,Source passage contained portal/UI noise and was manually condensed.
review-sum-slo-admin-016-sec-001-chunk-01,review-sum-slo-admin-016-sec-001-chunk-01,summarization,103,priority_batch,finance-administration,manual/handbook,O ministrstvu za finance,slo-admin-016,"[""slo-admin-016-sec-001-chunk-01""]",train,"Pripravi kratek, zvest in formalen upravni povzetek odlomka.","Dunajska cesta 48 1000 Ljubljana
Prikaži na zemljevidu
- 01 475 16 51
- is.vog.pju@pju
- Urad Republike Slovenije za okrevanje in odpornost Ministrstvo za finance Zemljemerska ulica 12 1000 Ljubljana Prikaži na zemljevidu 01 369 68 92 is.vog@oosru.pg
Urad Republike Slovenije za okrevanje in odpornost
Zemljemerska ulica 12 1000 Ljubljana
Prikaži na zemljevidu
- 01 369 68 92
- is.vog@oosru.pg
Posvetovalno telo
- Strateški svet za davke
Oglaševalske kampanje
- Izvedene oglaševalske kampanje Ministrstva za finance
Ministrstvo za finance
Župančičeva ulica 3, p. p. 644 a 1000 Ljubljana
Prikaži na zemljevidu
- 01 369 63 00
- is.vog@fm.pg
- Organigram
- Matična številka 5028256000
- Davčna številka 23348887
Informacije javnega značaja
Informacija javnega značaja je informacija, ki izvira iz delovnega področja organa, nahaja pa se v obliki dokumenta, zadeve, dosjeja, registra, evidence ali drugega dokumentarnega gradiva, ki ga je organ izdelal sam, v sodelovanju z drugim organom, ali pridobil od drugih oseb.
Katalog informacij javnega značaja
Varstvo osebnih podatkov
- Valentina Slana Husu pooblaščenka za varstvo osebnih podatkov Ministrstvo za finance 01 369 68 67 is.vog@fm.pg
Valentina Slana Husu
pooblaščenka za varstvo osebnih podatkov Ministrstvo za finance
- 01 369 68 67
- is.vog@fm.pg
Odnosi z javnostmi
- Tina Hojnik svetovalka za odnose z javnostmi Kabinet ministra 01 369 61 14 is.vog@kinjoh.anit
Tina Hojnik
svetovalka za odnose z javnostmi Kabinet ministra
- 01 369 61 14
- is.vog@kinjoh.anit
- Franja Zagorc svetovalka za odnose z javnostmi Služba za odnose z javnostmi in protokol 01 369 66 24 is.vog@crogaz.ajnarf
Franja Zagorc
svetovalka za odnose z javnostmi Služba za odnose z javnostmi in protokol
- 01 369 66 24
- is.vog@crogaz.ajnarf
- Doroteja Dobovšek svetovalka za odnose z javnostmi Služba za odnose z javnostmi in protokol 01 369 64 36 is.vog@kesvobod.ajetorod
Doroteja Dobovšek
svetovalka za odnose z javnostmi Služba za odnose z javnostmi in protokol
- 01 369 64 36
- is.vog@kesvobod.ajetorod
- Nejc Kebe svetovalec za odnose z javnostmi Služba za odnose z javnostmi in protokol 01 369 63 80 is.vog@ebek.cjen
Nejc Kebe
svetovalec za odnose z javnostmi Služba za odnose z javnostmi in protokol
- 01 369 63 80
- is.vog@ebek.cjen
Sodelovanje z nevladnimi organizacijami
- mag. Tina Humar Kontaktna oseba za sodelovanje z nevladnimi organizacijami 01 369 66 50 is.vog@fm.pg
mag. Tina Humar
Kontaktna oseba za sodelovanje z nevladnimi organizacijami
- 01 369 66 50
- is.vog@fm.pg","Povzetek: Dunajska cesta 48 1000 Ljubljana Prikaži na zemljevidu
Ključni poudarki:
- 01 475 16 51
- is.vog.pju@pju
- Urad Republike Slovenije za okrevanje in odpornost Ministrstvo za finance Zemljemerska ulica 12 1000 Ljubljana Prikaži na zemljevidu 01 369 68 92 is.vog@oosru.pg
- 01 369 68 92",null,extractive_draft,review_required,needs_human_review,edited,"Dunajska cesta 48 1000 Ljubljana Urad Republike Slovenije za okrevanje in odpornost Zemljemerska ulica 12 1000 Ljubljana Oglaševalske kampanje Ministrstvo za finance Župančičeva ulica 3, p. p. 644 a 1000 Ljubljana Informacije javnega značaja Informacija javnega značaja je informacija, ki izvira iz delovnega področja organa, nahaja pa se v obliki dokumenta, zadeve, dosjeja, registra, evidence ali drugega dokumentarnega gradiva, ki ga je organ izdelal sam, v sodelovanju z drugim organom, ali pridobil od drugih oseb.",Codex-main-review,Condensed to preserve the main procedural points.
review-sum-adm-www-gov-si-b1a81c642a-sec-001-chunk-01,review-sum-adm-www-gov-si-b1a81c642a-sec-001-chunk-01,summarization,119,priority_batch,health-procedures,procedure page,"Prijava na preizkus iz zdravstvenih vsebin za zdravilce, ki nimajo zdravstvene izobrazbe",adm-www-gov-si-b1a81c642a,"[""adm-www-gov-si-b1a81c642a-sec-001-chunk-01""]",val,"Pripravi kratek, zvest in formalen upravni povzetek odlomka.","Prijava na preizkus iz zdravstvenih vsebin za zdravilce, ki nimajo zdravstvene izobrazbe
Prijava na preizkus
Stroški preizkusa
Opravljanja preizkusa iz zdravstvenih vsebin
Program preizkusa iz zdravstvenih vsebin za zdravilce, ki nimajo zdravstvene izobrazbe
Zakonodaja
V skladu s 36. členom Zakona o zdravilstvu mora zdravilec, ki želi pridobiti prvo licenco za opravljanje zdravilske dejavnosti, imeti :
najmanj srednjo izobrazbo zdravstvene smeri
ali najmanj srednjo strokovno izobrazbo in opravljen preizkus iz zdravstvenih vsebin.
Termin preizkusa iz zdravstvenih vsebin
Sreda, 19. november 2025, ob 16.00 uri, Ministrstvo za zdravje, Tivolska 50, 1000 Ljubljana (sejna soba v 15. nadstropju).
Zdravilec pravilno izpolnjeno Prijavnico za opravljanje preizkusa vloži na Ministrstvo za zdravje (Štefanova 5, 1000 Ljubljana) oziroma jo pošlje na elektronski naslov gp.mz@gov.si .
Prijava vsebuje: izjavo zdravilca o izpolnjevanju pogoja glede zahtevane izobrazbe, iz katere morajo biti razvidni stopnja in smer izobrazbe, izobraževalno institucijo, na kateri je bila izobrazba pridobljena, in leto pridobitve izobrazbe. Prijava vsebuje tudi navedbo, kateri zdravilski sistem ali zdravilsko metodo izvaja zdravilec.
Prijavi je treba priložiti:
dokazilo o doseženi ravni in vrsti izobrazbe (diploma, zaključno spričevalo).
Vsi prijavljeni kandidati na preizkus iz zdravstvenih vsebin vabilo prejmejo po e-mailu najmanj 15 dni pred dnevom preizkusa.
Zdravilec lahko pristopi k opravljanju preizkusa po preverbi istovetnosti in predložitvi dokazila o plačilu stroškov preizkusa.
Stroški preizkusa iz zdravstvenih vsebin za zdravilce, ki nimajo zdravstvene izobrazbe, znašajo 320 eurov.
Zdravilec plača stroške preizkusa na podračun države št. 01100-1000621284, sklic št. 11 27111-7141009-007893 23, z oznako ""za preizkus iz zdravstvenih vsebin pri Ministrstvu za zdravje Republike Slovenije"".
Pri sklicni številki se zadnji dve številki določita glede na leto plačila.
Preizkus izvaja Ministrstvo za zdravje. Izvede se, če je nanj prijavljenih najmanj osem (8) kandidatov.
Zdravilec opravlja preizkus pred tričlansko komisijo, ki jo imenuje minister, pristojen za zdravje.
Preizkus je sestavljen iz pisnega in ustnega dela . Zdravilec, ki je opravil pisni del preizkusa z najmanj 60-odstotno uspešnostjo iz posamezne zdravstvene vsebine, ima pravico pristopiti k opravljanju ustnega izpita. Uspeh ustnega dela preizkusa oceni komisija na podlagi odgovorov na vprašanja iz posameznih delov preizkusa z »opravil-a« ali »ni opravil-a«.","Povzetek: Prijava na preizkus iz zdravstvenih vsebin za zdravilce, ki nimajo zdravstvene izobrazbe Prijava na preizkus",null,extractive_draft,review_required,needs_human_review,edited,"Opravljanja preizkusa iz zdravstvenih vsebin Program preizkusa iz zdravstvenih vsebin za zdravilce, ki nimajo zdravstvene izobrazbe V skladu s 36. členom Zakona o zdravilstvu mora zdravilec, ki želi pridobiti prvo licenco za opravljanje zdravilske dejavnosti, imeti : najmanj srednjo izobrazbo zdravstvene smeri ali najmanj srednjo strokovno izobrazbo in opravljen preizkus iz zdravstvenih vsebin. Termin preizkusa iz zdravstvenih vsebin Sreda, 19. november 2025, ob 16.00 uri, Ministrstvo za zdravje, Tivolska 50, 1000 Ljubljana (sejna soba v 15. nadstropju).",Codex-main-review,Condensed to preserve the main procedural points.
review-sum-adm-www-gov-si-fcdbf5a7f4-sec-002-chunk-02,review-sum-adm-www-gov-si-fcdbf5a7f4-sec-002-chunk-02,summarization,118,priority_batch,local-government,manual/handbook,Naloge občin,adm-www-gov-si-fcdbf5a7f4,"[""adm-www-gov-si-fcdbf5a7f4-sec-002-chunk-02""]",val,"Pripravi kratek, zvest in formalen upravni povzetek odlomka.","Nadzor državnih organov
Država s skladu z ustavo in zakoni opravlja nadzor nad lokalno samoupravo. Pri nadzoru državnih organov je pomembna razlika nadzora nad izvajanjem izvirnih in prenesenih pristojnosti. V skladu z ustavo državni organi nadzorujejo zakonitost dela organov samoupravnih lokalnih skupnosti, v primeru prenesenih nalog pa tudi nadzor nad primernostjo in strokovnostjo njihovega dela.
V primeru izvirnih pristojnosti opravljajo državni organi nadzor nad zakonitostjo predpisov in posamičnih upravnih aktov občin, pri čemer lahko ministrstva le opozorijo na nezakonitosti in predlagajo uskladitev oziroma odpravo nezakonitosti, vlada pa lahko zahteva presojo zakonitosti občinskega predpisa pri Ustavnem sodišču, vključno s predlogom za začasno zadržanje izvajanja takega predpisa. Za odločanje o zakonitosti dokončnih posamičnih aktov iz izvirne pristojnosti občin je pristojno upravno sodišče, pri čemer lahko vlada naloži državnemu odvetništvu zastopanje javnega interesa v posamezni zadevi.
V primeru prenesenih nalog opravljajo državni organi poleg nadzora nad zakonitostjo dela občinskih organov tudi nadzor nad primernostjo in strokovnostjo opravljanja nalog. Če ministrstvo oziroma vlada meni, da je predpis občine, s katerim ta ureja pravna razmerja glede prenesenih nalog, nezakonit, lahko zadrži izvajanje takega predpisa in zahteva pri Ustavnem sodišču presojo njegove zakonitosti. O pritožbah zoper posamične upravne akte, ki jih občine izdajajo v zadevah iz prenesene pristojnosti, odločajo ministrstva, ki so glede na svoja delovna področja pristojna za posamezne zadeve. Pri nadzoru nad primernostjo in zakonitostjo dela občinskih organov lahko pristojno ministrstvo da obvezno navodilo za organizacijo služb in sistemizacijo delovnih mest za opravljanje prenesenih nalog ter obvezna navodila za opravljanje nalog. Organi lokalnih skupnosti pa morajo pristojnemu ministrstvu pošiljati poročila, obvestila, mnenja in podatke ter z njim sodelovati.
Nadzor nad zakonitostjo predpisov in posamičnih upravnih aktov občin
Ministrstvo za javno upravo je med letoma 2013 in 2017 opravilo nadzor občinskih splošnih aktov v vseh 212 občinah. V drugem poročilu, ki povzema tudi ugotovitve prvega poročila, je predstavljen napredek občinskih organov pri uskladitvi občinskih predpisov z zakonodajo. Predstavljene so ključne ugotovitve o najpogostejših napakah v občinskih splošnih aktih, zato je poročilo koristno vodilo občinam pri pripravi morebitnih sprememb.
Poročila
Drugo poročilo Ministrstva za javno upravo o opravljenih strokovnih nadzorih občinskih splošnih aktov s stanjem na dan 31. 8. 2020
Drugo poročilo Ministrstva za javno upravo o opravljenih strokovnih nadzorih občinskih splošnih aktov s stanjem na dan 31. 8. 2020","Povzetek: Nadzor državnih organov Država s skladu z ustavo in zakoni opravlja nadzor nad lokalno samoupravo. Pri nadzoru državnih organov je pomembna razlika nadzora nad izvajanjem izvirnih in prenesenih pristojnosti. V skladu z ustavo državni organi nadzorujejo zakonitost dela organov samoupravnih lokalnih skupnosti, v primeru prenesenih nalog pa tudi nadzor nad primernostjo in strokovnostjo njihovega dela.",null,extractive_draft,review_required,needs_human_review,edited,"Nadzor državnih organov Država s skladu z ustavo in zakoni opravlja nadzor nad lokalno samoupravo. Pri nadzoru državnih organov je pomembna razlika nadzora nad izvajanjem izvirnih in prenesenih pristojnosti. V skladu z ustavo državni organi nadzorujejo zakonitost dela organov samoupravnih lokalnih skupnosti, v primeru prenesenih nalog pa tudi nadzor nad primernostjo in strokovnostjo njihovega dela.",Codex-main-review,
review-sum-slo-admin-001-sec-002-chunk-01,review-sum-slo-admin-001-sec-002-chunk-01,summarization,100,priority_batch,open-data,manual/handbook,OPSI - O portalu,slo-admin-001,"[""slo-admin-001-sec-002-chunk-01""]",train,"Pripravi kratek, zvest in formalen upravni povzetek odlomka.","Kaj je OPSI?
OPSI, ki je vzpostavljen na podlagi EU Direktive o ponovni uporabi podatkov javnega sektorja in zakonodaje o dostopu do informacij javnega značaja (ZDIJZ), predstavlja enotno nacionalno spletno točko za objavo odprtih podatkov za celotni javni sektor.
OPSI ima dvojno funkcijo:
1) predstavlja centralni katalog evidenc in zbirk podatkov v državi, torej centralni popis metapodatkov o vseh evidencah in podatkovnih zbirkah, ki jih vodijo državni organi, občine in drugi organi javnega sektorja;
2) predstavlja enotno spletno mesto tudi za objavo podatkov iz zbirk v odprtih in strojno berljivih formatih. Kolikor je določena zbirka v odprtih formatih že objavljena na drugem spletnem mestu, je na portalu OPSI navedena spletna povezava na takšno spletno mesto.
Portal OPSI poleg podatkov državnih organov vključuje tudi objavo odprtih podatkov lokalnih skupnosti. Portal zagotavlja vsem pravico do brezplačne in enostavne ponovne uporabe tistih prosto dostopnih podatkov, ki so objavljeni na način ""odprtih podatkov"" in sicer za katerikoli (neprofitni/profitni) namen.
Za odprte podatke, ki so objavljeni na portalu, velja pravilo ""odprte licence"" (edini pogoj ponovne uporabe je navedba vira; CC BY 4.0 ).
Centralni katalog evidenc in zbirk podatkov
Velika dodana vrednost portala odprtih podatkov je Centralni katalog evidenc in zbirk podatkov, ki vsebuje seznam vseh evidenc oziroma zbirk podatkov, ki nastajajo v javnem sektorju. Zbirke imajo ""metapodatkovne"" opise, ki omogočajo vsem, ki podatke pri svojem delu potrebujejo, da se na enostaven in hiter način seznanijo z vsebino zbirk in pogoji dostopa in ponovne uporabe podatkov iz zbirke.
Kdo lahko objavi podatke na portalu OPSI?
Na portalu objavljajo podatke vsi organi javnega sektorja in sicer po posameznih področjih. Sistem objav deluje na podlagi uredniškega sistema (glavni uredniki, področni uredniki, vsebinski uredniki). Podatke oziroma zbirke ali nove izdelke, ki nastajajo v procesu ponovne uporabe, lahko objavijo tudi zunanji deležniki oziroma uporabniki zbirk podatkov.
Postopek prevzema podatkov in/ali postopek objave podatkov na portalu OPSI je opisan v Priročniku za odpiranje podatkov javnega sektorja, ki ga je Ministrstvo za javno upravo skupaj z Geodetskim inštitutom izdalo v juniju 2016.
Kaj lahko naredimo s podatki, ki jih portal OPSI ponuja?
Surovi podatki, ki se pridobivajo oziroma vodijo v bazah/evidencah organov javnega sektorja na podlagi izvajanja javnih nalog in kateri so objavljeni kot ""odprti podatki "" na Portalu OPSI, se lahko prosto ponovno uporabljajo. To pomeni, da jih lahko vsakdo, brez posebne zahteve ali registracije, pridobi in ponovno uporabi ter na njihovi podlagi izdela nove produkte ali storitve z dodano vrednostjo. Podatki so dosegljivi v strojno berljivi obliki, ki omogoča izdelavo novih analiz, aplikacij, vizualizacij in podobno. Več o pogojih uporabe podatkov najdete na spletni strani Ministrstva za javno upravo in na spletni strani Informacijskega pooblaščenca .
Opomba:
Dobre prakse bomo nadgradili z aplikacijami in rešitvami, ki so nastale in še nastajajo.
Izvorna koda portala
https://podatki.gov.si/assets/PortalOPSI.zip","Povzetek: Kaj je OPSI? OPSI, ki je vzpostavljen na podlagi EU Direktive o ponovni uporabi podatkov javnega sektorja in zakonodaje o dostopu do informacij javnega značaja (ZDIJZ), predstavlja enotno nacionalno spletno točko za objavo odprtih podatkov za celotni javni sektor.",null,extractive_draft,review_required,needs_human_review,edited,"OPSI ima dvojno funkcijo: 1) predstavlja centralni katalog evidenc in zbirk podatkov v državi, torej centralni popis metapodatkov o vseh evidencah in podatkovnih zbirkah, ki jih vodijo državni organi, občine in drugi organi javnega sektorja, 2) predstavlja enotno spletno mesto tudi za objavo podatkov iz zbirk v odprtih in strojno berljivih formatih. Kolikor je določena zbirka v odprtih formatih že objavljena na drugem spletnem mestu, je na portalu OPSI navedena spletna povezava na takšno spletno mesto. Portal OPSI poleg podatkov državnih organov vključuje tudi objavo odprtih podatkov lokalnih skupnosti.",Codex-main-review,Source passage contained portal/UI noise and was manually condensed.
review-sum-slo-admin-013-sec-001-chunk-01,review-sum-slo-admin-013-sec-001-chunk-01,summarization,113,priority_batch,public-administration,manual/handbook,O ministrstvu za javno upravo,slo-admin-013,"[""slo-admin-013-sec-001-chunk-01""]",train,"Pripravi kratek, zvest in formalen upravni povzetek odlomka.","O ministrstvu za javno upravo
Naročanje na obisk upravnih enot
Preverite, kako in na kateri upravni enoti je možno rezervirati termin za upravne postopke.
V sodelovanju z drugimi resorji si prizadevamo odpravljati administrativne ovire in izboljšati kakovost javne uprave. Na sistemski ravni smo odgovorni za področje javnega naročanja, delovanje nevladnih organizacij in lokalne samouprave. Naše delovno področje so tudi sistemsko urejanje volilne in referendumske zakonodaje ter transparentnost in integriteta v javnem sektorju. Kot ministrstvo, odgovorno za področje sistemskega urejanja ravnanja s stvarnim premoženjem države in lokalnih skupnosti, stremimo k učinkovitemu in gospodarnemu ravnanju s stvarnim premoženjem države.
Vodstvo
- mag. Franc Props minister Ministrstvo za javno upravo
mag. Franc Props
minister Ministrstvo za javno upravo
- Jure Trbič državni sekretar Ministrstvo za javno upravo
Jure Trbič
državni sekretar Ministrstvo za javno upravo
- Mojca Ramšak Pešec državna sekretarka Ministrstvo za javno upravo
Mojca Ramšak Pešec
državna sekretarka Ministrstvo za javno upravo
Organizacijske enote ministrstva
- Kabinet ministra Ministrstvo za javno upravo Tržaška cesta 21 1000 Ljubljana 01 478 83 99 is.vog@ujm.pg Tadej Marušič
Kabinet ministra
Tržaška cesta 21 1000 Ljubljana
- 01 478 83 99
- is.vog@ujm.pg
Tadej Marušič
- Služba za odnose z javnostmi Ministrstvo za javno upravo Tržaška cesta 21 1000 Ljubljana 01 478 88 86 is.vog@ujm.jos Vanja Režonja Utenkar vodja
Služba za odnose z javnostmi
Tržaška cesta 21 1000 Ljubljana
- 01 478 88 86
- is.vog@ujm.jos
Vanja Režonja Utenkar vodja
- Direktorat za javni sektor Ministrstvo za javno upravo Tržaška cesta 21 1000 Ljubljana 01 478 16 50 is.vog@ujm.pg Peter Pogačar generalni direktor
Direktorat za javni sektor
Tržaška cesta 21 1000 Ljubljana
- 01 478 16 50
- is.vog@ujm.pg
Peter Pogačar generalni direktor
- Direktorat za stvarno premoženje Ministrstvo za javno upravo Tržaška cesta 21 1000 Ljubljana 01 478 18 01 is.vog@ujm.pg Maja Pogačar generalna direktorica
Direktorat za stvarno premoženje
Tržaška cesta 21 1000 Ljubljana
- 01 478 18 01
- is.vog@ujm.pg
Maja Pogačar generalna direktorica
- Direktorat za javno naročanje Ministrstvo za javno upravo Tržaška cesta 21 1000 Ljubljana 01 478 18 80 is.vog@ujm.pg ejn.gov.si dr. Sašo Matas generalni direktor
Direktorat za javno naročanje
Tržaška cesta 21 1000 Ljubljana
- 01 478 18 80
- is.vog@ujm.pg
- ejn.gov.si
dr. Sašo Matas generalni direktor
- Direktorat za kakovost Ministrstvo za javno upravo Tržaška cesta 21 1000 Ljubljana 01 478 86 76 is.vog@ujm.pg Eva Treven generalna direktorica","Povzetek: O ministrstvu za javno upravo Naročanje na obisk upravnih enot
Ključni poudarki:
- mag. Franc Props minister Ministrstvo za javno upravo
- Jure Trbič državni sekretar Ministrstvo za javno upravo
- Mojca Ramšak Pešec državna sekretarka Ministrstvo za javno upravo
- Kabinet ministra Ministrstvo za javno upravo Tržaška cesta 21 1000 Ljubljana 01 478 83 99 is.vog@ujm.pg Tadej Marušič",null,extractive_draft,review_required,needs_human_review,edited,"Naročanje na obisk upravnih enot Preverite, kako in na kateri upravni enoti je možno rezervirati termin za upravne postopke. V sodelovanju z drugimi resorji si prizadevamo odpravljati administrativne ovire in izboljšati kakovost javne uprave. Na sistemski ravni smo odgovorni za področje javnega naročanja, delovanje nevladnih organizacij in lokalne samouprave.",Codex-main-review,Source passage contained portal/UI noise and was manually condensed.
review-sum-slo-admin-019-sec-001-chunk-01,review-sum-slo-admin-019-sec-001-chunk-01,summarization,90,priority_batch,public-finance,budget/public-finance guidance,Javne finance,slo-admin-019,"[""slo-admin-019-sec-001-chunk-01""]",train,"Pripravi kratek, zvest in formalen upravni povzetek odlomka.","Javne finance
Javnofinančna politika zajema upravljanje prihodkov in odhodkov štirih blagajn javnega financiranja, državnega proračuna, proračunov občin, Zavoda za pokojninsko in invalidsko zavarovanje Slovenije ter Zavoda za zdravstveno zavarovanje Slovenije. Javne finance v najširšem smislu pa združuje sektor država, ki poleg navedenih štirih blagajn vključuje še prihodke in odhodke tistih posrednih proračunskih uporabnikov in drugih institucionalnih enot (javnih zavodov, skladov, agencij, gospodarskih družb), ki se v skladu z uveljavljeno klasifikacijo institucionalnih sektorjev uvrščajo v sektor država.
Vodenje in upravljanje javnih financ med drugim vključuje spremljanje realizacije prihodkov in odhodkov štirih blagajn javnega financiranja ter pripravo ocen drugih enot sektorja država. Tako izpolnjujemo vse obveznosti poročanja, ki jih nalagata domača in evropska zakonodaja, po metodologiji, ki omogoča mednarodno primerjavo podatkov.
Nadzor nad javnimi financami
Nadzor nad javnimi financami izvajajo različne institucije v Sloveniji. Razdelimo ga lahko na nadzor financ državnega proračuna in občinskih proračunov ter nadzor nad porabo sredstev proračuna Evropske unije.
Javno računovodstvo
Za učinkovito upravljanje sredstev javnih financ je pomembno tudi javno računovodstvo, v okviru katerega se izvaja knjigovodsko evidentiranje vseh poslovnih dogodkov, ki nastanejo v procesu izvrševanja finančnih načrtov državnega in občinskega proračuna oziroma finančnih načrtov posameznih neposrednih in posrednih proračunskih uporabnikov državnega in občinskih proračunov. Javno računovodstvo vključuje še računovodsko predračunavanje, računovodsko nadziranje in računovodsko analiziranje sredstev, obveznosti do virov sredstev, prihodkov in odhodkov.
Ministrstvo za finance
Župančičeva ulica 3, p. p. 644 a 1000 Ljubljana
Prikaži na zemljevidu
- 01 369 63 00
- is.vog@fm.pg","Povzetek: Javne finance Javnofinančna politika zajema upravljanje prihodkov in odhodkov štirih blagajn javnega financiranja, državnega proračuna, proračunov občin, Zavoda za pokojninsko in invalidsko zavarovanje Slovenije ter Zavoda za zdravstveno zavarovanje Slovenije. Javne finance v najširšem smislu pa združuje sektor država, ki poleg navedenih štirih blagajn vključuje še prihodke in odhodke tistih posrednih proračunskih uporabnikov in drugih institucionalnih enot (javnih zavodov, skladov, agencij, gos
Ključni poudarki:
- 01 369 63 00
- is.vog@fm.pg",null,extractive_draft,review_required,needs_human_review,edited,"Javnofinančna politika zajema upravljanje prihodkov in odhodkov štirih blagajn javnega financiranja, državnega proračuna, proračunov občin, Zavoda za pokojninsko in invalidsko zavarovanje Slovenije ter Zavoda za zdravstveno zavarovanje Slovenije. Javne finance v najširšem smislu pa združuje sektor država, ki poleg navedenih štirih blagajn vključuje še prihodke in odhodke tistih posrednih proračunskih uporabnikov in drugih institucionalnih enot (javnih zavodov, skladov, agencij, gospodarskih družb), ki se v skladu z uveljavljeno klasifikacijo institucionalnih sektorjev uvrščajo v sektor država.",Codex-main-review,Condensed to preserve the main procedural points.
review-sum-slo-admin-015-sec-001-chunk-01,review-sum-slo-admin-015-sec-001-chunk-01,summarization,125,priority_batch,public-procurement,procurement guidance,Direktorat za javno naročanje,slo-admin-015,"[""slo-admin-015-sec-001-chunk-01""]",train,"Pripravi kratek, zvest in formalen upravni povzetek odlomka.","Tržaška cesta 21 1000 Ljubljana
Novice
- 24. 3. 2026 DJNovice marec 2026
DJNovice marec 2026
- 18. 3. 2026 Dosegli smo mejnike iz Načrta za okrevanje in odpornost za uspešnejši sistem javnega naročanja
Dosegli smo mejnike iz Načrta za okrevanje in odpornost za uspešnejši sistem javnega naročanja
- 16. 3. 2026 Petki za javno naročanje
Petki za javno naročanje
- 9. 2. 2026 Aplikacijo Statist je nadomestila Odprta Skrinja, ki prinaša več transparentnosti v javnem naročanju
Aplikacijo Statist je nadomestila Odprta Skrinja, ki prinaša več transparentnosti v javnem naročanju
- 6. 2. 2026 Okrogla miza o prihodnosti sistema javnega naročanja v Evropski uniji
Okrogla miza o prihodnosti sistema javnega naročanja v Evropski uniji
Področja in teme
- Javno naročanje Pravila javnega naročanja, pravno varstvo v postopkih javnega naročanja, skupno javno naročanje, zeleno javno naročanje
Javno naročanje
Pravila javnega naročanja, pravno varstvo v postopkih javnega naročanja, skupno javno naročanje, zeleno javno naročanje
Projekti
- Dvig profesionalizacije javnega naročanja 2024 V teku Direktorat za javno naročanje Ministrstva za javno upravo je začel z izvajanjem projekta »Dvig profesionalizacije javnega naročanja«, sofinanciranega z evropskimi sredstvi, namen katerega je dvigniti usposobljenost oseb, ki delujejo na področju javnega naročanja in olajšati in izboljšati izvajanje postopkov javnih naročil.
Dvig profesionalizacije javnega naročanja
Direktorat za javno naročanje Ministrstva za javno upravo je začel z izvajanjem projekta »Dvig profesionalizacije javnega naročanja«, sofinanciranega z evropskimi sredstvi, namen katerega je dvigniti usposobljenost oseb, ki delujejo na področju javnega naročanja in olajšati in izboljšati izvajanje postopkov javnih naročil.
- SISTEM e-JAVNEGA NAROČANJA 2024 V teku Glavni namen je nadgraditi obstoječe in vpeljati nove javne digitalne storitve, ki bodo enostavne, dostopne, široko uporabljene in ki bodo uporabnikom omogočale boljše načrtovanje in izvedbo potrebnih korakov pri izvedbi postopka javnega naročanja. Sistem e-JN mora uporabnikom, ki so udeleženi v postopkih javnega naročanja v različnih vlogah, zagotavljati avtomatizirano izvajanje postopkov z upoštevanjem načela »samo enkrat« (once-only principle) in izvajanju postopka po v naprej definiranem modelu upravljanja poslovnih procesov, kot ga definira zakonodaja. Navedeno stanje bo lahko vzpostavljeno z nadgradnjami sistema, ki morajo zajemati tudi spremembe in dopolnitve z zunanjim svetom (drugimi sistemi s katerimi se sistem e-JN povezuje in izmenjuje podatke). Podpora uporabnikom preko neposrednega kontakta mora biti izjema in ne pravilo, kar bo posledica spremenjenega pristopa izvajanja podpore in uvajanja novih metod in tehnologij.","Povzetek: Tržaška cesta 21 1000 Ljubljana Novice
Ključni poudarki:
- 24. 3. 2026 DJNovice marec 2026
- 18. 3. 2026 Dosegli smo mejnike iz Načrta za okrevanje in odpornost za uspešnejši sistem javnega naročanja
- 16. 3. 2026 Petki za javno naročanje
- 9. 2. 2026 Aplikacijo Statist je nadomestila Odprta Skrinja, ki prinaša več transparentnosti v javnem naročanju",null,extractive_draft,review_required,needs_human_review,edited,"Tržaška cesta 21 1000 Ljubljana Dosegli smo mejnike iz Načrta za okrevanje in odpornost za uspešnejši sistem javnega naročanja Petki za javno naročanje Aplikacijo Statist je nadomestila Odprta Skrinja, ki prinaša več transparentnosti v javnem naročanju Okrogla miza o prihodnosti sistema javnega naročanja v Evropski uniji Pravila javnega naročanja, pravno varstvo v postopkih javnega naročanja, skupno javno naročanje, zeleno javno naročanje Dvig profesionalizacije javnega naročanja Direktorat za javno naročanje Ministrstva za javno upravo je začel z izvajanjem projekta »Dvig profesionalizacije javnega naročanja«, sofinanciranega z evropskimi sredstvi, namen katerega je dvigniti usposobljenost oseb, ki delujejo na področju javnega naročanja in olajšati in izboljšati izvajanje postopkov javnih naročil.",Codex-main-review,Condensed to preserve the main procedural points.
review-sum-slo-admin-022-sec-003-chunk-01,review-sum-slo-admin-022-sec-003-chunk-01,summarization,95,priority_batch,public-procurement-support,procurement guidance,Koristne informacije za javno naročanje,slo-admin-022,"[""slo-admin-022-sec-003-chunk-01""]",train,"Pripravi kratek, zvest in formalen upravni povzetek odlomka.","2. Postopek oddaje naročila male vrednosti – nacionalni postopek (47. člen ZJN-3)
Gre za poenostavljen nacionalni postopek javnega naročanja (ni evidenčni postopek), v katerem mora naročnik na portalu javnih naročil objaviti obvestilo o naročilu male vrednosti, izvesti javno odpiranje ponudb, objaviti odločitev o oddaji in kasneje objaviti obvestilo o oddaji naročila male vrednosti. Gre za enofazni postopek javnega naročanja, v katerem je lahko (vnaprej) predvidenih tudi več krogov pogajanj v zvezi s predloženimi ponudbami.
Postopek oddaje naročila male vrednosti se izvede za javna naročila, katerih vrednost brez DDV je: a) Na splošnem področju:
- enaka ali višja od 40.000 EUR in nižja od 140.000 EUR za javno naročilo blaga ali storitev, ki ga oddaja naročnik iz a) točke prvega odstavka 9. člena tega zakona, in za projektni natečaj, ki ga organizira ta naročnik, ter za javno naročilo blaga iz Priloge III Direktive 2014/24/EU, če ga oddaja naročnik iz a) ali b) točke prvega odstavka 9. člena tega zakona, ki je dejaven na področju obrambe;
- enaka ali višja od 40.000 EUR in nižja od 215.000 EUR za javno naročilo blaga ali storitev, ki ga oddaja naročnik iz b) ali c) točke prvega odstavka 9. člena tega zakona, in projektni natečaj, ki ga organizira ta naročnik, ter za javno naročilo blaga, ki ni navedeno v Prilogi III Direktive 2014/24/EU, če ga oddaja naročnik iz a) ali b) točke prvega odstavka 9. člena tega zakona, ki je dejaven na področju obrambe
- pri javnem naročilu gradenj od 80.000 EUR in nižja od 5.382.000 EUR.
b) Na infrastrukturnem področju:
- enaka ali višja od 50.000 EUR in nižja od 431.000 EUR za javno naročilo blaga ali storitev in za projektni natečaj;
- pri gradnjah od 100.000 EUR in nižja od 5.382.000 EUR.
Naročnik v naročilu male vrednosti pri določanju rokov za prejem ponudb upošteva kompleksnost javnega naročila in sorazmerno določen čas za pripravo ponudb. Obvezno je izvesti javno odpiranje ponudb. V postopek se lahko vključijo pogajanja, pri čemer je to potrebno vnaprej navesti v obvestilu o naročilu male vrednosti in jih tudi izvesti. Velja pa tudi nasprotno, in sicer, če pogajanja v obvestilu o naročilu male vrednosti (oz. v dokumentaciji v zvezi z oddajo javnega naročila) niso predvidena, jih ni dovoljeno izvajati. Za izvedbo pogajanj se smiselno uporabljajo določbe konkurenčnega postopka s pogajanji iz 44. člena ZJN-3. Naročnik mora določiti protokol pogajanj.
Naročnik lahko v postopku naročila male vrednosti zahteva, da ponudnik izkaže izpolnjevanje vseh zahtev naročnika z ESPD ali pa z drugo lastno izjavo (v tem postopku se naročnik lahko odloči za eno ali drugo možnost). V tem postopku naročniku izjemoma ni treba preveriti obstoja in vsebine navedb v ponudbi, razen če dvomi o resničnosti ponudnikovih izjav. Prav tako mu ni treba upoštevati roka za pošiljanje dodatnih informacij v zvezi s specifikacijami in vseh dodatnih dokumentov ter podaljšati roka za prejem ponudb, saj ga določi sam.
3. Postopki javnega naročanja, ki izhajajo iz Direktive 2014/24/EU
Naročnik izvede javno naročanje po postopkih od a) do f) točke prvega odstavka 39. člena, če je vrednost predmeta javnega naročila enaka ali večja od mejnih vrednosti, od katerih dalje je uporaba zakona obvezna in če so izpolnjeni pogoji, ki so v nekaterih primerih določeni za posamezni postopek (22. člen ZJN-3).","Povzetek: 2. Postopek oddaje naročila male vrednosti – nacionalni postopek (47. člen ZJN-3) Gre za poenostavljen nacionalni postopek javnega naročanja (ni evidenčni postopek), v katerem mora naročnik na portalu javnih naročil objaviti obvestilo o naročilu male vrednosti, izvesti javno odpiranje ponudb, objaviti odločitev o oddaji in kasneje objaviti obvestilo o oddaji naročila male vrednosti. Gre za enofazni postopek javnega naročanja, v katerem je lahko (vnaprej) predvidenih tudi več krogov pogajanj v zv
Ključni poudarki:
- enaka ali višja od 40.000 EUR in nižja od 140.000 EUR za javno naročilo blaga ali storitev, ki ga oddaja naročnik iz a) točke prvega odstavka 9. člena tega zakona, in za projektni natečaj, ki ga organizira ta naročnik, ter za javno naročilo blaga iz Priloge III Direktive 2014/24/EU, če ga oddaja naročnik iz a) ali b) točke prvega odstavka 9. člena tega zakona, ki je dejaven na področju obrambe;
- enaka ali višja od 40.000 EUR in nižja od 215.000 EUR za javno naročilo blaga ali storitev, ki ga oddaja naročnik iz b) ali c) točke prvega odstavka 9. člena tega zakona, in projektni natečaj, ki ga organizira ta naročnik, ter za javno naročilo blaga, ki ni navedeno v Prilogi III Direktive 2014/24/EU, če ga oddaja naročnik iz a) ali b) točke prvega odstavka 9. člena tega zakona, ki je dejaven na področju obrambe
- pri javnem naročilu gradenj od 80.000 EUR in nižja od 5.382.000 EUR.
- enaka ali višja od 50.000 EUR in nižja od 431.000 EUR za javno naročilo blaga ali storitev in za projektni natečaj;",null,extractive_draft,review_required,needs_human_review,edited,"Postopek oddaje naročila male vrednosti – nacionalni postopek (47. člen ZJN-3) Gre za poenostavljen nacionalni postopek javnega naročanja (ni evidenčni postopek), v katerem mora naročnik na portalu javnih naročil objaviti obvestilo o naročilu male vrednosti, izvesti javno odpiranje ponudb, objaviti odločitev o oddaji in kasneje objaviti obvestilo o oddaji naročila male vrednosti. Gre za enofazni postopek javnega naročanja, v katerem je lahko (vnaprej) predvidenih tudi več krogov pogajanj v zvezi s predloženimi ponudbami.",Codex-main-review,Condensed to preserve the main procedural points.
review-sum-adm-www-gov-si-6c4f923858-sec-002-chunk-01,review-sum-adm-www-gov-si-6c4f923858-sec-002-chunk-01,summarization,113,priority_batch,public-sector-hr,manual/handbook,Ravnanje s kadri,adm-www-gov-si-6c4f923858,"[""adm-www-gov-si-6c4f923858-sec-002-chunk-01""]",train,"Pripravi kratek, zvest in formalen upravni povzetek odlomka.","Zakonodaja
Informacijski sistem za upravljanje in razvoj zaposlenih v državni upravi – IS MUZA
Objave delovnih mest
Državna uprava bo lahko kos izzivom prihodnosti le, če bo usmerjena v strateško in sistematično ravnanje s kadri, ki vključuje načrtovanje in spremljanje zaposlovanja, skrbno pridobivanje kompetentnih kadrov in usmerjenost k razvoju potencialov po njihovi zaposlitvi. Poseben poudarek je namenjen skrbi za osebnostni, strokovni in karierni razvoj zaposlenih vseh generacij. Vse to pa je mogoče z uporabo sodobnih metod, postopkov in orodij s področja ravnanja s kadri.
Na ta način je mogoče zagotoviti usposobljene, motivirane in učinkovite zaposlene na pravih delovnih mestih, ki bodo kos izzivom prihodnosti. Vodstvu pa tak pristop omogoča optimalno organizacijo dela ter ustrezno uporabo znanja in sposobnosti zaposlenih.
Strategija ravnanja s kadri v državni upravi do leta 2030 (angleško Human resource management strategy in state administration until 2030 ) nosi naslov Ključ do boljše uprave je v ljudeh in je pripravljena z namenom strateškega in celovitega ravnanja s kadri, učinkovite uporabe potencialov javnih uslužbencev in vzpostavitve privlačnega delovnega okolja z razvojno usmerjeno organizacijsko kulturo. Vsebina Strategije prvenstveno naslavlja organe državne uprave, ukrepi pa so uporabni tudi širše v javnem sektorju.
V strategiji je predstavljeno, kako želimo nadgraditi pristope ravnanja z zaposlenimi v državni upravi, da bodo tako strateški kot tudi celoviti. Na eni strani bo delovanje usmerjeno v krepitev prepoznavnosti državne uprave in ustvarjanje privlačnega delovnega okolja, na drugi strani pa bo Strategija v pomoč pri zagotavljanju pogojev za krepitev usposobljenosti in motiviranosti javnih uslužbencev.
Ravnanje s starejšimi zaposlenimi in talenti v javni upravi sta področji, s katerima se v zadnjem obdobju pospešeno ukvarjajo vse članice Evropske unije, saj na evropski trg dela vpliva zlasti staranje delovne sile: do leta 2050 bo razmerje med aktivnim in neaktivnim prebivalstvom znašalo eno starejšo ekonomsko neaktivno osebo na vsakega delavca. Izziv je še posebej pereč v javnem sektorju, kjer je več starejših (nad 55 let) kot mlajših zaposlenih (do 34 let).
Za uspešno soočanje z izzivi, ki jih prinaša staranje delovne sile javne uprave na eni ter privabljanje novega, talentiranega kadra na drugi strani, smo v sodelovanju z OECD izvedli študijo, v sklopu katere so predstavljeni trendi, raba različnih ukrepov in orodij za ravnanje s starejšimi zaposlenimi in talenti v evropskih javnih upravah, primeri dobrih praks ter priporočila za načrtovanje ravnanja s talenti skozi perspektivo večgeneracijske delovne sile. Posebej je bil opravljen pregled področja v Sloveniji, na podlagi katerega so bila oblikovana priporočila za učinkovito ravnanje s starejšimi ter privabljanje in ohranjanje zaposlenih, identificiranih kot talentov v slovenski državni upravi. Več si lahko preberete v Poročilu o ravnanju s starejšimi zaposlenimi in talenti v evropskih javnih upravah (angleško Ageing and Talent Management in European Public Administrations ).",Povzetek: Zakonodaja Informacijski sistem za upravljanje in razvoj zaposlenih v državni upravi – IS MUZA,null,extractive_draft,review_required,needs_human_review,edited,"Informacijski sistem za upravljanje in razvoj zaposlenih v državni upravi – IS MUZA Objave delovnih mest Državna uprava bo lahko kos izzivom prihodnosti le, če bo usmerjena v strateško in sistematično ravnanje s kadri, ki vključuje načrtovanje in spremljanje zaposlovanja, skrbno pridobivanje kompetentnih kadrov in usmerjenost k razvoju potencialov po njihovi zaposlitvi. Poseben poudarek je namenjen skrbi za osebnostni, strokovni in karierni razvoj zaposlenih vseh generacij. Vse to pa je mogoče z uporabo sodobnih metod, postopkov in orodij s področja ravnanja s kadri.",Codex-main-review,
review-sum-slo-admin-014-sec-001-chunk-01,review-sum-slo-admin-014-sec-001-chunk-01,summarization,108,priority_batch,public-sector-management,manual/handbook,Direktorat za javni sektor,slo-admin-014,"[""slo-admin-014-sec-001-chunk-01""]",train,"Pripravi kratek, zvest in formalen upravni povzetek odlomka.","Tržaška cesta 21 1000 Ljubljana
- 01 478 16 50
- is.vog@ujm.pg
- Sektor za mednarodno vključenost in podporo razvoju politik Ministrstvo za javno upravo Direktorat za javni sektor Tržaška cesta 21 1000 Ljubljana 01 478 16 50 is.vog@ujm.pg
Sektor za mednarodno vključenost in podporo razvoju politik
Tržaška cesta 21 1000 Ljubljana
- is.vog@ujm.pg
Področja in teme
- Plačni sistem Plačni sistem javnega sektorja velja za ves javni sektor, ki ga sestavljajo proračunski uporabniki (državni organi, občine, javni zavodi, javni skladi, javne agencije, javni gospodarski zavodi). To pomeni, da ga uporablja skoraj dva tisoč proračunskih uporabnikov s približno 190.000 zaposlenimi iz različnih dejavnosti javnega sektorja, kot so zdravstvo in socialno varstvo, vzgoja in izobraževanje, znanost in raziskovanje, kultura, javna uprava, vključno z javnim redom in varnostjo, obrambo, zaščito in reševanjem.
Plačni sistem
Plačni sistem javnega sektorja velja za ves javni sektor, ki ga sestavljajo proračunski uporabniki (državni organi, občine, javni zavodi, javni skladi, javne agencije, javni gospodarski zavodi). To pomeni, da ga uporablja skoraj dva tisoč proračunskih uporabnikov s približno 190.000 zaposlenimi iz različnih dejavnosti javnega sektorja, kot so zdravstvo in socialno varstvo, vzgoja in izobraževanje, znanost in raziskovanje, kultura, javna uprava, vključno z javnim redom in varnostjo, obrambo, zaščito in reševanjem.
- Uslužbenski sistem Uslužbenski sistem v Sloveniji je del delovnega prava, ki ureja posebnosti delovnih razmerij, pri katerih je delodajalec država, lokalna skupnost ali druga oseba javnega prava. Posebnosti delovnih razmerij v uslužbenskem sistemu izhajajo iz narave dela, ki ga opravljajo javni uslužbenci, in jih ureja Zakon o javnih uslužbencih (ZJU), sprejet leta 2002.
Uslužbenski sistem
Uslužbenski sistem v Sloveniji je del delovnega prava, ki ureja posebnosti delovnih razmerij, pri katerih je delodajalec država, lokalna skupnost ali druga oseba javnega prava. Posebnosti delovnih razmerij v uslužbenskem sistemu izhajajo iz narave dela, ki ga opravljajo javni uslužbenci, in jih ureja Zakon o javnih uslužbencih (ZJU), sprejet leta 2002.
- Povračila stroškov in drugi osebni prejemki Zaposlenim v javnem sektorju pripadajo povračilo stroškov prehrane med delom, nadomestilo za ločeno življenje, povračilo stroškov prevoza na delo in z dela, povračilo stroškov na službenem potovanju v državi in v tujino, kilometrina za uporabo lastnega avtomobila za službene namene v državi ter regres za letni dopust, prav tako jim ob izpolnjevanju pogojev pripadajo jubilejne nagrade, solidarnostna pomoč in odpravnina ob upokojitvi.","Povzetek: Tržaška cesta 21 1000 Ljubljana Sektor za mednarodno vključenost in podporo razvoju politik
Ključni poudarki:
- 01 478 16 50
- is.vog@ujm.pg
- Sektor za mednarodno vključenost in podporo razvoju politik Ministrstvo za javno upravo Direktorat za javni sektor Tržaška cesta 21 1000 Ljubljana 01 478 16 50 is.vog@ujm.pg
- is.vog@ujm.pg",null,extractive_draft,review_required,needs_human_review,edited,"Tržaška cesta 21 1000 Ljubljana Sektor za mednarodno vključenost in podporo razvoju politik Uslužbenski sistem v Sloveniji je del delovnega prava, ki ureja posebnosti delovnih razmerij, pri katerih je delodajalec država, lokalna skupnost ali druga oseba javnega prava. Posebnosti delovnih razmerij v uslužbenskem sistemu izhajajo iz narave dela, ki ga opravljajo javni uslužbenci, in jih ureja Zakon o javnih uslužbencih (ZJU), sprejet leta 2002.",Codex-main-review,Source passage contained portal/UI noise and was manually condensed.
review-sum-adm-www-gov-si-e473483aba-sec-002-chunk-01,review-sum-adm-www-gov-si-e473483aba-sec-002-chunk-01,summarization,111,priority_batch,public-sector-pay,manual/handbook,Plačni sistem,adm-www-gov-si-e473483aba,"[""adm-www-gov-si-e473483aba-sec-002-chunk-01""]",train,"Pripravi kratek, zvest in formalen upravni povzetek odlomka.","Zakonodaja
Veljavne kolektivne pogodbe, aneksi in dogovori
Dogovori
Od 1. januarja 2025 dalje se v javnem sektorju uporablja nov plačni sistem, ki je rezultat dvoletnih pogajanj oziroma usklajevanj med socialnimi partnerji, zlasti med vlado in 46 reprezentativnimi sindikati javnega sektorja. Gre za enega ključnih projektov v mandatu aktualne vlade in za realizacijo pomembne točke koalicijske pogodbe, ki so jo podpisale stranke vladajoče koalicije ob nastopu mandata v letu 2022.
Izkušnje glede pomanjkljivosti prejšnjega plačnega sistema, ki se je uporabljal v obdobju 2008 – 2024, so narekovale vzpostavitev novega plačnega sistema, s katerim zagotavljamo:
transparentnost in javnofinančno obvladljivost plačnega sistema,
enotno ureditev vsebin, ki predstavljajo skupne temelje plačnega sistema,
upoštevanje specifik posameznih delov javnega sektorja in dopustitev možnosti, da se določene vsebine uredijo ločeno po posameznih stebrih plačnega sistema,
odpravo uravnilovke v spodnjem delu plačne lestvice zaradi učinka minimalne plače in vzpostavitev ustreznejših razmerij v plačah med funkcionarji, direktorji in javnimi uslužbenci ter znotraj posameznih stebrov,
večjo variabilnost, povezano z učinkovitostjo dela (povezanost plače z rezultati dela),
hitrejše napredovanje v plačnih razredih na začetku kariere (spodbujanje zaposlovanja mladih),
odpravo pravnosistemskih pomanjkljivosti, ki so se pokazale pri delovanju prejšnjega plačnega sistema,
manj administriranja in poenostavitve sistema.
Temelj prenove sistema plač v javnem sektorju predstavlja Zakon o skupnih temeljih sistema plač v javnem sektorju (ZSTSPJS) , ki se je začel uporabljati 1. januarja 2025. V prilogah zakona sta opredeljeni tudi nova plačna lestvica ter prevedba plačnih razredov .
Povišanje plač javnim uslužbencem v povprečju za približno 23 odstotkov oziroma za 415 evrov (bruto), pri čemer bo to povišanje realizirano postopno v obdobju od leta 2025 do 2028 in ne naenkrat;
višje povišanje osnovnih plač na vstopnih delovnih mestih (ob začetku kariere v javnem sektorju tudi do 30 odstotkov višje plače);
nihče v javnem sektorju ne more imeti plače, ki bi bila nižja od vsakokratne višine minimalne plače ;
zakon določa plačno lestvico s 67 plačnimi razredi , pri čemer najvišji plačni razred pomeni približno 7-kratnik vrednosti prvega plačnega razreda, ki je določen v višini minimalne plače za leto 2025 (1.277,72 evrov) - (najvišja osnovna plača znaša 8.821 evrov bruto); razlika v vrednostih posameznih plačnih razredov plačne lestvice znaša 3 odstotkov (v prejšnjem sistemu je ta razlika znašala 4 odstotkov);","Povzetek: Zakonodaja Veljavne kolektivne pogodbe, aneksi in dogovori",null,extractive_draft,review_required,needs_human_review,edited,"Veljavne kolektivne pogodbe, aneksi in dogovori Od 1. januarja 2025 dalje se v javnem sektorju uporablja nov plačni sistem, ki je rezultat dvoletnih pogajanj oziroma usklajevanj med socialnimi partnerji, zlasti med vlado in 46 reprezentativnimi sindikati javnega sektorja. Gre za enega ključnih projektov v mandatu aktualne vlade in za realizacijo pomembne točke koalicijske pogodbe, ki so jo podpisale stranke vladajoče koalicije ob nastopu mandata v letu 2022.",Codex-main-review,Condensed to preserve the main procedural points.
review-sum-adm-www-gov-si-4ad1986b38-sec-002-chunk-01,review-sum-adm-www-gov-si-4ad1986b38-sec-002-chunk-01,summarization,113,priority_batch,tax,procedure page,"Davki, carine in druge dajatve",adm-www-gov-si-4ad1986b38,"[""adm-www-gov-si-4ad1986b38-sec-002-chunk-01""]",train,"Pripravi kratek, zvest in formalen upravni povzetek odlomka.","Davčni postopek in davčno potrjevanje računov
Okoljske dajatve
Davčna politika
Davčna politika vključuje določanje vrst davkov, kdo so davčni zavezanci, kakšne so davčne stopnje in davčne olajšave ter na kakšen način se davki pobirajo. Vse to je opredeljeno z davčno zakonodajo, ki v Sloveniji temelji na načelih:
pravičnosti (na primer progresivno obdavčenje dohodkov)
nevtralnosti (ne izkrivlja ekonomskih odločitev in ne daje prednosti eni gospodarski dejavnosti ali obliki dohodka pred drugo)
učinkovitosti (nizki stroški pobiranja)
predvidljivosti (stabilnost in preglednost zakonodaje)
Davki, carine in druge dajatve, ki se odmerjajo in pobirajo v Republiki Sloveniji, so vir blagajn javnega financiranja, ki so državni proračun, občinski proračuni ter pokojninska in zdravstvena blagajna.
Davčni prihodki
Davčni prihodki predstavljajo največji del državnega proračuna Republike Slovenije, od tega največji delež predstavljajo prihodki iz davka na dodano vrednost, sledijo jim prihodki iz naslova dohodnine, pri katerih pa se pomemben del (nekaj manj kot polovica) nameni občinskim proračunom. Pomemben delež predstavljajo še prihodki iz naslova trošarin in davka od dohodkov pravnih oseb.
Vir: Konsolidirana bilanca javnega financiranja za leto 2023, Ministrstvo za finance
Davčni izdatki
V Sloveniji veljajo za posamezne davčne prihodke nekatere davčne spodbude. Te so zlasti v obliki olajšav, oprostitev, nižjih stopenj oziroma drugih odstopanj od širše opredeljene davčne osnove. To pomeni, da davčne spodbude na eni strani posameznim davčnim zavezancem znižujejo njihove davčne obveznosti, na drugi strani pa zmanjšujejo prihodke države. Davčnim spodbudam zato pravimo tudi davčni izdatki.
Poročila o davčnih izdatkih
Poročila
Poročilo o davčnih izdatkih v letu 2023
(pdf, 572 KB)
Poročilo o davčnih izdatkih v letu 2022
(pdf, 542 KB)
Poročilo o davčnih izdatkih v letu 2021
(pdf, 524 KB)
Poročilo o davčnih izdatkih v letu 2020
(pdf, 539 KB)
Poročilo o davčnih izdatkih v letu 2019
(pdf, 492 KB)
Poročilo o davčnih izdatkih v letu 2018
(pdf, 500 KB)
Direktorat za sistem davčnih, carinskih in drugih javnih prihodkov
Ministrstvo za finance
Župančičeva ulica 3
1000 Ljubljana
01 369 66 10
is.vog@fm.pg
Finančna uprava Republike Slovenije
Šmartinska cesta 55
Prikaži na zemljevidu
01 478 38 00
is.vog@uf.ufg",Povzetek: Davčni postopek in davčno potrjevanje računov Okoljske dajatve,null,extractive_draft,review_required,needs_human_review,edited,"Davčni postopek in davčno potrjevanje računov Davčna politika vključuje določanje vrst davkov, kdo so davčni zavezanci, kakšne so davčne stopnje in davčne olajšave ter na kakšen način se davki pobirajo.",Codex-main-review,Condensed to preserve the main procedural points.
review-sum-adm-davek-od-dohodka-iz-dejavnosti-229d69ab83-sec-001-chunk-03,review-sum-adm-davek-od-dohodka-iz-dejavnosti-229d69ab83-sec-001-chunk-03,summarization,121,priority_batch,tax-and-bookkeeping,manual/handbook,Davek od dohodka iz dejavnosti,adm-davek-od-dohodka-iz-dejavnosti-229d69ab83,"[""adm-davek-od-dohodka-iz-dejavnosti-229d69ab83-sec-001-chunk-03""]",val,"Pripravi kratek, zvest in formalen upravni povzetek odlomka.","Obroki predhodne akontacije dospejo v plačilo na zadnji dan obdobja, na katerega se nanašajo, in morajo biti plačani v dvajsetih dneh po dospelosti.
Zavezanci, ki začnete z opravljanjem dejavnosti, sami izračunate predhodno akontacijo v znesku glede na višino predvidene davčne osnove davčnega leta, za katero se plačuje predhodna akontacija. Obrazložen izračun predvidene davčne osnove, višino predhodne akontacije ter obrokov predhodne akontacije predložite davčnemu organu v 8 dneh od vpisa v primarni register (tj. v primeru samostojnega podjetnika Poslovni register Slovenije) oziroma ob predložitvi prijave za vpis v davčni register lahko tudi elektronsko preko storitev elektronskega poslovanja FURS eDavki z obrazcem DD-IPDO Izračun predvidene davčne osnove .
Ugotavljanje davčne osnove z upoštevanjem normiranih odhodkov pomeni poenostavljen način ugotavljanja davčne osnove, saj zavezancem ni treba voditi evidenc o odhodkih oziroma stroških, ki jih imajo pri poslovanju.
V primeru, da davčno osnovo od dohodka iz dejavnosti ugotavljate na podlagi dejanskih prihodkov in normiranih odhodkov , se poleg določb Zakona o dohodnini (ZDoh-2) upoštevajo tudi določbe Zakona o pravici do zimskega regresa ter prenovi ugotavljanja davčne osnove z upoštevanjem normiranih odhodkov (ZPZR) , poglavje III. Odstop od določb ZDoh-2 glede ugotavljanja davčne osnove z upoštevanjem normiranih odhodkov, ki do ustrezne ureditve v Zakonu o dohodnini na novo ureja določena pravila v zvezi z obdavčenjem dohodka iz dejavnosti na podlagi dejanskih prihodkov in normiranih odhodkov.
Priznani normirani odhodki
Davčna osnova se ugotovi na način, da se od ustvarjenih prihodkov odštejejo normirani odhodki v skladu s pravili iz 59. člena ZDoh-2.
D oločeni sta dve lestvici, v skladu s katerima se izračunajo normirani odhodki:
1) Če je bil zavezanec v davčnem letu, za katero se ugotavlja davčna osnova, v skladu z zakonom, ki ureja pokojninsko in invalidsko zavarovanje, obvezno zavarovan na podlagi samozaposlitve v skupnem trajanju najmanj 75 odstotkov minimalnega letnega sklada ur polnega zavarovalnega časa samozaposlenega, znašajo normirani odhodki:
Če znašajo prihodki iz dejavnosti, za leto, za katero se ugotavlja davčna osnova, v eurih
% prihodkov
nad
do
60.000
80 %
0 %
2) Če zavezanec pogoja vključenosti v zavarovanje na podlagi samozaposlitve za davčno leto, za katero se ugotavlja davčna osnova, ne izpolnjuje, znašajo normirani odhodki:
12.500
30.000
40 %
Za zavezance - člane kmečkega gospodinjstva se upoštevajo normirani odhodki v višini 80 % prihodkov, vendar ne več kot 48.000 eurov na nosilca in na drugega člana kmečkega gospodinjstva, ki je vključen v obvezno pokojninsko in invalidsko zavarovanje kot kmet oziroma član kmečkega gospodinjstva.","Povzetek: Obroki predhodne akontacije dospejo v plačilo na zadnji dan obdobja, na katerega se nanašajo, in morajo biti plačani v dvajsetih dneh po dospelosti. Zavezanci, ki začnete z opravljanjem dejavnosti, sami izračunate predhodno akontacijo v znesku glede na višino predvidene davčne osnove davčnega leta, za katero se plačuje predhodna akontacija. Obrazložen izračun predvidene davčne osnove, višino predhodne akontacije ter obrokov predhodne akontacije predložite davčnemu organu v 8 dneh od vpisa v prim",null,extractive_draft,review_required,needs_human_review,edited,"Obroki predhodne akontacije dospejo v plačilo na zadnji dan obdobja, na katerega se nanašajo, in morajo biti plačani v dvajsetih dneh po dospelosti. Zavezanci, ki začnete z opravljanjem dejavnosti, sami izračunate predhodno akontacijo v znesku glede na višino predvidene davčne osnove davčnega leta, za katero se plačuje predhodna akontacija.",Codex-main-review,Condensed to preserve the main procedural points.
review-sum-adm-vpis-v-davcni-register-8b1a4708bf-sec-001-chunk-01,review-sum-adm-vpis-v-davcni-register-8b1a4708bf-sec-001-chunk-01,summarization,110,priority_batch,tax-registration,procedure page,Vpis v davčni register,adm-vpis-v-davcni-register-8b1a4708bf,"[""adm-vpis-v-davcni-register-8b1a4708bf-sec-001-chunk-01""]",train,"Pripravi kratek, zvest in formalen upravni povzetek odlomka.","Vpis v davčni register
Davčni register je register, v katerem so vpisani vsi zavezanci za davek. Vodi ga Finančna uprava Republike Slovenije.
Davčna številka
E-postopki SPOT
Kako se vpišete v davčni register?
Vpis samostojnega podjetnika v davčni register
Vpis pravne osebe v davčni register
Prijava sprememb podatkov davčnemu organu
Z vpisom v davčni register vam je dodeljena davčna številka . Davčna številka je identifikacijska številka, ki se uporablja v zvezi z vsemi davki ter za enotno opredelitev in povezavo podatkov v davčnih evidencah, ki jih vodi Finančna uprava RS. Je osemmestna številka.
Vpis v davčni register ne pomeni vstopa v DDV sistem. Davčna številka zavezanca se razlikuje od identifikacijske DDV številke s predpono SI ter zahteva oddajo ločene vloge. Več o tem si preberite na https://spot.gov.si/sl/teme/davek-na-dodano-vrednost-ddv/
Prijava davčnih podatkov
Začni
V davčni register se vpišete po uradni dolžnosti . Vpis izvede finančni urad na podlagi podatkov iz Poslovnega registra Slovenije (PRS).
Ne glede na to, morate oddati podatke o:
številu in lokaciji poslovnih prostorov, ki se uporabljajo za opravljanje dejavnosti in pridobivanje prihodkov,
poslovnih enotah v tujini,
kapitalskih naložbah doma in v tujini,
številkah plačilnih računov v tujini,
povezanih osebah,
osebi, ki vodi poslovne knjige,
dnevu v mesecu za izplačilo plač (ta velja le za s.p.).
Te podatke lahko oddate hkrati s prijavo za vpis v Poslovni register Slovenije že ob samem postopku ustanovitve podjetja preko portala SPOT ali na točki SPOT .
Lahko pa jih Finančni upravi Republike Slovenije dostavite na obrazcu DR-03 ali DR-04 tudi pozneje, in sicer najkasneje v 8 dneh po vpisu v Poslovni register Slovenije (PRS):
preko portala SPOT,
na točki SPOT , ali
neposredno na Finančni upravi Republike Slovenije
Samostojni podjetnik za vpis dejavnosti v davčni register izpolni obrazec DR-03 .
Samostojni podjetnik je fizična oseba, ki na trgu opravlja pridobitno dejavnost. Zato vam v primeru, da se vpišete v davčni register kot samostojni podjetnik, Finančna uprava Republike Slovenije ne dodeli nove davčne številke, ampak kot samostojni podjetnik uporabljate davčno številko, ki vam je bila dodeljena kot fizični osebi .
Več o postopku vpisa samostojnega podjetnika v davčni register+
Pravna oseba (npr. d.o.o., d.d.) za vpis v davčni register izpolni obrazec DR-04 .
Kot pravna oseba se v postopku ustanovitve podjetja vpišete tudi v davčni register in pridobite (novo naključno določeno) davčno številko (navedena je na Sklepu o registraciji podjetja).","Povzetek: Vpis v davčni register Davčni register je register, v katerem so vpisani vsi zavezanci za davek. Vodi ga Finančna uprava Republike Slovenije.",null,extractive_draft,review_required,needs_human_review,edited,"Davčni register je register, v katerem so vpisani vsi zavezanci za davek. Vodi ga Finančna uprava Republike Slovenije. Vpis samostojnega podjetnika v davčni register Vpis pravne osebe v davčni register Prijava sprememb podatkov davčnemu organu Z vpisom v davčni register vam je dodeljena davčna številka.",Codex-main-review,
review-sum-adm-davek-na-dodano-vrednost-ddv-3852194200-sec-002-chunk-01,review-sum-adm-davek-na-dodano-vrednost-ddv-3852194200-sec-002-chunk-01,summarization,114,priority_batch,vat,manual/handbook,Davek na dodano vrednost (DDV),adm-davek-na-dodano-vrednost-ddv-3852194200,"[""adm-davek-na-dodano-vrednost-ddv-3852194200-sec-002-chunk-01""]",train,"Pripravi kratek, zvest in formalen upravni povzetek odlomka.","Navodila za vpis zahtevka za izdajo identifikacijske številke za davek na dodano vrednost (DDV-P2)
Navodilo za vpis zahtevka za izdajo identifikacijske stevilke za DDV
(pdf)
Zavezanec za DDV postanete, če presežete znesek letnega prometa, ki je določen za oprostitev obračunavanja DDV, in sicer:
če v tekočem koledarskem letu presežete 60.000 evrov letnega prometa (brez DDV) na ozemlju Slovenije, ne presežete pa 66.000 evrov letnega prometa, morate v tekočem koledarskem letu pravočasno predložiti obrazec DDV-P2 (praviloma pred zadnjim mesecem tekočega leta), saj mora biti od obdavčene transakcije, opravljene od vključno 1. 1. naslednjega leta, obračunan DDV, ali
če v tekočem koledarskem letu presežete 66.000 evrov letnega prometa na ozemlju Slovenije, morate pravočasno predložiti obrazec DDV-P2 (praviloma pred mesecem, v katerem presežete navedeni znesek), saj mora biti od obdavčene transakcije, s katero v tekočem koledarskem letu presežete prej navedeni znesek, obračunan DDV.
Zavezanec za DDV lahko postanete tudi na lastno željo , čeprav vaš obdavčljivi promet v tekočem koledarskem letu ne presega zneska 60.000 evrov letnega prometa na ozemlju Slovenije. V tem primeru morate izbiro uporabljati najmanj v tekočem in naslednjem koledarskem letu.
Kmečko gospodinjstvo:
Za OKGD (osnovno kmetijsko in osnovno gozdarsko dejavnost), če se dohodek iz te dejavnosti ugotavlja na podlagi dejanskih prihodkov in dejanskih odhodkov oziroma dejanskih prihodkih in normiranih odhodkih, velja glede obveznosti identifikacije za namene DDV in višine prometa enako kot zgoraj navedeno.
Če se dohodek iz OKGD ugotavlja na podlagi pavšalne ocene (po katastrskem dohodku), je davčni zavezanec oproščen obračunavanja DDV (se mu iz tega naslova ni treba identificirati za namene DDV). Lahko pa postane zavezanec za DDV, v tem primeru mora izbiro uporabljati najmanj v tekočem in naslednjem koledarskem letu in od opravljenih transakcij obračunavati DDV.
Zahtevek za izdajo identifikacijske številke za DDV mora predložiti tudi davčni zavezanec, katerega skupni znesek pridobitev blaga znotraj Unije (od davčnih zavezancev, identificiranih za namene DDV v tej drugi državi članici) v tekočem koledarskem letu preseže 10.000 EUR. Zahtevek mora predložiti že za mesec, v katerem je verjetno, da bo skupni znesek pridobitev v tekočem koledarskem letu presegel 10.000 EUR.
Davčni zavezanec se lahko zaradi pridobitev blaga za DDV identificira prostovoljno, v takem primeru mora ostati v sistemu najmanj 2 koledarski leti.",Povzetek: Navodila za vpis zahtevka za izdajo identifikacijske številke za davek na dodano vrednost (DDV-P2) Navodilo za vpis zahtevka za izdajo identifikacijske stevilke za DDV,null,extractive_draft,review_required,needs_human_review,edited,"Navodila za vpis zahtevka za izdajo identifikacijske številke za davek na dodano vrednost (DDV-P2) Navodilo za vpis zahtevka za izdajo identifikacijske stevilke za DDV Zavezanec za DDV postanete, če presežete znesek letnega prometa, ki je določen za oprostitev obračunavanja DDV, in sicer: če v tekočem koledarskem letu presežete 60.000 evrov letnega prometa (brez DDV) na ozemlju Slovenije, ne presežete pa 66.000 evrov letnega prometa, morate v tekočem koledarskem letu pravočasno predložiti obrazec DDV-P2 (praviloma pred zadnjim mesecem tekočega leta), saj mora biti od obdavčene transakcije, opravljene od vključno 1. 1. naslednjega leta, obračunan DDV, ali če v tekočem koledarskem letu presežete 66.000 evrov letnega prometa na ozemlju Slovenije, morate pravočasno predložiti obrazec DDV-P2 (praviloma pred mesecem, v katerem presežete navedeni znesek), saj mora biti od obdavčene transakcije, s katero v tekočem koledarskem letu presežete prej navedeni znesek, obračunan DDV.",Codex-main-review,Condensed to preserve the main procedural points.
review-sum-manual-kupil-bom-nov-avto-v-sloveniji-37bfd8ce24-sec-001-chunk-01,review-sum-manual-kupil-bom-nov-avto-v-sloveniji-37bfd8ce24-sec-001-chunk-01,summarization,88,priority_batch,vehicle-registration,procedure page,Kupil bom nov avto v Sloveniji,manual-kupil-bom-nov-avto-v-sloveniji-37bfd8ce24,"[""manual-kupil-bom-nov-avto-v-sloveniji-37bfd8ce24-sec-001-chunk-01""]",train,"Pripravi kratek, zvest in formalen upravni povzetek odlomka.","Kupil bom nov avto v Sloveniji
Za novo vozilo šteje vozilo:
- ki je povsem novo iz tovarne ali je bilo dobavljeno prej kot v šestih mesecih, odkar je bilo prvič dano v uporabo;
- ali če z njim ni bilo prevoženih več kot 6.000 kilometrov.
Sklenitev pogodbe o nakupu
Homologacijo - potrdilo o skladnosti pridobite ob nakupu vozila od prodajalca.
Sklenitev zavarovalne pogodbe
Registracija vozila
Plačilo taks in stroškov
Plačati morate: 1. letno dajatev/nadomestilo za uporabo cest, 2. takso za registracijo vozila in 3. obrazec novega prometnega dovoljenja.
*Registracijske organizacije so:
- upravne enote ;
- organizacije, ki opravljajo tehnične preglede motornih in priklopnih vozil;
- gospodarske družbe in samostojni podjetniki posamezniki, ki opravljajo dejavnost prodaje motornih oziroma priklopnih vozil.
Če kupujete avto znotraj Slovenije, nimate nobenih obveznosti glede prijave tega nakupa Finančni upravi Republike Slovenije .
Starši v velikih družinah (z najmanj tremi otroci, ki so mlajši od 18 let), lahko vsaka tri leta z oprostitvijo davka na motorna vozila kupijo osebno vozilo z najmanj petimi sedeži, pod pogojem, da je bilo vozilo v Sloveniji registrirano prvič .
**Kombinacijo črk in številk na registrskih tablicah z rezervirano označbo oziroma tablic, ki jih naročite po želji, določa poseben predpis .
Prve registracije avtomobila ni možno opraviti elektronsko, lahko pa kasneje elektronsko podaljšujete veljavnost prometnega dovoljenja , v primeru, da vaš avto ne potrebuje tehničnega pregleda.","Povzetek: Kupil bom nov avto v Sloveniji Za novo vozilo šteje vozilo:
Ključni poudarki:
- ki je povsem novo iz tovarne ali je bilo dobavljeno prej kot v šestih mesecih, odkar je bilo prvič dano v uporabo;
- ali če z njim ni bilo prevoženih več kot 6.000 kilometrov.
- upravne enote ;
- organizacije, ki opravljajo tehnične preglede motornih in priklopnih vozil;",null,extractive_draft,review_required,needs_human_review,edited,"Za novo vozilo šteje vozilo: Sklenitev pogodbe o nakupu Homologacijo - potrdilo o skladnosti pridobite ob nakupu vozila od prodajalca. Sklenitev zavarovalne pogodbe Plačilo taks in stroškov Plačati morate: 1. letno dajatev/nadomestilo za uporabo cest, 2. takso za registracijo vozila in 3. obrazec novega prometnega dovoljenja. *Registracijske organizacije so: Če kupujete avto znotraj Slovenije, nimate nobenih obveznosti glede prijave tega nakupa Finančni upravi Republike Slovenije.",Codex-main-review,
review-sum-adm-www-gov-si-bad6dd99f6-sec-002-chunk-02,review-sum-adm-www-gov-si-bad6dd99f6-sec-002-chunk-02,summarization,111,priority_batch,access-to-public-information,manual/handbook,Informacije javnega značaja,adm-www-gov-si-bad6dd99f6,"[""adm-www-gov-si-bad6dd99f6-sec-002-chunk-02""]",train,"Pripravi kratek, zvest in formalen upravni povzetek odlomka.","Zahtevo za dostop do informacije javnega značaja lahko vložijo tako pravne kot fizične osebe, pri tem pa jim ni treba navajati razloga. Informacije javnega značaja lahko zahtevajo od:
državnih organov,
organov lokalnih skupnosti,
javnih agencij,
javnih skladov,
nosilcev javnih pooblastil,
izvajalcev javnih služb,
gospodarskih družb in drugih pravnih oseb zasebnega prava pod prevladujočim vplivom Republike Slovenije,
samoupravnih lokalnih skupnosti in drugih oseb javnega prava.
Informacije javnega značaja lahko zahtevajo po telefonu, elektronski pošti ali pisno pri zavezancu. Če zavezanec zahtevo delno ali v celoti zavrne, o tem izda pisno poročilo. Na zavrnitev se prosilci lahko pritožijo, a le, če so vlogo za dostop do informacij oddali pisno.
Organi javnega sektorja zbirajo, proizvajajo, reproducirajo in razširjajo dokumente, da izpolnijo svoje javne naloge. Uporaba takih dokumentov za druge namene, torej ne za prvotni namen v okviru javne naloge, pomeni ponovno uporabo. Vsak prosilec pod enakimi pogoji pridobi pravico do ponovne uporabe informacij, pod pogojem, da gre za prosto dostopne informacije, v pridobitne in nepridobitne namene.
Za ponovno uporabo podatkov organ ne sme zaračunati cene, lahko pa zaračuna povračilo mejnih stroškov.
Izjema glede možnosti zaračunavanja za ponovno uporabo podatkov iz določenih registrov (na podlagi 34.a člena ZDIJZ, 6. odstavek) velja za AJPES, Tržaška cesta 16, 1000 Ljubljana, v obdobju od 24. 4. 2024 do 24. 4. 2026 (upravna odločba MJU št. 090-45/2024/3 z dne 23. 4. 2024).
Naziv storitve
Institucija
Ministrstvo za javno upravo
Zakon loči dve vrsti zavezancev – organe in poslovne subjekte pod prevladujočim vplivom oseb javnega prava. Za organe zakon določa, da je informacija javnega značaja vsak dokument, s katerim ta razpolaga. To velja tako za tiste dokumente, ki jih je organ izdelal sam, kot tiste, ki so nastali v sodelovanju z drugim organom ali jih je pridobil od drugih oseb. Pri poslovnih subjektih pod prevladujočim vplivom oseb javnega prava so informacije javnega značaja le tiste informacije, ki so določene z zakonom. To so informacije o porabi javnih sredstev (o vrsti posla, pogodbenem partnerju, vrednosti pogodbe in trajanju posla), o opravljanju javne funkcije in delovnem razmerju javnega uslužbenca ter podatki, vezani na varstvo okolja – o emisijah, odpadkih, nevarnih snoveh in podobno.
Zavezanci, ki spadajo v obe skupini (na primer gospodarske družbe v 100-odstotni lasti občine, ki so hkrati tudi izvajalke javne službe), morajo posredovati obe vrsti informacij javnega značaja.","Povzetek: Zahtevo za dostop do informacije javnega značaja lahko vložijo tako pravne kot fizične osebe, pri tem pa jim ni treba navajati razloga. Informacije javnega značaja lahko zahtevajo od: državnih organov,",null,extractive_draft,review_required,needs_human_review,edited,"Zahtevo za dostop do informacije javnega značaja lahko vložijo tako pravne kot fizične osebe, pri tem pa jim ni treba navajati razloga. Informacije javnega značaja lahko zahtevajo od: organov lokalnih skupnosti, nosilcev javnih pooblastil, izvajalcev javnih služb, gospodarskih družb in drugih pravnih oseb zasebnega prava pod prevladujočim vplivom Republike Slovenije, samoupravnih lokalnih skupnosti in drugih oseb javnega prava. Informacije javnega značaja lahko zahtevajo po telefonu, elektronski pošti ali pisno pri zavezancu.",Codex-main-review,
review-sum-adm-www-gov-si-5984fa60fa-sec-001-chunk-02,review-sum-adm-www-gov-si-5984fa60fa-sec-001-chunk-02,summarization,104,priority_batch,administrative-fees,manual/handbook,Upravne takse,adm-www-gov-si-5984fa60fa,"[""adm-www-gov-si-5984fa60fa-sec-001-chunk-02""]",train,"Pripravi kratek, zvest in formalen upravni povzetek odlomka.","Plačilo takse ni pogoj za izdajo dokumenta ali opravo dejanja, vendar morebitnemu neplačilu, po nastanku izvršljivosti plačilnega naloga ali sklepa, sledi prisilna izvršba, ki jo opravi Finančna uprava Republike Slovenije.
Vračilo upravne takse
Vračilo upravne takse lahko zahtevamo:
če smo plačali takso, ki je nismo dolžni plačati,
če smo jo plačali v višjem znesku, kakor je predpisana,
če smo takso plačali za dokument ali dejanje, ki ga organ ni izdal ali opravil,
za pritožbo ali drugo pravno sredstvo, ki mu je organ ugodil.
Vračila upravne takse ne moremo zahtevati:
za vlogo, s katero smo zahtevali, naj se dejanje opravi ali dokument izda, tudi če organ iz kakršnih koli razlogov ni opravil dejanja, ki je bilo z vlogo zahtevano,
za vlogo, če je bil postopek ustavljen na zahtevo ali če želimo opustiti kakšno dejanje po tistem, ko je organ že izvedel celoten ugotovitveni postopek.
Vračilo takse lahko zahtevamo pri organu, ki opravlja dejanja, za katera smo plačali takso. Vračilo takse je treba zahtevati v 60 dneh od plačila oziroma od dneva, ko je plačnik izvedel, da dokument ni bil izdan ali dejanje ni bilo opravljeno, oziroma od dneva, ko je bila izdana odločba ali sklep, s katerim se je ugodilo pritožbi. Po poteku dveh let od dneva plačila vračila takse ni mogoče zahtevati.
Preveč plačana taksa, višja od 18 evrov, pa se vrne po uradni dolžnosti.
Taksna tarifa
Taksna tarifa (priloga Zakona o upravnih taksah)
(pdf, 311 KB)
(docx, 98 KB)
Zakon o upravnih taksah (ZUT)
Pravilnik o stroških za fotokopiranje uradnih aktov ali listin pri upravnem organu
Sektor za splošni upravni postopek in upravno poslovanje
Ministrstvo za javno upravo
Direktorat za kakovost
Tržaška cesta 21
1000 Ljubljana
01 478 83 30
is.vog@ujm.pg
Sorodne teme
Upravno poslovanje
Upravni postopek
Informacije javnega značaja","Povzetek: Plačilo takse ni pogoj za izdajo dokumenta ali opravo dejanja, vendar morebitnemu neplačilu, po nastanku izvršljivosti plačilnega naloga ali sklepa, sledi prisilna izvršba, ki jo opravi Finančna uprava Republike Slovenije. Vračilo upravne takse",null,extractive_draft,review_required,needs_human_review,edited,"Plačilo takse ni pogoj za izdajo dokumenta ali opravo dejanja, vendar morebitnemu neplačilu, po nastanku izvršljivosti plačilnega naloga ali sklepa, sledi prisilna izvršba, ki jo opravi Finančna uprava Republike Slovenije. Vračilo upravne takse Vračilo upravne takse lahko zahtevamo: če smo plačali takso, ki je nismo dolžni plačati, če smo jo plačali v višjem znesku, kakor je predpisana, če smo takso plačali za dokument ali dejanje, ki ga organ ni izdal ali opravil, za pritožbo ali drugo pravno sredstvo, ki mu je organ ugodil.",Codex-main-review,
review-sum-adm-www-gov-si-b10cfbf4d7-sec-002-chunk-02,review-sum-adm-www-gov-si-b10cfbf4d7-sec-002-chunk-02,summarization,111,priority_batch,administrative-operations,manual/handbook,Upravno poslovanje,adm-www-gov-si-b10cfbf4d7,"[""adm-www-gov-si-b10cfbf4d7-sec-002-chunk-02""]",train,"Pripravi kratek, zvest in formalen upravni povzetek odlomka.","Odgovor v anonimizirani obliki organ lahko objavi na svoji spletni strani. Če je na podobno vprašanje že pripravil odgovor in ga v anonimizirani obliki objavil na spletni strani, stranko lahko napoti na ta odgovor.
Stranke lahko svojo vlogo vložijo kadar koli v poslovnem času organa, ne samo v času uradnih ur. Uslužbenci vložnikom pomagajo tako, da jih opozarjajo na nepravilnosti in pomanjkljivosti, nudijo splošne informacije o upravni storitvi, na katero se nanaša vloga, in zagotavljajo predpisane obrazce vlog.
Obrazce vlog za upravne postopke iz svoje pristojnosti organ brezplačno zagotovi v sprejemnem prostoru, pri svetovalcu za pomoč strankam ali na spletni strani.
Oseba, ki želi vložiti vlogo ali opraviti drugo storitev, lahko zahteva, da ji organ določi dan in uro za vložitev vloge oziroma izvedbo storitve.
Naročilo se lahko opravi neposredno pri organu, po telefonu ali po elektronski poti. Organ na spletni strani in v uradnih prostorih objavi postopek naročanja, telefonsko številko in elektronski naslov za naročanje oziroma naslov za spletno naročanje, če omogoča takšen način naročila.
Če oseba ob dogovorjenem času ne more priti k organu, naj ga o tem čimprej obvesti, da se določi nov termin, hkrati pa se prost termin dodeli drugi zainteresirani osebi.
Na upravni enoti, ne glede na stalno ali začasno prebivališče, se lahko overi lastnoročni podpis ali kopije listine. Obe overitvi sta enakovredni notarski overitvi podpisa ali kopije, vendar samo v upravnih postopkih . Zato upravna overitev ne more nadomestiti notarske overitve v sodnih postopkih.
Z overitvijo lastnoročnega podpisa upravna enota potrdi pristnost podpisa osebe, ki se je podpisala na dokument pred uradno osebo ali je podpis na listini priznala kot svoj.
Z overitvijo kopije se potrdi istovetnost kopije z izvirno listino. Upravna enota lahko overi kopijo v fizični ali elektronski obliki tako, da izvirno listino skenira, jo overi in pošlje na elektronski naslov (lahko tudi na Moji eUpravi ), ki ga navede predlagatelj overitve.
Na spletni strani Ministrstva za pravosodje so navedene overitve javnih listin za uporabo v tujini.
Naziv storitve
Institucija
Overitve javnih listin za uporabo v tujini
Ministrstvo za pravosodje
Overitev lastnoročnih podpisov, prepisov in kopij
Ministrstvo za javno upravo
Stranka lahko zahteva pojasnilo, zakaj odločba ni bila izdana v zakonsko določenem roku. Organ mora nato stranko najpozneje v treh delovnih dneh od prejema zahtevka obvestiti o razlogu za zamudo pri izdaji odločbe.","Povzetek: Odgovor v anonimizirani obliki organ lahko objavi na svoji spletni strani. Če je na podobno vprašanje že pripravil odgovor in ga v anonimizirani obliki objavil na spletni strani, stranko lahko napoti na ta odgovor. Stranke lahko svojo vlogo vložijo kadar koli v poslovnem času organa, ne samo v času uradnih ur. Uslužbenci vložnikom pomagajo tako, da jih opozarjajo na nepravilnosti in pomanjkljivosti, nudijo splošne informacije o upravni storitvi, na katero se nanaša vloga, in zagotavljajo predpis",null,extractive_draft,review_required,needs_human_review,edited,"Odgovor v anonimizirani obliki organ lahko objavi na svoji spletni strani. Če je na podobno vprašanje že pripravil odgovor in ga v anonimizirani obliki objavil na spletni strani, stranko lahko napoti na ta odgovor. Stranke lahko svojo vlogo vložijo kadar koli v poslovnem času organa, ne samo v času uradnih ur.",Codex-main-review,
review-sum-adm-www-gov-si-1b8cd4d940-sec-002-chunk-02,review-sum-adm-www-gov-si-1b8cd4d940-sec-002-chunk-02,summarization,121,priority_batch,administrative-procedure,procedure page,Upravni postopek,adm-www-gov-si-1b8cd4d940,"[""adm-www-gov-si-1b8cd4d940-sec-002-chunk-02""]",train,"Pripravi kratek, zvest in formalen upravni povzetek odlomka.","Največ upravnih postopkov vodijo upravni organi (upravne enote, ministrstva in organi v sestavi ministrstev), občine in nosilci javnih pooblastil, ki so sistemsko pristojni za odločanje o upravnih zadevah. Izjemoma, kadar tako določajo področni zakoni, v upravnem postopku odločajo tudi drugi državni organi.
Praviloma so upravni postopki dvostopenjski, kar pomeni, da je zoper odločitev na prvi stopnji dovoljena pritožba na drugostopenjski organ. Če ni drugače določeno, je drugostopenjski organ v upravnih zadevah iz državne pristojnosti ministrstvo, v upravnih zadevah iz izvirne pristojnosti občin pa župan.
Za poenotenje upravne prakse, zagotovitev večje pravne varnosti, razvoj upravno-procesnega prava, krepitev znanja uradnih oseb in dvig ravni strokovnosti pri upravnem odločanju sta Ministrstvo za javno upravo in Fakulteta za upravo Univerze v Ljubljani vzpostavili spletno stran Upravna svetovalnica , na kateri je objavljeno več kot 1.500 odgovorov na izpostavljene upravno-procesne dileme. Več o skupnem projektu in njegovem delovanju lahko preberete na spletni strani Upravne svetovalnice.
Organi, ki odločajo o upravnih zadevah, morajo voditi evidenco o številu vloženih zahtev, številu upravnih postopkov, začetih po uradni dolžnosti, o načinu in rokih reševanja na prvi in drugi stopnji, o številu odpravljenih in razveljavljenih upravnih aktov, o številu zavrženih zahtev ter številu ustavitev postopka. Podatke za vsako koledarsko leto pošljejo Ministrstvu za javno upravo, ki pripravi zaključno poročilo o reševanju upravnih zadev.
Pošiljanje podatkov in priprava poročil se od leta 2018 izvaja elektronsko, zato so poročila dostopna v spletni aplikaciji Upravna statistika (uporabnikom znotraj komunikacijskega omrežje državnih organov HKOM pa tudi na tej povezavi ).
Za leto 2021 in 2022 je objavljeno začasno zaključno poročilo o reševanju upravnih zadev.
Zaključna poročila
Poročila
Zaključno poročilo o delu pri odločanju v upravnih zadevah za leto 2017
(docx, 1.1 MB)
Zaključno poročilo o delu pri odločanju v upravnih zadevah za leto 2016
(docx, 1.2 MB)
Ovojnica za osebno vročanje
Dokumentacije
Besedilo ovojnice za osebno vročanje v italijanskem in madžarskem jeziku
(docx, 25 KB)
Stališča in mnenja
Mnenja, pojasnila in odgovori
Stališče o poslovanju organov, če elektronsko izdanega dokumenta ni mogoče vročiti po elektronski poti
(docx, 32 KB)
Zakon o splošnem upravnem postopku (ZUP)
Pravilnik o stroških v upravnem postopku
Uredba o izobrazbi in strokovnem izpitu za vodenje in odločanje v upravnem postopku","Povzetek: Največ upravnih postopkov vodijo upravni organi (upravne enote, ministrstva in organi v sestavi ministrstev), občine in nosilci javnih pooblastil, ki so sistemsko pristojni za odločanje o upravnih zadevah. Izjemoma, kadar tako določajo področni zakoni, v upravnem postopku odločajo tudi drugi državni organi. Praviloma so upravni postopki dvostopenjski, kar pomeni, da je zoper odločitev na prvi stopnji dovoljena pritožba na drugostopenjski organ. Če ni drugače določeno, je drugostopenjski organ v",null,extractive_draft,review_required,needs_human_review,edited,"Največ upravnih postopkov vodijo upravni organi (upravne enote, ministrstva in organi v sestavi ministrstev), občine in nosilci javnih pooblastil, ki so sistemsko pristojni za odločanje o upravnih zadevah. Izjemoma, kadar tako določajo področni zakoni, v upravnem postopku odločajo tudi drugi državni organi. Praviloma so upravni postopki dvostopenjski, kar pomeni, da je zoper odločitev na prvi stopnji dovoljena pritožba na drugostopenjski organ.",Codex-main-review,
review-sum-slo-admin-017-sec-003-chunk-01,review-sum-slo-admin-017-sec-003-chunk-01,summarization,119,priority_batch,budget,budget/public-finance guidance,Direktorat za proračun,slo-admin-017,"[""slo-admin-017-sec-003-chunk-01""]",train,"Pripravi kratek, zvest in formalen upravni povzetek odlomka.","Beethovnova ulica 11 1000 Ljubljana
- 01 369 64 72
- is.vog@fm.pg
Proračunski skladi
- Podatki o realiziranih prejemkih in izdatkih proračunskih skladov Proračunski sklad je evidenčni račun, ki ga odpre država oziroma občina zaradi ločenega vodenja določenih namenskih prejemkov in izdatkov. Ustanovi se s posebnim zakonom, mednarodno pogodbo ali odlokom občine. Upravljanje skladov je v pristojnosti posameznih ministrstev, ki so pristojna tudi za vsa vsebinska pojasnila v tabeli prikazanih podatkov. Proračunske sklade vključujejo: • Sklad proračunske rezerve za naravne nesreče, Sklad za obnovo in Demografski sklad – v pristojnosti Ministrstva za finance, • Gozdni sklad – v pristojnosti Ministrstva za kmetijstvo, gozdarstvo in prehrano, • Sklad za vode – v pristojnosti Direkcije za vode, • Podnebni sklad – v pristojnosti Ministrstva za okolje, podnebje in energijo, • Sklad za financiranje štipendij – v pristojnosti Ministrstva za delo, družino, socialne zadeve in enake možnosti, • Sklad po Zakonu o investicijah v zdravstvu – v pristojnosti Urada za nadzor, kakovost in investicije v zdravstvu • Sklad za nevladne organizacije (NVO) – v pristojnosti Ministrstva za javno upravo, • Sklad za sofinanciranje investicij v visokem šolstvu in v študentske domove – v pristojnosti Ministrstva za visoko šolstvo, znanost in inovacije ter • Sklad za načrt za okrevanje in odpornost (NOO) – v pristojnosti Urada za okrevanje in odpornost. Proračunski skladi zagotavljajo pregledno upravljanje javnih sredstev in prispevajo k učinkovitejšemu doseganju nacionalnih razvojnih ciljev. Poročila Proračunski skladi 2024 (xlsx, 14 KB) Proračunski skladi 2025 (xlsx, 15 KB) Proračunski skladi 2026 (xlsx, 15 KB)
Podatki o realiziranih prejemkih in izdatkih proračunskih skladov
- Proračunski skladi 2024 (xlsx, 14 KB)
- Proračunski skladi 2025 (xlsx, 15 KB)
- Proračunski skladi 2026 (xlsx, 15 KB)
Direktorat za proračun
Beethovnova ulica 11 1000 Ljubljana
- 01 369 64 70
- is.vog@fm.pg
- mag. Mojca Pirnat generalna direktorica Direktorat za proračun 01 369 64 81 is.vog@fm.pg
mag. Mojca Pirnat
generalna direktorica Direktorat za proračun
- 01 369 64 81
- is.vog@fm.pg","Povzetek: Beethovnova ulica 11 1000 Ljubljana Proračunski skladi
Ključni poudarki:
- 01 369 64 72
- is.vog@fm.pg
- Podatki o realiziranih prejemkih in izdatkih proračunskih skladov Proračunski sklad je evidenčni račun, ki ga odpre država oziroma občina zaradi ločenega vodenja določenih namenskih prejemkov in izdatkov. Ustanovi se s posebnim zakonom, mednarodno pogodbo ali odlokom občine. Upravljanje skladov je v pristojnosti posameznih ministrstev, ki so pristojna tudi za vsa vsebinska pojasnila v tabeli prikazanih podatkov. Proračunske sklade vključujejo: • Sklad proračunske rezerve za naravne nesreče, Sklad za obnovo in Demografski sklad – v pristojnosti Ministrstva za finance, • Gozdni sklad – v pristojnosti Ministrstva za kmetijstvo, gozdarstvo in prehrano, • Sklad za vode – v pristojnosti Direkcije za vode, • Podnebni sklad – v pristojnosti Ministrstva za okolje, podnebje in energijo, • Sklad za financiranje štipendij – v pristojnosti Ministrstva za delo, družino, socialne zadeve in enake možnosti, • Sklad po Zakonu o investicijah v zdravstvu – v pristojnosti Urada za nadzor, kakovost in investicije v zdravstvu • Sklad za nevladne organizacije (NVO) – v pristojnosti Ministrstva za javno upravo, • Sklad za sofinanciranje investicij v visokem šolstvu in v študentske domove – v pristojnosti Ministrstva za visoko šolstvo, znanost in inovacije ter • Sklad za načrt za okrevanje in odpornost (NOO) – v pristojnosti Urada za okrevanje in odpornost. Proračunski skladi zagotavljajo pregledno upravljanje javnih sredstev in prispevajo k učinkovitejšemu doseganju nacionalnih razvojnih ciljev. Poročila Proračunski skladi 2024 (xlsx, 14 KB) Proračunski skladi 2025 (xlsx, 15 KB) Proračunski skladi 2026 (xlsx, 15 KB)
- Proračunski skladi 2024 (xlsx, 14 KB)",null,extractive_draft,review_required,needs_human_review,edited,Beethovnova ulica 11 1000 Ljubljana Podatki o realiziranih prejemkih in izdatkih proračunskih skladov Direktorat za proračun generalna direktorica Direktorat za proračun.,Codex-main-review,Condensed to preserve the main procedural points.
review-sum-adm-obveznosti-do-financne-uprave-1587f57878-sec-001-chunk-02,review-sum-adm-obveznosti-do-financne-uprave-1587f57878-sec-001-chunk-02,summarization,121,priority_batch,business-procedures,manual/handbook,Obveznosti do Finančne uprave,adm-obveznosti-do-financne-uprave-1587f57878,"[""adm-obveznosti-do-financne-uprave-1587f57878-sec-001-chunk-02""]",val,"Pripravi kratek, zvest in formalen upravni povzetek odlomka.","če pridobivate blago znotraj EU (od davčnih zavezancev, identificiranih za namene DDV v drugi državi članici) in vrednost pridobitev v tekočem koledarskem letu preseže 10.000 EUR;
Tudi če ne izpolnjujete navedenih pogojev, se lahko za DDV identificirate prostovoljno, vendar morate v sistemu DDV ostati najmanj dve koledarski leti.
če opravljate oziroma prejemate storitve, za katere velja, da mora plačati DDV izključno prejemnik storitve – obrnjena davčna obveznost (reverse charge). Gre za storitve iz 1. odst. 25. člena ZDDV-1. Obveznost identifikacije za namene DDV vam ne nastane, če opravljate prej navedene storitve, za katere je kraj opravljanja storitve druga država članica, v kateri izpolnjujete pogoje za oprostitev obračunavanja DDV po posebni čezmejni SME ureditvi, ali če jih prejemate od davčnega zavezanca s sedežev v drugi državi članici, ki je v Sloveniji oproščen obračunavanja DDV po posebni čezmejni SME ureditvi.
Davek od dohodkov pravnih oseb
Na podlagi izračuna ob registraciji morate plačevati mesečno ali trimesečno akontacijo, in sicer do 20. dne v mesecu za pretekli mesec oz. tromesečje. Najkasneje do 31. 3. tekočega leta morate predložiti davčni obračun za preteklo leto (obrazec Obračun davka od dohodkov pravnih oseb). Obračun morate predložiti, tudi če niste dosegli nobenih prihodkov.
Prispevki za socialno varnost zavezanca – družbenika, ki je poslovodna oseba
Na podlagi prijave v obvezna socialna zavarovanja mora družbenik, ki je poslovodna oseba, samostojno plačevati prispevke za socialno varnost. Predizpolnjen obračun prispevkov za socialno varnost (POPSV) odloži davčni organ v njegov portal eDavki do 10. dne v mesecu za pretekli mesec.
Če podatki v POPSV niso pravilni in/ali popolni ali če davčni organ v sistem eDavki ne odloži POPSV, mora zavezanec sam predložiti obračun prispevkov za socialno varnost (OPSV) najpozneje do 15. dne v mesecu za pretekli mesec.
Zavezanec mora v OPSV posredovati tudi spremembe osnov, ki so posledica uveljavljanja določenih pravic (bolniški stalež, starševski dopust) ali če se odloči za spremembo (povišanje ali znižanje) zavarovalne osnove. Prispevki za socialno varnost morajo biti plačani najpozneje do 20. dne v mesecu za pretekli mesec.
Akontacija dohodnine in prispevki za socialno varnost za zaposlene delavce
Za zaposlene delavce: z delovno pravno zakonodajo je določeno mesečno izplačilo plače. Na dan izplačila plače in/ali drugega dohodka iz delovnega razmerja ste dolžni predložiti obračun davčnega odtegljaja (obrazec REK-1) in v roku 5 dni od izplačila dohodka plačati akontacijo dohodnine ter prispevke za socialno varnost.","Povzetek: če pridobivate blago znotraj EU (od davčnih zavezancev, identificiranih za namene DDV v drugi državi članici) in vrednost pridobitev v tekočem koledarskem letu preseže 10.000 EUR; Tudi če ne izpolnjujete navedenih pogojev, se lahko za DDV identificirate prostovoljno, vendar morate v sistemu DDV ostati najmanj dve koledarski leti.",null,extractive_draft,review_required,needs_human_review,edited,"če pridobivate blago znotraj EU (od davčnih zavezancev, identificiranih za namene DDV v drugi državi članici) in vrednost pridobitev v tekočem koledarskem letu preseže 10.000 EUR, Tudi če ne izpolnjujete navedenih pogojev, se lahko za DDV identificirate prostovoljno, vendar morate v sistemu DDV ostati najmanj dve koledarski leti. če opravljate oziroma prejemate storitve, za katere velja, da mora plačati DDV izključno prejemnik storitve – obrnjena davčna obveznost (reverse charge). Gre za storitve iz 1. odst. 25. člena ZDDV-1.",Codex-main-review,Condensed to preserve the main procedural points.
review-sum-manual-rojstvo-prvega-otroka-d27b93aa55-sec-001-chunk-01,review-sum-manual-rojstvo-prvega-otroka-d27b93aa55-sec-001-chunk-01,summarization,90,priority_batch,civil-status,procedure page,Rojstvo prvega otroka,manual-rojstvo-prvega-otroka-d27b93aa55,"[""manual-rojstvo-prvega-otroka-d27b93aa55-sec-001-chunk-01""]",train,"Pripravi kratek, zvest in formalen upravni povzetek odlomka.","Rojstvo prvega otroka
Ob rojstvu otroka je potrebno opraviti določene postopke, pridobite pa tudi nekatere pravice, ki so odvisne od tega, koliko otrok imate.
Nekatere postopke morate opraviti pred rojstvom otroka, nekatere pa po rojstvu otroka.
Materinski dopust
Očetovski dopust
Starševski dopust
Določitev otrokovega osebnega imena
Ime in priimek sta vsak zase lahko sestavljena iz največ dveh besed oziroma nedeljivih celot, v nasprotnem primeru morata starša podati izjavo o izbiri osebnega imena za pravni promet.
Prijava otroka v obvezno zdravstveno zavarovanje
Izbira pediatra
Pridobitev osebne izkaznice
Pridobitev potnega lista
Pridobitev davčne številke za novorojenčka
lahko pa jo pridobite takoj po otrokovem rojstvu na katerem koli finančnem uradu.
Pridobitev izpiska iz matičnega registra o rojstvu
Otroški dodatek
Družinski prejemki
Uveljavljanje dohodninske olajšave za vzdrževane družinske člane
Oprostitev plačila takse za gradbeno dovoljenje
Za mlado družino se šteje družina z vsaj enim otrokom, v kateri nobeden od staršev ni star več kot 30 let (v letu, ko se vloži zahtevek) ne glede na starost otrok oziroma 35 let in še noben otrok ni šoloobvezen.
Pravica staršev do krajšega delovnega časa
- eden od staršev, ki neguje in varuje najmanj dva otroka, do končanega prvega razreda osnovne šole najmlajšega otroka, pri čemer je eno leto izrabe pravice neprenosljivo za vsakega od staršev.
Pravica do nadomestila v času odmora za dojenje
Za čas odmora je upravičena do nadomestila oziroma plačila prispevkov za socialno varnost.
Nadurno in nočno delo staršev
Mami ali očetu, ki neguje otroka, starega do treh let, se lahko naloži opravljanje nadurnega dela ali dela ponoči samo z njenim oziroma njegovim predhodnim pisnim soglasjem.
Vpis otroka v vrtec
Subvencija za znižano plačilo vrtca
Starši otrok s posebnimi potrebami lahko uveljavljajo dodatne pravice , ki jih najdete v sklopu poglavja Osebe z invalidnostmi.
Nekatere občine svojim občanom ob rojstvu otroka nudijo različne vrste pomoči. Preverite, kako je s tem v vaši občini.","Povzetek: Rojstvo prvega otroka Ob rojstvu otroka je potrebno opraviti določene postopke, pridobite pa tudi nekatere pravice, ki so odvisne od tega, koliko otrok imate.
Ključni poudarki:
- eden od staršev, ki neguje in varuje najmanj dva otroka, do končanega prvega razreda osnovne šole najmlajšega otroka, pri čemer je eno leto izrabe pravice neprenosljivo za vsakega od staršev.",null,extractive_draft,review_required,needs_human_review,edited,"Ob rojstvu otroka je potrebno opraviti določene postopke, pridobite pa tudi nekatere pravice, ki so odvisne od tega, koliko otrok imate. Nekatere postopke morate opraviti pred rojstvom otroka, nekatere pa po rojstvu otroka. Določitev otrokovega osebnega imena Ime in priimek sta vsak zase lahko sestavljena iz največ dveh besed oziroma nedeljivih celot, v nasprotnem primeru morata starša podati izjavo o izbiri osebnega imena za pravni promet.",Codex-main-review,
review-sum-manual-o-dr-avnem-portalu-euprava-659ae1e75e-sec-001-chunk-01,review-sum-manual-o-dr-avnem-portalu-euprava-659ae1e75e-sec-001-chunk-01,summarization,92,priority_batch,e-government,manual/handbook,O državnem portalu eUprava,manual-o-dr-avnem-portalu-euprava-659ae1e75e,"[""manual-o-dr-avnem-portalu-euprava-659ae1e75e-sec-001-chunk-01""]",train,"Pripravi kratek, zvest in formalen upravni povzetek odlomka.","O državnem portalu eUprava
Portal eUprava je državni portal Republike Slovenije za državljane in elektronska vstopna točka za različne storitve, ki jih opravljamo pri državnih organih ali organih javne uprave. Skrbnik portala je Ministrstvo za digitalno preobrazbo.
Osnovni namen portala je ponuditi upravne storitve uporabnikom preko svetovnega spleta in tako poleg klasičnih zagotoviti dodatno, elektronsko pot za opravljanje teh storitev. Ker bi radi zagotovili odlično uporabniško izkušnjo, je portal zasnovan v skladu s sodobnimi tehnološkimi in oblikovalskimi smernicami in usmerjen k uporabnikom.
Informacije o storitvah so zbrane v vsebinsko zaokroženih področjih, ki spremljajo vse pomembnejše dogodke v življenju posameznika od rojstva, preko šolanja in zaposlitve, do upokojitve. Opisi posameznih storitev so oblikovani tako, da uporabnike na razumljiv in pregleden način vodijo skozi postopke, ki jih je treba opraviti pri enem ali več organih javne uprave. Po osnovnih informacijah kje in kako opraviti storitev, je uporabnikom na voljo tudi vloga oziroma obrazec zanjo. Uporabniki vloge lahko izpolnijo in oddajo na različne načine, glede na naravo storitve in informacijsko opremljenost pristojnega organa.
Pogoj za oddajo elektronskih vlog in dostop do storitev modula Moja eUprava je, da imajo uporabniki nameščeno kvalificirano digitalno potrdilo slovenskih izdajateljev, elektronsko osebno izkaznico ali smsPASS. Elektronske vloge so dostopne na slovenski jezikovni različici portala, tiste, ki so namenjene pripadnikom obeh avtohtonih narodnih skupnosti, pa so objavljene na italijanski in madžarski jezikovni različici portala.
Opise posameznih storitev pripravljajo vsebinsko pristojni organi, ki so tudi odgovorni za njihovo ažurnost in pravilnost. Področni in vsebinski uredniki pripravljajo posamezne opise in vloge ter odgovarjajo na vprašanja, ki jih uporabniki oddajajo preko portala ali pošljejo na naslov enotnega kontaktnega centra.
Prijava v modul Moja eUprava uporabnikom omogoča tudi vpogled v njihove osebne podatke, ki se nahajajo v različnih javno upravnih registrih in bazah podatkov, ter vpogled v statuse oddanih vlog in hrambo dokumentov, ki nastajajo med elektronsko vodenimi upravnimi postopki.
Ministrstvo za digitalno preobrazbo si prizadeva, da bi bil portal eUprava portal vseh državljank in državljanov Republike Slovenije, zato je prilagojen tudi gluhim in naglušnim, slepim in slabovidnim ter nekaterim drugim ranljivim skupinam. Seveda pa je namenjen tudi naprednim uporabnikom, ki bodo portal uporabljali na mobilnih napravah.
Naj vam portal koristi, uporabljajte ga z veseljem!
Ekipa portala eUprava","Povzetek: O državnem portalu eUprava Portal eUprava je državni portal Republike Slovenije za državljane in elektronska vstopna točka za različne storitve, ki jih opravljamo pri državnih organih ali organih javne uprave. Skrbnik portala je Ministrstvo za digitalno preobrazbo.",null,extractive_draft,review_required,needs_human_review,edited,"Portal eUprava je državni portal Republike Slovenije za državljane in elektronska vstopna točka za različne storitve, ki jih opravljamo pri državnih organih ali organih javne uprave. Skrbnik portala je Ministrstvo za digitalno preobrazbo. Osnovni namen portala je ponuditi upravne storitve uporabnikom preko svetovnega spleta in tako poleg klasičnih zagotoviti dodatno, elektronsko pot za opravljanje teh storitev.",Codex-main-review,
review-sum-slo-admin-016-sec-002-chunk-01,review-sum-slo-admin-016-sec-002-chunk-01,summarization,103,priority_batch,finance-administration,manual/handbook,O ministrstvu za finance,slo-admin-016,"[""slo-admin-016-sec-002-chunk-01""]",train,"Pripravi kratek, zvest in formalen upravni povzetek odlomka.","Župančičeva ulica 3 1000 Ljubljana
Prikaži na zemljevidu
- 01 369 69 63
- is.vog@fm.NSRS-ofnI
Seznam pooblaščenih uradnih oseb
- Seznami in evidence Seznam uradnih oseb pooblaščenih za odločanje v upravnih zadevah in za vodenje posameznih dejanj v postopku pred izdajo odločbe Ministrstvo za finance (pdf, 157 KB) Seznam uradnih oseb, pooblaščenih za dajanje informacij splošnega značaja - Ministrstvo za finance (pdf, 110 KB)
- Seznam uradnih oseb pooblaščenih za odločanje v upravnih zadevah in za vodenje posameznih dejanj v postopku pred izdajo odločbe Ministrstvo za finance (pdf, 157 KB)
- Seznam uradnih oseb, pooblaščenih za dajanje informacij splošnega značaja - Ministrstvo za finance (pdf, 110 KB)
Letna poročila o izvajanju Zakona o dostopu do informacij javnega značaja
- Poročila Poročilo o izvajanju Zakona o dostopu do informacij javnega značaja za leto 2025 (pdf, 311 KB) Poročilo o izvajanju Zakona o dostopu do informacij javnega znacaja za leto 2024 (pdf, 412 KB) Poročilo o izvajanju Zakona o dostopu do informacij javnega značaja za leto 2024.Word (docx, 34 KB) Poročilo o izvajanju Zakona o dostopu do informacij javnega znacaja za leto 2023 (pdf, 186 KB) Poročilo o izvajanju Zakona o dostopu do informacij javnega znacaja za leto 2023.Word (docx, 33 KB) Poročilo o izvajanju Zakona o dostopu do informacij javnega značaja za leto 2022 (pdf, 286 KB) Poročilo o izvajanju Zakona o dostopu do informacij javnega znacaja za leto 2022.Word (docx, 32 KB) Poročilo o izvajanju Zakona o dostopu do informacij javnega značaja za leto 2021 (pdf, 282 KB) Poročilo o izvajanju Zakona o dostopu do informacij javnega značaja za leto 2020 (pdf, 239 KB) Poročilo o izvajanju Zakona o dostopu do informacij javnega značaja za leto 2019 (pdf, 1.2 MB) Poročilo o izvajanju Zakona o dostopu do informacij javnega značaja za leto 2019.Word (docx, 32 KB) Poročilo o izvajanju Zakona o dostopu do informacij javnega značaja za leto 2018 (pdf, 1.7 MB) Poročilo o izvajanju Zakona o dostopu do informacij javnega značaja za leto 2017 (pdf, 37 KB) Poročilo o izvajanju Zakona o dostopu do informacij javnega značaja za leto 2016 (pdf, 37 KB) Poročilo o izvajanju Zakona o dostopu do informacij javnega značaja za leto 2015 (pdf, 38 KB)
- Poročilo o izvajanju Zakona o dostopu do informacij javnega značaja za leto 2025 (pdf, 311 KB)
- Poročilo o izvajanju Zakona o dostopu do informacij javnega znacaja za leto 2024 (pdf, 412 KB)
- Poročilo o izvajanju Zakona o dostopu do informacij javnega značaja za leto 2024.Word (docx, 34 KB)","Povzetek: Župančičeva ulica 3 1000 Ljubljana Prikaži na zemljevidu
Ključni poudarki:
- 01 369 69 63
- is.vog@fm.NSRS-ofnI
- Seznami in evidence Seznam uradnih oseb pooblaščenih za odločanje v upravnih zadevah in za vodenje posameznih dejanj v postopku pred izdajo odločbe Ministrstvo za finance (pdf, 157 KB) Seznam uradnih oseb, pooblaščenih za dajanje informacij splošnega značaja - Ministrstvo za finance (pdf, 110 KB)
- Seznam uradnih oseb pooblaščenih za odločanje v upravnih zadevah in za vodenje posameznih dejanj v postopku pred izdajo odločbe Ministrstvo za finance (pdf, 157 KB)",null,extractive_draft,review_required,needs_human_review,edited,Župančičeva ulica 3 1000 Ljubljana Seznam pooblaščenih uradnih oseb Letna poročila o izvajanju Zakona o dostopu do informacij javnega značaja.,Codex-main-review,Condensed to preserve the main procedural points.
review-sum-adm-www-gov-si-35d96e2e99-sec-002-chunk-01,review-sum-adm-www-gov-si-35d96e2e99-sec-002-chunk-01,summarization,117,priority_batch,health-procedures,procedure page,Prijava na strokovne izpite za zdravstvene delavce in sodelavce,adm-www-gov-si-35d96e2e99,"[""adm-www-gov-si-35d96e2e99-sec-002-chunk-01""]",train,"Pripravi kratek, zvest in formalen upravni povzetek odlomka.","ZA ZDRAVSTVENE DELAVCE IN ZDRAVSTVENE SODELAVCE
Izpiti potekajo od 19. januarja dalje
Izpiti potekajo od 16. februarja dalje
Izpiti potekajo od 23. marca dalje
Izpiti potekajo od 20. aprila dalje
Izpiti potekajo od 18. maja dalje
Izpiti potekajo od 22. junija dalje
Izpiti potekajo od 20. julija dalje
Izpiti potekajo od 21. septembra dalje
Izpiti potekajo od 19. oktobra dalje
Izpiti potekajo od 16. novembra dalje
Izpiti potekajo enkrat na mesec, razen v avgustu in decembru.
Splošne informacije
V času uradnih ur smo dosegljivi tudi na telefonu 01 478 69 00.
Uradne ure:
ponedeljek, sreda in petek: od 9. do 12. ure
Pripravnik vloži prijavo za opravljanje strokovnega izpita pri delodajalcu, pri katerem je v delovnem razmerju. Delodajalec pošlje popolno prijavo za delavca s srednjo strokovno izobrazbo pooblaščenemu zdravstvenemu zavodu, za delavca z višjo strokovno ali univerzitetno strokovno izobrazbo pa ministrstvu za zdravje.
Prijavo na izpit je treba oddati do 20. v mesecu za izpit v naslednjem mesecu.
Prijava na prvo opravljanje izpita
Izpolnjeni prijavnici je treba priložiti:
dokazilo o doseženi ravni in vrsti izobrazbe (diploma, zaključno spričevalo),
list pripravnika,
dokazilo o plačilu stroškov strokovnega izpita.
Osebe, ki so izobrazbo pridobile v tujini, morajo predložiti še:
odločbo o pristopu k strokovnemu izpitu,
dokazilo o znanju slovenskega jezika.
Prijava na strokovni izpit za poklic zdravnik/doktor dentalne medicine
Zdravniki/doktorji dentalne medicine , ki opravljajo strokovni izpit na podlagi odločbe o priznanju poklicne kvalifikacije ( ZPPKZD ) morajo k izpolnjeni prijavnici predložiti:
dokazilo o doseženi ravni in vrsti izobrazbe (diploma)
e-list pripravnika,
dokazilo o plačilu stroškov strokovnega izpita,
dokazilo o znanju slovenskega jezika ( C1 oziroma pisanje na ravni B2 Skupnega evropskega jezikovnega okvira).
Prijava pri ponovnem opravljanju izpita (posamezne vsebine)
Izpolnjeni prijavnici je potrebno priložiti še:
Če prijavi niso priložena vsa potrebna dokazila, se kandidata pozove k dopolnitvi prijave v primernem roku, ki ne sme biti krajši od sedem dni. Če kandidat prijave ne dopolni v zahtevanem roku, se šteje, da vloga ni popolna in se mu pristop na strokovni izpit ne omogoči.
Vsi prijavljeni kandidati na strokovni izpit vabilo prejmejo po e-mailu, in sicer 7 dni pred izpitnim rokom.
Znanje slovenskega jezika
Znanje slovenskega jezika se dokazuje:
z dokazilom o zaključeni najmanj srednji šoli v slovenskem jeziku v Republiki Sloveniji,",Povzetek: ZA ZDRAVSTVENE DELAVCE IN ZDRAVSTVENE SODELAVCE Izpiti potekajo od 19. januarja dalje,null,extractive_draft,review_required,needs_human_review,edited,"ZA ZDRAVSTVENE DELAVCE IN ZDRAVSTVENE SODELAVCE Izpiti potekajo od 19. januarja dalje Izpiti potekajo od 16. februarja dalje Izpiti potekajo od 23. marca dalje Izpiti potekajo od 20. aprila dalje Izpiti potekajo od 18. maja dalje Izpiti potekajo od 22. junija dalje Izpiti potekajo od 20. julija dalje. Besedilo dodatno povzema bistvene pogoje, postopkovne korake ali povezane obveznosti na obravnavanem področju.",Codex-main-review,
review-sum-adm-www-gov-si-fcdbf5a7f4-sec-003-chunk-01,review-sum-adm-www-gov-si-fcdbf5a7f4-sec-003-chunk-01,summarization,118,priority_batch,local-government,manual/handbook,Naloge občin,adm-www-gov-si-fcdbf5a7f4,"[""adm-www-gov-si-fcdbf5a7f4-sec-003-chunk-01""]",val,"Pripravi kratek, zvest in formalen upravni povzetek odlomka.","(docx, 732 KB)
Varstvo pravic lokalne samouprave
Samoupravnim lokalnim skupnostim je z zakonom zagotovljeno varstvo pred posegi državnih organov. Pravico imajo zahtevati presojo ustavnosti zakonov oziroma ustavnosti in zakonitosti drugih predpisov, če se z njimi posega v njihov ustavni položaj in pravice. V upravnem sporu lahko izpodbijajo akte in ukrepe državnih organov v zvezi z nadzorstvom zakonitosti. V postopkih, v katerih se odloča o pravicah in pravnih koristih posameznikov in pravnih oseb, imajo položaj stranke v postopku, če bi akti, izdani v teh postopkih, lahko posegli v njihove pravice in pravne koristi.
Razvoj medobčinskega sodelovanja je povezan predvsem z vprašanjem razdrobljenosti občin, majhnosti občin in razpršene poselitve prebivalstva. Zlasti za manjše občine je izvajanje javnih storitev bolj zapleteno s tehničnega in dražje s finančnega vidika. Občine tako s sodelovanjem združujejo in optimizirajo kadrovske, finančne in organizacijske vire. Pogosto gre za skupno organiziranost javnih služb, ki presegajo geografske meje občin.
Pravno podlago za medobčinsko sodelovanje opredeljuje 10. člen Evropske listine lokalne samouprave (MELLS) , ki določa pravico lokalnih oblasti do združevanja. Vsebinsko podobno rešitev določa 6. člen Zakona o lokalni samoupravi , ko pravi, da občine med seboj prostovoljno sodelujejo zaradi skupnega urejanja in opravljanja lokalnih zadev javnega pomena. Zakon o lokalni samoupravi določa tri oblike za medobčinsko sodelovanje:
organ skupne občinske uprave,
organ skupnega upravljanja javnih zavodov, javnih podjetij, javnih skladov in javnih agencij,
interesna zveza občin.
Skupna občinska uprava
Občine ustanovijo skupne občinske uprave za opravljanje posameznih nalog občinske uprave tako, da občinski sveti sprejmejo splošni akt. Z odlokom o ustanovitvi se določijo ime in sedež organa ter razmerja do občin soustanoviteljic. Župani se dogovorijo, da se naloge skupnega organa občinske uprave opravljajo v eni od občinskih uprav.
Pri izvajanju upravnih nalog nastopa organ skupne občinske uprave kot organ tiste občine, v katere krajevno pristojnost zadeva spada. Organ skupne občinske uprave deluje pri izvajanju upravnih nalog po usmeritvah župana in tajnika občine, v katere krajevno pristojnost zadeva spada, glede splošnih vprašanj organiziranja in delovanja organa skupne občinske uprave pa po skupnih usmeritvah vseh županov občin, ki so organ skupne občinske uprave ustanovile.
Po spremembah Zakona o financiranju občin leta 2005 je država začela sofinancirati delovanje skupnih občinskih uprav v višini polovice sredstev. Od takrat ugotavljamo izrazit porast ustanavljanja skupnih občinskih uprav, saj je bila do leta 2005 ustanovljena ena sama skupna občinska uprava, danes pa v Sloveniji deluje že 42 skupnih občinskih uprav.","Povzetek: (docx, 732 KB) Varstvo pravic lokalne samouprave",null,extractive_draft,review_required,needs_human_review,edited,"Varstvo pravic lokalne samouprave Samoupravnim lokalnim skupnostim je z zakonom zagotovljeno varstvo pred posegi državnih organov. Pravico imajo zahtevati presojo ustavnosti zakonov oziroma ustavnosti in zakonitosti drugih predpisov, če se z njimi posega v njihov ustavni položaj in pravice. V upravnem sporu lahko izpodbijajo akte in ukrepe državnih organov v zvezi z nadzorstvom zakonitosti.",Codex-main-review,
review-sum-slo-admin-001-sec-001-chunk-01,review-sum-slo-admin-001-sec-001-chunk-01,summarization,95,priority_batch,open-data,manual/handbook,OPSI - O portalu,slo-admin-001,"[""slo-admin-001-sec-001-chunk-01""]",train,"Pripravi kratek, zvest in formalen upravni povzetek odlomka.","OPSI - O portalu
Vzpostavitev portala OPSI
Ministrstvo za javno upravo je vzpostavilo nacionalni portal odprtih podatkov Slovenije OPSI, ki je zgrajen na odprtokodni programski opremi, tako kot angleški portal odprtih podatkov - DATA GOV UK , katerega kodo smo uporabili pri nas, ter EU portal odprtih podatkov . OPSI predstavlja enotno nacionalno spletno točko za objavo odprtih podatkov za celotni javni sektor. Pred vzpostavitvijo OPSI so se določene odprte zbirke objavljale na portalu NIO (Nacionalni interoperabilnostni okvir). Zaradi specifične strukture objav in predvsem usmerjenosti na uporabnike je bilo potrebno po vzoru večine držav vzpostaviti namenski portal odprtih podatkov, kjer so na voljo metapodatkovni opisi vseh zbirk javnega sektorja ter zbirke odprtih podatkov.
Kdo je skrbnik portala OPSI?
Ministrstvo za javno upravo, ki je sistemsko odgovorno za področje dostopa do informacij javnega značaja, je vzpostavilo portal OPSI. Za tehnični vidik skrbi Ministrstvo za digitalno preobrazbo.
Ekipa OPSI, ki je sestavljena iz sodelavcev z obeh ministrstev, skrbi za delovanje portala, za kakovost objavljenih podatkov, za mrežo urednikov, za komuniciranje in sodelovanje z uporabniki in obiskovalci portala. Ekipa OPSI komunicira z državljani in podjetji, organizira in sodeluje na številnih dogodkih (FOP, konference, predavanja, hackatoni, itd), ki so povezani z odprtimi podatki javnega sektorja v Sloveniji in širše na področju Evropske unije.
Ekipa OPSI zasleduje skupen cilj, da je Slovenija primer dobre prakse na področju odpiranja podatkov in uporabe javnih podatkov. Prizadeva si za okrepljeno sodelovanje z vsemi deležniki - občinami, javnim sektorjem, gospodarstvom, nevladnimi organizacijami, raziskovalci, start-up podjetji, univerzami in srednjimi šolami - z namenom, da se odprte podatke v čim večji meri uporabi za izdelavo aplikacij, ki bodo služile dobremu servisu in storitvam za državljane in podjetja .",Povzetek: OPSI - O portalu Vzpostavitev portala OPSI,null,extractive_draft,review_required,needs_human_review,edited,"Vzpostavitev portala OPSI Kdo je skrbnik portala OPSI? Ministrstvo za javno upravo, ki je sistemsko odgovorno za področje dostopa do informacij javnega značaja, je vzpostavilo portal OPSI. Za tehnični vidik skrbi Ministrstvo za digitalno preobrazbo.",Codex-main-review,Source passage contained portal/UI noise and was manually condensed.
review-sum-slo-admin-013-sec-001-chunk-02,review-sum-slo-admin-013-sec-001-chunk-02,summarization,110,priority_batch,public-administration,manual/handbook,O ministrstvu za javno upravo,slo-admin-013,"[""slo-admin-013-sec-001-chunk-02""]",train,"Pripravi kratek, zvest in formalen upravni povzetek odlomka.","- Direktorat za kakovost Ministrstvo za javno upravo Tržaška cesta 21 1000 Ljubljana 01 478 86 76 is.vog@ujm.pg Eva Treven generalna direktorica
Direktorat za kakovost
Tržaška cesta 21 1000 Ljubljana
- 01 478 86 76
- is.vog@ujm.pg
Eva Treven generalna direktorica
- Direktorat za lokalno samoupravo, nevladne organizacije in politični sistem Ministrstvo za javno upravo Tržaška cesta 21 1000 Ljubljana 01 478 89 07 is.vog@ujm.pg mag. Mateja Prešern generalna direktorica
Direktorat za lokalno samoupravo, nevladne organizacije in politični sistem
Tržaška cesta 21 1000 Ljubljana
- 01 478 89 07
- is.vog@ujm.pg
mag. Mateja Prešern generalna direktorica
- Služba za upravne enote Ministrstvo za javno upravo Tržaška cesta 21 1000 Ljubljana 01 478 83 04 is.vog@ujm.pg mag. Mirko Stopar vodja
Služba za upravne enote
Tržaška cesta 21 1000 Ljubljana
- 01 478 83 04
- is.vog@ujm.pg
mag. Mirko Stopar vodja
- Služba za mednarodno sodelovanje Ministrstvo za javno upravo Tržaška cesta 21 1000 Ljubljana 01 478 87 73 is.vog@ujm.sms Polona Kobal vodja
Služba za mednarodno sodelovanje
Tržaška cesta 21 1000 Ljubljana
- 01 478 87 73
- is.vog@ujm.sms
Polona Kobal vodja
- Služba za notranjo revizijo Ministrstvo za javno upravo Tržaška cesta 21 1000 Ljubljana 01 478 83 89 is.vog@ujm.pg mag. Mateja Ipavic Modic vodja
Služba za notranjo revizijo
Tržaška cesta 21 1000 Ljubljana
- 01 478 83 89
- is.vog@ujm.pg
mag. Mateja Ipavic Modic vodja
- Sekretariat Ministrstvo za javno upravo Tržaška cesta 21 1000 Ljubljana 01 478 83 44 is.vog@ujm.pg Gaja Štovičej generalna sekretarka
Sekretariat
Tržaška cesta 21 1000 Ljubljana
- 01 478 83 44
- is.vog@ujm.pg
Gaja Štovičej generalna sekretarka
Organ v sestavi
- Inšpektorat za javni sektor Ministrstvo za javno upravo Tržaška cesta 21 1000 Ljubljana Prikaži na zemljevidu 01 478 83 84 is.vog@sji.pg
Inšpektorat za javni sektor","Povzetek: Direktorat za kakovost Tržaška cesta 21 1000 Ljubljana
Ključni poudarki:
- Direktorat za kakovost Ministrstvo za javno upravo Tržaška cesta 21 1000 Ljubljana 01 478 86 76 is.vog@ujm.pg Eva Treven generalna direktorica
- 01 478 86 76
- is.vog@ujm.pg
- Direktorat za lokalno samoupravo, nevladne organizacije in politični sistem Ministrstvo za javno upravo Tržaška cesta 21 1000 Ljubljana 01 478 89 07 is.vog@ujm.pg mag. Mateja Prešern generalna direktorica",null,extractive_draft,review_required,needs_human_review,edited,"Direktorat za kakovost Tržaška cesta 21 1000 Ljubljana Eva Treven generalna direktorica Direktorat za lokalno samoupravo, nevladne organizacije in politični sistem mag. Mateja Prešern generalna direktorica Služba za upravne enote mag. Mirko Stopar vodja Služba za mednarodno sodelovanje.",Codex-main-review,Source passage contained portal/UI noise and was manually condensed.
review-sum-slo-admin-015-sec-002-chunk-01,review-sum-slo-admin-015-sec-002-chunk-01,summarization,119,priority_batch,public-procurement,procurement guidance,Direktorat za javno naročanje,slo-admin-015,"[""slo-admin-015-sec-002-chunk-01""]",train,"Pripravi kratek, zvest in formalen upravni povzetek odlomka.","SISTEM e-JAVNEGA NAROČANJA
Glavni namen je nadgraditi obstoječe in vpeljati nove javne digitalne storitve, ki bodo enostavne, dostopne, široko uporabljene in ki bodo uporabnikom omogočale boljše načrtovanje in izvedbo potrebnih korakov pri izvedbi postopka javnega naročanja. Sistem e-JN mora uporabnikom, ki so udeleženi v postopkih javnega naročanja v različnih vlogah, zagotavljati avtomatizirano izvajanje postopkov z upoštevanjem načela »samo enkrat« (once-only principle) in izvajanju postopka po v naprej definiranem modelu upravljanja poslovnih procesov, kot ga definira zakonodaja. Navedeno stanje bo lahko vzpostavljeno z nadgradnjami sistema, ki morajo zajemati tudi spremembe in dopolnitve z zunanjim svetom (drugimi sistemi s katerimi se sistem e-JN povezuje in izmenjuje podatke). Podpora uporabnikom preko neposrednega kontakta mora biti izjema in ne pravilo, kar bo posledica spremenjenega pristopa izvajanja podpore in uvajanja novih metod in tehnologij.
Direktorat za javno naročanje
Tržaška cesta 21 1000 Ljubljana
- ejn.gov.si
- dr. Sašo Matas generalni direktor Direktorat za javno naročanje 01 478 18 80 is.vog@ujm.pg
dr. Sašo Matas
generalni direktor Direktorat za javno naročanje
- 01 478 18 80
- Portal za elektronsko javno naročanje e-JN Portal e-JN omogoča naročnikom in ponudnikom elektronsko izvajanje postopkov javnega naročanja.
Portal za elektronsko javno naročanje e-JN
Portal e-JN omogoča naročnikom in ponudnikom elektronsko izvajanje postopkov javnega naročanja.","Povzetek: SISTEM e-JAVNEGA NAROČANJA Glavni namen je nadgraditi obstoječe in vpeljati nove javne digitalne storitve, ki bodo enostavne, dostopne, široko uporabljene in ki bodo uporabnikom omogočale boljše načrtovanje in izvedbo potrebnih korakov pri izvedbi postopka javnega naročanja. Sistem e-JN mora uporabnikom, ki so udeleženi v postopkih javnega naročanja v različnih vlogah, zagotavljati avtomatizirano izvajanje postopkov z upoštevanjem načela »samo enkrat« (once-only principle) in izvajanju postopka
Ključni poudarki:
- ejn.gov.si
- dr. Sašo Matas generalni direktor Direktorat za javno naročanje 01 478 18 80 is.vog@ujm.pg
- 01 478 18 80
- Portal za elektronsko javno naročanje e-JN Portal e-JN omogoča naročnikom in ponudnikom elektronsko izvajanje postopkov javnega naročanja.",null,extractive_draft,review_required,needs_human_review,edited,"SISTEM e-JAVNEGA NAROČANJA Glavni namen je nadgraditi obstoječe in vpeljati nove javne digitalne storitve, ki bodo enostavne, dostopne, široko uporabljene in ki bodo uporabnikom omogočale boljše načrtovanje in izvedbo potrebnih korakov pri izvedbi postopka javnega naročanja. Sistem e-JN mora uporabnikom, ki so udeleženi v postopkih javnega naročanja v različnih vlogah, zagotavljati avtomatizirano izvajanje postopkov z upoštevanjem načela »samo enkrat« (once-only principle) in izvajanju postopka po v naprej definiranem modelu upravljanja poslovnih procesov, kot ga definira zakonodaja.",Codex-main-review,Condensed to preserve the main procedural points.
review-sum-slo-admin-021-sec-001-chunk-01,review-sum-slo-admin-021-sec-001-chunk-01,summarization,94,priority_batch,public-procurement-support,procurement guidance,Pomoč uporabnikom,slo-admin-021,"[""slo-admin-021-sec-001-chunk-01""]",train,"Pripravi kratek, zvest in formalen upravni povzetek odlomka.","Pomoč uporabnikom
- SL
- EN
- Direktorat za JN
- Pomoč uporabnikom
Pomoč uporabnikom
Telefonsko svetovanje
Telefonsko svetovanje (sistem javnega naročanja) izvaja Direktorat za javno naročanje vsak torek, sredo in četrtek med 9.00 in 12.00 uro na tel. številki:
01 478 1688
Pojasnila v okviru svetovanja so podana izključno na podlagi podatkov, ki jih posreduje klicatelj. Ministrstvo za javno upravo ni pristojno za presojanje konkretnih situacij in s tem za presojanje pravilnosti oziroma nepravilnosti ravnanj naročnikov in ponudnikov v postopkih javnega naročanja, zaradi česar lahko podaja splošne neobvezujoče razlage določb javnonaročniške zakonodaje.
Tehnična pomoč za e-JN
Za tehnično pomoč funkcionalnosti portala e-JN lahko kontaktirate Enotni kontaktni center državne uprave (EKC) na 080 2002 ali na elektronski naslov ekc@gov.si . Svetovalci na EKC so vam na voljo od ponedeljka do petka, od 8.00 do 16.00 ure.
Help desk
V Partnerskem sporazumu, sklenjenim med Slovenijo in Evropsko komisijo za obdobje 2014-2020, se je Republika Slovenija zavezala k izpolnitvi splošne predhodne pogojenosti za uspešno implementacijo javno naročniške zakonodaje na področju izvajanja Evropskih strukturnih in investicijskih skladov tudi na način, da bo zagotovila delovanje t.im. help deska, preko katerega bo naročnikom omogočeno svetovanje oziroma pomoč pri pripravi dokumentacije v zvezi z oddajo javnega naročila in izvajanju postopkov oddaje javnega naročila oziroma izvajanju pogodbenih določil.
- Javna naročila
- Zakonodaja
- Povezave
- Pomoč
- Odprta Skrinja
- Novice
- ProfJN
- Izvedba postopkov v primerih naravnih nesreč
- Direktorat JN
- Predstavitev direktorata
- Osebna izkaznica
- Poročila in analize
- Pomoč uporabnikom
- Skupno javno naročanje
- Projekti
- Evidenca gospodarskih subjektov z izrečenimi stranskimi sankcijami izločitve iz postopkov
- Strateška politika JN
- Oddaljen dostop
- Sistem JN
- Usmeritve in navodila
- Smernice in priporočila
- Pravno varstvo
- Zeleno JN
- e-JN vsebine
- DJNovice
- Profesionalizacija (profJN)
- Spletne učilnice","Povzetek: Pomoč uporabnikom Pomoč uporabnikom
Ključni poudarki:
- SL
- EN
- Direktorat za JN
- Pomoč uporabnikom",null,extractive_draft,review_required,needs_human_review,edited,"Telefonsko svetovanje Telefonsko svetovanje (sistem javnega naročanja) izvaja Direktorat za javno naročanje vsak torek, sredo in četrtek med 9.00 in 12.00 uro na tel. številki: Pojasnila v okviru svetovanja so podana izključno na podlagi podatkov, ki jih posreduje klicatelj. Ministrstvo za javno upravo ni pristojno za presojanje konkretnih situacij in s tem za presojanje pravilnosti oziroma nepravilnosti ravnanj naročnikov in ponudnikov v postopkih javnega naročanja, zaradi česar lahko podaja splošne neobvezujoče razlage določb javnonaročniške zakonodaje.",Codex-main-review,Condensed to preserve the main procedural points.
review-sum-adm-www-gov-si-6c4f923858-sec-002-chunk-03,review-sum-adm-www-gov-si-6c4f923858-sec-002-chunk-03,summarization,112,priority_batch,public-sector-hr,manual/handbook,Ravnanje s kadri,adm-www-gov-si-6c4f923858,"[""adm-www-gov-si-6c4f923858-sec-002-chunk-03""]",train,"Pripravi kratek, zvest in formalen upravni povzetek odlomka.","Prepoznavanje, razvoj in ohranjanje talentov ter načrtovanje nasledstev , kar bo omogočilo dolgoročno vzdržnost in učinkovitost kadrovskih rešitev.
Vzpostavitev kompetenčnega centra/Centra za razvoj kadrov in dvig usposobljenosti zaposlenih v državni upravi
2022
V teku
Reformo Vzpostavitev kompetenčnega centra/Centra za razvoj kadrov in dvig usposobljenosti zaposlenih v državni upravi izvajamo na Ministrstvu za javno upravo v okviru ukrepa Modernizacija digitalnega okolja javne uprave, Načrta za okrevanje in odpornost, ki ga je slovenska vlada pripravila skladno s smernicami Evropske komisije kot podlago za koriščenje sredstev Mehanizma za okrevanje in odpornost.
Informacijski sistem MUZA je namenjen podpori učinkovitemu vodenju kadrovskih postopkov v okviru izvajanja politike upravljanja s kadrovskimi viri v organih državne uprave, kot jih določa zakon, ki ureja javne uslužbence. Postopki, ki jih IS MUZA trenutno podpira so:
interni trg dela, znanja in priložnosti v organih državne uprave – Modul 1,
spremljanje razvoja zaposlenih (razvojni pogovori, upravljanje kompetenc in ugotavljanje potreb po usposabljanjih) – Modul 2.
Interni trg dela, znanja in priložnosti v organih državne uprave
Interni trg dela, znanja in priložnosti v IS MUZA podpira preglednejšo in transparentnejšo izmenjavo informacij o ponudbi in povpraševanju na internem trgu dela v organih državne uprave, ki se lahko izvede pred postopkom internega ali javnega natečaja oz. javne objave. Cilji, ki jih s tem zasledujemo so denimo:
Krepitev medsebojnega sodelovanja.
Spodbujanje medresorskega sodelovanja.
Spodbujanje horizontalne in vertikalne mobilnosti javnih uslužbencev.
Krepitev interdisciplinarnosti.
Odkrivanje potencialov zaposlenih in spodbujanje njihovega razvoja.
Optimalnejša izvedba kadrovskih postopkov.
Optimalnejše pridobivanje ključnih kadrov.
Povečanje motivacije in zavzetosti javnih uslužbencev (pravi ljudje na pravih mestih).
Iskanje ustrezno usposobljenih kadrov, ki so že zaposleni v organih državne uprave.
Spremljanje razvoja zaposlenih
Krovno poimenovanje Spremljanje razvoja zaposlenih združuje izvajanje postopkov razvojnih pogovorov, upravljanje kompetenc in ugotavljanje potreb po usposabljanjih.
V okviru razvojnih pogovorov je omogočeno podajanje povratnih informacij na podlagi predhodne presoje razvitosti kompetenc javnih uslužbencev, na podlagi tako izvedenega razvojnega pogovora pa je olajšan tudi postopek ugotavljanja potreb po usposabljanjih. Presoja kompetenc, ki temelji na kompetenčnem modelu v organih državne uprave, predstavlja pri tem izhodišče za nadgradnjo veščin, spretnosti in znanja javne uprave ter posledično prispeva k boljši usposobljenosti, profesionalizaciji in posledično kakovostnejših javnih storitev.","Povzetek: Prepoznavanje, razvoj in ohranjanje talentov ter načrtovanje nasledstev , kar bo omogočilo dolgoročno vzdržnost in učinkovitost kadrovskih rešitev. Vzpostavitev kompetenčnega centra/Centra za razvoj kadrov in dvig usposobljenosti zaposlenih v državni upravi",null,extractive_draft,review_required,needs_human_review,edited,"Prepoznavanje, razvoj in ohranjanje talentov ter načrtovanje nasledstev, kar bo omogočilo dolgoročno vzdržnost in učinkovitost kadrovskih rešitev.",Codex-main-review,Condensed to preserve the main procedural points.
review-sum-slo-admin-014-sec-001-chunk-02,review-sum-slo-admin-014-sec-001-chunk-02,summarization,108,priority_batch,public-sector-management,manual/handbook,Direktorat za javni sektor,slo-admin-014,"[""slo-admin-014-sec-001-chunk-02""]",train,"Pripravi kratek, zvest in formalen upravni povzetek odlomka.","Povračila stroškov in drugi osebni prejemki
Zaposlenim v javnem sektorju pripadajo povračilo stroškov prehrane med delom, nadomestilo za ločeno življenje, povračilo stroškov prevoza na delo in z dela, povračilo stroškov na službenem potovanju v državi in v tujino, kilometrina za uporabo lastnega avtomobila za službene namene v državi ter regres za letni dopust, prav tako jim ob izpolnjevanju pogojev pripadajo jubilejne nagrade, solidarnostna pomoč in odpravnina ob upokojitvi.
- Ravnanje s kadri Hiter družbeni in tehnološki razvoj močno vpliva na način dela v državni upravi in predstavlja izziv, h kateremu je potrebno pristopiti celostno, z zavedanjem, da so ključni element učinkovite državne uprave prav strokovni, odgovorni in motivirani zaposleni.
Ravnanje s kadri
Hiter družbeni in tehnološki razvoj močno vpliva na način dela v državni upravi in predstavlja izziv, h kateremu je potrebno pristopiti celostno, z zavedanjem, da so ključni element učinkovite državne uprave prav strokovni, odgovorni in motivirani zaposleni.
- Uveljavljanje pravic javnih uslužbencev iz delovnega razmerja Uveljavljanje pravic javnih uslužbencev iz delovnega razmerja je urejeno v Zakonu o javnih uslužbencih. Ureditev dvostopenjskega odločanja pri delodajalcu odstopa od ureditve pravnega varstva v splošni delovnopravni zakonodaji.
Uveljavljanje pravic javnih uslužbencev iz delovnega razmerja
Uveljavljanje pravic javnih uslužbencev iz delovnega razmerja je urejeno v Zakonu o javnih uslužbencih. Ureditev dvostopenjskega odločanja pri delodajalcu odstopa od ureditve pravnega varstva v splošni delovnopravni zakonodaji.
- Funkcionarji Funkcionarji so osebe, ki pridobijo mandat za opravljanje funkcije na splošnih volitvah ali z izvolitvijo ali imenovanjem v Državnem zboru, in druge osebe, ki jih skladno z zakonom kot funkcionarje izvolijo ali imenujejo nosilci zakonodajne, izvršilne ali sodne oblasti ter župani ali predstojniki državnih organov.
Funkcionarji
Funkcionarji so osebe, ki pridobijo mandat za opravljanje funkcije na splošnih volitvah ali z izvolitvijo ali imenovanjem v Državnem zboru, in druge osebe, ki jih skladno z zakonom kot funkcionarje izvolijo ali imenujejo nosilci zakonodajne, izvršilne ali sodne oblasti ter župani ali predstojniki državnih organov.
- Javne agencije in javni zavodi Javne agencije so osebe javnega prava, ki imajo lastno pravno osebnost, ustanovijo pa se na podlagi posebnega zakona z ustanovitvenim aktom. Zavodi so organizacije, ki se ustanovijo za opravljanje dejavnosti vzgoje in izobraževanja, znanosti, kulture, športa, zdravstva, socialnega varstva, otroškega varstva, invalidskega varstva, socialnega zavarovanja ali drugih dejavnosti, če cilj opravljanja dejavnosti ni pridobivanje dobička.","Povzetek: Povračila stroškov in drugi osebni prejemki Zaposlenim v javnem sektorju pripadajo povračilo stroškov prehrane med delom, nadomestilo za ločeno življenje, povračilo stroškov prevoza na delo in z dela, povračilo stroškov na službenem potovanju v državi in v tujino, kilometrina za uporabo lastnega avtomobila za službene namene v državi ter regres za letni dopust, prav tako jim ob izpolnjevanju pogojev pripadajo jubilejne nagrade, solidarnostna pomoč in odpravnina ob upokojitvi.
Ključni poudarki:
- Ravnanje s kadri Hiter družbeni in tehnološki razvoj močno vpliva na način dela v državni upravi in predstavlja izziv, h kateremu je potrebno pristopiti celostno, z zavedanjem, da so ključni element učinkovite državne uprave prav strokovni, odgovorni in motivirani zaposleni.
- Uveljavljanje pravic javnih uslužbencev iz delovnega razmerja Uveljavljanje pravic javnih uslužbencev iz delovnega razmerja je urejeno v Zakonu o javnih uslužbencih. Ureditev dvostopenjskega odločanja pri delodajalcu odstopa od ureditve pravnega varstva v splošni delovnopravni zakonodaji.
- Funkcionarji Funkcionarji so osebe, ki pridobijo mandat za opravljanje funkcije na splošnih volitvah ali z izvolitvijo ali imenovanjem v Državnem zboru, in druge osebe, ki jih skladno z zakonom kot funkcionarje izvolijo ali imenujejo nosilci zakonodajne, izvršilne ali sodne oblasti ter župani ali predstojniki državnih organov.
- Javne agencije in javni zavodi Javne agencije so osebe javnega prava, ki imajo lastno pravno osebnost, ustanovijo pa se na podlagi posebnega zakona z ustanovitvenim aktom. Zavodi so organizacije, ki se ustanovijo za opravljanje dejavnosti vzgoje in izobraževanja, znanosti, kulture, športa, zdravstva, socialnega varstva, otroškega varstva, invalidskega varstva, socialnega zavarovanja ali drugih dejavnosti, če cilj opravljanja dejavnosti ni pridobivanje dobička.",null,extractive_draft,review_required,needs_human_review,edited,"Povračila stroškov in drugi osebni prejemki Zaposlenim v javnem sektorju pripadajo povračilo stroškov prehrane med delom, nadomestilo za ločeno življenje, povračilo stroškov prevoza na delo in z dela, povračilo stroškov na službenem potovanju v državi in v tujino, kilometrina za uporabo lastnega avtomobila za službene namene v državi ter regres za letni dopust, prav tako jim ob izpolnjevanju pogojev pripadajo jubilejne nagrade, solidarnostna pomoč in odpravnina ob upokojitvi.",Codex-main-review,Condensed to preserve the main procedural points.
review-sum-adm-www-gov-si-e473483aba-sec-002-chunk-02,review-sum-adm-www-gov-si-e473483aba-sec-002-chunk-02,summarization,111,priority_batch,public-sector-pay,manual/handbook,Plačni sistem,adm-www-gov-si-e473483aba,"[""adm-www-gov-si-e473483aba-sec-002-chunk-02""]",train,"Pripravi kratek, zvest in formalen upravni povzetek odlomka.","avtomatična uskladitev vrednosti plačnih razredov plačne lestvice v višini 80 odstotkov inflacije , če v vsakoletnih pogajanjih s sindikati javnega sektorja ne pride do dogovora o drugačni uskladitvi vrednosti plačnih razredov plačne lestvice (preprečitev pretiranega realnega padanja plač v javnem sektorju glede na inflacijo);
poenostavitve pravil glede določanja osnovnih plač ob prehodu na druga delovna mesta oziroma delovna področja v okviru javnega sektorja (kdaj je treba ohraniti že dosežene osnovne plače – plačne razrede in kdaj ni možno ohraniti že doseženih plačnih razredov pri prejšnjem delodajalcu javnega sektorja);
fleksibilnejše določanje osnovnih plač , upoštevaje zakonsko določene pogoje za javne uslužbence z ustreznim številom let delovnih izkušenj in ustreznimi kompetencami ali zaradi deficitarnosti kadra (možnost določitve višje osnovne plače ob novih zaposlitvah v javnem sektorju, premestitvah že zaposlenih in tudi v času trajanja pogodbe o zaposlitvi v okviru istega opisa nalog, in sicer do 30 odstotkov);
hitrejše napredovanje v plačnih razredih na začetku kariere in upočasnjeno ob koncu kariere;
povišanje obsega sredstev za variabilno nagrajevanje za 1 odstotek in enotno določen obseg sredstev, ki nastane zaradi prihrankov (odsotnosti, nezasedena delovna mesta) in ga je obvezno treba porabiti za nagrajevanje javnih uslužbencev (večji manevrski prostor za nagrajevanje najboljših oziroma najbolj obremenjenih kadrov);
določitev jasnih meril za nagrajevanje delovne uspešnosti ;
možnost spregleda izobrazbe pod zakonsko določenimi pogoji, če ne gre za regulirane poklice , pri čemer je posebna pozornost namenjena zaposlenim na področju informacijske tehnologije (informatiki, projektanti informacijskih sistemov, programerji, sistemski administratorji ipd.);
uvedba višje vrednotenih delovnih mest ekspertov oziroma specialistov na konkretno določenih področjih delovanja javnega sektorja (npr. informacijski sistemi, programiranje, javna naročila, računovodstvo ipd.).
Plačni sistem temelji na petih plačnih stebrih :
plačni steber: funkcionarji,
plačni steber: javni uslužbenci v državnih organih, samoupravnih lokalnih skupnostih, javnih zavodih gasilcev in javni uslužbenci plačne skupine B v teh uporabnikih proračuna,
plačni steber: javni uslužbenci v zdravstvu in socialnem varstvu, javnih zavodih s področja obvezne socialne varnosti in javni uslužbenci plačne skupine B v teh uporabnikih proračuna
plačni steber: javni uslužbenci v raziskovalni dejavnosti, izobraževanju in kulturi in javni uslužbenci plačne skupine B v teh uporabnikih proračuna,","Povzetek: avtomatična uskladitev vrednosti plačnih razredov plačne lestvice v višini 80 odstotkov inflacije , če v vsakoletnih pogajanjih s sindikati javnega sektorja ne pride do dogovora o drugačni uskladitvi vrednosti plačnih razredov plačne lestvice (preprečitev pretiranega realnega padanja plač v javnem sektorju glede na inflacijo); poenostavitve pravil glede določanja osnovnih plač ob prehodu na druga delovna mesta oziroma delovna področja v okviru javnega sektorja (kdaj je treba ohraniti že dosežene",null,extractive_draft,review_required,needs_human_review,edited,"avtomatična uskladitev vrednosti plačnih razredov plačne lestvice v višini 80 odstotkov inflacije, če v vsakoletnih pogajanjih s sindikati javnega sektorja ne pride do dogovora o drugačni uskladitvi vrednosti plačnih razredov plačne lestvice (preprečitev pretiranega realnega padanja plač v javnem sektorju glede na inflacijo), poenostavitve pravil glede določanja osnovnih plač ob prehodu na druga delovna mesta oziroma delovna področja v okviru javnega sektorja (kdaj je treba ohraniti že dosežene osnovne plače – plačne razrede in kdaj ni možno ohraniti že doseženih plačnih razredov pri prejšnjem delodajalcu javnega sektorja), fleksibilnejše določanje osnovnih plač, upoštevaje zakonsko določene pogoje za javne uslužbence z ustreznim številom let delovnih izkušenj in ustreznimi kompetencami ali zaradi deficitarnosti kadra (možnost določitve višje osnovne plače ob novih zaposlitvah v javnem sektorju, premestitvah že zaposlenih in tudi v času trajanja pogodbe o zaposlitvi v okviru istega opisa nalog, in sicer do 30 odstotkov), hitrejše napredovanje v plačnih razredih na začetku kariere in upočasnjeno ob koncu kariere, povišanje obsega sredstev za variabilno nagrajevanje za 1 odstotek in enotno določen obseg sredstev, ki nastane zaradi prihrankov (odsotnosti, nezasedena delovna mesta) in ga je obvezno treba porabiti za nagrajevanje javnih uslužbencev (večji manevrski prostor za nagrajevanje najboljših oziroma najbolj obremenjenih kadrov), določitev jasnih meril za nagrajevanje delovne uspešnosti, možnost spregleda izobrazbe pod zakonsko določenimi pogoji, če ne gre za regulirane poklice, pri čemer je posebna pozornost namenjena zaposlenim na področju informacijske tehnologije (informatiki, projektanti informacijskih sistemov, programerji, sistemski administratorji ipd.), uvedba višje vrednotenih delovnih mest ekspertov oziroma specialistov na konkretno določenih področjih delovanja javnega sektorja (npr. informacijski sistemi, programiranje, javna naročila, računovodstvo ipd.).",Codex-main-review,Condensed to preserve the main procedural points.
review-sum-adm-davek-od-dohodka-iz-dejavnosti-229d69ab83-sec-001-chunk-05,review-sum-adm-davek-od-dohodka-iz-dejavnosti-229d69ab83-sec-001-chunk-05,summarization,121,priority_batch,tax-and-bookkeeping,manual/handbook,Davek od dohodka iz dejavnosti,adm-davek-od-dohodka-iz-dejavnosti-229d69ab83,"[""adm-davek-od-dohodka-iz-dejavnosti-229d69ab83-sec-001-chunk-05""]",val,"Pripravi kratek, zvest in formalen upravni povzetek odlomka.","Zavezanec, ki je bil v predhodnih dveh letih eno leto obvezno zavarovan na podlagi samozaposlitve v skupnem trajanju najmanj 75 odstotkov minimalnega letnega sklada ur polnega zavarovalnega časa samozaposlenega, drugo leto pa ne, lahko na podlagi priglasitve normiranstva ugotavlja davčno osnovo z upoštevanjem normiranih odhodkov, če povprečje prihodkov iz dejavnosti, ugotovljenih po pravilih o računovodenju, dveh zaporednih predhodnih davčnih let ne presega 85.000 eurov .
Ob začetku opravljanja dejavnosti se pri prvi priglasitvi ugotavljanja davčne osnove z upoštevanjem normiranih odhodkov te prihodkovne omejitve (120.000 eurov, 50.000 eurov oziroma 85.000 eurov) ne upoštevajo, razen v zakonsko predpisanih izjemah. Izjema je tako določena pri zavezancih, ki so v kateremkoli od dveh zaporednih predhodnih davčnih letih opravljali dejavnost le del davčnega leta.
Skladno s četrtim odstavkom 6. člena ZPZR, v teh primerih, povprečje prihodkov dveh zaporednih predhodnih davčnih let pred tem davčnim letom, ugotovljenih po pravilih o računovodenju, iz tretjega odstavka (120.000 eurov, 50.000 eurov oziroma 85.000 eurov) prilagodi sorazmerno glede na obdobje opravljanja dejavnosti v teh davčnih letih.
Razkrivanje zneska prihodov, doseženega s povezano osebo ali delodajalcem
Zavezanec, ki ugotavlja davčno osnovo z upoštevanjem normiranih odhodkov, mora za davčno leto v davčnem obračunu razkriti znesek prihodkov, ugotovljenih po pravilih o računovodenju, ki so doseženi s posamezno povezano osebo ali z delodajalcem, s katerim je v delovnem razmerju na podlagi pogodbe o zaposlitvi.
Izstop iz sistema normiranih odhodkov
Zavezanec lahko iz t. i. sistema normiranih odhodkov tudi izstopi. Ta izstop je lahko prostovoljen ali obvezen. Zavezanec lahko prostovoljno izstopi iz sistema normiranih odhodkov in začne ugotavljati davčno osnovo z upoštevanjem dejanskih prihodkov in odhodkov, če davčni organ, v davčnem obračunu za predhodno leto, obvesti o prenehanju ugotavljanja davčne osnove z upoštevanjem normiranih odhodkov. To obvestilo učinkuje od začetka davčnega leta, za katero je zavezanec obvestil davčni organ.
Zavezanec pa mora obvezno izstopiti iz sistema normiranih odhodkov in začeti ugotavljati davčno osnovo z upoštevanjem dejanskih prihodkov in dejanskih odhodkov oziroma ga bo iz sistema normiranih odhodkov izključil davčni organ, če povprečje njegovih prihodkov iz dejavnosti, ugotovljenih po pravilih o računovodenju, dveh zaporednih predhodnih let presega:
- 120.000 eurov in je bil v teh dveh predhodnih letih v posameznem letu v skladu z zakonom, ki ureja pokojninsko in invalidsko zavarovanje, obvezno zavarovan na podlagi samozaposlitve v skupnem trajanju najmanj 75 odstotkov minimalnega letnega sklada ur polnega zavarovalnega časa samozaposlenega,","Povzetek: Zavezanec, ki je bil v predhodnih dveh letih eno leto obvezno zavarovan na podlagi samozaposlitve v skupnem trajanju najmanj 75 odstotkov minimalnega letnega sklada ur polnega zavarovalnega časa samozaposlenega, drugo leto pa ne, lahko na podlagi priglasitve normiranstva ugotavlja davčno osnovo z upoštevanjem normiranih odhodkov, če povprečje prihodkov iz dejavnosti, ugotovljenih po pravilih o računovodenju, dveh zaporednih predhodnih davčnih let ne presega 85.000 eurov . Ob začetku opravljanja
Ključni poudarki:
- 120.000 eurov in je bil v teh dveh predhodnih letih v posameznem letu v skladu z zakonom, ki ureja pokojninsko in invalidsko zavarovanje, obvezno zavarovan na podlagi samozaposlitve v skupnem trajanju najmanj 75 odstotkov minimalnega letnega sklada ur polnega zavarovalnega časa samozaposlenega,",null,extractive_draft,review_required,needs_human_review,edited,"Zavezanec, ki je bil v predhodnih dveh letih eno leto obvezno zavarovan na podlagi samozaposlitve v skupnem trajanju najmanj 75 odstotkov minimalnega letnega sklada ur polnega zavarovalnega časa samozaposlenega, drugo leto pa ne, lahko na podlagi priglasitve normiranstva ugotavlja davčno osnovo z upoštevanjem normiranih odhodkov, če povprečje prihodkov iz dejavnosti, ugotovljenih po pravilih o računovodenju, dveh zaporednih predhodnih davčnih let ne presega 85.000 eurov.",Codex-main-review,Condensed to preserve the main procedural points.
review-sum-slo-admin-011-sec-002-chunk-01,review-sum-slo-admin-011-sec-002-chunk-01,summarization,110,priority_batch,tax-registration,procedure page,Vpis v davčni register,slo-admin-011,"[""slo-admin-011-sec-002-chunk-01""]",train,"Pripravi kratek, zvest in formalen upravni povzetek odlomka.","E-postopki SPOT
Prijava davčnih podatkov
Kako se vpišete v davčni register?
V davčni register se vpišete po uradni dolžnosti . Vpis izvede finančni urad na podlagi podatkov iz Poslovnega registra Slovenije (PRS).
Ne glede na to, morate oddati podatke o:
- številu in lokaciji poslovnih prostorov, ki se uporabljajo za opravljanje dejavnosti in pridobivanje prihodkov,
- poslovnih enotah v tujini,
- kapitalskih naložbah doma in v tujini,
- številkah plačilnih računov v tujini,
- povezanih osebah,
- osebi, ki vodi poslovne knjige,
- dnevu v mesecu za izplačilo plač (ta velja le za s.p.).
Te podatke lahko oddate hkrati s prijavo za vpis v Poslovni register Slovenije že ob samem postopku ustanovitve podjetja preko portala SPOT ali na točki SPOT .
Lahko pa jih Finančni upravi Republike Slovenije dostavite na obrazcu DR-03 ali DR-04 tudi pozneje, in sicer najkasneje v 8 dneh po vpisu v Poslovni register Slovenije (PRS):
- preko portala SPOT,
- na točki SPOT , ali
- neposredno na Finančni upravi Republike Slovenije
Vpis samostojnega podjetnika v davčni register
Samostojni podjetnik za vpis dejavnosti v davčni register izpolni obrazec DR-03 .
Samostojni podjetnik je fizična oseba, ki na trgu opravlja pridobitno dejavnost. Zato vam v primeru, da se vpišete v davčni register kot samostojni podjetnik, Finančna uprava Republike Slovenije ne dodeli nove davčne številke, ampak kot samostojni podjetnik uporabljate davčno številko, ki vam je bila dodeljena kot fizični osebi .
Več o postopku vpisa samostojnega podjetnika v davčni register+
Vpis pravne osebe v davčni register
Pravna oseba (npr. d.o.o., d.d.) za vpis v davčni register izpolni obrazec DR-04 .
Kot pravna oseba se v postopku ustanovitve podjetja vpišete tudi v davčni register in pridobite (novo naključno določeno) davčno številko (navedena je na Sklepu o registraciji podjetja).
V primeru, da obrazec DR-04 (oziroma davčne podatke) predložite v roku 8 dni od vpisa v Poslovni register (PRS) in ne v postopku registracije, ne prejmete potrdila. Postopek se zaključi z vašo oddajo izpolnjenega obrazca.
Več o postopku vpisa pravne osebe v davčni register+
Prijava sprememb podatkov davčnemu organu
Vse spremembe podatkov, ki jih vsebuje vaša prijava za vpis v davčni register in jih davčni organ ne pridobi po uradni dolžnosti na podlagi podatkov iz drugih registrov in evidenc, morate javiti pristojnemu finančnemu uradu v osmih dneh po nastanku spremembe . To določa Zakon o finančni upravi - ZFU v 55. členu.
Več o prijavi sprememb podatkov davčnemu organu+","Povzetek: E-postopki SPOT Prijava davčnih podatkov
Ključni poudarki:
- številu in lokaciji poslovnih prostorov, ki se uporabljajo za opravljanje dejavnosti in pridobivanje prihodkov,
- poslovnih enotah v tujini,
- kapitalskih naložbah doma in v tujini,
- številkah plačilnih računov v tujini,",null,extractive_draft,review_required,needs_human_review,edited,Prijava davčnih podatkov Kako se vpišete v davčni register? V davčni register se vpišete po uradni dolžnosti. Vpis izvede finančni urad na podlagi podatkov iz Poslovnega registra Slovenije (PRS).,Codex-main-review,
review-sum-adm-davek-na-dodano-vrednost-ddv-3852194200-sec-002-chunk-02,review-sum-adm-davek-na-dodano-vrednost-ddv-3852194200-sec-002-chunk-02,summarization,114,priority_batch,vat,manual/handbook,Davek na dodano vrednost (DDV),adm-davek-na-dodano-vrednost-ddv-3852194200,"[""adm-davek-na-dodano-vrednost-ddv-3852194200-sec-002-chunk-02""]",train,"Pripravi kratek, zvest in formalen upravni povzetek odlomka.","Davčni zavezanec se lahko zaradi pridobitev blaga za DDV identificira prostovoljno, v takem primeru mora ostati v sistemu najmanj 2 koledarski leti.
Vsak davčni zavezanec, ki ima sedež v Republiki Sloveniji in na ozemlju druge države članice opravlja storitve, za katere mora v skladu s 196. členom Direktive o DDV plačati DDV izključno prejemnik storitve, razen če je v tej drugi državi članici oproščen obračunavanja DDV po posebni čezmejni SME ureditvi. Identifikacijsko številko za DDV mora pridobiti pred prvo opravljeno storitvijo oziroma že za mesec, v katerem je verjetno, da bo opravil take storitve.
Vsak davčni zavezanec, ki ima sedež v Sloveniji in prejme storitve, za katere mora v skladu s 3.točko prvega odstavka 76. člena ZDDV-1 plačati DDV izključno prejemnik storitve, razen če prejema te storitve le od davčnih zavezancev s sedežem v drugi državi članici, ki so v Sloveniji oproščeni obračunavanja DDV po posebni čezmejni SME ureditvi. Identifikacijsko številko za DDV mora pridobiti pred prvo prejeto storitvijo oziroma že za mesec, v katerem je verjetno, da bo prejel take storitve (od davčnega zavezanca iz druge države članice ali tretje države).
2. Identifikacija za namene DDV davčnega zavezanca, ki nima sedeža v Republiki Sloveniji
V primeru, da vaše podjetje nima sedeža v Sloveniji in bo opravilo obdavčljivo dobavo blaga ali storitev na ozemlju Slovenije, je treba davčnemu organu predložiti zahtevek za izdajo identifikacijske številke za DDV - DDV-P3 , razen če:
ste v Sloveniji oproščeni obračunavanja DDV po posebni čezmejni SME ureditvi;
v Sloveniji opravljate le transakcije končnim potrošnikom in obračunavate DDV na podlagi posebne ureditve za storitve, ki jih opravljajo davčni zavezanci, ki nimajo sedeža v Uniji (neunijski VEM/OSS) v skladu z 2. oddelkom 6. poglavja XII. naslova Direktive o DDV;
v Slovenijo opravljate le prodaje blaga in storitev končnim potrošnikom in obračunavate DDV na podlagi posebne ureditve za prodajo blaga na daljavo znotraj Unije, za dobavo blaga v državi članici prek elektronskih vmesnikov, ki omogočajo dobavo, in za storitve, ki jih opravljajo davčni zavezanci, ki imajo sedež znotraj Unije, vendar ne v državi članici potrošnje (unijski VEM/OSS) v skladu s 3. oddelkom 6. poglavja XII. naslova Direktive o DDV;
v Sloveniji občasno opravljate le storitve mednarodnega cestnega prevoza potnikov in DDV obračunavate na podlagi posebne ureditve za opravljanje storitev mednarodnega občasnega cestnega prevoza potnikov iz 8. podpoglavja XI. poglavja ZDDV-1.","Povzetek: Davčni zavezanec se lahko zaradi pridobitev blaga za DDV identificira prostovoljno, v takem primeru mora ostati v sistemu najmanj 2 koledarski leti. Vsak davčni zavezanec, ki ima sedež v Republiki Sloveniji in na ozemlju druge države članice opravlja storitve, za katere mora v skladu s 196. členom Direktive o DDV plačati DDV izključno prejemnik storitve, razen če je v tej drugi državi članici oproščen obračunavanja DDV po posebni čezmejni SME ureditvi. Identifikacijsko številko za DDV mora prido",null,extractive_draft,review_required,needs_human_review,edited,"Davčni zavezanec se lahko zaradi pridobitev blaga za DDV identificira prostovoljno, v takem primeru mora ostati v sistemu najmanj 2 koledarski leti. Vsak davčni zavezanec, ki ima sedež v Republiki Sloveniji in na ozemlju druge države članice opravlja storitve, za katere mora v skladu s 196. členom Direktive o DDV plačati DDV izključno prejemnik storitve, razen če je v tej drugi državi članici oproščen obračunavanja DDV po posebni čezmejni SME ureditvi. Identifikacijsko številko za DDV mora pridobiti pred prvo opravljeno storitvijo oziroma že za mesec, v katerem je verjetno, da bo opravil take storitve.",Codex-main-review,
